solid OpenSCAD_Model
  facet normal -1 0 0
    outer loop
      vertex -55 46 0
      vertex -55 46 5
      vertex -55 50 0
    endloop
  endfacet
  facet normal -1 0 0
    outer loop
      vertex -55 42 5
      vertex -55 46 5
      vertex -55 46 0
    endloop
  endfacet
  facet normal -1 0 0
    outer loop
      vertex -55 42 5
      vertex -55 42 18
      vertex -55 46 5
    endloop
  endfacet
  facet normal -1 0 0
    outer loop
      vertex -55 38 16
      vertex -55 42 18
      vertex -55 42 5
    endloop
  endfacet
  facet normal -1 0 0
    outer loop
      vertex -55 38 16
      vertex -55 3 20
      vertex -55 42 18
    endloop
  endfacet
  facet normal -1 0 0
    outer loop
      vertex -55 -4.09892 32.266
      vertex -55 -0.114151 32.6147
      vertex -55 0 30
    endloop
  endfacet
  facet normal -1 0 0
    outer loop
      vertex -55 -1 18
      vertex -55 3 20
      vertex -55 38 16
    endloop
  endfacet
  facet normal -1 0 0
    outer loop
      vertex -55 -1 18
      vertex -55 0 30
      vertex -55 3 20
    endloop
  endfacet
  facet normal -1 0 0
    outer loop
      vertex -55 -4 30
      vertex -55 0 30
      vertex -55 -1 18
    endloop
  endfacet
  facet normal -1 0 0
    outer loop
      vertex -55 -4.09892 32.266
      vertex -55 0 30
      vertex -55 -4 30
    endloop
  endfacet
  facet normal -1 -0 0
    outer loop
      vertex -55 -0.114151 32.6147
      vertex -55 -4.09892 32.266
      vertex -55 -0.455765 35.2094
    endloop
  endfacet
  facet normal -1 0 0
    outer loop
      vertex -55 -4.39499 34.5148
      vertex -55 -0.455765 35.2094
      vertex -55 -4.09892 32.266
    endloop
  endfacet
  facet normal -1 -0 0
    outer loop
      vertex -55 -0.455765 35.2094
      vertex -55 -4.39499 34.5148
      vertex -55 -1.02222 37.7646
    endloop
  endfacet
  facet normal -1 0 0
    outer loop
      vertex -55 -4.88593 36.7293
      vertex -55 -1.02222 37.7646
      vertex -55 -4.39499 34.5148
    endloop
  endfacet
  facet normal -1 -0 0
    outer loop
      vertex -55 -1.02222 37.7646
      vertex -55 -4.88593 36.7293
      vertex -55 -1.80922 40.2606
    endloop
  endfacet
  facet normal -1 0 0
    outer loop
      vertex -55 -5.56798 38.8925
      vertex -55 -1.80922 40.2606
      vertex -55 -4.88593 36.7293
    endloop
  endfacet
  facet normal -1 -0 0
    outer loop
      vertex -55 -1.80922 40.2606
      vertex -55 -5.56798 38.8925
      vertex -55 -2.81076 42.6785
    endloop
  endfacet
  facet normal -1 0 0
    outer loop
      vertex -55 -6.43599 40.9881
      vertex -55 -2.81076 42.6785
      vertex -55 -5.56798 38.8925
    endloop
  endfacet
  facet normal -1 -0 0
    outer loop
      vertex -55 -2.81076 42.6785
      vertex -55 -6.43599 40.9881
      vertex -55 -4.01923 45
    endloop
  endfacet
  facet normal -1 0 0
    outer loop
      vertex -55 -7.48334 43
      vertex -55 -4.01923 45
      vertex -55 -6.43599 40.9881
    endloop
  endfacet
  facet normal -1 -0 0
    outer loop
      vertex -55 -4.01923 45
      vertex -55 -7.48334 43
      vertex -55 -5.42543 47.2073
    endloop
  endfacet
  facet normal -1 0 0
    outer loop
      vertex -55 -8.70204 44.913
      vertex -55 -5.42543 47.2073
      vertex -55 -7.48334 43
    endloop
  endfacet
  facet normal -1 -0 0
    outer loop
      vertex -55 -5.42543 47.2073
      vertex -55 -8.70204 44.913
      vertex -55 -7.01866 49.2836
    endloop
  endfacet
  facet normal -1 0 0
    outer loop
      vertex -55 -10.0828 46.7125
      vertex -55 -7.01866 49.2836
      vertex -55 -8.70204 44.913
    endloop
  endfacet
  facet normal -1 -0 0
    outer loop
      vertex -55 -7.01866 49.2836
      vertex -55 -10.0828 46.7125
      vertex -55 -8.78679 51.2132
    endloop
  endfacet
  facet normal -1 0 0
    outer loop
      vertex -55 -11.6152 48.3848
      vertex -55 -8.78679 51.2132
      vertex -55 -10.0828 46.7125
    endloop
  endfacet
  facet normal -1 -0 0
    outer loop
      vertex -55 -8.78679 51.2132
      vertex -55 -11.6152 48.3848
      vertex -55 -10.7164 52.9813
    endloop
  endfacet
  facet normal -1 0 0
    outer loop
      vertex -55 -13.2875 49.9171
      vertex -55 -10.7164 52.9813
      vertex -55 -11.6152 48.3848
    endloop
  endfacet
  facet normal -1 -0 0
    outer loop
      vertex -55 -10.7164 52.9813
      vertex -55 -13.2875 49.9171
      vertex -55 -12.7927 54.5746
    endloop
  endfacet
  facet normal -1 0 0
    outer loop
      vertex -55 -15.087 51.2979
      vertex -55 -12.7927 54.5746
      vertex -55 -13.2875 49.9171
    endloop
  endfacet
  facet normal -1 -0 0
    outer loop
      vertex -55 -12.7927 54.5746
      vertex -55 -15.087 51.2979
      vertex -55 -15 55.9808
    endloop
  endfacet
  facet normal -1 0 0
    outer loop
      vertex -55 -17 52.5166
      vertex -55 -15 55.9808
      vertex -55 -15.087 51.2979
    endloop
  endfacet
  facet normal -1 0 0
    outer loop
      vertex -55 -17 52.5166
      vertex -55 -17.3214 57.1892
      vertex -55 -15 55.9808
    endloop
  endfacet
  facet normal -1 0 0
    outer loop
      vertex -55 -19.0119 53.564
      vertex -55 -17.3214 57.1892
      vertex -55 -17 52.5166
    endloop
  endfacet
  facet normal -1 0 0
    outer loop
      vertex -55 -19.0119 53.564
      vertex -55 -19.7394 58.1908
      vertex -55 -17.3214 57.1892
    endloop
  endfacet
  facet normal -1 0 0
    outer loop
      vertex -55 -21.1075 54.432
      vertex -55 -19.7394 58.1908
      vertex -55 -19.0119 53.564
    endloop
  endfacet
  facet normal -1 0 0
    outer loop
      vertex -55 -21.1075 54.432
      vertex -55 -22.2354 58.9778
      vertex -55 -19.7394 58.1908
    endloop
  endfacet
  facet normal -1 0 0
    outer loop
      vertex -55 -23.2707 55.1141
      vertex -55 -22.2354 58.9778
      vertex -55 -21.1075 54.432
    endloop
  endfacet
  facet normal -1 0 0
    outer loop
      vertex -55 -23.2707 55.1141
      vertex -55 -24.7905 59.5442
      vertex -55 -22.2354 58.9778
    endloop
  endfacet
  facet normal -1 0 0
    outer loop
      vertex -55 -25.4851 55.605
      vertex -55 -24.7905 59.5442
      vertex -55 -23.2707 55.1141
    endloop
  endfacet
  facet normal -1 0 0
    outer loop
      vertex -55 -25.4851 55.605
      vertex -55 -27.3853 59.8858
      vertex -55 -24.7905 59.5442
    endloop
  endfacet
  facet normal -1 0 0
    outer loop
      vertex -55 -27.7339 55.9011
      vertex -55 -27.3853 59.8858
      vertex -55 -25.4851 55.605
    endloop
  endfacet
  facet normal -1 0 0
    outer loop
      vertex -55 -30 56
      vertex -55 -27.3853 59.8858
      vertex -55 -27.7339 55.9011
    endloop
  endfacet
  facet normal -1 0 0
    outer loop
      vertex -55 -30 56
      vertex -55 -30 60
      vertex -55 -27.3853 59.8858
    endloop
  endfacet
  facet normal -1 0 0
    outer loop
      vertex -55 -32.266 55.9011
      vertex -55 -30 60
      vertex -55 -30 56
    endloop
  endfacet
  facet normal -1 0 0
    outer loop
      vertex -55 -32.266 55.9011
      vertex -55 -32.6147 59.8858
      vertex -55 -30 60
    endloop
  endfacet
  facet normal -1 0 0
    outer loop
      vertex -55 -34.5148 55.605
      vertex -55 -32.6147 59.8858
      vertex -55 -32.266 55.9011
    endloop
  endfacet
  facet normal -1 0 0
    outer loop
      vertex -55 -34.5148 55.605
      vertex -55 -35.2094 59.5442
      vertex -55 -32.6147 59.8858
    endloop
  endfacet
  facet normal -1 0 0
    outer loop
      vertex -55 -36.7293 55.1141
      vertex -55 -35.2094 59.5442
      vertex -55 -34.5148 55.605
    endloop
  endfacet
  facet normal -1 0 0
    outer loop
      vertex -55 -36.7293 55.1141
      vertex -55 -37.7646 58.9778
      vertex -55 -35.2094 59.5442
    endloop
  endfacet
  facet normal -1 0 0
    outer loop
      vertex -55 -38.8925 54.432
      vertex -55 -37.7646 58.9778
      vertex -55 -36.7293 55.1141
    endloop
  endfacet
  facet normal -1 0 0
    outer loop
      vertex -55 -38.8925 54.432
      vertex -55 -40.2606 58.1908
      vertex -55 -37.7646 58.9778
    endloop
  endfacet
  facet normal -1 0 0
    outer loop
      vertex -55 -40.9881 53.564
      vertex -55 -40.2606 58.1908
      vertex -55 -38.8925 54.432
    endloop
  endfacet
  facet normal -1 0 0
    outer loop
      vertex -55 -40.9881 53.564
      vertex -55 -42.6785 57.1892
      vertex -55 -40.2606 58.1908
    endloop
  endfacet
  facet normal -1 0 0
    outer loop
      vertex -55 -43 52.5166
      vertex -55 -42.6785 57.1892
      vertex -55 -40.9881 53.564
    endloop
  endfacet
  facet normal -1 0 0
    outer loop
      vertex -55 -45 55.9808
      vertex -55 -43 52.5166
      vertex -55 -44.913 51.2979
    endloop
  endfacet
  facet normal -1 0 0
    outer loop
      vertex -55 -43 52.5166
      vertex -55 -45 55.9808
      vertex -55 -42.6785 57.1892
    endloop
  endfacet
  facet normal -1 0 0
    outer loop
      vertex -55 -47.2073 54.5746
      vertex -55 -44.913 51.2979
      vertex -55 -46.7125 49.9171
    endloop
  endfacet
  facet normal -1 0 0
    outer loop
      vertex -55 -44.913 51.2979
      vertex -55 -47.2073 54.5746
      vertex -55 -45 55.9808
    endloop
  endfacet
  facet normal -1 0 0
    outer loop
      vertex -55 -50.5 51.8667
      vertex -55 -46.7125 49.9171
      vertex -55 -48.3848 48.3848
    endloop
  endfacet
  facet normal -1 0 0
    outer loop
      vertex -55 -46.7125 49.9171
      vertex -55 -49.2836 52.9813
      vertex -55 -47.2073 54.5746
    endloop
  endfacet
  facet normal -1 0 0
    outer loop
      vertex -55 -50.5 51.8667
      vertex -55 -48.3848 48.3848
      vertex -55 -49.9171 46.7125
    endloop
  endfacet
  facet normal -1 0 0
    outer loop
      vertex -55 -50.5 51.8667
      vertex -55 -49.9171 46.7125
      vertex -55 -50.5 45.9529
    endloop
  endfacet
  facet normal -1 0 0
    outer loop
      vertex -55 -46.7125 49.9171
      vertex -55 -50.5 51.8667
      vertex -55 -49.2836 52.9813
    endloop
  endfacet
  facet normal -1 0 0
    outer loop
      vertex -55 -50.5 1.5
      vertex -55 -46 0
      vertex -55 -50 0
    endloop
  endfacet
  facet normal -1 0 0
    outer loop
      vertex -55 -46 0
      vertex -55 -50.5 1.5
      vertex -55 -50.5 13.5
    endloop
  endfacet
  facet normal 0 -1 0
    outer loop
      vertex -55 -50.5 1.5
      vertex 55 -50.5 13.5
      vertex -55 -50.5 13.5
    endloop
  endfacet
  facet normal 0 -1 -0
    outer loop
      vertex 55 -50.5 13.5
      vertex -55 -50.5 1.5
      vertex 55 -50.5 1.5
    endloop
  endfacet
  facet normal 0 -1 0
    outer loop
      vertex -55 -50.5 45.9529
      vertex 55 -50.5 51.8667
      vertex -55 -50.5 51.8667
    endloop
  endfacet
  facet normal 0 -1 -0
    outer loop
      vertex 55 -50.5 51.8667
      vertex -55 -50.5 45.9529
      vertex 55 -50.5 45.9529
    endloop
  endfacet
  facet normal 1 0 0
    outer loop
      vertex 55 46 5
      vertex 55 46 0
      vertex 55 50 0
    endloop
  endfacet
  facet normal 1 0 0
    outer loop
      vertex 55 42 5
      vertex 55 46 5
      vertex 55 42 18
    endloop
  endfacet
  facet normal 1 0 0
    outer loop
      vertex 55 46 5
      vertex 55 42 5
      vertex 55 46 0
    endloop
  endfacet
  facet normal 1 0 0
    outer loop
      vertex 55 42 18
      vertex 55 38 16
      vertex 55 42 5
    endloop
  endfacet
  facet normal 1 0 0
    outer loop
      vertex 55 3 20
      vertex 55 38 16
      vertex 55 42 18
    endloop
  endfacet
  facet normal 1 0 0
    outer loop
      vertex 55 -4.09892 32.266
      vertex 55 -0.114151 32.6147
      vertex 55 -0.455765 35.2094
    endloop
  endfacet
  facet normal 1 0 0
    outer loop
      vertex 55 3 20
      vertex 55 -1 18
      vertex 55 38 16
    endloop
  endfacet
  facet normal 1 0 0
    outer loop
      vertex 55 0 30
      vertex 55 -1 18
      vertex 55 3 20
    endloop
  endfacet
  facet normal 1 0 0
    outer loop
      vertex 55 -0.114151 32.6147
      vertex 55 -4.09892 32.266
      vertex 55 0 30
    endloop
  endfacet
  facet normal 1 0 0
    outer loop
      vertex 55 -4.39499 34.5148
      vertex 55 -0.455765 35.2094
      vertex 55 -1.02222 37.7646
    endloop
  endfacet
  facet normal 1 0 0
    outer loop
      vertex 55 -4.88593 36.7293
      vertex 55 -1.02222 37.7646
      vertex 55 -1.80922 40.2606
    endloop
  endfacet
  facet normal 1 0 0
    outer loop
      vertex 55 -5.56798 38.8925
      vertex 55 -1.80922 40.2606
      vertex 55 -2.81076 42.6785
    endloop
  endfacet
  facet normal 1 0 0
    outer loop
      vertex 55 0 30
      vertex 55 -4 30
      vertex 55 -1 18
    endloop
  endfacet
  facet normal 1 0 0
    outer loop
      vertex 55 -6.43599 40.9881
      vertex 55 -2.81076 42.6785
      vertex 55 -4.01923 45
    endloop
  endfacet
  facet normal 1 0 0
    outer loop
      vertex 55 0 30
      vertex 55 -4.09892 32.266
      vertex 55 -4 30
    endloop
  endfacet
  facet normal 1 0 0
    outer loop
      vertex 55 -0.455765 35.2094
      vertex 55 -4.39499 34.5148
      vertex 55 -4.09892 32.266
    endloop
  endfacet
  facet normal 1 0 0
    outer loop
      vertex 55 -1.02222 37.7646
      vertex 55 -4.88593 36.7293
      vertex 55 -4.39499 34.5148
    endloop
  endfacet
  facet normal 1 0 0
    outer loop
      vertex 55 -7.48334 43
      vertex 55 -4.01923 45
      vertex 55 -5.42543 47.2073
    endloop
  endfacet
  facet normal 1 0 0
    outer loop
      vertex 55 -1.80922 40.2606
      vertex 55 -5.56798 38.8925
      vertex 55 -4.88593 36.7293
    endloop
  endfacet
  facet normal 1 0 0
    outer loop
      vertex 55 -2.81076 42.6785
      vertex 55 -6.43599 40.9881
      vertex 55 -5.56798 38.8925
    endloop
  endfacet
  facet normal 1 0 0
    outer loop
      vertex 55 -8.70204 44.913
      vertex 55 -5.42543 47.2073
      vertex 55 -7.01866 49.2836
    endloop
  endfacet
  facet normal 1 0 0
    outer loop
      vertex 55 -4.01923 45
      vertex 55 -7.48334 43
      vertex 55 -6.43599 40.9881
    endloop
  endfacet
  facet normal 1 0 0
    outer loop
      vertex 55 -5.42543 47.2073
      vertex 55 -8.70204 44.913
      vertex 55 -7.48334 43
    endloop
  endfacet
  facet normal 1 0 0
    outer loop
      vertex 55 -10.0828 46.7125
      vertex 55 -7.01866 49.2836
      vertex 55 -8.78679 51.2132
    endloop
  endfacet
  facet normal 1 0 0
    outer loop
      vertex 55 -7.01866 49.2836
      vertex 55 -10.0828 46.7125
      vertex 55 -8.70204 44.913
    endloop
  endfacet
  facet normal 1 0 0
    outer loop
      vertex 55 -11.6152 48.3848
      vertex 55 -8.78679 51.2132
      vertex 55 -10.7164 52.9813
    endloop
  endfacet
  facet normal 1 0 0
    outer loop
      vertex 55 -8.78679 51.2132
      vertex 55 -11.6152 48.3848
      vertex 55 -10.0828 46.7125
    endloop
  endfacet
  facet normal 1 0 0
    outer loop
      vertex 55 -13.2875 49.9171
      vertex 55 -10.7164 52.9813
      vertex 55 -12.7927 54.5746
    endloop
  endfacet
  facet normal 1 0 0
    outer loop
      vertex 55 -10.7164 52.9813
      vertex 55 -13.2875 49.9171
      vertex 55 -11.6152 48.3848
    endloop
  endfacet
  facet normal 1 0 0
    outer loop
      vertex 55 -15.087 51.2979
      vertex 55 -12.7927 54.5746
      vertex 55 -15 55.9808
    endloop
  endfacet
  facet normal 1 0 0
    outer loop
      vertex 55 -12.7927 54.5746
      vertex 55 -15.087 51.2979
      vertex 55 -13.2875 49.9171
    endloop
  endfacet
  facet normal 1 0 0
    outer loop
      vertex 55 -15 55.9808
      vertex 55 -17 52.5166
      vertex 55 -15.087 51.2979
    endloop
  endfacet
  facet normal 1 0 0
    outer loop
      vertex 55 -17.3214 57.1892
      vertex 55 -17 52.5166
      vertex 55 -15 55.9808
    endloop
  endfacet
  facet normal 1 0 0
    outer loop
      vertex 55 -17.3214 57.1892
      vertex 55 -19.0119 53.564
      vertex 55 -17 52.5166
    endloop
  endfacet
  facet normal 1 0 0
    outer loop
      vertex 55 -19.7394 58.1908
      vertex 55 -19.0119 53.564
      vertex 55 -17.3214 57.1892
    endloop
  endfacet
  facet normal 1 0 0
    outer loop
      vertex 55 -19.7394 58.1908
      vertex 55 -21.1075 54.432
      vertex 55 -19.0119 53.564
    endloop
  endfacet
  facet normal 1 0 0
    outer loop
      vertex 55 -22.2354 58.9778
      vertex 55 -21.1075 54.432
      vertex 55 -19.7394 58.1908
    endloop
  endfacet
  facet normal 1 0 0
    outer loop
      vertex 55 -22.2354 58.9778
      vertex 55 -23.2707 55.1141
      vertex 55 -21.1075 54.432
    endloop
  endfacet
  facet normal 1 0 0
    outer loop
      vertex 55 -24.7905 59.5442
      vertex 55 -23.2707 55.1141
      vertex 55 -22.2354 58.9778
    endloop
  endfacet
  facet normal 1 0 0
    outer loop
      vertex 55 -24.7905 59.5442
      vertex 55 -25.4851 55.605
      vertex 55 -23.2707 55.1141
    endloop
  endfacet
  facet normal 1 0 0
    outer loop
      vertex 55 -27.3853 59.8858
      vertex 55 -25.4851 55.605
      vertex 55 -24.7905 59.5442
    endloop
  endfacet
  facet normal 1 0 0
    outer loop
      vertex 55 -27.3853 59.8858
      vertex 55 -27.7339 55.9011
      vertex 55 -25.4851 55.605
    endloop
  endfacet
  facet normal 1 0 0
    outer loop
      vertex 55 -30 60
      vertex 55 -27.7339 55.9011
      vertex 55 -27.3853 59.8858
    endloop
  endfacet
  facet normal 1 0 0
    outer loop
      vertex 55 -30 60
      vertex 55 -30 56
      vertex 55 -27.7339 55.9011
    endloop
  endfacet
  facet normal 1 0 0
    outer loop
      vertex 55 -30 60
      vertex 55 -32.266 55.9011
      vertex 55 -30 56
    endloop
  endfacet
  facet normal 1 -0 0
    outer loop
      vertex 55 -32.6147 59.8858
      vertex 55 -32.266 55.9011
      vertex 55 -30 60
    endloop
  endfacet
  facet normal 1 0 0
    outer loop
      vertex 55 -32.6147 59.8858
      vertex 55 -34.5148 55.605
      vertex 55 -32.266 55.9011
    endloop
  endfacet
  facet normal 1 -0 0
    outer loop
      vertex 55 -35.2094 59.5442
      vertex 55 -34.5148 55.605
      vertex 55 -32.6147 59.8858
    endloop
  endfacet
  facet normal 1 0 0
    outer loop
      vertex 55 -35.2094 59.5442
      vertex 55 -36.7293 55.1141
      vertex 55 -34.5148 55.605
    endloop
  endfacet
  facet normal 1 -0 0
    outer loop
      vertex 55 -37.7646 58.9778
      vertex 55 -36.7293 55.1141
      vertex 55 -35.2094 59.5442
    endloop
  endfacet
  facet normal 1 0 0
    outer loop
      vertex 55 -37.7646 58.9778
      vertex 55 -38.8925 54.432
      vertex 55 -36.7293 55.1141
    endloop
  endfacet
  facet normal 1 -0 0
    outer loop
      vertex 55 -40.2606 58.1908
      vertex 55 -38.8925 54.432
      vertex 55 -37.7646 58.9778
    endloop
  endfacet
  facet normal 1 0 0
    outer loop
      vertex 55 -40.2606 58.1908
      vertex 55 -40.9881 53.564
      vertex 55 -38.8925 54.432
    endloop
  endfacet
  facet normal 1 -0 0
    outer loop
      vertex 55 -42.6785 57.1892
      vertex 55 -40.9881 53.564
      vertex 55 -40.2606 58.1908
    endloop
  endfacet
  facet normal 1 0 0
    outer loop
      vertex 55 -42.6785 57.1892
      vertex 55 -43 52.5166
      vertex 55 -40.9881 53.564
    endloop
  endfacet
  facet normal 1 -0 0
    outer loop
      vertex 55 -45 55.9808
      vertex 55 -43 52.5166
      vertex 55 -42.6785 57.1892
    endloop
  endfacet
  facet normal 1 0 0
    outer loop
      vertex 55 -43 52.5166
      vertex 55 -45 55.9808
      vertex 55 -44.913 51.2979
    endloop
  endfacet
  facet normal 1 -0 0
    outer loop
      vertex 55 -47.2073 54.5746
      vertex 55 -44.913 51.2979
      vertex 55 -45 55.9808
    endloop
  endfacet
  facet normal 1 0 0
    outer loop
      vertex 55 -44.913 51.2979
      vertex 55 -47.2073 54.5746
      vertex 55 -46.7125 49.9171
    endloop
  endfacet
  facet normal 1 -0 0
    outer loop
      vertex 55 -49.2836 52.9813
      vertex 55 -46.7125 49.9171
      vertex 55 -47.2073 54.5746
    endloop
  endfacet
  facet normal 1 -0 0
    outer loop
      vertex 55 -50.5 51.8667
      vertex 55 -46.7125 49.9171
      vertex 55 -49.2836 52.9813
    endloop
  endfacet
  facet normal 1 0 0
    outer loop
      vertex 55 -46.7125 49.9171
      vertex 55 -50.5 51.8667
      vertex 55 -48.3848 48.3848
    endloop
  endfacet
  facet normal 1 0 0
    outer loop
      vertex 55 -48.3848 48.3848
      vertex 55 -50.5 51.8667
      vertex 55 -49.9171 46.7125
    endloop
  endfacet
  facet normal 1 0 0
    outer loop
      vertex 55 -49.9171 46.7125
      vertex 55 -50.5 51.8667
      vertex 55 -50.5 45.9529
    endloop
  endfacet
  facet normal 1 -0 0
    outer loop
      vertex 55 -50.5 1.5
      vertex 55 -46 0
      vertex 55 -50.5 13.5
    endloop
  endfacet
  facet normal 1 0 0
    outer loop
      vertex 55 -46 0
      vertex 55 -50.5 1.5
      vertex 55 -50 0
    endloop
  endfacet
  facet normal 0 0.955777 0.294093
    outer loop
      vertex 44 46 5
      vertex -44 45.0769 8
      vertex 44 45.0769 8
    endloop
  endfacet
  facet normal 0 0.955777 0.294093
    outer loop
      vertex -44 45.0769 8
      vertex 44 46 5
      vertex -44 46 5
    endloop
  endfacet
  facet normal -0 0.95578 0.294084
    outer loop
      vertex 44 45.0769 8
      vertex 55 42 18
      vertex 46 45.0769 8
    endloop
  endfacet
  facet normal -2.45072e-06 0.955779 0.294086
    outer loop
      vertex 55 46 5
      vertex 46 45.0769 8
      vertex 55 42 18
    endloop
  endfacet
  facet normal 0 0.955777 0.294093
    outer loop
      vertex 46 45.0769 8
      vertex 55 46 5
      vertex 46 46 5
    endloop
  endfacet
  facet normal 0 0.95578 0.294084
    outer loop
      vertex 55 42 18
      vertex 44 45.0769 8
      vertex -55 42 18
    endloop
  endfacet
  facet normal -0 0.95578 0.294084
    outer loop
      vertex -44 45.0769 8
      vertex -55 42 18
      vertex 44 45.0769 8
    endloop
  endfacet
  facet normal -0 0.95578 0.294084
    outer loop
      vertex -46 45.0769 8
      vertex -55 42 18
      vertex -44 45.0769 8
    endloop
  endfacet
  facet normal -0 0.955777 0.294093
    outer loop
      vertex -55 46 5
      vertex -46 45.0769 8
      vertex -46 46 5
    endloop
  endfacet
  facet normal 2.45072e-06 0.955779 0.294086
    outer loop
      vertex -46 45.0769 8
      vertex -55 46 5
      vertex -55 42 18
    endloop
  endfacet
  facet normal -1.75318e-06 0.0512155 0.998688
    outer loop
      vertex 27.5 10 19.641
      vertex 55 42 18
      vertex 27.5 39 18.1538
    endloop
  endfacet
  facet normal 0 0.0511994 0.998688
    outer loop
      vertex 55 42 18
      vertex -27.5 39 18.1538
      vertex 27.5 39 18.1538
    endloop
  endfacet
  facet normal 1.75318e-06 0.0512155 0.998688
    outer loop
      vertex -27.5 39 18.1538
      vertex -55 42 18
      vertex -27.5 10 19.641
    endloop
  endfacet
  facet normal -0 0.0511994 0.998688
    outer loop
      vertex -55 42 18
      vertex -27.5 39 18.1538
      vertex 55 42 18
    endloop
  endfacet
  facet normal -9.31177e-07 0.0512148 0.998688
    outer loop
      vertex 55 42 18
      vertex 27.5 10 19.641
      vertex 55 3 20
    endloop
  endfacet
  facet normal -0 0.0512184 0.998687
    outer loop
      vertex -27.5 10 19.641
      vertex 55 3 20
      vertex 27.5 10 19.641
    endloop
  endfacet
  facet normal 0 0.0512184 0.998687
    outer loop
      vertex -27.5 10 19.641
      vertex -55 3 20
      vertex 55 3 20
    endloop
  endfacet
  facet normal 9.31177e-07 0.0512148 0.998688
    outer loop
      vertex -55 3 20
      vertex -27.5 10 19.641
      vertex -55 42 18
    endloop
  endfacet
  facet normal 0 0.957826 0.287348
    outer loop
      vertex 55 3 20
      vertex 13.766 0 30
      vertex 55 0 30
    endloop
  endfacet
  facet normal 5.45326e-06 0.95782 0.287369
    outer loop
      vertex 13.766 0 30
      vertex 55 3 20
      vertex 13.5105 0.10921 29.636
    endloop
  endfacet
  facet normal -3.71207e-05 0.957871 0.2872
    outer loop
      vertex 13.5105 0.10921 29.636
      vertex 55 3 20
      vertex 13.4278 0.144557 29.5181
    endloop
  endfacet
  facet normal 3.2257e-05 0.957787 0.287478
    outer loop
      vertex 13.4278 0.144557 29.5181
      vertex 55 3 20
      vertex 13.3324 0.174455 29.4185
    endloop
  endfacet
  facet normal 1.51848e-06 0.957825 0.287354
    outer loop
      vertex 13.3324 0.174455 29.4185
      vertex 55 3 20
      vertex 12.9735 0.286958 29.0435
    endloop
  endfacet
  facet normal -5.21982e-06 0.957833 0.287325
    outer loop
      vertex 12.9735 0.286958 29.0435
      vertex 55 3 20
      vertex 12.5455 0.386157 28.7128
    endloop
  endfacet
  facet normal 3.14082e-05 0.957784 0.287489
    outer loop
      vertex 12.5455 0.386157 28.7128
      vertex 55 3 20
      vertex 12.456 0.406901 28.6437
    endloop
  endfacet
  facet normal -3.17813e-05 0.95787 0.287203
    outer loop
      vertex 12.456 0.406901 28.6437
      vertex 55 3 20
      vertex 12.3602 0.422969 28.5901
    endloop
  endfacet
  facet normal 4.27543e-06 0.95782 0.287367
    outer loop
      vertex 12.3602 0.422969 28.5901
      vertex 55 3 20
      vertex 11.8873 0.502297 28.3257
    endloop
  endfacet
  facet normal -5.88322e-05 0.95791 0.287068
    outer loop
      vertex 11.8873 0.502297 28.3257
      vertex 55 3 20
      vertex 11.7943 0.5129 28.2903
    endloop
  endfacet
  facet normal 1.10208e-06 0.957824 0.287354
    outer loop
      vertex 11.7943 0.5129 28.2903
      vertex 55 3 20
      vertex 11.2799 0.571552 28.0948
    endloop
  endfacet
  facet normal 0.000102075 0.957674 0.287854
    outer loop
      vertex 11.2799 0.571552 28.0948
      vertex 55 3 20
      vertex 11.19 0.577513 28.075
    endloop
  endfacet
  facet normal -2.14737e-05 0.957859 0.28724
    outer loop
      vertex 11.19 0.577513 28.075
      vertex 55 3 20
      vertex 10.6464 0.613546 27.9548
    endloop
  endfacet
  facet normal 1.81783e-05 0.957798 0.287442
    outer loop
      vertex 10.6464 0.613546 27.9548
      vertex 55 3 20
      vertex 10.0862 0.625741 27.9142
    endloop
  endfacet
  facet normal 0 0.957826 0.287349
    outer loop
      vertex 10 0.627618 27.9079
      vertex 55 3 20
      vertex -10 0.627618 27.9079
    endloop
  endfacet
  facet normal -0.000102113 0.957986 0.286816
    outer loop
      vertex 10.0862 0.625741 27.9142
      vertex 55 3 20
      vertex 10 0.627618 27.9079
    endloop
  endfacet
  facet normal 0 0.957819 0.287372
    outer loop
      vertex 6.48953 0.10921 29.636
      vertex -6.23401 0 30
      vertex 6.23401 0 30
    endloop
  endfacet
  facet normal 0 0.957819 0.287372
    outer loop
      vertex 6.48953 0.10921 29.636
      vertex -6.48953 0.10921 29.636
      vertex -6.23401 0 30
    endloop
  endfacet
  facet normal 0 0.957878 0.287176
    outer loop
      vertex 6.57223 0.144557 29.5181
      vertex -6.48953 0.10921 29.636
      vertex 6.48953 0.10921 29.636
    endloop
  endfacet
  facet normal 0 0.957878 0.287176
    outer loop
      vertex 6.57223 0.144557 29.5181
      vertex -6.57223 0.144557 29.5181
      vertex -6.48953 0.10921 29.636
    endloop
  endfacet
  facet normal 0 0.957779 0.287507
    outer loop
      vertex 6.6676 0.174455 29.4185
      vertex -6.57223 0.144557 29.5181
      vertex 6.57223 0.144557 29.5181
    endloop
  endfacet
  facet normal 0 0.957779 0.287507
    outer loop
      vertex 6.6676 0.174455 29.4185
      vertex -6.6676 0.174455 29.4185
      vertex -6.57223 0.144557 29.5181
    endloop
  endfacet
  facet normal 0 0.957824 0.287355
    outer loop
      vertex 7.02647 0.286958 29.0435
      vertex -6.6676 0.174455 29.4185
      vertex 6.6676 0.174455 29.4185
    endloop
  endfacet
  facet normal 0 0.957824 0.287355
    outer loop
      vertex 7.02647 0.286958 29.0435
      vertex -7.02647 0.286958 29.0435
      vertex -6.6676 0.174455 29.4185
    endloop
  endfacet
  facet normal 0 0.957835 0.287319
    outer loop
      vertex 7.45446 0.386157 28.7128
      vertex -7.02647 0.286958 29.0435
      vertex 7.02647 0.286958 29.0435
    endloop
  endfacet
  facet normal 0 0.957835 0.287319
    outer loop
      vertex 7.45446 0.386157 28.7128
      vertex -7.45446 0.386157 28.7128
      vertex -7.02647 0.286958 29.0435
    endloop
  endfacet
  facet normal 0 0.957773 0.287526
    outer loop
      vertex 7.54396 0.406901 28.6437
      vertex -7.45446 0.386157 28.7128
      vertex 7.45446 0.386157 28.7128
    endloop
  endfacet
  facet normal 0 0.957773 0.287526
    outer loop
      vertex 7.54396 0.406901 28.6437
      vertex -7.54396 0.406901 28.6437
      vertex -7.45446 0.386157 28.7128
    endloop
  endfacet
  facet normal 0 0.957885 0.287151
    outer loop
      vertex 7.63976 0.422969 28.5901
      vertex -7.54396 0.406901 28.6437
      vertex 7.54396 0.406901 28.6437
    endloop
  endfacet
  facet normal 0 0.957885 0.287151
    outer loop
      vertex 7.63976 0.422969 28.5901
      vertex -7.63976 0.422969 28.5901
      vertex -7.54396 0.406901 28.6437
    endloop
  endfacet
  facet normal 0 0.957818 0.287374
    outer loop
      vertex 8.11267 0.502297 28.3257
      vertex -7.63976 0.422969 28.5901
      vertex 7.63976 0.422969 28.5901
    endloop
  endfacet
  facet normal 0 0.957818 0.287374
    outer loop
      vertex 8.11267 0.502297 28.3257
      vertex -8.11267 0.502297 28.3257
      vertex -7.63976 0.422969 28.5901
    endloop
  endfacet
  facet normal 0 0.957953 0.286926
    outer loop
      vertex 8.20568 0.5129 28.2903
      vertex -8.11267 0.502297 28.3257
      vertex 8.11267 0.502297 28.3257
    endloop
  endfacet
  facet normal 0 0.957953 0.286926
    outer loop
      vertex 8.20568 0.5129 28.2903
      vertex -8.20568 0.5129 28.2903
      vertex -8.11267 0.502297 28.3257
    endloop
  endfacet
  facet normal 0 0.957824 0.287357
    outer loop
      vertex 8.72013 0.571552 28.0948
      vertex -8.20568 0.5129 28.2903
      vertex 8.20568 0.5129 28.2903
    endloop
  endfacet
  facet normal 0 0.957824 0.287357
    outer loop
      vertex 8.72013 0.571552 28.0948
      vertex -8.72013 0.571552 28.0948
      vertex -8.20568 0.5129 28.2903
    endloop
  endfacet
  facet normal 0 0.957546 0.288279
    outer loop
      vertex 8.81005 0.577513 28.075
      vertex -8.72013 0.571552 28.0948
      vertex 8.72013 0.571552 28.0948
    endloop
  endfacet
  facet normal 0 0.957546 0.288279
    outer loop
      vertex 8.81005 0.577513 28.075
      vertex -8.81005 0.577513 28.075
      vertex -8.72013 0.571552 28.0948
    endloop
  endfacet
  facet normal 0 0.957885 0.28715
    outer loop
      vertex 9.35355 0.613546 27.9548
      vertex -8.81005 0.577513 28.075
      vertex 8.81005 0.577513 28.075
    endloop
  endfacet
  facet normal 0 0.957885 0.28715
    outer loop
      vertex 9.35355 0.613546 27.9548
      vertex -9.35355 0.613546 27.9548
      vertex -8.81005 0.577513 28.075
    endloop
  endfacet
  facet normal 0 0.957729 0.287672
    outer loop
      vertex 9.91378 0.625741 27.9142
      vertex -9.35355 0.613546 27.9548
      vertex 9.35355 0.613546 27.9548
    endloop
  endfacet
  facet normal 0 0.957729 0.287672
    outer loop
      vertex 9.91378 0.625741 27.9142
      vertex -9.91378 0.625741 27.9142
      vertex -9.35355 0.613546 27.9548
    endloop
  endfacet
  facet normal 0 0.958369 0.285533
    outer loop
      vertex 10 0.627618 27.9079
      vertex -9.91378 0.625741 27.9142
      vertex 9.91378 0.625741 27.9142
    endloop
  endfacet
  facet normal 0 0.958369 0.285533
    outer loop
      vertex -9.91378 0.625741 27.9142
      vertex 10 0.627618 27.9079
      vertex -10 0.627618 27.9079
    endloop
  endfacet
  facet normal -5.45326e-06 0.95782 0.287369
    outer loop
      vertex -55 3 20
      vertex -13.766 0 30
      vertex -13.5105 0.10921 29.636
    endloop
  endfacet
  facet normal 3.71207e-05 0.957871 0.2872
    outer loop
      vertex -55 3 20
      vertex -13.5105 0.10921 29.636
      vertex -13.4278 0.144557 29.5181
    endloop
  endfacet
  facet normal -3.2257e-05 0.957787 0.287478
    outer loop
      vertex -55 3 20
      vertex -13.4278 0.144557 29.5181
      vertex -13.3324 0.174455 29.4185
    endloop
  endfacet
  facet normal -1.51848e-06 0.957825 0.287354
    outer loop
      vertex -55 3 20
      vertex -13.3324 0.174455 29.4185
      vertex -12.9735 0.286958 29.0435
    endloop
  endfacet
  facet normal 5.21982e-06 0.957833 0.287325
    outer loop
      vertex -55 3 20
      vertex -12.9735 0.286958 29.0435
      vertex -12.5455 0.386157 28.7128
    endloop
  endfacet
  facet normal -3.14082e-05 0.957784 0.287489
    outer loop
      vertex -55 3 20
      vertex -12.5455 0.386157 28.7128
      vertex -12.456 0.406901 28.6437
    endloop
  endfacet
  facet normal 3.17813e-05 0.95787 0.287203
    outer loop
      vertex -55 3 20
      vertex -12.456 0.406901 28.6437
      vertex -12.3602 0.422969 28.5901
    endloop
  endfacet
  facet normal -4.27543e-06 0.95782 0.287367
    outer loop
      vertex -55 3 20
      vertex -12.3602 0.422969 28.5901
      vertex -11.8873 0.502297 28.3257
    endloop
  endfacet
  facet normal 5.88322e-05 0.95791 0.287068
    outer loop
      vertex -55 3 20
      vertex -11.8873 0.502297 28.3257
      vertex -11.7943 0.5129 28.2903
    endloop
  endfacet
  facet normal -1.10208e-06 0.957824 0.287354
    outer loop
      vertex -55 3 20
      vertex -11.7943 0.5129 28.2903
      vertex -11.2799 0.571552 28.0948
    endloop
  endfacet
  facet normal -0.000102075 0.957674 0.287854
    outer loop
      vertex -55 3 20
      vertex -11.2799 0.571552 28.0948
      vertex -11.19 0.577513 28.075
    endloop
  endfacet
  facet normal 2.14737e-05 0.957859 0.28724
    outer loop
      vertex -55 3 20
      vertex -11.19 0.577513 28.075
      vertex -10.6464 0.613546 27.9548
    endloop
  endfacet
  facet normal -1.81783e-05 0.957798 0.287442
    outer loop
      vertex -55 3 20
      vertex -10.6464 0.613546 27.9548
      vertex -10.0862 0.625741 27.9142
    endloop
  endfacet
  facet normal 0.000102113 0.957986 0.286816
    outer loop
      vertex -55 3 20
      vertex -10.0862 0.625741 27.9142
      vertex -10 0.627618 27.9079
    endloop
  endfacet
  facet normal -0 0.957826 0.287349
    outer loop
      vertex -55 3 20
      vertex -10 0.627618 27.9079
      vertex 55 3 20
    endloop
  endfacet
  facet normal 0 0.957826 0.287348
    outer loop
      vertex -13.766 0 30
      vertex -55 3 20
      vertex -55 0 30
    endloop
  endfacet
  facet normal 0 0.999049 0.0436093
    outer loop
      vertex -14.243 -0.0938359 32.1493
      vertex -55 -0.114151 32.6147
      vertex -14.2033 -0.114151 32.6147
    endloop
  endfacet
  facet normal 1.2998e-07 0.999048 0.0436207
    outer loop
      vertex -14.2559 -0.087256 31.9986
      vertex -55 -0.114151 32.6147
      vertex -14.243 -0.0938359 32.1493
    endloop
  endfacet
  facet normal -7.07009e-07 0.999048 0.0436314
    outer loop
      vertex -55 0 30
      vertex -14.2559 -0.087256 31.9986
      vertex -14.245 -0.0806308 31.8469
    endloop
  endfacet
  facet normal 1.47964e-07 0.999049 0.0436126
    outer loop
      vertex -55 0 30
      vertex -14.245 -0.0806308 31.8469
      vertex -14.2079 -0.0581795 31.3326
    endloop
  endfacet
  facet normal -6.5421e-08 0.999048 0.0436191
    outer loop
      vertex -55 0 30
      vertex -14.2079 -0.0581795 31.3326
      vertex -14.0913 -0.0363841 30.8334
    endloop
  endfacet
  facet normal -7.58801e-08 0.999048 0.0436196
    outer loop
      vertex -55 0 30
      vertex -14.0913 -0.0363841 30.8334
      vertex -14.0559 -0.0297607 30.6817
    endloop
  endfacet
  facet normal 8.1899e-08 0.999049 0.0436101
    outer loop
      vertex -55 0 30
      vertex -14.0559 -0.0297607 30.6817
      vertex -13.8631 -0.00909165 30.2082
    endloop
  endfacet
  facet normal -6.1358e-08 0.999047 0.0436384
    outer loop
      vertex -55 0 30
      vertex -13.8631 -0.00909165 30.2082
      vertex -13.8035 -0.00270563 30.062
    endloop
  endfacet
  facet normal -0 0.999049 0.0435977
    outer loop
      vertex -55 0 30
      vertex -13.8035 -0.00270563 30.062
      vertex -13.766 0 30
    endloop
  endfacet
  facet normal 5.69662e-08 0.999048 0.0436159
    outer loop
      vertex -14.2559 -0.087256 31.9986
      vertex -55 0 30
      vertex -55 -0.114151 32.6147
    endloop
  endfacet
  facet normal 0 0.999049 0.0436093
    outer loop
      vertex 55 -0.114151 32.6147
      vertex 14.243 -0.0938359 32.1493
      vertex 14.2033 -0.114151 32.6147
    endloop
  endfacet
  facet normal -1.2998e-07 0.999048 0.0436207
    outer loop
      vertex 55 -0.114151 32.6147
      vertex 14.2559 -0.087256 31.9986
      vertex 14.243 -0.0938359 32.1493
    endloop
  endfacet
  facet normal -5.69662e-08 0.999048 0.0436159
    outer loop
      vertex 55 0 30
      vertex 14.2559 -0.087256 31.9986
      vertex 55 -0.114151 32.6147
    endloop
  endfacet
  facet normal 7.07009e-07 0.999048 0.0436314
    outer loop
      vertex 14.2559 -0.087256 31.9986
      vertex 55 0 30
      vertex 14.245 -0.0806308 31.8469
    endloop
  endfacet
  facet normal -1.47964e-07 0.999049 0.0436126
    outer loop
      vertex 14.245 -0.0806308 31.8469
      vertex 55 0 30
      vertex 14.2079 -0.0581795 31.3326
    endloop
  endfacet
  facet normal 6.5421e-08 0.999048 0.0436191
    outer loop
      vertex 14.2079 -0.0581795 31.3326
      vertex 55 0 30
      vertex 14.0913 -0.0363841 30.8334
    endloop
  endfacet
  facet normal 7.58801e-08 0.999048 0.0436196
    outer loop
      vertex 14.0913 -0.0363841 30.8334
      vertex 55 0 30
      vertex 14.0559 -0.0297607 30.6817
    endloop
  endfacet
  facet normal -8.1899e-08 0.999049 0.0436101
    outer loop
      vertex 14.0559 -0.0297607 30.6817
      vertex 55 0 30
      vertex 13.8631 -0.00909165 30.2082
    endloop
  endfacet
  facet normal 6.1358e-08 0.999047 0.0436384
    outer loop
      vertex 13.8631 -0.00909165 30.2082
      vertex 55 0 30
      vertex 13.8035 -0.00270563 30.062
    endloop
  endfacet
  facet normal 0 0.999049 0.0435977
    outer loop
      vertex 13.8035 -0.00270563 30.062
      vertex 55 0 30
      vertex 13.766 0 30
    endloop
  endfacet
  facet normal 0 0.999049 0.0436093
    outer loop
      vertex 5.75696 -0.0938359 32.1493
      vertex -5.7967 -0.114151 32.6147
      vertex 5.7967 -0.114151 32.6147
    endloop
  endfacet
  facet normal 0 0.999049 0.0436093
    outer loop
      vertex 5.75696 -0.0938359 32.1493
      vertex -5.75696 -0.0938359 32.1493
      vertex -5.7967 -0.114151 32.6147
    endloop
  endfacet
  facet normal 0 0.999048 0.0436207
    outer loop
      vertex 5.74409 -0.087256 31.9986
      vertex -5.75696 -0.0938359 32.1493
      vertex 5.75696 -0.0938359 32.1493
    endloop
  endfacet
  facet normal 0 0.999048 0.0436207
    outer loop
      vertex 5.74409 -0.087256 31.9986
      vertex -5.74409 -0.087256 31.9986
      vertex -5.75696 -0.0938359 32.1493
    endloop
  endfacet
  facet normal 0 0.999048 0.0436314
    outer loop
      vertex 5.75503 -0.0806308 31.8469
      vertex -5.74409 -0.087256 31.9986
      vertex 5.74409 -0.087256 31.9986
    endloop
  endfacet
  facet normal 0 0.999048 0.0436314
    outer loop
      vertex 5.75503 -0.0806308 31.8469
      vertex -5.75503 -0.0806308 31.8469
      vertex -5.74409 -0.087256 31.9986
    endloop
  endfacet
  facet normal 0 0.999049 0.0436126
    outer loop
      vertex 5.79212 -0.0581795 31.3326
      vertex -5.75503 -0.0806308 31.8469
      vertex 5.75503 -0.0806308 31.8469
    endloop
  endfacet
  facet normal 0 0.999049 0.0436126
    outer loop
      vertex 5.79212 -0.0581795 31.3326
      vertex -5.79212 -0.0581795 31.3326
      vertex -5.75503 -0.0806308 31.8469
    endloop
  endfacet
  facet normal 0 0.999048 0.0436191
    outer loop
      vertex 5.90865 -0.0363841 30.8334
      vertex -5.79212 -0.0581795 31.3326
      vertex 5.79212 -0.0581795 31.3326
    endloop
  endfacet
  facet normal 0 0.999048 0.0436191
    outer loop
      vertex 5.90865 -0.0363841 30.8334
      vertex -5.90865 -0.0363841 30.8334
      vertex -5.79212 -0.0581795 31.3326
    endloop
  endfacet
  facet normal 0 0.999048 0.0436196
    outer loop
      vertex 5.94407 -0.0297607 30.6817
      vertex -5.90865 -0.0363841 30.8334
      vertex 5.90865 -0.0363841 30.8334
    endloop
  endfacet
  facet normal 0 0.999048 0.0436196
    outer loop
      vertex 5.94407 -0.0297607 30.6817
      vertex -5.94407 -0.0297607 30.6817
      vertex -5.90865 -0.0363841 30.8334
    endloop
  endfacet
  facet normal 0 0.999049 0.0436101
    outer loop
      vertex 6.13691 -0.00909165 30.2082
      vertex -5.94407 -0.0297607 30.6817
      vertex 5.94407 -0.0297607 30.6817
    endloop
  endfacet
  facet normal 0 0.999049 0.0436101
    outer loop
      vertex 6.13691 -0.00909165 30.2082
      vertex -6.13691 -0.00909165 30.2082
      vertex -5.94407 -0.0297607 30.6817
    endloop
  endfacet
  facet normal 0 0.999047 0.0436384
    outer loop
      vertex 6.19649 -0.00270563 30.062
      vertex -6.13691 -0.00909165 30.2082
      vertex 6.13691 -0.00909165 30.2082
    endloop
  endfacet
  facet normal 0 0.999047 0.0436384
    outer loop
      vertex 6.19649 -0.00270563 30.062
      vertex -6.19649 -0.00270563 30.062
      vertex -6.13691 -0.00909165 30.2082
    endloop
  endfacet
  facet normal 0 0.999049 0.0435977
    outer loop
      vertex 6.23401 0 30
      vertex -6.19649 -0.00270563 30.062
      vertex 6.19649 -0.00270563 30.062
    endloop
  endfacet
  facet normal 0 0.999049 0.0435977
    outer loop
      vertex -6.19649 -0.00270563 30.062
      vertex 6.23401 0 30
      vertex -6.23401 0 30
    endloop
  endfacet
  facet normal 0 0.991431 0.130629
    outer loop
      vertex -12.9074 -0.44587 35.1343
      vertex -55 -0.455765 35.2094
      vertex -12.8209 -0.455765 35.2094
    endloop
  endfacet
  facet normal -1.68385e-07 0.991444 0.130536
    outer loop
      vertex -13.0381 -0.4309 35.0206
      vertex -55 -0.455765 35.2094
      vertex -12.9074 -0.44587 35.1343
    endloop
  endfacet
  facet normal -4.87297e-07 0.991453 0.130466
    outer loop
      vertex -13.1478 -0.413609 34.8892
      vertex -55 -0.455765 35.2094
      vertex -13.0381 -0.4309 35.0206
    endloop
  endfacet
  facet normal -1.84825e-08 0.991445 0.130526
    outer loop
      vertex -13.4682 -0.363107 34.5056
      vertex -55 -0.455765 35.2094
      vertex -13.1478 -0.413609 34.8892
    endloop
  endfacet
  facet normal 1.48943e-07 0.991444 0.130536
    outer loop
      vertex -13.727 -0.30586 34.0708
      vertex -55 -0.455765 35.2094
      vertex -13.4682 -0.363107 34.5056
    endloop
  endfacet
  facet normal 8.2954e-07 0.99144 0.13056
    outer loop
      vertex -13.8102 -0.28745 33.931
      vertex -55 -0.455765 35.2094
      vertex -13.727 -0.30586 34.0708
    endloop
  endfacet
  facet normal -1.31377e-06 0.991449 0.130493
    outer loop
      vertex -13.8693 -0.267839 33.782
      vertex -55 -0.455765 35.2094
      vertex -13.8102 -0.28745 33.931
    endloop
  endfacet
  facet normal -8.81756e-08 0.991445 0.130527
    outer loop
      vertex -14.056 -0.205896 33.3115
      vertex -55 -0.455765 35.2094
      vertex -13.8693 -0.267839 33.782
    endloop
  endfacet
  facet normal 1.76659e-06 0.99144 0.130567
    outer loop
      vertex -14.0896 -0.186076 33.161
      vertex -55 -0.455765 35.2094
      vertex -14.056 -0.205896 33.3115
    endloop
  endfacet
  facet normal 1.4445e-07 0.991444 0.130535
    outer loop
      vertex -14.2004 -0.120535 32.6632
      vertex -55 -0.455765 35.2094
      vertex -14.0896 -0.186076 33.161
    endloop
  endfacet
  facet normal -1.85404e-06 0.991448 0.130503
    outer loop
      vertex -14.2033 -0.114151 32.6147
      vertex -55 -0.455765 35.2094
      vertex -14.2004 -0.120535 32.6632
    endloop
  endfacet
  facet normal 0 0.991444 0.130532
    outer loop
      vertex -55 -0.455765 35.2094
      vertex -14.2033 -0.114151 32.6147
      vertex -55 -0.114151 32.6147
    endloop
  endfacet
  facet normal 0 0.991431 0.130629
    outer loop
      vertex 55 -0.455765 35.2094
      vertex 12.9074 -0.44587 35.1343
      vertex 12.8209 -0.455765 35.2094
    endloop
  endfacet
  facet normal 1.68385e-07 0.991444 0.130536
    outer loop
      vertex 55 -0.455765 35.2094
      vertex 13.0381 -0.4309 35.0206
      vertex 12.9074 -0.44587 35.1343
    endloop
  endfacet
  facet normal 4.87297e-07 0.991453 0.130466
    outer loop
      vertex 55 -0.455765 35.2094
      vertex 13.1478 -0.413609 34.8892
      vertex 13.0381 -0.4309 35.0206
    endloop
  endfacet
  facet normal 1.84825e-08 0.991445 0.130526
    outer loop
      vertex 55 -0.455765 35.2094
      vertex 13.4682 -0.363107 34.5056
      vertex 13.1478 -0.413609 34.8892
    endloop
  endfacet
  facet normal -1.48943e-07 0.991444 0.130536
    outer loop
      vertex 55 -0.455765 35.2094
      vertex 13.727 -0.30586 34.0708
      vertex 13.4682 -0.363107 34.5056
    endloop
  endfacet
  facet normal -8.2954e-07 0.99144 0.13056
    outer loop
      vertex 55 -0.455765 35.2094
      vertex 13.8102 -0.28745 33.931
      vertex 13.727 -0.30586 34.0708
    endloop
  endfacet
  facet normal 1.31377e-06 0.991449 0.130493
    outer loop
      vertex 55 -0.455765 35.2094
      vertex 13.8693 -0.267839 33.782
      vertex 13.8102 -0.28745 33.931
    endloop
  endfacet
  facet normal 8.81756e-08 0.991445 0.130527
    outer loop
      vertex 55 -0.455765 35.2094
      vertex 14.056 -0.205896 33.3115
      vertex 13.8693 -0.267839 33.782
    endloop
  endfacet
  facet normal -1.76659e-06 0.99144 0.130567
    outer loop
      vertex 55 -0.455765 35.2094
      vertex 14.0896 -0.186076 33.161
      vertex 14.056 -0.205896 33.3115
    endloop
  endfacet
  facet normal -1.4445e-07 0.991444 0.130535
    outer loop
      vertex 55 -0.455765 35.2094
      vertex 14.2004 -0.120535 32.6632
      vertex 14.0896 -0.186076 33.161
    endloop
  endfacet
  facet normal 3.47849e-08 0.991444 0.130532
    outer loop
      vertex 55 -0.114151 32.6147
      vertex 14.2004 -0.120535 32.6632
      vertex 55 -0.455765 35.2094
    endloop
  endfacet
  facet normal 0 0.991448 0.130503
    outer loop
      vertex 14.2004 -0.120535 32.6632
      vertex 55 -0.114151 32.6147
      vertex 14.2033 -0.114151 32.6147
    endloop
  endfacet
  facet normal 0 0.991431 0.130629
    outer loop
      vertex 7.09263 -0.44587 35.1343
      vertex -7.17906 -0.455765 35.2094
      vertex 7.17906 -0.455765 35.2094
    endloop
  endfacet
  facet normal 0 0.991431 0.130629
    outer loop
      vertex 7.09263 -0.44587 35.1343
      vertex -7.09263 -0.44587 35.1343
      vertex -7.17906 -0.455765 35.2094
    endloop
  endfacet
  facet normal 0 0.991444 0.130536
    outer loop
      vertex 6.96187 -0.4309 35.0206
      vertex -7.09263 -0.44587 35.1343
      vertex 7.09263 -0.44587 35.1343
    endloop
  endfacet
  facet normal 0 0.991444 0.130536
    outer loop
      vertex 6.96187 -0.4309 35.0206
      vertex -6.96187 -0.4309 35.0206
      vertex -7.09263 -0.44587 35.1343
    endloop
  endfacet
  facet normal 0 0.991453 0.130466
    outer loop
      vertex 6.85217 -0.413609 34.8892
      vertex -6.96187 -0.4309 35.0206
      vertex 6.96187 -0.4309 35.0206
    endloop
  endfacet
  facet normal 0 0.991453 0.130466
    outer loop
      vertex 6.85217 -0.413609 34.8892
      vertex -6.85217 -0.413609 34.8892
      vertex -6.96187 -0.4309 35.0206
    endloop
  endfacet
  facet normal 0 0.991445 0.130526
    outer loop
      vertex 6.53175 -0.363107 34.5056
      vertex -6.85217 -0.413609 34.8892
      vertex 6.85217 -0.413609 34.8892
    endloop
  endfacet
  facet normal 0 0.991445 0.130526
    outer loop
      vertex 6.53175 -0.363107 34.5056
      vertex -6.53175 -0.363107 34.5056
      vertex -6.85217 -0.413609 34.8892
    endloop
  endfacet
  facet normal 0 0.991444 0.130536
    outer loop
      vertex 6.273 -0.30586 34.0708
      vertex -6.53175 -0.363107 34.5056
      vertex 6.53175 -0.363107 34.5056
    endloop
  endfacet
  facet normal 0 0.991444 0.130536
    outer loop
      vertex 6.273 -0.30586 34.0708
      vertex -6.273 -0.30586 34.0708
      vertex -6.53175 -0.363107 34.5056
    endloop
  endfacet
  facet normal 0 0.99144 0.130561
    outer loop
      vertex 6.18979 -0.28745 33.931
      vertex -6.273 -0.30586 34.0708
      vertex 6.273 -0.30586 34.0708
    endloop
  endfacet
  facet normal 0 0.99144 0.130561
    outer loop
      vertex 6.18979 -0.28745 33.931
      vertex -6.18979 -0.28745 33.931
      vertex -6.273 -0.30586 34.0708
    endloop
  endfacet
  facet normal 0 0.991449 0.130492
    outer loop
      vertex 6.13067 -0.267839 33.782
      vertex -6.18979 -0.28745 33.931
      vertex 6.18979 -0.28745 33.931
    endloop
  endfacet
  facet normal 0 0.991449 0.130492
    outer loop
      vertex 6.13067 -0.267839 33.782
      vertex -6.13067 -0.267839 33.782
      vertex -6.18979 -0.28745 33.931
    endloop
  endfacet
  facet normal 0 0.991445 0.130527
    outer loop
      vertex 5.94395 -0.205896 33.3115
      vertex -6.13067 -0.267839 33.782
      vertex 6.13067 -0.267839 33.782
    endloop
  endfacet
  facet normal 0 0.991445 0.130527
    outer loop
      vertex 5.94395 -0.205896 33.3115
      vertex -5.94395 -0.205896 33.3115
      vertex -6.13067 -0.267839 33.782
    endloop
  endfacet
  facet normal 0 0.991439 0.130567
    outer loop
      vertex 5.91044 -0.186076 33.161
      vertex -5.94395 -0.205896 33.3115
      vertex 5.94395 -0.205896 33.3115
    endloop
  endfacet
  facet normal 0 0.991439 0.130567
    outer loop
      vertex 5.91044 -0.186076 33.161
      vertex -5.91044 -0.186076 33.161
      vertex -5.94395 -0.205896 33.3115
    endloop
  endfacet
  facet normal 0 0.991444 0.130535
    outer loop
      vertex 5.79964 -0.120535 32.6632
      vertex -5.91044 -0.186076 33.161
      vertex 5.91044 -0.186076 33.161
    endloop
  endfacet
  facet normal 0 0.991444 0.130535
    outer loop
      vertex 5.79964 -0.120535 32.6632
      vertex -5.79964 -0.120535 32.6632
      vertex -5.91044 -0.186076 33.161
    endloop
  endfacet
  facet normal 0 0.991448 0.130503
    outer loop
      vertex 5.7967 -0.114151 32.6147
      vertex -5.79964 -0.120535 32.6632
      vertex 5.79964 -0.120535 32.6632
    endloop
  endfacet
  facet normal 0 0.991448 0.130503
    outer loop
      vertex -5.79964 -0.120535 32.6632
      vertex 5.7967 -0.114151 32.6147
      vertex -5.7967 -0.114151 32.6147
    endloop
  endfacet
  facet normal 0 0.976361 0.216144
    outer loop
      vertex 9.51849 -0.692531 36.2774
      vertex -10 -0.701209 36.3166
      vertex 10 -0.701209 36.3166
    endloop
  endfacet
  facet normal 0 0.976361 0.216144
    outer loop
      vertex 9.51849 -0.692531 36.2774
      vertex -9.51849 -0.692531 36.2774
      vertex -10 -0.701209 36.3166
    endloop
  endfacet
  facet normal 0 0.976197 0.216886
    outer loop
      vertex 9.32001 -0.688954 36.2613
      vertex -9.51849 -0.692531 36.2774
      vertex 9.51849 -0.692531 36.2774
    endloop
  endfacet
  facet normal 0 0.976197 0.216886
    outer loop
      vertex 9.32001 -0.688954 36.2613
      vertex -9.32001 -0.688954 36.2613
      vertex -9.51849 -0.692531 36.2774
    endloop
  endfacet
  facet normal 0 0.976339 0.216248
    outer loop
      vertex 9.12806 -0.678389 36.2136
      vertex -9.32001 -0.688954 36.2613
      vertex 9.32001 -0.688954 36.2613
    endloop
  endfacet
  facet normal 0 0.976339 0.216248
    outer loop
      vertex 9.12806 -0.678389 36.2136
      vertex -9.12806 -0.678389 36.2136
      vertex -9.32001 -0.688954 36.2613
    endloop
  endfacet
  facet normal 0 0.976277 0.216525
    outer loop
      vertex 8.65901 -0.652573 36.0972
      vertex -9.12806 -0.678389 36.2136
      vertex 9.12806 -0.678389 36.2136
    endloop
  endfacet
  facet normal 0 0.976277 0.216525
    outer loop
      vertex 8.65901 -0.652573 36.0972
      vertex -8.65901 -0.652573 36.0972
      vertex -9.12806 -0.678389 36.2136
    endloop
  endfacet
  facet normal 0 0.976308 0.216387
    outer loop
      vertex 8.20991 -0.609819 35.9043
      vertex -8.65901 -0.652573 36.0972
      vertex 8.65901 -0.652573 36.0972
    endloop
  endfacet
  facet normal 0 0.976308 0.216387
    outer loop
      vertex 8.20991 -0.609819 35.9043
      vertex -8.20991 -0.609819 35.9043
      vertex -8.65901 -0.652573 36.0972
    endloop
  endfacet
  facet normal 0 0.976249 0.216652
    outer loop
      vertex 8.0353 -0.593197 35.8294
      vertex -8.20991 -0.609819 35.9043
      vertex 8.20991 -0.609819 35.9043
    endloop
  endfacet
  facet normal 0 0.976249 0.216652
    outer loop
      vertex 8.0353 -0.593197 35.8294
      vertex -8.0353 -0.593197 35.8294
      vertex -8.20991 -0.609819 35.9043
    endloop
  endfacet
  facet normal 0 0.976311 0.216373
    outer loop
      vertex 7.61908 -0.534334 35.5638
      vertex -8.0353 -0.593197 35.8294
      vertex 8.0353 -0.593197 35.8294
    endloop
  endfacet
  facet normal 0 0.976311 0.216373
    outer loop
      vertex 7.61908 -0.534334 35.5638
      vertex -7.61908 -0.534334 35.5638
      vertex -8.0353 -0.593197 35.8294
    endloop
  endfacet
  facet normal 0 0.976295 0.216442
    outer loop
      vertex 7.46577 -0.512652 35.466
      vertex -7.61908 -0.534334 35.5638
      vertex 7.61908 -0.534334 35.5638
    endloop
  endfacet
  facet normal 0 0.976295 0.216442
    outer loop
      vertex 7.46577 -0.512652 35.466
      vertex -7.46577 -0.512652 35.466
      vertex -7.61908 -0.534334 35.5638
    endloop
  endfacet
  facet normal 0 0.976296 0.21644
    outer loop
      vertex 7.17906 -0.455765 35.2094
      vertex -7.46577 -0.512652 35.466
      vertex 7.46577 -0.512652 35.466
    endloop
  endfacet
  facet normal 0 0.976296 0.21644
    outer loop
      vertex -7.46577 -0.512652 35.466
      vertex 7.17906 -0.455765 35.2094
      vertex -7.17906 -0.455765 35.2094
    endloop
  endfacet
  facet normal 0 0.976296 0.216438
    outer loop
      vertex 55 -1.02222 37.7646
      vertex 10 -0.701209 36.3166
      vertex -55 -1.02222 37.7646
    endloop
  endfacet
  facet normal 7.09571e-06 0.976343 0.216228
    outer loop
      vertex 55 -1.02222 37.7646
      vertex 10.4815 -0.692531 36.2774
      vertex 10 -0.701209 36.3166
    endloop
  endfacet
  facet normal -1.13076e-05 0.976227 0.216753
    outer loop
      vertex 55 -1.02222 37.7646
      vertex 10.68 -0.688954 36.2613
      vertex 10.4815 -0.692531 36.2774
    endloop
  endfacet
  facet normal 5.86142e-06 0.976334 0.21627
    outer loop
      vertex 55 -1.02222 37.7646
      vertex 10.8719 -0.678389 36.2136
      vertex 10.68 -0.688954 36.2613
    endloop
  endfacet
  facet normal -3.1112e-06 0.97628 0.216514
    outer loop
      vertex 55 -1.02222 37.7646
      vertex 11.341 -0.652573 36.0972
      vertex 10.8719 -0.678389 36.2136
    endloop
  endfacet
  facet normal 1.79776e-06 0.976307 0.216391
    outer loop
      vertex 55 -1.02222 37.7646
      vertex 11.7901 -0.609819 35.9043
      vertex 11.341 -0.652573 36.0972
    endloop
  endfacet
  facet normal -9.06607e-06 0.976253 0.216632
    outer loop
      vertex 55 -1.02222 37.7646
      vertex 11.9647 -0.593197 35.8294
      vertex 11.7901 -0.609819 35.9043
    endloop
  endfacet
  facet normal 2.93885e-06 0.97631 0.216377
    outer loop
      vertex 55 -1.02222 37.7646
      vertex 12.3809 -0.534334 35.5638
      vertex 11.9647 -0.593197 35.8294
    endloop
  endfacet
  facet normal -5.40594e-07 0.976296 0.216441
    outer loop
      vertex 55 -1.02222 37.7646
      vertex 12.5342 -0.512652 35.466
      vertex 12.3809 -0.534334 35.5638
    endloop
  endfacet
  facet normal -0 0.976298 0.216433
    outer loop
      vertex 12.8209 -0.455765 35.2094
      vertex 55 -1.02222 37.7646
      vertex 55 -0.455765 35.2094
    endloop
  endfacet
  facet normal -4.48569e-07 0.976296 0.21644
    outer loop
      vertex 55 -1.02222 37.7646
      vertex 12.8209 -0.455765 35.2094
      vertex 12.5342 -0.512652 35.466
    endloop
  endfacet
  facet normal -0 0.976296 0.216438
    outer loop
      vertex -10 -0.701209 36.3166
      vertex -55 -1.02222 37.7646
      vertex 10 -0.701209 36.3166
    endloop
  endfacet
  facet normal -7.09571e-06 0.976343 0.216228
    outer loop
      vertex -10.4815 -0.692531 36.2774
      vertex -55 -1.02222 37.7646
      vertex -10 -0.701209 36.3166
    endloop
  endfacet
  facet normal 1.13076e-05 0.976227 0.216753
    outer loop
      vertex -10.68 -0.688954 36.2613
      vertex -55 -1.02222 37.7646
      vertex -10.4815 -0.692531 36.2774
    endloop
  endfacet
  facet normal -5.86142e-06 0.976334 0.21627
    outer loop
      vertex -10.8719 -0.678389 36.2136
      vertex -55 -1.02222 37.7646
      vertex -10.68 -0.688954 36.2613
    endloop
  endfacet
  facet normal 3.1112e-06 0.97628 0.216514
    outer loop
      vertex -11.341 -0.652573 36.0972
      vertex -55 -1.02222 37.7646
      vertex -10.8719 -0.678389 36.2136
    endloop
  endfacet
  facet normal -1.79776e-06 0.976307 0.216391
    outer loop
      vertex -11.7901 -0.609819 35.9043
      vertex -55 -1.02222 37.7646
      vertex -11.341 -0.652573 36.0972
    endloop
  endfacet
  facet normal 9.06607e-06 0.976253 0.216632
    outer loop
      vertex -11.9647 -0.593197 35.8294
      vertex -55 -1.02222 37.7646
      vertex -11.7901 -0.609819 35.9043
    endloop
  endfacet
  facet normal -2.93885e-06 0.97631 0.216377
    outer loop
      vertex -12.3809 -0.534334 35.5638
      vertex -55 -1.02222 37.7646
      vertex -11.9647 -0.593197 35.8294
    endloop
  endfacet
  facet normal 5.40594e-07 0.976296 0.216441
    outer loop
      vertex -12.5342 -0.512652 35.466
      vertex -55 -1.02222 37.7646
      vertex -12.3809 -0.534334 35.5638
    endloop
  endfacet
  facet normal 4.48569e-07 0.976296 0.21644
    outer loop
      vertex -12.8209 -0.455765 35.2094
      vertex -55 -1.02222 37.7646
      vertex -12.5342 -0.512652 35.466
    endloop
  endfacet
  facet normal 0 0.976298 0.216433
    outer loop
      vertex -55 -1.02222 37.7646
      vertex -12.8209 -0.455765 35.2094
      vertex -55 -0.455765 35.2094
    endloop
  endfacet
  facet normal 0 0.953715 0.300711
    outer loop
      vertex 55 -1.02222 37.7646
      vertex -55 -1.80922 40.2606
      vertex 55 -1.80922 40.2606
    endloop
  endfacet
  facet normal 0 0.953715 0.300711
    outer loop
      vertex -55 -1.80922 40.2606
      vertex 55 -1.02222 37.7646
      vertex -55 -1.02222 37.7646
    endloop
  endfacet
  facet normal 0 0.923878 0.382688
    outer loop
      vertex 55 -1.80922 40.2606
      vertex -55 -2.81076 42.6785
      vertex 55 -2.81076 42.6785
    endloop
  endfacet
  facet normal 0 0.923878 0.382688
    outer loop
      vertex -55 -2.81076 42.6785
      vertex 55 -1.80922 40.2606
      vertex -55 -1.80922 40.2606
    endloop
  endfacet
  facet normal 0 0.887015 0.461741
    outer loop
      vertex 55 -2.81076 42.6785
      vertex -26.4477 -4.01923 45
      vertex 55 -4.01923 45
    endloop
  endfacet
  facet normal -2.96266e-06 0.887058 0.461659
    outer loop
      vertex -26.4477 -4.01923 45
      vertex 55 -2.81076 42.6785
      vertex -26.5356 -3.94767 44.8625
    endloop
  endfacet
  facet normal 1.30261e-07 0.88701 0.46175
    outer loop
      vertex -26.5356 -3.94767 44.8625
      vertex 55 -2.81076 42.6785
      vertex -26.8502 -3.76646 44.5144
    endloop
  endfacet
  facet normal 6.23421e-06 0.886899 0.461964
    outer loop
      vertex -26.8502 -3.76646 44.5144
      vertex 55 -2.81076 42.6785
      vertex -26.9589 -3.70385 44.3942
    endloop
  endfacet
  facet normal -6.91193e-07 0.887034 0.461704
    outer loop
      vertex -26.9589 -3.70385 44.3942
      vertex 55 -2.81076 42.6785
      vertex -27.3275 -3.55025 44.0991
    endloop
  endfacet
  facet normal -4.50927e-07 0.887029 0.461715
    outer loop
      vertex -27.3275 -3.55025 44.0991
      vertex 55 -2.81076 42.6785
      vertex -27.4627 -3.49393 43.9909
    endloop
  endfacet
  facet normal 1.29404e-07 0.887014 0.461743
    outer loop
      vertex -27.4627 -3.49393 43.9909
      vertex 55 -2.81076 42.6785
      vertex -27.8756 -3.37113 43.755
    endloop
  endfacet
  facet normal 7.81219e-07 0.886993 0.461783
    outer loop
      vertex -27.8756 -3.37113 43.755
      vertex 55 -2.81076 42.6785
      vertex -28.0344 -3.32391 43.6643
    endloop
  endfacet
  facet normal -1.30251e-06 0.887065 0.461645
    outer loop
      vertex -28.0344 -3.32391 43.6643
      vertex 55 -2.81076 42.6785
      vertex -28.2099 -3.28873 43.5967
    endloop
  endfacet
  facet normal -7.30939e-07 0.887044 0.461685
    outer loop
      vertex -28.2099 -3.28873 43.5967
      vertex 55 -2.81076 42.6785
      vertex -28.6591 -3.19874 43.4238
    endloop
  endfacet
  facet normal 7.55727e-06 0.886662 0.462417
    outer loop
      vertex -28.6591 -3.19874 43.4238
      vertex 55 -2.81076 42.6785
      vertex -28.849 -3.17673 43.3816
    endloop
  endfacet
  facet normal -2.28479e-06 0.887143 0.461494
    outer loop
      vertex -28.849 -3.17673 43.3816
      vertex 55 -2.81076 42.6785
      vertex -29.3203 -3.12211 43.2766
    endloop
  endfacet
  facet normal 2.96656e-06 0.88684 0.462076
    outer loop
      vertex -29.3203 -3.12211 43.2766
      vertex 55 -2.81076 42.6785
      vertex -29.802 -3.10382 43.2415
    endloop
  endfacet
  facet normal 5.3669e-06 0.886692 0.462361
    outer loop
      vertex -29.802 -3.10382 43.2415
      vertex 55 -2.81076 42.6785
      vertex -30 -3.09631 43.2271
    endloop
  endfacet
  facet normal 1.07143e-05 0.887056 0.461663
    outer loop
      vertex -55 -2.81076 42.6785
      vertex -33.5523 -4.01923 45
      vertex -33.4644 -3.94767 44.8625
    endloop
  endfacet
  facet normal -4.6271e-07 0.88701 0.46175
    outer loop
      vertex -55 -2.81076 42.6785
      vertex -33.4644 -3.94767 44.8625
      vertex -33.1498 -3.76646 44.5144
    endloop
  endfacet
  facet normal -2.21444e-05 0.886905 0.461953
    outer loop
      vertex -55 -2.81076 42.6785
      vertex -33.1498 -3.76646 44.5144
      vertex -33.0411 -3.70385 44.3942
    endloop
  endfacet
  facet normal 2.41187e-06 0.887033 0.461705
    outer loop
      vertex -55 -2.81076 42.6785
      vertex -33.0411 -3.70385 44.3942
      vertex -32.6725 -3.55025 44.0991
    endloop
  endfacet
  facet normal 1.57345e-06 0.887028 0.461716
    outer loop
      vertex -55 -2.81076 42.6785
      vertex -32.6725 -3.55025 44.0991
      vertex -32.5373 -3.49393 43.9909
    endloop
  endfacet
  facet normal -4.42987e-07 0.887014 0.461743
    outer loop
      vertex -55 -2.81076 42.6785
      vertex -32.5373 -3.49393 43.9909
      vertex -32.1244 -3.37113 43.755
    endloop
  endfacet
  facet normal -2.6743e-06 0.886994 0.46178
    outer loop
      vertex -55 -2.81076 42.6785
      vertex -32.1244 -3.37113 43.755
      vertex -31.9656 -3.32391 43.6643
    endloop
  endfacet
  facet normal 4.35601e-06 0.887062 0.461651
    outer loop
      vertex -55 -2.81076 42.6785
      vertex -31.9656 -3.32391 43.6643
      vertex -31.7901 -3.28873 43.5967
    endloop
  endfacet
  facet normal 2.44438e-06 0.887042 0.461689
    outer loop
      vertex -55 -2.81076 42.6785
      vertex -31.7901 -3.28873 43.5967
      vertex -31.3409 -3.19874 43.4238
    endloop
  endfacet
  facet normal -2.4344e-05 0.886693 0.462358
    outer loop
      vertex -55 -2.81076 42.6785
      vertex -31.3409 -3.19874 43.4238
      vertex -31.151 -3.17673 43.3816
    endloop
  endfacet
  facet normal 7.36109e-06 0.887134 0.461512
    outer loop
      vertex -55 -2.81076 42.6785
      vertex -31.151 -3.17673 43.3816
      vertex -30.6797 -3.12211 43.2766
    endloop
  endfacet
  facet normal -8.43879e-06 0.886871 0.462017
    outer loop
      vertex -55 -2.81076 42.6785
      vertex -30.6797 -3.12211 43.2766
      vertex -30.198 -3.10382 43.2415
    endloop
  endfacet
  facet normal -1.52628e-05 0.886748 0.462254
    outer loop
      vertex -55 -2.81076 42.6785
      vertex -30.198 -3.10382 43.2415
      vertex -30 -3.09631 43.2271
    endloop
  endfacet
  facet normal 0 0.887015 0.461741
    outer loop
      vertex -33.5523 -4.01923 45
      vertex -55 -2.81076 42.6785
      vertex -55 -4.01923 45
    endloop
  endfacet
  facet normal -0 0.887033 0.461707
    outer loop
      vertex -55 -2.81076 42.6785
      vertex -30 -3.09631 43.2271
      vertex 55 -2.81076 42.6785
    endloop
  endfacet
  facet normal 0 0.843403 0.537282
    outer loop
      vertex -34.2396 -5.36988 47.1201
      vertex -55 -5.42543 47.2073
      vertex -34.2304 -5.42543 47.2073
    endloop
  endfacet
  facet normal 6.73503e-07 0.84333 0.537396
    outer loop
      vertex -34.2529 -5.28978 46.9944
      vertex -55 -5.42543 47.2073
      vertex -34.2396 -5.36988 47.1201
    endloop
  endfacet
  facet normal -2.87774e-06 0.843487 0.53715
    outer loop
      vertex -34.2425 -5.20884 46.8673
      vertex -55 -5.42543 47.2073
      vertex -34.2529 -5.28978 46.9944
    endloop
  endfacet
  facet normal 1.50765e-06 0.843397 0.53729
    outer loop
      vertex -55 -4.01923 45
      vertex -34.2425 -5.20884 46.8673
      vertex -34.2072 -4.93153 46.432
    endloop
  endfacet
  facet normal -2.75344e-06 0.843369 0.537334
    outer loop
      vertex -55 -4.01923 45
      vertex -34.2072 -4.93153 46.432
      vertex -34.0924 -4.66298 46.0105
    endloop
  endfacet
  facet normal 3.04275e-06 0.843424 0.537249
    outer loop
      vertex -55 -4.01923 45
      vertex -34.0924 -4.66298 46.0105
      vertex -34.0574 -4.581 45.8818
    endloop
  endfacet
  facet normal -4.56785e-07 0.843386 0.537308
    outer loop
      vertex -55 -4.01923 45
      vertex -34.0574 -4.581 45.8818
      vertex -33.9984 -4.50232 45.7583
    endloop
  endfacet
  facet normal 1.58809e-06 0.843412 0.537268
    outer loop
      vertex -55 -4.01923 45
      vertex -33.9984 -4.50232 45.7583
      vertex -33.8068 -4.24694 45.3574
    endloop
  endfacet
  facet normal -3.39876e-06 0.843278 0.537478
    outer loop
      vertex -55 -4.01923 45
      vertex -33.8068 -4.24694 45.3574
      vertex -33.7239 -4.17275 45.241
    endloop
  endfacet
  facet normal -0 0.843414 0.537265
    outer loop
      vertex -55 -4.01923 45
      vertex -33.7239 -4.17275 45.241
      vertex -33.5523 -4.01923 45
    endloop
  endfacet
  facet normal 5.31846e-07 0.843392 0.537298
    outer loop
      vertex -34.2425 -5.20884 46.8673
      vertex -55 -4.01923 45
      vertex -55 -5.42543 47.2073
    endloop
  endfacet
  facet normal 0 0.843403 0.537282
    outer loop
      vertex 55 -5.42543 47.2073
      vertex -25.7604 -5.36988 47.1201
      vertex -25.7696 -5.42543 47.2073
    endloop
  endfacet
  facet normal -1.73189e-07 0.84333 0.537396
    outer loop
      vertex 55 -5.42543 47.2073
      vertex -25.7471 -5.28978 46.9944
      vertex -25.7604 -5.36988 47.1201
    endloop
  endfacet
  facet normal 1.90532e-07 0.843392 0.537298
    outer loop
      vertex 55 -4.01923 45
      vertex -25.7471 -5.28978 46.9944
      vertex 55 -5.42543 47.2073
    endloop
  endfacet
  facet normal -4.93516e-06 0.843486 0.537151
    outer loop
      vertex -25.7471 -5.28978 46.9944
      vertex 55 -4.01923 45
      vertex -25.7575 -5.20884 46.8673
    endloop
  endfacet
  facet normal -3.89614e-07 0.843397 0.53729
    outer loop
      vertex -25.7575 -5.20884 46.8673
      vertex 55 -4.01923 45
      vertex -25.7928 -4.93153 46.432
    endloop
  endfacet
  facet normal 7.18447e-07 0.843369 0.537335
    outer loop
      vertex -25.7928 -4.93153 46.432
      vertex 55 -4.01923 45
      vertex -25.9076 -4.66298 46.0105
    endloop
  endfacet
  facet normal -7.93926e-07 0.843424 0.537249
    outer loop
      vertex -25.9076 -4.66298 46.0105
      vertex 55 -4.01923 45
      vertex -25.9426 -4.581 45.8818
    endloop
  endfacet
  facet normal 1.19939e-07 0.843386 0.537308
    outer loop
      vertex -25.9426 -4.581 45.8818
      vertex 55 -4.01923 45
      vertex -26.0016 -4.50232 45.7583
    endloop
  endfacet
  facet normal -4.16989e-07 0.843412 0.537268
    outer loop
      vertex -26.0016 -4.50232 45.7583
      vertex 55 -4.01923 45
      vertex -26.1932 -4.24694 45.3574
    endloop
  endfacet
  facet normal 8.94999e-07 0.843277 0.53748
    outer loop
      vertex -26.1932 -4.24694 45.3574
      vertex 55 -4.01923 45
      vertex -26.2761 -4.17275 45.241
    endloop
  endfacet
  facet normal 0 0.843414 0.537265
    outer loop
      vertex -26.2761 -4.17275 45.241
      vertex 55 -4.01923 45
      vertex -26.4477 -4.01923 45
    endloop
  endfacet
  facet normal 0 0.79332 0.608805
    outer loop
      vertex -33.466 -6.8067 49.0074
      vertex -55 -7.01866 49.2836
      vertex -33.1759 -7.01866 49.2836
    endloop
  endfacet
  facet normal -1.54396e-06 0.793378 0.60873
    outer loop
      vertex -33.7262 -6.54023 48.6601
      vertex -55 -7.01866 49.2836
      vertex -33.466 -6.8067 49.0074
    endloop
  endfacet
  facet normal 2.64934e-06 0.793309 0.60882
    outer loop
      vertex -33.8096 -6.45489 48.5489
      vertex -55 -7.01866 49.2836
      vertex -33.7262 -6.54023 48.6601
    endloop
  endfacet
  facet normal -8.54771e-06 0.793465 0.608616
    outer loop
      vertex -33.8691 -6.36369 48.43
      vertex -55 -7.01866 49.2836
      vertex -33.8096 -6.45489 48.5489
    endloop
  endfacet
  facet normal 4.80283e-06 0.793305 0.608824
    outer loop
      vertex -34.0575 -6.07528 48.0542
      vertex -55 -7.01866 49.2836
      vertex -33.8691 -6.36369 48.43
    endloop
  endfacet
  facet normal -1.36497e-05 0.793457 0.608627
    outer loop
      vertex -34.0917 -5.98239 47.9331
      vertex -55 -7.01866 49.2836
      vertex -34.0575 -6.07528 48.0542
    endloop
  endfacet
  facet normal 3.15046e-07 0.793352 0.608763
    outer loop
      vertex -34.2041 -5.67753 47.5358
      vertex -55 -7.01866 49.2836
      vertex -34.0917 -5.98239 47.9331
    endloop
  endfacet
  facet normal 6.82588e-06 0.793315 0.608811
    outer loop
      vertex -34.2304 -5.42543 47.2073
      vertex -55 -7.01866 49.2836
      vertex -34.2041 -5.67753 47.5358
    endloop
  endfacet
  facet normal 0 0.793348 0.608768
    outer loop
      vertex -55 -7.01866 49.2836
      vertex -34.2304 -5.42543 47.2073
      vertex -55 -5.42543 47.2073
    endloop
  endfacet
  facet normal 0 0.793348 0.608768
    outer loop
      vertex 55 -5.42543 47.2073
      vertex 42.13 -7.01866 49.2836
      vertex 55 -7.01866 49.2836
    endloop
  endfacet
  facet normal 4.56991e-05 0.793211 0.608947
    outer loop
      vertex 42.13 -7.01866 49.2836
      vertex 55 -5.42543 47.2073
      vertex 41.9625 -6.9514 49.196
    endloop
  endfacet
  facet normal -3.55317e-05 0.793468 0.608611
    outer loop
      vertex 41.9625 -6.9514 49.196
      vertex 55 -5.42543 47.2073
      vertex 41.5155 -6.83069 49.0386
    endloop
  endfacet
  facet normal -3.3124e-06 0.793354 0.608761
    outer loop
      vertex 41.5155 -6.83069 49.0386
      vertex 55 -5.42543 47.2073
      vertex 41.3399 -6.78327 48.9768
    endloop
  endfacet
  facet normal 3.76611e-05 0.793201 0.60896
    outer loop
      vertex 41.3399 -6.78327 48.9768
      vertex 55 -5.42543 47.2073
      vertex 40.8701 -6.70993 48.8813
    endloop
  endfacet
  facet normal -6.4596e-05 0.793618 0.608417
    outer loop
      vertex 40.8701 -6.70993 48.8813
      vertex 55 -5.42543 47.2073
      vertex 40.6796 -6.6802 48.8425
    endloop
  endfacet
  facet normal 7.04782e-05 0.793046 0.609161
    outer loop
      vertex 40.6796 -6.6802 48.8425
      vertex 55 -5.42543 47.2073
      vertex 40.4824 -6.67012 48.8294
    endloop
  endfacet
  facet normal -8.9149e-07 0.793308 0.60882
    outer loop
      vertex 37.87 -7.01866 49.2836
      vertex -26.1904 -6.45489 48.5489
      vertex -26.2738 -6.54023 48.6601
    endloop
  endfacet
  facet normal 9.37136e-07 0.793466 0.608614
    outer loop
      vertex 39.5176 -6.67012 48.8294
      vertex -26.1309 -6.36369 48.43
      vertex -26.1904 -6.45489 48.5489
    endloop
  endfacet
  facet normal -1.10792e-06 0.793304 0.608826
    outer loop
      vertex 39.5176 -6.67012 48.8294
      vertex -25.9425 -6.07528 48.0542
      vertex -26.1309 -6.36369 48.43
    endloop
  endfacet
  facet normal 2.67315e-06 0.793458 0.608625
    outer loop
      vertex 39.5176 -6.67012 48.8294
      vertex -25.9083 -5.98239 47.9331
      vertex -25.9425 -6.07528 48.0542
    endloop
  endfacet
  facet normal -3.31059e-07 0.793352 0.608763
    outer loop
      vertex 39.5176 -6.67012 48.8294
      vertex -25.7959 -5.67753 47.5358
      vertex -25.9083 -5.98239 47.9331
    endloop
  endfacet
  facet normal 1.91983e-05 0.793268 0.608872
    outer loop
      vertex 40.4824 -6.67012 48.8294
      vertex 55 -5.42543 47.2073
      vertex 40 -6.64547 48.7973
    endloop
  endfacet
  facet normal 0 0.793351 0.608764
    outer loop
      vertex 39.5176 -6.67012 48.8294
      vertex 55 -5.42543 47.2073
      vertex -25.7696 -5.42543 47.2073
    endloop
  endfacet
  facet normal -1.87332e-06 0.793315 0.608812
    outer loop
      vertex 39.5176 -6.67012 48.8294
      vertex -25.7696 -5.42543 47.2073
      vertex -25.7959 -5.67753 47.5358
    endloop
  endfacet
  facet normal -4.10365e-06 0.793173 0.608997
    outer loop
      vertex -26.1904 -6.45489 48.5489
      vertex 37.87 -7.01866 49.2836
      vertex 38.0375 -6.9514 49.196
    endloop
  endfacet
  facet normal 2.99382e-06 0.793513 0.608553
    outer loop
      vertex -26.1904 -6.45489 48.5489
      vertex 38.0375 -6.9514 49.196
      vertex 38.4845 -6.83069 49.0386
    endloop
  endfacet
  facet normal 0 0.79332 0.608805
    outer loop
      vertex 37.87 -7.01866 49.2836
      vertex -26.534 -6.8067 49.0074
      vertex -26.8241 -7.01866 49.2836
    endloop
  endfacet
  facet normal 5.56899e-07 0.793358 0.608756
    outer loop
      vertex -26.1904 -6.45489 48.5489
      vertex 38.4845 -6.83069 49.0386
      vertex 38.6601 -6.78327 48.9768
    endloop
  endfacet
  facet normal -2.71589e-06 0.793118 0.609068
    outer loop
      vertex -26.1904 -6.45489 48.5489
      vertex 38.6601 -6.78327 48.9768
      vertex 39.1299 -6.70993 48.8813
    endloop
  endfacet
  facet normal 4.06391e-06 0.793761 0.608229
    outer loop
      vertex -26.1904 -6.45489 48.5489
      vertex 39.1299 -6.70993 48.8813
      vertex 39.3204 -6.6802 48.8425
    endloop
  endfacet
  facet normal -6.8583e-06 0.792584 0.609763
    outer loop
      vertex -26.1904 -6.45489 48.5489
      vertex 39.3204 -6.6802 48.8425
      vertex 39.5176 -6.67012 48.8294
    endloop
  endfacet
  facet normal -8.40009e-05 0.793738 0.608259
    outer loop
      vertex 55 -5.42543 47.2073
      vertex 39.5176 -6.67012 48.8294
      vertex 40 -6.64547 48.7973
    endloop
  endfacet
  facet normal 5.19529e-07 0.793378 0.608729
    outer loop
      vertex 37.87 -7.01866 49.2836
      vertex -26.2738 -6.54023 48.6601
      vertex -26.534 -6.8067 49.0074
    endloop
  endfacet
  facet normal -3.18265e-07 0.737282 0.675586
    outer loop
      vertex 35.9087 -8.78679 51.2132
      vertex -29.5185 -8.00364 50.3585
      vertex -30 -8.03058 50.3879
    endloop
  endfacet
  facet normal -6.12844e-06 0.736951 0.675946
    outer loop
      vertex 36.0045 -8.5648 50.9709
      vertex -29.32 -7.99254 50.3464
      vertex -29.5185 -8.00364 50.3585
    endloop
  endfacet
  facet normal 2.8346e-06 0.73736 0.6755
    outer loop
      vertex -26.8241 -7.01866 49.2836
      vertex 36.1909 -8.23998 50.6165
      vertex 36.4458 -7.94472 50.2942
    endloop
  endfacet
  facet normal 1.94362e-06 0.737372 0.675487
    outer loop
      vertex 36.0045 -8.5648 50.9709
      vertex -28.8492 -7.91211 50.2586
      vertex -29.32 -7.99254 50.3464
    endloop
  endfacet
  facet normal -2.34253e-06 0.737178 0.675699
    outer loop
      vertex 36.0045 -8.5648 50.9709
      vertex -28.6588 -7.87957 50.2231
      vertex -28.8492 -7.91211 50.2586
    endloop
  endfacet
  facet normal -1.54281e-06 0.737224 0.675649
    outer loop
      vertex -26.8241 -7.01866 49.2836
      vertex 36.4458 -7.94472 50.2942
      vertex 36.5304 -7.84684 50.1874
    endloop
  endfacet
  facet normal 2.91663e-06 0.737379 0.675479
    outer loop
      vertex -26.8241 -7.01866 49.2836
      vertex 36.5304 -7.84684 50.1874
      vertex 36.6385 -7.7578 50.0902
    endloop
  endfacet
  facet normal 1.50538e-07 0.737285 0.675582
    outer loop
      vertex 36.0045 -8.5648 50.9709
      vertex -28.2099 -7.74698 50.0784
      vertex -28.6588 -7.87957 50.2231
    endloop
  endfacet
  facet normal -1.17538e-05 0.736858 0.676047
    outer loop
      vertex 36.0045 -8.5648 50.9709
      vertex -28.0345 -7.69514 50.0219
      vertex -28.2099 -7.74698 50.0784
    endloop
  endfacet
  facet normal 1.30332e-06 0.737297 0.675568
    outer loop
      vertex 36.0045 -8.5648 50.9709
      vertex -27.6187 -7.51271 49.8228
      vertex -28.0345 -7.69514 50.0219
    endloop
  endfacet
  facet normal -1.34212e-06 0.737212 0.675661
    outer loop
      vertex -26.8241 -7.01866 49.2836
      vertex 36.6385 -7.7578 50.0902
      vertex 36.9588 -7.49412 49.8025
    endloop
  endfacet
  facet normal 2.31497e-06 0.737325 0.675538
    outer loop
      vertex 36.0045 -8.5648 50.9709
      vertex -27.4639 -7.44482 49.7487
      vertex -27.6187 -7.51271 49.8228
    endloop
  endfacet
  facet normal -3.93702e-07 0.73727 0.675598
    outer loop
      vertex -26.8241 -7.01866 49.2836
      vertex 36.9588 -7.49412 49.8025
      vertex 37.3313 -7.27163 49.5597
    endloop
  endfacet
  facet normal 2.08369e-06 0.737319 0.675545
    outer loop
      vertex 36.0045 -8.5648 50.9709
      vertex -27.0919 -7.21595 49.4989
      vertex -27.4639 -7.44482 49.7487
    endloop
  endfacet
  facet normal -2.50858e-07 0.737287 0.67558
    outer loop
      vertex -26.8241 -7.01866 49.2836
      vertex 37.3313 -7.27163 49.5597
      vertex 37.4658 -7.19127 49.472
    endloop
  endfacet
  facet normal 8.96167e-07 0.737294 0.675572
    outer loop
      vertex 36.0045 -8.5648 50.9709
      vertex -26.962 -7.13605 49.4117
      vertex -27.0919 -7.21595 49.4989
    endloop
  endfacet
  facet normal -2.61051e-08 0.737325 0.675538
    outer loop
      vertex -26.8241 -7.01866 49.2836
      vertex 37.4658 -7.19127 49.472
      vertex 37.6194 -7.12567 49.4004
    endloop
  endfacet
  facet normal -5.8916e-06 0.737157 0.675721
    outer loop
      vertex 36.0045 -8.5648 50.9709
      vertex -26.8554 -7.0453 49.3127
      vertex -26.962 -7.13605 49.4117
    endloop
  endfacet
  facet normal -0 0.737332 0.67553
    outer loop
      vertex -26.8241 -7.01866 49.2836
      vertex 37.6194 -7.12567 49.4004
      vertex 37.87 -7.01866 49.2836
    endloop
  endfacet
  facet normal 1.6861e-05 0.737587 0.675252
    outer loop
      vertex 36.0045 -8.5648 50.9709
      vertex -26.8241 -7.01866 49.2836
      vertex -26.8554 -7.0453 49.3127
    endloop
  endfacet
  facet normal 1.58671e-05 0.737898 0.674912
    outer loop
      vertex -29.5185 -8.00364 50.3585
      vertex 35.9087 -8.78679 51.2132
      vertex 35.9158 -8.76429 51.1886
    endloop
  endfacet
  facet normal -5.7606e-06 0.73705 0.675839
    outer loop
      vertex -29.5185 -8.00364 50.3585
      vertex 35.9158 -8.76429 51.1886
      vertex 35.9481 -8.66315 51.0783
    endloop
  endfacet
  facet normal 4.07182e-06 0.737495 0.675353
    outer loop
      vertex -29.5185 -8.00364 50.3585
      vertex 35.9481 -8.66315 51.0783
      vertex 36.0045 -8.5648 50.9709
    endloop
  endfacet
  facet normal -3.8122e-06 0.737203 0.675671
    outer loop
      vertex -26.8241 -7.01866 49.2836
      vertex 36.0045 -8.5648 50.9709
      vertex 36.1909 -8.23998 50.6165
    endloop
  endfacet
  facet normal 0 0.737294 0.675572
    outer loop
      vertex 35.9087 -8.78679 51.2132
      vertex -30 -8.03058 50.3879
      vertex -55 -8.78679 51.2132
    endloop
  endfacet
  facet normal 6.563e-07 0.737284 0.675583
    outer loop
      vertex -30.4815 -8.00364 50.3585
      vertex -55 -8.78679 51.2132
      vertex -30 -8.03058 50.3879
    endloop
  endfacet
  facet normal 1.74726e-05 0.737044 0.675845
    outer loop
      vertex -30.68 -7.99254 50.3464
      vertex -55 -8.78679 51.2132
      vertex -30.4815 -8.00364 50.3585
    endloop
  endfacet
  facet normal -5.34195e-06 0.737363 0.675497
    outer loop
      vertex -31.1508 -7.91211 50.2586
      vertex -55 -8.78679 51.2132
      vertex -30.68 -7.99254 50.3464
    endloop
  endfacet
  facet normal 8.27513e-06 0.737193 0.675682
    outer loop
      vertex -31.3412 -7.87957 50.2231
      vertex -55 -8.78679 51.2132
      vertex -31.1508 -7.91211 50.2586
    endloop
  endfacet
  facet normal 5.00371e-07 0.737286 0.675581
    outer loop
      vertex -31.7901 -7.74698 50.0784
      vertex -55 -8.78679 51.2132
      vertex -31.3412 -7.87957 50.2231
    endloop
  endfacet
  facet normal 3.84291e-05 0.7369 0.676002
    outer loop
      vertex -31.9655 -7.69514 50.0219
      vertex -55 -8.78679 51.2132
      vertex -31.7901 -7.74698 50.0784
    endloop
  endfacet
  facet normal -2.70687e-06 0.737296 0.67557
    outer loop
      vertex -32.3813 -7.51271 49.8228
      vertex -55 -8.78679 51.2132
      vertex -31.9655 -7.69514 50.0219
    endloop
  endfacet
  facet normal -5.87587e-06 0.737321 0.675542
    outer loop
      vertex -32.5361 -7.44482 49.7487
      vertex -55 -8.78679 51.2132
      vertex -32.3813 -7.51271 49.8228
    endloop
  endfacet
  facet normal -5.26866e-06 0.737317 0.675547
    outer loop
      vertex -32.9081 -7.21595 49.4989
      vertex -55 -8.78679 51.2132
      vertex -32.5361 -7.44482 49.7487
    endloop
  endfacet
  facet normal -1.60488e-06 0.737293 0.675573
    outer loop
      vertex -33.038 -7.13605 49.4117
      vertex -55 -8.78679 51.2132
      vertex -32.9081 -7.21595 49.4989
    endloop
  endfacet
  facet normal 1.95843e-05 0.737165 0.675713
    outer loop
      vertex -33.1446 -7.0453 49.3127
      vertex -55 -8.78679 51.2132
      vertex -33.038 -7.13605 49.4117
    endloop
  endfacet
  facet normal -5.09464e-05 0.737569 0.675272
    outer loop
      vertex -33.1759 -7.01866 49.2836
      vertex -55 -8.78679 51.2132
      vertex -33.1446 -7.0453 49.3127
    endloop
  endfacet
  facet normal 0 0.737282 0.675586
    outer loop
      vertex -55 -8.78679 51.2132
      vertex -33.1759 -7.01866 49.2836
      vertex -55 -7.01866 49.2836
    endloop
  endfacet
  facet normal 0 0.737282 0.675586
    outer loop
      vertex 55 -7.01866 49.2836
      vertex 44.0913 -8.78679 51.2132
      vertex 55 -8.78679 51.2132
    endloop
  endfacet
  facet normal -0.00020928 0.737871 0.674942
    outer loop
      vertex 44.0913 -8.78679 51.2132
      vertex 55 -7.01866 49.2836
      vertex 44.0842 -8.76429 51.1886
    endloop
  endfacet
  facet normal 7.4962e-05 0.73706 0.675828
    outer loop
      vertex 44.0842 -8.76429 51.1886
      vertex 55 -7.01866 49.2836
      vertex 44.0519 -8.66315 51.0783
    endloop
  endfacet
  facet normal -6.3224e-05 0.73748 0.675369
    outer loop
      vertex 44.0519 -8.66315 51.0783
      vertex 55 -7.01866 49.2836
      vertex 43.9955 -8.5648 50.9709
    endloop
  endfacet
  facet normal 2.04256e-05 0.737208 0.675666
    outer loop
      vertex 43.9955 -8.5648 50.9709
      vertex 55 -7.01866 49.2836
      vertex 43.8091 -8.23998 50.6165
    endloop
  endfacet
  facet normal -1.48312e-05 0.737355 0.675505
    outer loop
      vertex 43.8091 -8.23998 50.6165
      vertex 55 -7.01866 49.2836
      vertex 43.5542 -7.94472 50.2942
    endloop
  endfacet
  facet normal 8.07173e-06 0.737226 0.675646
    outer loop
      vertex 43.5542 -7.94472 50.2942
      vertex 55 -7.01866 49.2836
      vertex 43.4696 -7.84684 50.1874
    endloop
  endfacet
  facet normal -1.49743e-05 0.737373 0.675486
    outer loop
      vertex 43.4696 -7.84684 50.1874
      vertex 55 -7.01866 49.2836
      vertex 43.3615 -7.7578 50.0902
    endloop
  endfacet
  facet normal 6.89028e-06 0.737215 0.675658
    outer loop
      vertex 43.3615 -7.7578 50.0902
      vertex 55 -7.01866 49.2836
      vertex 43.0412 -7.49412 49.8025
    endloop
  endfacet
  facet normal 1.99335e-06 0.737272 0.675596
    outer loop
      vertex 43.0412 -7.49412 49.8025
      vertex 55 -7.01866 49.2836
      vertex 42.6687 -7.27163 49.5597
    endloop
  endfacet
  facet normal 1.27013e-06 0.737288 0.675579
    outer loop
      vertex 42.6687 -7.27163 49.5597
      vertex 55 -7.01866 49.2836
      vertex 42.5342 -7.19127 49.472
    endloop
  endfacet
  facet normal 1.31224e-07 0.737325 0.675538
    outer loop
      vertex 42.5342 -7.19127 49.472
      vertex 55 -7.01866 49.2836
      vertex 42.3806 -7.12567 49.4004
    endloop
  endfacet
  facet normal 0 0.737332 0.67553
    outer loop
      vertex 42.3806 -7.12567 49.4004
      vertex 55 -7.01866 49.2836
      vertex 42.13 -7.01866 49.2836
    endloop
  endfacet
  facet normal 5.2041e-08 0.675576 0.73729
    outer loop
      vertex 35.7542 -9.51069 51.8765
      vertex -55 -8.78679 51.2132
      vertex 35.7419 -9.62299 51.9794
    endloop
  endfacet
  facet normal 1.76253e-07 0.675584 0.737283
    outer loop
      vertex 35.7955 -9.132 51.5295
      vertex -55 -8.78679 51.2132
      vertex 35.7542 -9.51069 51.8765
    endloop
  endfacet
  facet normal -0 0.675559 0.737306
    outer loop
      vertex -55 -8.78679 51.2132
      vertex 35.7955 -9.132 51.5295
      vertex 35.9087 -8.78679 51.2132
    endloop
  endfacet
  facet normal 0.19401 0.673781 0.713007
    outer loop
      vertex 35.7419 -9.62299 51.9794
      vertex 35.7933 -10.1142 52.4296
      vertex 35.7537 -9.73549 52.0825
    endloop
  endfacet
  facet normal 7.59537e-08 0.675577 0.737289
    outer loop
      vertex -55 -10.7164 52.9813
      vertex 35.7419 -9.62299 51.9794
      vertex -55 -8.78679 51.2132
    endloop
  endfacet
  facet normal -1.8151e-06 0.675663 0.737211
    outer loop
      vertex 35.7419 -9.62299 51.9794
      vertex -55 -10.7164 52.9813
      vertex 35.7933 -10.1142 52.4296
    endloop
  endfacet
  facet normal -5.82385e-07 0.675562 0.737304
    outer loop
      vertex 35.7933 -10.1142 52.4296
      vertex -55 -10.7164 52.9813
      vertex 35.9125 -10.4832 52.7677
    endloop
  endfacet
  facet normal -1.35028e-06 0.675724 0.737154
    outer loop
      vertex 35.9125 -10.4832 52.7677
      vertex -55 -10.7164 52.9813
      vertex 35.9482 -10.5936 52.8689
    endloop
  endfacet
  facet normal -9.25351e-09 0.675184 0.737649
    outer loop
      vertex 35.9482 -10.5936 52.8689
      vertex -55 -10.7164 52.9813
      vertex 36.007 -10.6987 52.9651
    endloop
  endfacet
  facet normal 0 0.675158 0.737673
    outer loop
      vertex 36.007 -10.6987 52.9651
      vertex -55 -10.7164 52.9813
      vertex 36.0169 -10.7164 52.9813
    endloop
  endfacet
  facet normal -6.41617e-07 0.675577 0.737289
    outer loop
      vertex 55 -8.78679 51.2132
      vertex 44.2581 -9.62299 51.9794
      vertex 55 -10.7164 52.9813
    endloop
  endfacet
  facet normal -4.36338e-07 0.675576 0.73729
    outer loop
      vertex 55 -8.78679 51.2132
      vertex 44.2458 -9.51069 51.8765
      vertex 44.2581 -9.62299 51.9794
    endloop
  endfacet
  facet normal -1.47783e-06 0.675584 0.737283
    outer loop
      vertex 55 -8.78679 51.2132
      vertex 44.2045 -9.132 51.5295
      vertex 44.2458 -9.51069 51.8765
    endloop
  endfacet
  facet normal 0 0.675559 0.737306
    outer loop
      vertex 44.2045 -9.132 51.5295
      vertex 55 -8.78679 51.2132
      vertex 44.0913 -8.78679 51.2132
    endloop
  endfacet
  facet normal 1.01534e-05 0.675635 0.737236
    outer loop
      vertex 44.2463 -9.73549 52.0825
      vertex 55 -10.7164 52.9813
      vertex 44.2581 -9.62299 51.9794
    endloop
  endfacet
  facet normal 1.60146e-05 0.67567 0.737204
    outer loop
      vertex 44.2067 -10.1142 52.4296
      vertex 55 -10.7164 52.9813
      vertex 44.2463 -9.73549 52.0825
    endloop
  endfacet
  facet normal 4.82261e-06 0.675561 0.737304
    outer loop
      vertex 44.0875 -10.4832 52.7677
      vertex 55 -10.7164 52.9813
      vertex 44.2067 -10.1142 52.4296
    endloop
  endfacet
  facet normal 1.11813e-05 0.675723 0.737156
    outer loop
      vertex 44.0518 -10.5936 52.8689
      vertex 55 -10.7164 52.9813
      vertex 44.0875 -10.4832 52.7677
    endloop
  endfacet
  facet normal 7.64485e-08 0.675184 0.737649
    outer loop
      vertex 43.993 -10.6987 52.9651
      vertex 55 -10.7164 52.9813
      vertex 44.0518 -10.5936 52.8689
    endloop
  endfacet
  facet normal 0 0.675158 0.737673
    outer loop
      vertex 55 -10.7164 52.9813
      vertex 43.993 -10.6987 52.9651
      vertex 43.9831 -10.7164 52.9813
    endloop
  endfacet
  facet normal 0.245661 0.930716 0.270959
    outer loop
      vertex 38.0369 -12.6047 54.4303
      vertex 38.59 -12.7927 54.5746
      vertex 38.4868 -12.7576 54.5476
    endloop
  endfacet
  facet normal 0.534834 0.622836 -0.570989
    outer loop
      vertex 37.464 -12.3159 54.2087
      vertex 38.0369 -12.6047 54.4303
      vertex 37.6189 -12.394 54.2686
    endloop
  endfacet
  facet normal 0.0065529 -0.602866 -0.797815
    outer loop
      vertex 36.9577 -11.9588 53.9347
      vertex 37.464 -12.3159 54.2087
      vertex 37.3287 -12.2205 54.1355
    endloop
  endfacet
  facet normal 0.76317 0.59981 -0.240417
    outer loop
      vertex 36.5306 -11.5432 53.6158
      vertex 36.9577 -11.9588 53.9347
      vertex 36.8473 -11.8514 53.8522
    endloop
  endfacet
  facet normal 0 0.608785 0.793335
    outer loop
      vertex -55 -12.7927 54.5746
      vertex 36.0169 -10.7164 52.9813
      vertex -55 -10.7164 52.9813
    endloop
  endfacet
  facet normal 1.19872e-06 0.608752 0.79336
    outer loop
      vertex 36.0169 -10.7164 52.9813
      vertex -55 -12.7927 54.5746
      vertex 36.1929 -11.0804 53.2606
    endloop
  endfacet
  facet normal -1.08707e-05 0.609157 0.79305
    outer loop
      vertex 36.1929 -11.0804 53.2606
      vertex -55 -12.7927 54.5746
      vertex 36.2744 -11.1921 53.3464
    endloop
  endfacet
  facet normal 4.73722e-07 0.60875 0.793362
    outer loop
      vertex 36.2744 -11.1921 53.3464
      vertex -55 -12.7927 54.5746
      vertex 36.5306 -11.5432 53.6158
    endloop
  endfacet
  facet normal 2.41253e-07 0.60876 0.793354
    outer loop
      vertex 36.5306 -11.5432 53.6158
      vertex -55 -12.7927 54.5746
      vertex 36.9577 -11.9588 53.9347
    endloop
  endfacet
  facet normal 4.69671e-07 0.608744 0.793366
    outer loop
      vertex 36.9577 -11.9588 53.9347
      vertex -55 -12.7927 54.5746
      vertex 37.464 -12.3159 54.2087
    endloop
  endfacet
  facet normal 3.83493e-07 0.608755 0.793358
    outer loop
      vertex 37.464 -12.3159 54.2087
      vertex -55 -12.7927 54.5746
      vertex 38.0369 -12.6047 54.4303
    endloop
  endfacet
  facet normal 0 0.608874 0.793267
    outer loop
      vertex 38.0369 -12.6047 54.4303
      vertex -55 -12.7927 54.5746
      vertex 38.59 -12.7927 54.5746
    endloop
  endfacet
  facet normal -0 0.608785 0.793335
    outer loop
      vertex 43.9831 -10.7164 52.9813
      vertex 55 -12.7927 54.5746
      vertex 55 -10.7164 52.9813
    endloop
  endfacet
  facet normal -9.17635e-06 0.608755 0.793359
    outer loop
      vertex 43.8071 -11.0804 53.2606
      vertex 55 -12.7927 54.5746
      vertex 43.9831 -10.7164 52.9813
    endloop
  endfacet
  facet normal 8.07683e-05 0.609125 0.793075
    outer loop
      vertex 43.7256 -11.1921 53.3464
      vertex 55 -12.7927 54.5746
      vertex 43.8071 -11.0804 53.2606
    endloop
  endfacet
  facet normal -3.51958e-06 0.608751 0.793361
    outer loop
      vertex 43.4694 -11.5432 53.6158
      vertex 55 -12.7927 54.5746
      vertex 43.7256 -11.1921 53.3464
    endloop
  endfacet
  facet normal -2.41806e-05 0.608631 0.793453
    outer loop
      vertex 43.1527 -11.8514 53.8522
      vertex 55 -12.7927 54.5746
      vertex 43.4694 -11.5432 53.6158
    endloop
  endfacet
  facet normal 4.11936e-05 0.609149 0.793056
    outer loop
      vertex 43.0423 -11.9588 53.9347
      vertex 55 -12.7927 54.5746
      vertex 43.1527 -11.8514 53.8522
    endloop
  endfacet
  facet normal -3.39383e-06 0.608746 0.793365
    outer loop
      vertex 42.6713 -12.2205 54.1355
      vertex 55 -12.7927 54.5746
      vertex 43.0423 -11.9588 53.9347
    endloop
  endfacet
  facet normal -3.22769e-06 0.608749 0.793363
    outer loop
      vertex 42.536 -12.3159 54.2087
      vertex 55 -12.7927 54.5746
      vertex 42.6713 -12.2205 54.1355
    endloop
  endfacet
  facet normal -1.24784e-05 0.608596 0.79348
    outer loop
      vertex 42.3811 -12.394 54.2686
      vertex 55 -12.7927 54.5746
      vertex 42.536 -12.3159 54.2087
    endloop
  endfacet
  facet normal -1.2382e-06 0.60882 0.793308
    outer loop
      vertex 41.9631 -12.6047 54.4303
      vertex 55 -12.7927 54.5746
      vertex 42.3811 -12.394 54.2686
    endloop
  endfacet
  facet normal -4.22683e-06 0.60869 0.793408
    outer loop
      vertex 41.5132 -12.7576 54.5476
      vertex 55 -12.7927 54.5746
      vertex 41.9631 -12.6047 54.4303
    endloop
  endfacet
  facet normal 0 0.609711 0.792624
    outer loop
      vertex 55 -12.7927 54.5746
      vertex 41.5132 -12.7576 54.5476
      vertex 41.41 -12.7927 54.5746
    endloop
  endfacet
  facet normal -0 0.537298 0.843392
    outer loop
      vertex 41.41 -12.7927 54.5746
      vertex 55 -15 55.9808
      vertex 55 -12.7927 54.5746
    endloop
  endfacet
  facet normal -0.000262271 0.536149 0.844123
    outer loop
      vertex 41.3387 -12.8195 54.5916
      vertex 55 -15 55.9808
      vertex 41.41 -12.7927 54.5746
    endloop
  endfacet
  facet normal -2.20656e-06 0.537309 0.843386
    outer loop
      vertex 40.8678 -12.922 54.6569
      vertex 55 -15 55.9808
      vertex 41.3387 -12.8195 54.5916
    endloop
  endfacet
  facet normal 0.000142032 0.538006 0.842941
    outer loop
      vertex 40.6791 -12.963 54.6831
      vertex 55 -15 55.9808
      vertex 40.8678 -12.922 54.6569
    endloop
  endfacet
  facet normal -0.000158849 0.536501 0.843899
    outer loop
      vertex 40.4836 -12.9769 54.6919
      vertex 55 -15 55.9808
      vertex 40.6791 -12.963 54.6831
    endloop
  endfacet
  facet normal 2.34602e-05 0.537432 0.843307
    outer loop
      vertex 40 -13.0114 54.7139
      vertex 55 -15 55.9808
      vertex 40.4836 -12.9769 54.6919
    endloop
  endfacet
  facet normal -7.81571e-05 0.536887 0.843654
    outer loop
      vertex 39.5164 -12.9769 54.6919
      vertex 55 -15 55.9808
      vertex 40 -13.0114 54.7139
    endloop
  endfacet
  facet normal 0.000524789 0.540166 0.841558
    outer loop
      vertex 39.3209 -12.963 54.6831
      vertex 55 -15 55.9808
      vertex 39.5164 -12.9769 54.6919
    endloop
  endfacet
  facet normal 0 0.537298 0.843392
    outer loop
      vertex -55 -15 55.9808
      vertex 38.59 -12.7927 54.5746
      vertex -55 -12.7927 54.5746
    endloop
  endfacet
  facet normal 5.13356e-05 0.535749 0.844377
    outer loop
      vertex 38.59 -12.7927 54.5746
      vertex -55 -15 55.9808
      vertex 38.6613 -12.8195 54.5916
    endloop
  endfacet
  facet normal 5.0395e-07 0.537303 0.843389
    outer loop
      vertex 38.6613 -12.8195 54.5916
      vertex -55 -15 55.9808
      vertex 39.1322 -12.922 54.6569
    endloop
  endfacet
  facet normal -3.24475e-05 0.538364 0.842712
    outer loop
      vertex 39.1322 -12.922 54.6569
      vertex -55 -15 55.9808
      vertex 39.3209 -12.963 54.6831
    endloop
  endfacet
  facet normal 0 0.537296 0.843394
    outer loop
      vertex 39.3209 -12.963 54.6831
      vertex -55 -15 55.9808
      vertex 55 -15 55.9808
    endloop
  endfacet
  facet normal -0 0.461735 0.887018
    outer loop
      vertex -55 -15 55.9808
      vertex 55 -17.3214 57.1892
      vertex 55 -15 55.9808
    endloop
  endfacet
  facet normal 0 0.461735 0.887018
    outer loop
      vertex 55 -17.3214 57.1892
      vertex -55 -15 55.9808
      vertex -55 -17.3214 57.1892
    endloop
  endfacet
  facet normal -0 0.382694 0.923875
    outer loop
      vertex -55 -17.3214 57.1892
      vertex 55 -19.7394 58.1908
      vertex 55 -17.3214 57.1892
    endloop
  endfacet
  facet normal 0 0.382694 0.923875
    outer loop
      vertex 55 -19.7394 58.1908
      vertex -55 -17.3214 57.1892
      vertex -55 -19.7394 58.1908
    endloop
  endfacet
  facet normal -0 0.300711 0.953715
    outer loop
      vertex -55 -19.7394 58.1908
      vertex 55 -22.2354 58.9778
      vertex 55 -19.7394 58.1908
    endloop
  endfacet
  facet normal 0 0.300711 0.953715
    outer loop
      vertex 55 -22.2354 58.9778
      vertex -55 -19.7394 58.1908
      vertex -55 -22.2354 58.9778
    endloop
  endfacet
  facet normal -0 0.216421 0.9763
    outer loop
      vertex -55 -22.2354 58.9778
      vertex 55 -24.7905 59.5442
      vertex 55 -22.2354 58.9778
    endloop
  endfacet
  facet normal 0 0.216421 0.9763
    outer loop
      vertex 55 -24.7905 59.5442
      vertex -55 -22.2354 58.9778
      vertex -55 -24.7905 59.5442
    endloop
  endfacet
  facet normal -0 0.130522 0.991445
    outer loop
      vertex -55 -24.7905 59.5442
      vertex 55 -27.3853 59.8858
      vertex 55 -24.7905 59.5442
    endloop
  endfacet
  facet normal 0 0.130522 0.991445
    outer loop
      vertex 55 -27.3853 59.8858
      vertex -55 -24.7905 59.5442
      vertex -55 -27.3853 59.8858
    endloop
  endfacet
  facet normal -0 0.0436345 0.999048
    outer loop
      vertex -55 -27.3853 59.8858
      vertex 55 -30 60
      vertex 55 -27.3853 59.8858
    endloop
  endfacet
  facet normal 0 0.0436345 0.999048
    outer loop
      vertex 55 -30 60
      vertex -55 -27.3853 59.8858
      vertex -55 -30 60
    endloop
  endfacet
  facet normal 0 -0.0436345 0.999048
    outer loop
      vertex -55 -30 60
      vertex 55 -32.6147 59.8858
      vertex 55 -30 60
    endloop
  endfacet
  facet normal 0 -0.0436345 0.999048
    outer loop
      vertex 55 -32.6147 59.8858
      vertex -55 -30 60
      vertex -55 -32.6147 59.8858
    endloop
  endfacet
  facet normal 0 -0.130527 0.991445
    outer loop
      vertex -55 -32.6147 59.8858
      vertex 55 -35.2094 59.5442
      vertex 55 -32.6147 59.8858
    endloop
  endfacet
  facet normal 0 -0.130527 0.991445
    outer loop
      vertex 55 -35.2094 59.5442
      vertex -55 -32.6147 59.8858
      vertex -55 -35.2094 59.5442
    endloop
  endfacet
  facet normal 0 -0.216413 0.976302
    outer loop
      vertex -55 -35.2094 59.5442
      vertex 55 -37.7646 58.9778
      vertex 55 -35.2094 59.5442
    endloop
  endfacet
  facet normal 0 -0.216413 0.976302
    outer loop
      vertex 55 -37.7646 58.9778
      vertex -55 -35.2094 59.5442
      vertex -55 -37.7646 58.9778
    endloop
  endfacet
  facet normal 0 -0.300711 0.953715
    outer loop
      vertex -55 -37.7646 58.9778
      vertex 55 -40.2606 58.1908
      vertex 55 -37.7646 58.9778
    endloop
  endfacet
  facet normal 0 -0.300711 0.953715
    outer loop
      vertex 55 -40.2606 58.1908
      vertex -55 -37.7646 58.9778
      vertex -55 -40.2606 58.1908
    endloop
  endfacet
  facet normal 0 -0.382707 0.92387
    outer loop
      vertex -55 -40.2606 58.1908
      vertex 55 -42.6785 57.1892
      vertex 55 -40.2606 58.1908
    endloop
  endfacet
  facet normal 0 -0.382707 0.92387
    outer loop
      vertex 55 -42.6785 57.1892
      vertex -55 -40.2606 58.1908
      vertex -55 -42.6785 57.1892
    endloop
  endfacet
  facet normal 0 -0.46172 0.887026
    outer loop
      vertex -55 -42.6785 57.1892
      vertex 55 -45 55.9808
      vertex 55 -42.6785 57.1892
    endloop
  endfacet
  facet normal 0 -0.46172 0.887026
    outer loop
      vertex 55 -45 55.9808
      vertex -55 -42.6785 57.1892
      vertex -55 -45 55.9808
    endloop
  endfacet
  facet normal 0 -0.537298 0.843392
    outer loop
      vertex -55 -45 55.9808
      vertex 55 -47.2073 54.5746
      vertex 55 -45 55.9808
    endloop
  endfacet
  facet normal 0 -0.537298 0.843392
    outer loop
      vertex 55 -47.2073 54.5746
      vertex -55 -45 55.9808
      vertex -55 -47.2073 54.5746
    endloop
  endfacet
  facet normal 0 -0.608785 0.793335
    outer loop
      vertex -55 -47.2073 54.5746
      vertex 55 -49.2836 52.9813
      vertex 55 -47.2073 54.5746
    endloop
  endfacet
  facet normal 0 -0.608785 0.793335
    outer loop
      vertex 55 -49.2836 52.9813
      vertex -55 -47.2073 54.5746
      vertex -55 -49.2836 52.9813
    endloop
  endfacet
  facet normal 0 -0.675582 0.737285
    outer loop
      vertex -55 -49.2836 52.9813
      vertex 55 -50.5 51.8667
      vertex 55 -49.2836 52.9813
    endloop
  endfacet
  facet normal 0 -0.675582 0.737285
    outer loop
      vertex 55 -50.5 51.8667
      vertex -55 -49.2836 52.9813
      vertex -55 -50.5 51.8667
    endloop
  endfacet
  facet normal 0 -0.948683 -0.316228
    outer loop
      vertex -55 -50 0
      vertex 55 -50.5 1.5
      vertex -55 -50.5 1.5
    endloop
  endfacet
  facet normal 0 -0.948683 -0.316228
    outer loop
      vertex 55 -50.5 1.5
      vertex -55 -50 0
      vertex 55 -50 0
    endloop
  endfacet
  facet normal 0 0 -1
    outer loop
      vertex -46 43.2462 0
      vertex -44 43.2462 0
      vertex -44 42 0
    endloop
  endfacet
  facet normal 0 0 -1
    outer loop
      vertex -44 43.2462 0
      vertex -46 43.2462 0
      vertex -44 44.9321 0
    endloop
  endfacet
  facet normal 0 0 -1
    outer loop
      vertex -46 42 0
      vertex -44 42 0
      vertex -44.0055 41.8955 0
    endloop
  endfacet
  facet normal 0 0 -1
    outer loop
      vertex -43.4 42 0
      vertex -41.9 42 0
      vertex -41.917 41.676 0
    endloop
  endfacet
  facet normal 0 0 -1
    outer loop
      vertex -43.4088 41.8328 0
      vertex -41.917 41.676 0
      vertex -41.9677 41.3555 0
    endloop
  endfacet
  facet normal 0 0 -1
    outer loop
      vertex -41.9 42 0
      vertex -43.4 42 0
      vertex -41.917 42.324 0
    endloop
  endfacet
  facet normal 0 0 -1
    outer loop
      vertex -43.435 41.6673 0
      vertex -41.9677 41.3555 0
      vertex -42.0517 41.042 0
    endloop
  endfacet
  facet normal 0 0 -1
    outer loop
      vertex -43.4088 42.1672 0
      vertex -41.917 42.324 0
      vertex -43.4 42 0
    endloop
  endfacet
  facet normal 0 0 -1
    outer loop
      vertex -43.4783 41.5056 0
      vertex -42.0517 41.042 0
      vertex -42.168 40.7391 0
    endloop
  endfacet
  facet normal -0 0 -1
    outer loop
      vertex -41.917 42.324 0
      vertex -43.4088 42.1672 0
      vertex -41.9677 42.6445 0
    endloop
  endfacet
  facet normal 0 0 -1
    outer loop
      vertex -43.5383 41.3492 0
      vertex -42.168 40.7391 0
      vertex -42.3153 40.45 0
    endloop
  endfacet
  facet normal 0 0 -1
    outer loop
      vertex -43.435 42.3327 0
      vertex -41.9677 42.6445 0
      vertex -43.4088 42.1672 0
    endloop
  endfacet
  facet normal 0 0 -1
    outer loop
      vertex -43.6144 41.2 0
      vertex -42.3153 40.45 0
      vertex -42.4921 40.1779 0
    endloop
  endfacet
  facet normal -0 0 -1
    outer loop
      vertex -41.9677 42.6445 0
      vertex -43.435 42.3327 0
      vertex -42.0517 42.958 0
    endloop
  endfacet
  facet normal 0 0 -1
    outer loop
      vertex -43.7056 41.0595 0
      vertex -42.4921 40.1779 0
      vertex -42.6963 39.9257 0
    endloop
  endfacet
  facet normal 0 0 -1
    outer loop
      vertex -43.4783 42.4944 0
      vertex -42.0517 42.958 0
      vertex -43.435 42.3327 0
    endloop
  endfacet
  facet normal 0 0 -1
    outer loop
      vertex -43.811 40.9294 0
      vertex -42.6963 39.9257 0
      vertex -42.9257 39.6963 0
    endloop
  endfacet
  facet normal -0 0 -1
    outer loop
      vertex -42.0517 42.958 0
      vertex -43.4783 42.4944 0
      vertex -42.168 43.2609 0
    endloop
  endfacet
  facet normal 0 0 -1
    outer loop
      vertex -43.9294 40.811 0
      vertex -42.9257 39.6963 0
      vertex -43.1779 39.4921 0
    endloop
  endfacet
  facet normal 0 0 -1
    outer loop
      vertex -43.5383 42.6508 0
      vertex -42.168 43.2609 0
      vertex -43.4783 42.4944 0
    endloop
  endfacet
  facet normal -0 0 -1
    outer loop
      vertex -42.168 43.2609 0
      vertex -43.5383 42.6508 0
      vertex -42.3153 43.55 0
    endloop
  endfacet
  facet normal 0 0 -1
    outer loop
      vertex -41.917 41.676 0
      vertex -43.4088 41.8328 0
      vertex -43.4 42 0
    endloop
  endfacet
  facet normal 0 0 -1
    outer loop
      vertex -41.9677 41.3555 0
      vertex -43.435 41.6673 0
      vertex -43.4088 41.8328 0
    endloop
  endfacet
  facet normal 0 0 -1
    outer loop
      vertex -44.0595 40.7056 0
      vertex -43.1779 39.4921 0
      vertex -43.45 39.3153 0
    endloop
  endfacet
  facet normal 0 0 -1
    outer loop
      vertex -42.0517 41.042 0
      vertex -43.4783 41.5056 0
      vertex -43.435 41.6673 0
    endloop
  endfacet
  facet normal 0 0 -1
    outer loop
      vertex -42.168 40.7391 0
      vertex -43.5383 41.3492 0
      vertex -43.4783 41.5056 0
    endloop
  endfacet
  facet normal 0 0 -1
    outer loop
      vertex -42.3153 40.45 0
      vertex -43.6144 41.2 0
      vertex -43.5383 41.3492 0
    endloop
  endfacet
  facet normal 0 0 -1
    outer loop
      vertex -42.4921 40.1779 0
      vertex -43.7056 41.0595 0
      vertex -43.6144 41.2 0
    endloop
  endfacet
  facet normal 0 0 -1
    outer loop
      vertex -44.2 40.6144 0
      vertex -43.45 39.3153 0
      vertex -43.7391 39.168 0
    endloop
  endfacet
  facet normal 0 0 -1
    outer loop
      vertex -42.6963 39.9257 0
      vertex -43.811 40.9294 0
      vertex -43.7056 41.0595 0
    endloop
  endfacet
  facet normal 0 0 -1
    outer loop
      vertex -42.9257 39.6963 0
      vertex -43.9294 40.811 0
      vertex -43.811 40.9294 0
    endloop
  endfacet
  facet normal 0 0 -1
    outer loop
      vertex -44.3492 40.5383 0
      vertex -43.7391 39.168 0
      vertex -44.042 39.0517 0
    endloop
  endfacet
  facet normal 0 0 -1
    outer loop
      vertex -43.1779 39.4921 0
      vertex -44.0595 40.7056 0
      vertex -43.9294 40.811 0
    endloop
  endfacet
  facet normal 0 0 -1
    outer loop
      vertex -43.45 39.3153 0
      vertex -44.2 40.6144 0
      vertex -44.0595 40.7056 0
    endloop
  endfacet
  facet normal 0 0 -1
    outer loop
      vertex -43.7391 39.168 0
      vertex -44.3492 40.5383 0
      vertex -44.2 40.6144 0
    endloop
  endfacet
  facet normal 0 0 -1
    outer loop
      vertex -44.5056 40.4783 0
      vertex -44.042 39.0517 0
      vertex -44.3555 38.9677 0
    endloop
  endfacet
  facet normal 0 0 -1
    outer loop
      vertex -44.042 39.0517 0
      vertex -44.5056 40.4783 0
      vertex -44.3492 40.5383 0
    endloop
  endfacet
  facet normal 0 0 -1
    outer loop
      vertex -44.3555 38.9677 0
      vertex -44.6673 40.435 0
      vertex -44.5056 40.4783 0
    endloop
  endfacet
  facet normal 0 0 -1
    outer loop
      vertex -44.676 38.917 0
      vertex -44.6673 40.435 0
      vertex -44.3555 38.9677 0
    endloop
  endfacet
  facet normal 0 0 -1
    outer loop
      vertex -44.676 38.917 0
      vertex -44.8328 40.4088 0
      vertex -44.6673 40.435 0
    endloop
  endfacet
  facet normal 0 0 -1
    outer loop
      vertex -45 38.9 0
      vertex -44.8328 40.4088 0
      vertex -44.676 38.917 0
    endloop
  endfacet
  facet normal 0 0 -1
    outer loop
      vertex -45 38.9 0
      vertex -45 40.4 0
      vertex -44.8328 40.4088 0
    endloop
  endfacet
  facet normal 0 0 -1
    outer loop
      vertex -45 38.9 0
      vertex -45.1672 40.4088 0
      vertex -45 40.4 0
    endloop
  endfacet
  facet normal 0 0 -1
    outer loop
      vertex -45.324 38.917 0
      vertex -45.1672 40.4088 0
      vertex -45 38.9 0
    endloop
  endfacet
  facet normal 0 0 -1
    outer loop
      vertex -45.324 38.917 0
      vertex -45.3327 40.435 0
      vertex -45.1672 40.4088 0
    endloop
  endfacet
  facet normal 0 0 -1
    outer loop
      vertex -45.6445 38.9677 0
      vertex -45.3327 40.435 0
      vertex -45.324 38.917 0
    endloop
  endfacet
  facet normal -0 0 -1
    outer loop
      vertex -45.3327 40.435 0
      vertex -45.6445 38.9677 0
      vertex -45.4944 40.4783 0
    endloop
  endfacet
  facet normal 0 0 -1
    outer loop
      vertex -45.958 39.0517 0
      vertex -45.4944 40.4783 0
      vertex -45.6445 38.9677 0
    endloop
  endfacet
  facet normal -0 0 -1
    outer loop
      vertex -45.4944 40.4783 0
      vertex -45.958 39.0517 0
      vertex -45.6508 40.5383 0
    endloop
  endfacet
  facet normal 0 0 -1
    outer loop
      vertex -46.2609 39.168 0
      vertex -45.6508 40.5383 0
      vertex -45.958 39.0517 0
    endloop
  endfacet
  facet normal -0 0 -1
    outer loop
      vertex -45.6508 40.5383 0
      vertex -46.2609 39.168 0
      vertex -45.8 40.6144 0
    endloop
  endfacet
  facet normal 0 0 -1
    outer loop
      vertex -46.55 39.3153 0
      vertex -45.8 40.6144 0
      vertex -46.2609 39.168 0
    endloop
  endfacet
  facet normal -0 0 -1
    outer loop
      vertex -45.8 40.6144 0
      vertex -46.55 39.3153 0
      vertex -45.9405 40.7056 0
    endloop
  endfacet
  facet normal 0 0 -1
    outer loop
      vertex -46.8221 39.4921 0
      vertex -45.9405 40.7056 0
      vertex -46.55 39.3153 0
    endloop
  endfacet
  facet normal -0 0 -1
    outer loop
      vertex -45.9405 40.7056 0
      vertex -46.8221 39.4921 0
      vertex -46.0706 40.811 0
    endloop
  endfacet
  facet normal 0 0 -1
    outer loop
      vertex -47.0743 39.6963 0
      vertex -46.0706 40.811 0
      vertex -46.8221 39.4921 0
    endloop
  endfacet
  facet normal -0 0 -1
    outer loop
      vertex -46.0706 40.811 0
      vertex -47.0743 39.6963 0
      vertex -46.189 40.9294 0
    endloop
  endfacet
  facet normal 0 0 -1
    outer loop
      vertex -47.3037 39.9257 0
      vertex -46.189 40.9294 0
      vertex -47.0743 39.6963 0
    endloop
  endfacet
  facet normal -0 0 -1
    outer loop
      vertex -46.189 40.9294 0
      vertex -47.3037 39.9257 0
      vertex -46.2944 41.0595 0
    endloop
  endfacet
  facet normal 0 0 -1
    outer loop
      vertex -47.5079 40.1779 0
      vertex -46.2944 41.0595 0
      vertex -47.3037 39.9257 0
    endloop
  endfacet
  facet normal -0 0 -1
    outer loop
      vertex -46.2944 41.0595 0
      vertex -47.5079 40.1779 0
      vertex -46.3856 41.2 0
    endloop
  endfacet
  facet normal 0 0 -1
    outer loop
      vertex -47.6847 40.45 0
      vertex -46.3856 41.2 0
      vertex -47.5079 40.1779 0
    endloop
  endfacet
  facet normal -0 0 -1
    outer loop
      vertex -46.3856 41.2 0
      vertex -47.6847 40.45 0
      vertex -46.4617 41.3492 0
    endloop
  endfacet
  facet normal 0 0 -1
    outer loop
      vertex -43.6144 42.8 0
      vertex -42.3153 43.55 0
      vertex -43.5383 42.6508 0
    endloop
  endfacet
  facet normal -0 0 -1
    outer loop
      vertex -42.3153 43.55 0
      vertex -43.6144 42.8 0
      vertex -42.4921 43.8221 0
    endloop
  endfacet
  facet normal 0 0 -1
    outer loop
      vertex -43.7056 42.9405 0
      vertex -42.4921 43.8221 0
      vertex -43.6144 42.8 0
    endloop
  endfacet
  facet normal -0 0 -1
    outer loop
      vertex -42.4921 43.8221 0
      vertex -43.7056 42.9405 0
      vertex -42.6963 44.0743 0
    endloop
  endfacet
  facet normal 0 0 -1
    outer loop
      vertex -43.811 43.0706 0
      vertex -42.6963 44.0743 0
      vertex -43.7056 42.9405 0
    endloop
  endfacet
  facet normal -0 0 -1
    outer loop
      vertex -42.6963 44.0743 0
      vertex -43.811 43.0706 0
      vertex -42.9257 44.3037 0
    endloop
  endfacet
  facet normal 0 0 -1
    outer loop
      vertex -43.9294 43.189 0
      vertex -42.9257 44.3037 0
      vertex -43.811 43.0706 0
    endloop
  endfacet
  facet normal 0 0 -1
    outer loop
      vertex -44 43.2462 0
      vertex -42.9257 44.3037 0
      vertex -43.9294 43.189 0
    endloop
  endfacet
  facet normal -0 0 -1
    outer loop
      vertex -42.9257 44.3037 0
      vertex -44 43.2462 0
      vertex -43.1779 44.5079 0
    endloop
  endfacet
  facet normal -0 0 -1
    outer loop
      vertex -43.1779 44.5079 0
      vertex -44 43.2462 0
      vertex -43.45 44.6847 0
    endloop
  endfacet
  facet normal -0 0 -1
    outer loop
      vertex -43.45 44.6847 0
      vertex -44 43.2462 0
      vertex -43.7391 44.832 0
    endloop
  endfacet
  facet normal -0 0 -1
    outer loop
      vertex -43.7391 44.832 0
      vertex -44 43.2462 0
      vertex -44 44.9321 0
    endloop
  endfacet
  facet normal 0 0 -1
    outer loop
      vertex 44 43.2462 0
      vertex 46 43.2462 0
      vertex 46 42 0
    endloop
  endfacet
  facet normal 0 0 -1
    outer loop
      vertex 46 43.2462 0
      vertex 44 43.2462 0
      vertex 46 44.9321 0
    endloop
  endfacet
  facet normal 0 0 -1
    outer loop
      vertex 44 42 0
      vertex 46 42 0
      vertex 45.9945 41.8955 0
    endloop
  endfacet
  facet normal 0 0 -1
    outer loop
      vertex 46.6 42 0
      vertex 48.1 42 0
      vertex 48.083 41.676 0
    endloop
  endfacet
  facet normal 0 0 -1
    outer loop
      vertex 46.5912 41.8328 0
      vertex 48.083 41.676 0
      vertex 48.0323 41.3555 0
    endloop
  endfacet
  facet normal 0 0 -1
    outer loop
      vertex 48.1 42 0
      vertex 46.6 42 0
      vertex 48.083 42.324 0
    endloop
  endfacet
  facet normal 0 0 -1
    outer loop
      vertex 46.565 41.6673 0
      vertex 48.0323 41.3555 0
      vertex 47.9483 41.042 0
    endloop
  endfacet
  facet normal 0 0 -1
    outer loop
      vertex 46.5912 42.1672 0
      vertex 48.083 42.324 0
      vertex 46.6 42 0
    endloop
  endfacet
  facet normal 0 0 -1
    outer loop
      vertex 46.5217 41.5056 0
      vertex 47.9483 41.042 0
      vertex 47.832 40.7391 0
    endloop
  endfacet
  facet normal -0 0 -1
    outer loop
      vertex 48.083 42.324 0
      vertex 46.5912 42.1672 0
      vertex 48.0323 42.6445 0
    endloop
  endfacet
  facet normal 0 0 -1
    outer loop
      vertex 46.4617 41.3492 0
      vertex 47.832 40.7391 0
      vertex 47.6847 40.45 0
    endloop
  endfacet
  facet normal 0 0 -1
    outer loop
      vertex 46.565 42.3327 0
      vertex 48.0323 42.6445 0
      vertex 46.5912 42.1672 0
    endloop
  endfacet
  facet normal 0 0 -1
    outer loop
      vertex 46.3856 41.2 0
      vertex 47.6847 40.45 0
      vertex 47.5079 40.1779 0
    endloop
  endfacet
  facet normal -0 0 -1
    outer loop
      vertex 48.0323 42.6445 0
      vertex 46.565 42.3327 0
      vertex 47.9483 42.958 0
    endloop
  endfacet
  facet normal 0 0 -1
    outer loop
      vertex 46.2944 41.0595 0
      vertex 47.5079 40.1779 0
      vertex 47.3037 39.9257 0
    endloop
  endfacet
  facet normal 0 0 -1
    outer loop
      vertex 46.5217 42.4944 0
      vertex 47.9483 42.958 0
      vertex 46.565 42.3327 0
    endloop
  endfacet
  facet normal 0 0 -1
    outer loop
      vertex 46.189 40.9294 0
      vertex 47.3037 39.9257 0
      vertex 47.0743 39.6963 0
    endloop
  endfacet
  facet normal -0 0 -1
    outer loop
      vertex 47.9483 42.958 0
      vertex 46.5217 42.4944 0
      vertex 47.832 43.2609 0
    endloop
  endfacet
  facet normal 0 0 -1
    outer loop
      vertex 46.0706 40.811 0
      vertex 47.0743 39.6963 0
      vertex 46.8221 39.4921 0
    endloop
  endfacet
  facet normal 0 0 -1
    outer loop
      vertex 46.4617 42.6508 0
      vertex 47.832 43.2609 0
      vertex 46.5217 42.4944 0
    endloop
  endfacet
  facet normal -0 0 -1
    outer loop
      vertex 47.832 43.2609 0
      vertex 46.4617 42.6508 0
      vertex 47.6847 43.55 0
    endloop
  endfacet
  facet normal 0 0 -1
    outer loop
      vertex 48.083 41.676 0
      vertex 46.5912 41.8328 0
      vertex 46.6 42 0
    endloop
  endfacet
  facet normal 0 0 -1
    outer loop
      vertex 48.0323 41.3555 0
      vertex 46.565 41.6673 0
      vertex 46.5912 41.8328 0
    endloop
  endfacet
  facet normal 0 0 -1
    outer loop
      vertex 45.9405 40.7056 0
      vertex 46.8221 39.4921 0
      vertex 46.55 39.3153 0
    endloop
  endfacet
  facet normal 0 0 -1
    outer loop
      vertex 47.9483 41.042 0
      vertex 46.5217 41.5056 0
      vertex 46.565 41.6673 0
    endloop
  endfacet
  facet normal 0 0 -1
    outer loop
      vertex 47.832 40.7391 0
      vertex 46.4617 41.3492 0
      vertex 46.5217 41.5056 0
    endloop
  endfacet
  facet normal 0 0 -1
    outer loop
      vertex 47.6847 40.45 0
      vertex 46.3856 41.2 0
      vertex 46.4617 41.3492 0
    endloop
  endfacet
  facet normal 0 0 -1
    outer loop
      vertex 47.5079 40.1779 0
      vertex 46.2944 41.0595 0
      vertex 46.3856 41.2 0
    endloop
  endfacet
  facet normal 0 0 -1
    outer loop
      vertex 45.8 40.6144 0
      vertex 46.55 39.3153 0
      vertex 46.2609 39.168 0
    endloop
  endfacet
  facet normal 0 0 -1
    outer loop
      vertex 47.3037 39.9257 0
      vertex 46.189 40.9294 0
      vertex 46.2944 41.0595 0
    endloop
  endfacet
  facet normal 0 0 -1
    outer loop
      vertex 47.0743 39.6963 0
      vertex 46.0706 40.811 0
      vertex 46.189 40.9294 0
    endloop
  endfacet
  facet normal 0 0 -1
    outer loop
      vertex 45.6508 40.5383 0
      vertex 46.2609 39.168 0
      vertex 45.958 39.0517 0
    endloop
  endfacet
  facet normal 0 0 -1
    outer loop
      vertex 46.8221 39.4921 0
      vertex 45.9405 40.7056 0
      vertex 46.0706 40.811 0
    endloop
  endfacet
  facet normal 0 0 -1
    outer loop
      vertex 46.55 39.3153 0
      vertex 45.8 40.6144 0
      vertex 45.9405 40.7056 0
    endloop
  endfacet
  facet normal 0 0 -1
    outer loop
      vertex 46.2609 39.168 0
      vertex 45.6508 40.5383 0
      vertex 45.8 40.6144 0
    endloop
  endfacet
  facet normal 0 0 -1
    outer loop
      vertex 45.4944 40.4783 0
      vertex 45.958 39.0517 0
      vertex 45.6445 38.9677 0
    endloop
  endfacet
  facet normal 0 0 -1
    outer loop
      vertex 45.958 39.0517 0
      vertex 45.4944 40.4783 0
      vertex 45.6508 40.5383 0
    endloop
  endfacet
  facet normal 0 0 -1
    outer loop
      vertex 45.6445 38.9677 0
      vertex 45.3327 40.435 0
      vertex 45.4944 40.4783 0
    endloop
  endfacet
  facet normal 0 0 -1
    outer loop
      vertex 45.324 38.917 0
      vertex 45.3327 40.435 0
      vertex 45.6445 38.9677 0
    endloop
  endfacet
  facet normal 0 0 -1
    outer loop
      vertex 45.324 38.917 0
      vertex 45.1672 40.4088 0
      vertex 45.3327 40.435 0
    endloop
  endfacet
  facet normal 0 0 -1
    outer loop
      vertex 45 38.9 0
      vertex 45.1672 40.4088 0
      vertex 45.324 38.917 0
    endloop
  endfacet
  facet normal 0 0 -1
    outer loop
      vertex 45 38.9 0
      vertex 45 40.4 0
      vertex 45.1672 40.4088 0
    endloop
  endfacet
  facet normal 0 0 -1
    outer loop
      vertex 45 38.9 0
      vertex 44.8328 40.4088 0
      vertex 45 40.4 0
    endloop
  endfacet
  facet normal 0 0 -1
    outer loop
      vertex 44.676 38.917 0
      vertex 44.8328 40.4088 0
      vertex 45 38.9 0
    endloop
  endfacet
  facet normal 0 0 -1
    outer loop
      vertex 44.676 38.917 0
      vertex 44.6673 40.435 0
      vertex 44.8328 40.4088 0
    endloop
  endfacet
  facet normal 0 0 -1
    outer loop
      vertex 44.3555 38.9677 0
      vertex 44.6673 40.435 0
      vertex 44.676 38.917 0
    endloop
  endfacet
  facet normal -0 0 -1
    outer loop
      vertex 44.6673 40.435 0
      vertex 44.3555 38.9677 0
      vertex 44.5056 40.4783 0
    endloop
  endfacet
  facet normal 0 0 -1
    outer loop
      vertex 44.042 39.0517 0
      vertex 44.5056 40.4783 0
      vertex 44.3555 38.9677 0
    endloop
  endfacet
  facet normal -0 0 -1
    outer loop
      vertex 44.5056 40.4783 0
      vertex 44.042 39.0517 0
      vertex 44.3492 40.5383 0
    endloop
  endfacet
  facet normal 0 0 -1
    outer loop
      vertex 43.7391 39.168 0
      vertex 44.3492 40.5383 0
      vertex 44.042 39.0517 0
    endloop
  endfacet
  facet normal -0 0 -1
    outer loop
      vertex 44.3492 40.5383 0
      vertex 43.7391 39.168 0
      vertex 44.2 40.6144 0
    endloop
  endfacet
  facet normal 0 0 -1
    outer loop
      vertex 43.45 39.3153 0
      vertex 44.2 40.6144 0
      vertex 43.7391 39.168 0
    endloop
  endfacet
  facet normal -0 0 -1
    outer loop
      vertex 44.2 40.6144 0
      vertex 43.45 39.3153 0
      vertex 44.0595 40.7056 0
    endloop
  endfacet
  facet normal 0 0 -1
    outer loop
      vertex 43.1779 39.4921 0
      vertex 44.0595 40.7056 0
      vertex 43.45 39.3153 0
    endloop
  endfacet
  facet normal -0 0 -1
    outer loop
      vertex 44.0595 40.7056 0
      vertex 43.1779 39.4921 0
      vertex 43.9294 40.811 0
    endloop
  endfacet
  facet normal 0 0 -1
    outer loop
      vertex 42.9257 39.6963 0
      vertex 43.9294 40.811 0
      vertex 43.1779 39.4921 0
    endloop
  endfacet
  facet normal -0 0 -1
    outer loop
      vertex 43.9294 40.811 0
      vertex 42.9257 39.6963 0
      vertex 43.811 40.9294 0
    endloop
  endfacet
  facet normal 0 0 -1
    outer loop
      vertex 42.6963 39.9257 0
      vertex 43.811 40.9294 0
      vertex 42.9257 39.6963 0
    endloop
  endfacet
  facet normal -0 0 -1
    outer loop
      vertex 43.811 40.9294 0
      vertex 42.6963 39.9257 0
      vertex 43.7056 41.0595 0
    endloop
  endfacet
  facet normal 0 0 -1
    outer loop
      vertex 42.4921 40.1779 0
      vertex 43.7056 41.0595 0
      vertex 42.6963 39.9257 0
    endloop
  endfacet
  facet normal -0 0 -1
    outer loop
      vertex 43.7056 41.0595 0
      vertex 42.4921 40.1779 0
      vertex 43.6144 41.2 0
    endloop
  endfacet
  facet normal 0 0 -1
    outer loop
      vertex 42.3153 40.45 0
      vertex 43.6144 41.2 0
      vertex 42.4921 40.1779 0
    endloop
  endfacet
  facet normal -0 0 -1
    outer loop
      vertex 43.6144 41.2 0
      vertex 42.3153 40.45 0
      vertex 43.5383 41.3492 0
    endloop
  endfacet
  facet normal 0 0 -1
    outer loop
      vertex 46.3856 42.8 0
      vertex 47.6847 43.55 0
      vertex 46.4617 42.6508 0
    endloop
  endfacet
  facet normal -0 0 -1
    outer loop
      vertex 47.6847 43.55 0
      vertex 46.3856 42.8 0
      vertex 47.5079 43.8221 0
    endloop
  endfacet
  facet normal 0 0 -1
    outer loop
      vertex 46.2944 42.9405 0
      vertex 47.5079 43.8221 0
      vertex 46.3856 42.8 0
    endloop
  endfacet
  facet normal -0 0 -1
    outer loop
      vertex 47.5079 43.8221 0
      vertex 46.2944 42.9405 0
      vertex 47.3037 44.0743 0
    endloop
  endfacet
  facet normal 0 0 -1
    outer loop
      vertex 46.189 43.0706 0
      vertex 47.3037 44.0743 0
      vertex 46.2944 42.9405 0
    endloop
  endfacet
  facet normal -0 0 -1
    outer loop
      vertex 47.3037 44.0743 0
      vertex 46.189 43.0706 0
      vertex 47.0743 44.3037 0
    endloop
  endfacet
  facet normal 0 0 -1
    outer loop
      vertex 46.0706 43.189 0
      vertex 47.0743 44.3037 0
      vertex 46.189 43.0706 0
    endloop
  endfacet
  facet normal 0 0 -1
    outer loop
      vertex 46 43.2462 0
      vertex 47.0743 44.3037 0
      vertex 46.0706 43.189 0
    endloop
  endfacet
  facet normal -0 0 -1
    outer loop
      vertex 47.0743 44.3037 0
      vertex 46 43.2462 0
      vertex 46.8221 44.5079 0
    endloop
  endfacet
  facet normal -0 0 -1
    outer loop
      vertex 46.8221 44.5079 0
      vertex 46 43.2462 0
      vertex 46.55 44.6847 0
    endloop
  endfacet
  facet normal -0 0 -1
    outer loop
      vertex 46.55 44.6847 0
      vertex 46 43.2462 0
      vertex 46.2609 44.832 0
    endloop
  endfacet
  facet normal -0 0 -1
    outer loop
      vertex 46.2609 44.832 0
      vertex 46 43.2462 0
      vertex 46 44.9321 0
    endloop
  endfacet
  facet normal 0 0 -1
    outer loop
      vertex 46 46 0
      vertex 55 50 0
      vertex 55 46 0
    endloop
  endfacet
  facet normal 0 0 -1
    outer loop
      vertex 44 42 0
      vertex 45.9945 41.8955 0
      vertex 45.9781 41.7921 0
    endloop
  endfacet
  facet normal 0 0 -1
    outer loop
      vertex 44 42 0
      vertex 45.9781 41.7921 0
      vertex 45.9511 41.691 0
    endloop
  endfacet
  facet normal 0 0 -1
    outer loop
      vertex 44 42 0
      vertex 45.9511 41.691 0
      vertex 45.9135 41.5933 0
    endloop
  endfacet
  facet normal 0 0 -1
    outer loop
      vertex 44 42 0
      vertex 45.9135 41.5933 0
      vertex 45.866 41.5 0
    endloop
  endfacet
  facet normal 0 0 -1
    outer loop
      vertex 44 42 0
      vertex 45.866 41.5 0
      vertex 45.809 41.4122 0
    endloop
  endfacet
  facet normal 0 0 -1
    outer loop
      vertex 44 42 0
      vertex 45.809 41.4122 0
      vertex 45.7431 41.3309 0
    endloop
  endfacet
  facet normal 0 0 -1
    outer loop
      vertex 44 42 0
      vertex 45.7431 41.3309 0
      vertex 45.6691 41.2569 0
    endloop
  endfacet
  facet normal 0 0 -1
    outer loop
      vertex 44 42 0
      vertex 45.6691 41.2569 0
      vertex 45.5878 41.191 0
    endloop
  endfacet
  facet normal 0 0 -1
    outer loop
      vertex 44 42 0
      vertex 45.5878 41.191 0
      vertex 45.5 41.134 0
    endloop
  endfacet
  facet normal 0 0 -1
    outer loop
      vertex 44 42 0
      vertex 45.5 41.134 0
      vertex 45.4067 41.0865 0
    endloop
  endfacet
  facet normal 0 0 -1
    outer loop
      vertex 44 42 0
      vertex 45.4067 41.0865 0
      vertex 45.309 41.0489 0
    endloop
  endfacet
  facet normal 0 0 -1
    outer loop
      vertex 44 42 0
      vertex 45.309 41.0489 0
      vertex 45.2079 41.0219 0
    endloop
  endfacet
  facet normal 0 0 -1
    outer loop
      vertex 44 42 0
      vertex 45.2079 41.0219 0
      vertex 45.1045 41.0055 0
    endloop
  endfacet
  facet normal 0 0 -1
    outer loop
      vertex 44 42 0
      vertex 45.1045 41.0055 0
      vertex 45 41 0
    endloop
  endfacet
  facet normal 0 0 -1
    outer loop
      vertex 44 42 0
      vertex 45 41 0
      vertex 44.8955 41.0055 0
    endloop
  endfacet
  facet normal 0 0 -1
    outer loop
      vertex 44 42 0
      vertex 44.8955 41.0055 0
      vertex 44.7921 41.0219 0
    endloop
  endfacet
  facet normal 0 0 -1
    outer loop
      vertex 44 42 0
      vertex 44.7921 41.0219 0
      vertex 44.691 41.0489 0
    endloop
  endfacet
  facet normal 0 0 -1
    outer loop
      vertex 44 42 0
      vertex 44.691 41.0489 0
      vertex 44.5933 41.0865 0
    endloop
  endfacet
  facet normal 0 0 -1
    outer loop
      vertex 44 42 0
      vertex 44.5933 41.0865 0
      vertex 44.5 41.134 0
    endloop
  endfacet
  facet normal 0 0 -1
    outer loop
      vertex 44 42 0
      vertex 44.5 41.134 0
      vertex 44.4122 41.191 0
    endloop
  endfacet
  facet normal 0 0 -1
    outer loop
      vertex 44 42 0
      vertex 44.4122 41.191 0
      vertex 44.3309 41.2569 0
    endloop
  endfacet
  facet normal 0 0 -1
    outer loop
      vertex 44 42 0
      vertex 44.3309 41.2569 0
      vertex 44.2569 41.3309 0
    endloop
  endfacet
  facet normal 0 0 -1
    outer loop
      vertex 44 42 0
      vertex 44.2569 41.3309 0
      vertex 44.191 41.4122 0
    endloop
  endfacet
  facet normal 0 0 -1
    outer loop
      vertex 44 42 0
      vertex 44.191 41.4122 0
      vertex 44.134 41.5 0
    endloop
  endfacet
  facet normal 0 0 -1
    outer loop
      vertex 44 42 0
      vertex 44.134 41.5 0
      vertex 44.0865 41.5933 0
    endloop
  endfacet
  facet normal 0 0 -1
    outer loop
      vertex 44 42 0
      vertex 44.0865 41.5933 0
      vertex 44.0489 41.691 0
    endloop
  endfacet
  facet normal 0 0 -1
    outer loop
      vertex 44 42 0
      vertex 44.0489 41.691 0
      vertex 44.0219 41.7921 0
    endloop
  endfacet
  facet normal 0 0 -1
    outer loop
      vertex 44 42 0
      vertex 44.0219 41.7921 0
      vertex 44.0055 41.8955 0
    endloop
  endfacet
  facet normal 0 0 -1
    outer loop
      vertex 46 42 0
      vertex 44 42 0
      vertex 44 43.2462 0
    endloop
  endfacet
  facet normal 0 0 -1
    outer loop
      vertex 44 44.9321 0
      vertex 46 44.9321 0
      vertex 44 43.2462 0
    endloop
  endfacet
  facet normal 0 0 -1
    outer loop
      vertex 46 44.9321 0
      vertex 44 44.9321 0
      vertex 46 46 0
    endloop
  endfacet
  facet normal 0 0 -1
    outer loop
      vertex 44 46 0
      vertex 46 46 0
      vertex 44 44.9321 0
    endloop
  endfacet
  facet normal 0 0 -1
    outer loop
      vertex 44 46 0
      vertex 55 50 0
      vertex 46 46 0
    endloop
  endfacet
  facet normal 0 0 -1
    outer loop
      vertex -44 46 0
      vertex 55 50 0
      vertex 44 46 0
    endloop
  endfacet
  facet normal 0 0 -1
    outer loop
      vertex -46 42 0
      vertex -44.0055 41.8955 0
      vertex -44.0219 41.7921 0
    endloop
  endfacet
  facet normal 0 0 -1
    outer loop
      vertex -46 42 0
      vertex -44.0219 41.7921 0
      vertex -44.0489 41.691 0
    endloop
  endfacet
  facet normal 0 0 -1
    outer loop
      vertex -46 42 0
      vertex -44.0489 41.691 0
      vertex -44.0865 41.5933 0
    endloop
  endfacet
  facet normal 0 0 -1
    outer loop
      vertex -46 42 0
      vertex -44.0865 41.5933 0
      vertex -44.134 41.5 0
    endloop
  endfacet
  facet normal 0 0 -1
    outer loop
      vertex -46 42 0
      vertex -44.134 41.5 0
      vertex -44.191 41.4122 0
    endloop
  endfacet
  facet normal 0 0 -1
    outer loop
      vertex -46 42 0
      vertex -44.191 41.4122 0
      vertex -44.2569 41.3309 0
    endloop
  endfacet
  facet normal 0 0 -1
    outer loop
      vertex -46 42 0
      vertex -44.2569 41.3309 0
      vertex -44.3309 41.2569 0
    endloop
  endfacet
  facet normal 0 0 -1
    outer loop
      vertex -46 42 0
      vertex -44.3309 41.2569 0
      vertex -44.4122 41.191 0
    endloop
  endfacet
  facet normal 0 0 -1
    outer loop
      vertex -46 42 0
      vertex -44.4122 41.191 0
      vertex -44.5 41.134 0
    endloop
  endfacet
  facet normal 0 0 -1
    outer loop
      vertex -46 42 0
      vertex -44.5 41.134 0
      vertex -44.5933 41.0865 0
    endloop
  endfacet
  facet normal 0 0 -1
    outer loop
      vertex -46 42 0
      vertex -44.5933 41.0865 0
      vertex -44.691 41.0489 0
    endloop
  endfacet
  facet normal 0 0 -1
    outer loop
      vertex -46 42 0
      vertex -44.691 41.0489 0
      vertex -44.7921 41.0219 0
    endloop
  endfacet
  facet normal 0 0 -1
    outer loop
      vertex -46 42 0
      vertex -44.7921 41.0219 0
      vertex -44.8955 41.0055 0
    endloop
  endfacet
  facet normal 0 0 -1
    outer loop
      vertex -46 42 0
      vertex -44.8955 41.0055 0
      vertex -45 41 0
    endloop
  endfacet
  facet normal 0 0 -1
    outer loop
      vertex -46 42 0
      vertex -45 41 0
      vertex -45.1045 41.0055 0
    endloop
  endfacet
  facet normal 0 0 -1
    outer loop
      vertex -46 42 0
      vertex -45.1045 41.0055 0
      vertex -45.2079 41.0219 0
    endloop
  endfacet
  facet normal 0 0 -1
    outer loop
      vertex -46 42 0
      vertex -45.2079 41.0219 0
      vertex -45.309 41.0489 0
    endloop
  endfacet
  facet normal 0 0 -1
    outer loop
      vertex -46 42 0
      vertex -45.309 41.0489 0
      vertex -45.4067 41.0865 0
    endloop
  endfacet
  facet normal 0 0 -1
    outer loop
      vertex -46 42 0
      vertex -45.4067 41.0865 0
      vertex -45.5 41.134 0
    endloop
  endfacet
  facet normal 0 0 -1
    outer loop
      vertex -46 42 0
      vertex -45.5 41.134 0
      vertex -45.5878 41.191 0
    endloop
  endfacet
  facet normal 0 0 -1
    outer loop
      vertex -46 42 0
      vertex -45.5878 41.191 0
      vertex -45.6691 41.2569 0
    endloop
  endfacet
  facet normal 0 0 -1
    outer loop
      vertex -46 42 0
      vertex -45.6691 41.2569 0
      vertex -45.7431 41.3309 0
    endloop
  endfacet
  facet normal 0 0 -1
    outer loop
      vertex -46 42 0
      vertex -45.7431 41.3309 0
      vertex -45.809 41.4122 0
    endloop
  endfacet
  facet normal 0 0 -1
    outer loop
      vertex -46 42 0
      vertex -45.809 41.4122 0
      vertex -45.866 41.5 0
    endloop
  endfacet
  facet normal 0 0 -1
    outer loop
      vertex -46 42 0
      vertex -45.866 41.5 0
      vertex -45.9135 41.5933 0
    endloop
  endfacet
  facet normal 0 0 -1
    outer loop
      vertex -46 42 0
      vertex -45.9135 41.5933 0
      vertex -45.9511 41.691 0
    endloop
  endfacet
  facet normal 0 0 -1
    outer loop
      vertex -46 42 0
      vertex -45.9511 41.691 0
      vertex -45.9781 41.7921 0
    endloop
  endfacet
  facet normal 0 0 -1
    outer loop
      vertex -46 42 0
      vertex -45.9781 41.7921 0
      vertex -45.9945 41.8955 0
    endloop
  endfacet
  facet normal 0 0 -1
    outer loop
      vertex -44 42 0
      vertex -46 42 0
      vertex -46 43.2462 0
    endloop
  endfacet
  facet normal 0 0 -1
    outer loop
      vertex -46 44.9321 0
      vertex -44 44.9321 0
      vertex -46 43.2462 0
    endloop
  endfacet
  facet normal 0 0 -1
    outer loop
      vertex -44 44.9321 0
      vertex -46 44.9321 0
      vertex -44 46 0
    endloop
  endfacet
  facet normal 0 0 -1
    outer loop
      vertex -46 46 0
      vertex -44 46 0
      vertex -46 44.9321 0
    endloop
  endfacet
  facet normal 0 0 -1
    outer loop
      vertex -55 50 0
      vertex -44 46 0
      vertex -46 46 0
    endloop
  endfacet
  facet normal 0 0 -1
    outer loop
      vertex -55 50 0
      vertex -46 46 0
      vertex -55 46 0
    endloop
  endfacet
  facet normal 0 0 -1
    outer loop
      vertex -44 46 0
      vertex -55 50 0
      vertex 55 50 0
    endloop
  endfacet
  facet normal 0 0 -1
    outer loop
      vertex -47.0743 44.3037 0
      vertex -46 43.2462 0
      vertex -46.0706 43.189 0
    endloop
  endfacet
  facet normal 0 0 -1
    outer loop
      vertex -47.0743 44.3037 0
      vertex -46.0706 43.189 0
      vertex -46.189 43.0706 0
    endloop
  endfacet
  facet normal 0 0 -1
    outer loop
      vertex -46 43.2462 0
      vertex -46.2609 44.832 0
      vertex -46 44.9321 0
    endloop
  endfacet
  facet normal 0 0 -1
    outer loop
      vertex -47.3037 44.0743 0
      vertex -46.189 43.0706 0
      vertex -46.2944 42.9405 0
    endloop
  endfacet
  facet normal 0 0 -1
    outer loop
      vertex -47.5079 43.8221 0
      vertex -46.2944 42.9405 0
      vertex -46.3856 42.8 0
    endloop
  endfacet
  facet normal 0 0 -1
    outer loop
      vertex -47.6847 43.55 0
      vertex -46.3856 42.8 0
      vertex -46.4617 42.6508 0
    endloop
  endfacet
  facet normal 0 0 -1
    outer loop
      vertex -47.832 43.2609 0
      vertex -46.4617 42.6508 0
      vertex -46.5217 42.4944 0
    endloop
  endfacet
  facet normal 0 0 -1
    outer loop
      vertex -46 43.2462 0
      vertex -46.55 44.6847 0
      vertex -46.2609 44.832 0
    endloop
  endfacet
  facet normal 0 0 -1
    outer loop
      vertex -47.9483 42.958 0
      vertex -46.5217 42.4944 0
      vertex -46.565 42.3327 0
    endloop
  endfacet
  facet normal 0 0 -1
    outer loop
      vertex -48.0323 42.6445 0
      vertex -46.565 42.3327 0
      vertex -46.5912 42.1672 0
    endloop
  endfacet
  facet normal 0 0 -1
    outer loop
      vertex -48.083 42.324 0
      vertex -46.5912 42.1672 0
      vertex -46.6 42 0
    endloop
  endfacet
  facet normal 0 0 -1
    outer loop
      vertex -47.832 40.7391 0
      vertex -46.4617 41.3492 0
      vertex -47.6847 40.45 0
    endloop
  endfacet
  facet normal 0 0 -1
    outer loop
      vertex -46 43.2462 0
      vertex -46.8221 44.5079 0
      vertex -46.55 44.6847 0
    endloop
  endfacet
  facet normal -0 0 -1
    outer loop
      vertex -46.4617 41.3492 0
      vertex -47.832 40.7391 0
      vertex -46.5217 41.5056 0
    endloop
  endfacet
  facet normal 0 0 -1
    outer loop
      vertex -46 43.2462 0
      vertex -47.0743 44.3037 0
      vertex -46.8221 44.5079 0
    endloop
  endfacet
  facet normal 0 0 -1
    outer loop
      vertex -47.9483 41.042 0
      vertex -46.5217 41.5056 0
      vertex -47.832 40.7391 0
    endloop
  endfacet
  facet normal 0 0 -1
    outer loop
      vertex -46.189 43.0706 0
      vertex -47.3037 44.0743 0
      vertex -47.0743 44.3037 0
    endloop
  endfacet
  facet normal -0 0 -1
    outer loop
      vertex -46.5217 41.5056 0
      vertex -47.9483 41.042 0
      vertex -46.565 41.6673 0
    endloop
  endfacet
  facet normal 0 0 -1
    outer loop
      vertex -46.2944 42.9405 0
      vertex -47.5079 43.8221 0
      vertex -47.3037 44.0743 0
    endloop
  endfacet
  facet normal 0 0 -1
    outer loop
      vertex -48.0323 41.3555 0
      vertex -46.565 41.6673 0
      vertex -47.9483 41.042 0
    endloop
  endfacet
  facet normal 0 0 -1
    outer loop
      vertex -46.3856 42.8 0
      vertex -47.6847 43.55 0
      vertex -47.5079 43.8221 0
    endloop
  endfacet
  facet normal -0 0 -1
    outer loop
      vertex -46.565 41.6673 0
      vertex -48.0323 41.3555 0
      vertex -46.5912 41.8328 0
    endloop
  endfacet
  facet normal 0 0 -1
    outer loop
      vertex -46.4617 42.6508 0
      vertex -47.832 43.2609 0
      vertex -47.6847 43.55 0
    endloop
  endfacet
  facet normal 0 0 -1
    outer loop
      vertex -48.083 41.676 0
      vertex -46.5912 41.8328 0
      vertex -48.0323 41.3555 0
    endloop
  endfacet
  facet normal 0 0 -1
    outer loop
      vertex -46.5217 42.4944 0
      vertex -47.9483 42.958 0
      vertex -47.832 43.2609 0
    endloop
  endfacet
  facet normal -0 0 -1
    outer loop
      vertex -46.5912 41.8328 0
      vertex -48.083 41.676 0
      vertex -46.6 42 0
    endloop
  endfacet
  facet normal 0 0 -1
    outer loop
      vertex -46.565 42.3327 0
      vertex -48.0323 42.6445 0
      vertex -47.9483 42.958 0
    endloop
  endfacet
  facet normal 0 0 -1
    outer loop
      vertex -48.1 42 0
      vertex -46.6 42 0
      vertex -48.083 41.676 0
    endloop
  endfacet
  facet normal 0 0 -1
    outer loop
      vertex -46.5912 42.1672 0
      vertex -48.083 42.324 0
      vertex -48.0323 42.6445 0
    endloop
  endfacet
  facet normal 0 0 -1
    outer loop
      vertex -46.6 42 0
      vertex -48.1 42 0
      vertex -48.083 42.324 0
    endloop
  endfacet
  facet normal 0 0 -1
    outer loop
      vertex 42.9257 44.3037 0
      vertex 44 43.2462 0
      vertex 43.9294 43.189 0
    endloop
  endfacet
  facet normal 0 0 -1
    outer loop
      vertex 42.9257 44.3037 0
      vertex 43.9294 43.189 0
      vertex 43.811 43.0706 0
    endloop
  endfacet
  facet normal 0 0 -1
    outer loop
      vertex 44 43.2462 0
      vertex 43.7391 44.832 0
      vertex 44 44.9321 0
    endloop
  endfacet
  facet normal 0 0 -1
    outer loop
      vertex 42.6963 44.0743 0
      vertex 43.811 43.0706 0
      vertex 43.7056 42.9405 0
    endloop
  endfacet
  facet normal 0 0 -1
    outer loop
      vertex 42.4921 43.8221 0
      vertex 43.7056 42.9405 0
      vertex 43.6144 42.8 0
    endloop
  endfacet
  facet normal 0 0 -1
    outer loop
      vertex 42.3153 43.55 0
      vertex 43.6144 42.8 0
      vertex 43.5383 42.6508 0
    endloop
  endfacet
  facet normal 0 0 -1
    outer loop
      vertex 42.168 43.2609 0
      vertex 43.5383 42.6508 0
      vertex 43.4783 42.4944 0
    endloop
  endfacet
  facet normal 0 0 -1
    outer loop
      vertex 44 43.2462 0
      vertex 43.45 44.6847 0
      vertex 43.7391 44.832 0
    endloop
  endfacet
  facet normal 0 0 -1
    outer loop
      vertex 42.0517 42.958 0
      vertex 43.4783 42.4944 0
      vertex 43.435 42.3327 0
    endloop
  endfacet
  facet normal 0 0 -1
    outer loop
      vertex 41.9677 42.6445 0
      vertex 43.435 42.3327 0
      vertex 43.4088 42.1672 0
    endloop
  endfacet
  facet normal 0 0 -1
    outer loop
      vertex 41.917 42.324 0
      vertex 43.4088 42.1672 0
      vertex 43.4 42 0
    endloop
  endfacet
  facet normal 0 0 -1
    outer loop
      vertex 42.168 40.7391 0
      vertex 43.5383 41.3492 0
      vertex 42.3153 40.45 0
    endloop
  endfacet
  facet normal 0 0 -1
    outer loop
      vertex 44 43.2462 0
      vertex 43.1779 44.5079 0
      vertex 43.45 44.6847 0
    endloop
  endfacet
  facet normal -0 0 -1
    outer loop
      vertex 43.5383 41.3492 0
      vertex 42.168 40.7391 0
      vertex 43.4783 41.5056 0
    endloop
  endfacet
  facet normal 0 0 -1
    outer loop
      vertex 44 43.2462 0
      vertex 42.9257 44.3037 0
      vertex 43.1779 44.5079 0
    endloop
  endfacet
  facet normal 0 0 -1
    outer loop
      vertex 42.0517 41.042 0
      vertex 43.4783 41.5056 0
      vertex 42.168 40.7391 0
    endloop
  endfacet
  facet normal 0 0 -1
    outer loop
      vertex 43.811 43.0706 0
      vertex 42.6963 44.0743 0
      vertex 42.9257 44.3037 0
    endloop
  endfacet
  facet normal -0 0 -1
    outer loop
      vertex 43.4783 41.5056 0
      vertex 42.0517 41.042 0
      vertex 43.435 41.6673 0
    endloop
  endfacet
  facet normal 0 0 -1
    outer loop
      vertex 43.7056 42.9405 0
      vertex 42.4921 43.8221 0
      vertex 42.6963 44.0743 0
    endloop
  endfacet
  facet normal 0 0 -1
    outer loop
      vertex 41.9677 41.3555 0
      vertex 43.435 41.6673 0
      vertex 42.0517 41.042 0
    endloop
  endfacet
  facet normal 0 0 -1
    outer loop
      vertex 43.6144 42.8 0
      vertex 42.3153 43.55 0
      vertex 42.4921 43.8221 0
    endloop
  endfacet
  facet normal -0 0 -1
    outer loop
      vertex 43.435 41.6673 0
      vertex 41.9677 41.3555 0
      vertex 43.4088 41.8328 0
    endloop
  endfacet
  facet normal 0 0 -1
    outer loop
      vertex 43.5383 42.6508 0
      vertex 42.168 43.2609 0
      vertex 42.3153 43.55 0
    endloop
  endfacet
  facet normal 0 0 -1
    outer loop
      vertex 41.917 41.676 0
      vertex 43.4088 41.8328 0
      vertex 41.9677 41.3555 0
    endloop
  endfacet
  facet normal 0 0 -1
    outer loop
      vertex 43.4783 42.4944 0
      vertex 42.0517 42.958 0
      vertex 42.168 43.2609 0
    endloop
  endfacet
  facet normal -0 0 -1
    outer loop
      vertex 43.4088 41.8328 0
      vertex 41.917 41.676 0
      vertex 43.4 42 0
    endloop
  endfacet
  facet normal 0 0 -1
    outer loop
      vertex 43.435 42.3327 0
      vertex 41.9677 42.6445 0
      vertex 42.0517 42.958 0
    endloop
  endfacet
  facet normal 0 0 -1
    outer loop
      vertex 41.9 42 0
      vertex 43.4 42 0
      vertex 41.917 41.676 0
    endloop
  endfacet
  facet normal 0 0 -1
    outer loop
      vertex 43.4088 42.1672 0
      vertex 41.917 42.324 0
      vertex 41.9677 42.6445 0
    endloop
  endfacet
  facet normal 0 0 -1
    outer loop
      vertex 43.4 42 0
      vertex 41.9 42 0
      vertex 41.917 42.324 0
    endloop
  endfacet
  facet normal 0 0 -1
    outer loop
      vertex -46.2609 -44.832 0
      vertex -46 -43.2462 0
      vertex -46 -44.9321 0
    endloop
  endfacet
  facet normal 0 0 -1
    outer loop
      vertex -46.55 -44.6847 0
      vertex -46 -43.2462 0
      vertex -46.2609 -44.832 0
    endloop
  endfacet
  facet normal 0 0 -1
    outer loop
      vertex -46.8221 -44.5079 0
      vertex -46 -43.2462 0
      vertex -46.55 -44.6847 0
    endloop
  endfacet
  facet normal 0 0 -1
    outer loop
      vertex -47.0743 -44.3037 0
      vertex -46 -43.2462 0
      vertex -46.8221 -44.5079 0
    endloop
  endfacet
  facet normal -0 0 -1
    outer loop
      vertex -46 -43.2462 0
      vertex -47.0743 -44.3037 0
      vertex -46.0706 -43.189 0
    endloop
  endfacet
  facet normal -0 0 -1
    outer loop
      vertex -46.0706 -43.189 0
      vertex -47.0743 -44.3037 0
      vertex -46.189 -43.0706 0
    endloop
  endfacet
  facet normal 0 0 -1
    outer loop
      vertex -47.3037 -44.0743 0
      vertex -46.189 -43.0706 0
      vertex -47.0743 -44.3037 0
    endloop
  endfacet
  facet normal -0 0 -1
    outer loop
      vertex -46.189 -43.0706 0
      vertex -47.3037 -44.0743 0
      vertex -46.2944 -42.9405 0
    endloop
  endfacet
  facet normal 0 0 -1
    outer loop
      vertex -47.5079 -43.8221 0
      vertex -46.2944 -42.9405 0
      vertex -47.3037 -44.0743 0
    endloop
  endfacet
  facet normal -0 0 -1
    outer loop
      vertex -46.2944 -42.9405 0
      vertex -47.5079 -43.8221 0
      vertex -46.3856 -42.8 0
    endloop
  endfacet
  facet normal 0 0 -1
    outer loop
      vertex -47.6847 -43.55 0
      vertex -46.3856 -42.8 0
      vertex -47.5079 -43.8221 0
    endloop
  endfacet
  facet normal -0 0 -1
    outer loop
      vertex -46.3856 -42.8 0
      vertex -47.6847 -43.55 0
      vertex -46.4617 -42.6508 0
    endloop
  endfacet
  facet normal 0 0 -1
    outer loop
      vertex -43.4 -42 0
      vertex -41.9 -42 0
      vertex -41.917 -42.324 0
    endloop
  endfacet
  facet normal 0 0 -1
    outer loop
      vertex -43.4088 -42.1672 0
      vertex -41.917 -42.324 0
      vertex -41.9677 -42.6445 0
    endloop
  endfacet
  facet normal 0 0 -1
    outer loop
      vertex -41.9 -42 0
      vertex -43.4 -42 0
      vertex -41.917 -41.676 0
    endloop
  endfacet
  facet normal 0 0 -1
    outer loop
      vertex -43.435 -42.3327 0
      vertex -41.9677 -42.6445 0
      vertex -42.0517 -42.958 0
    endloop
  endfacet
  facet normal 0 0 -1
    outer loop
      vertex -43.4088 -41.8328 0
      vertex -41.917 -41.676 0
      vertex -43.4 -42 0
    endloop
  endfacet
  facet normal 0 0 -1
    outer loop
      vertex -43.4783 -42.4944 0
      vertex -42.0517 -42.958 0
      vertex -42.168 -43.2609 0
    endloop
  endfacet
  facet normal -0 0 -1
    outer loop
      vertex -41.917 -41.676 0
      vertex -43.4088 -41.8328 0
      vertex -41.9677 -41.3555 0
    endloop
  endfacet
  facet normal 0 0 -1
    outer loop
      vertex -43.5383 -42.6508 0
      vertex -42.168 -43.2609 0
      vertex -42.3153 -43.55 0
    endloop
  endfacet
  facet normal 0 0 -1
    outer loop
      vertex -43.435 -41.6673 0
      vertex -41.9677 -41.3555 0
      vertex -43.4088 -41.8328 0
    endloop
  endfacet
  facet normal 0 0 -1
    outer loop
      vertex -43.6144 -42.8 0
      vertex -42.3153 -43.55 0
      vertex -42.4921 -43.8221 0
    endloop
  endfacet
  facet normal -0 0 -1
    outer loop
      vertex -41.9677 -41.3555 0
      vertex -43.435 -41.6673 0
      vertex -42.0517 -41.042 0
    endloop
  endfacet
  facet normal 0 0 -1
    outer loop
      vertex -43.7056 -42.9405 0
      vertex -42.4921 -43.8221 0
      vertex -42.6963 -44.0743 0
    endloop
  endfacet
  facet normal 0 0 -1
    outer loop
      vertex -43.4783 -41.5056 0
      vertex -42.0517 -41.042 0
      vertex -43.435 -41.6673 0
    endloop
  endfacet
  facet normal 0 0 -1
    outer loop
      vertex -43.811 -43.0706 0
      vertex -42.6963 -44.0743 0
      vertex -42.9257 -44.3037 0
    endloop
  endfacet
  facet normal -0 0 -1
    outer loop
      vertex -42.0517 -41.042 0
      vertex -43.4783 -41.5056 0
      vertex -42.168 -40.7391 0
    endloop
  endfacet
  facet normal 0 0 -1
    outer loop
      vertex -44 -43.2462 0
      vertex -42.9257 -44.3037 0
      vertex -43.1779 -44.5079 0
    endloop
  endfacet
  facet normal 0 0 -1
    outer loop
      vertex -43.5383 -41.3492 0
      vertex -42.168 -40.7391 0
      vertex -43.4783 -41.5056 0
    endloop
  endfacet
  facet normal -0 0 -1
    outer loop
      vertex -42.168 -40.7391 0
      vertex -43.5383 -41.3492 0
      vertex -42.3153 -40.45 0
    endloop
  endfacet
  facet normal 0 0 -1
    outer loop
      vertex -41.917 -42.324 0
      vertex -43.4088 -42.1672 0
      vertex -43.4 -42 0
    endloop
  endfacet
  facet normal 0 0 -1
    outer loop
      vertex -41.9677 -42.6445 0
      vertex -43.435 -42.3327 0
      vertex -43.4088 -42.1672 0
    endloop
  endfacet
  facet normal 0 0 -1
    outer loop
      vertex -44 -43.2462 0
      vertex -43.1779 -44.5079 0
      vertex -43.45 -44.6847 0
    endloop
  endfacet
  facet normal 0 0 -1
    outer loop
      vertex -42.0517 -42.958 0
      vertex -43.4783 -42.4944 0
      vertex -43.435 -42.3327 0
    endloop
  endfacet
  facet normal 0 0 -1
    outer loop
      vertex -42.168 -43.2609 0
      vertex -43.5383 -42.6508 0
      vertex -43.4783 -42.4944 0
    endloop
  endfacet
  facet normal 0 0 -1
    outer loop
      vertex -42.3153 -43.55 0
      vertex -43.6144 -42.8 0
      vertex -43.5383 -42.6508 0
    endloop
  endfacet
  facet normal 0 0 -1
    outer loop
      vertex -42.4921 -43.8221 0
      vertex -43.7056 -42.9405 0
      vertex -43.6144 -42.8 0
    endloop
  endfacet
  facet normal 0 0 -1
    outer loop
      vertex -44 -43.2462 0
      vertex -43.45 -44.6847 0
      vertex -43.7391 -44.832 0
    endloop
  endfacet
  facet normal 0 0 -1
    outer loop
      vertex -42.6963 -44.0743 0
      vertex -43.811 -43.0706 0
      vertex -43.7056 -42.9405 0
    endloop
  endfacet
  facet normal 0 0 -1
    outer loop
      vertex -42.9257 -44.3037 0
      vertex -43.9294 -43.189 0
      vertex -43.811 -43.0706 0
    endloop
  endfacet
  facet normal 0 0 -1
    outer loop
      vertex -44 -43.2462 0
      vertex -43.7391 -44.832 0
      vertex -44 -44.9321 0
    endloop
  endfacet
  facet normal 0 0 -1
    outer loop
      vertex -42.9257 -44.3037 0
      vertex -44 -43.2462 0
      vertex -43.9294 -43.189 0
    endloop
  endfacet
  facet normal 0 0 -1
    outer loop
      vertex -43.6144 -41.2 0
      vertex -42.3153 -40.45 0
      vertex -43.5383 -41.3492 0
    endloop
  endfacet
  facet normal -0 0 -1
    outer loop
      vertex -42.3153 -40.45 0
      vertex -43.6144 -41.2 0
      vertex -42.4921 -40.1779 0
    endloop
  endfacet
  facet normal 0 0 -1
    outer loop
      vertex -43.7056 -41.0595 0
      vertex -42.4921 -40.1779 0
      vertex -43.6144 -41.2 0
    endloop
  endfacet
  facet normal -0 0 -1
    outer loop
      vertex -42.4921 -40.1779 0
      vertex -43.7056 -41.0595 0
      vertex -42.6963 -39.9257 0
    endloop
  endfacet
  facet normal 0 0 -1
    outer loop
      vertex -43.811 -40.9294 0
      vertex -42.6963 -39.9257 0
      vertex -43.7056 -41.0595 0
    endloop
  endfacet
  facet normal -0 0 -1
    outer loop
      vertex -42.6963 -39.9257 0
      vertex -43.811 -40.9294 0
      vertex -42.9257 -39.6963 0
    endloop
  endfacet
  facet normal 0 0 -1
    outer loop
      vertex -43.9294 -40.811 0
      vertex -42.9257 -39.6963 0
      vertex -43.811 -40.9294 0
    endloop
  endfacet
  facet normal -0 0 -1
    outer loop
      vertex -42.9257 -39.6963 0
      vertex -43.9294 -40.811 0
      vertex -43.1779 -39.4921 0
    endloop
  endfacet
  facet normal 0 0 -1
    outer loop
      vertex -44.0595 -40.7056 0
      vertex -43.1779 -39.4921 0
      vertex -43.9294 -40.811 0
    endloop
  endfacet
  facet normal -0 0 -1
    outer loop
      vertex -43.1779 -39.4921 0
      vertex -44.0595 -40.7056 0
      vertex -43.45 -39.3153 0
    endloop
  endfacet
  facet normal 0 0 -1
    outer loop
      vertex -44.2 -40.6144 0
      vertex -43.45 -39.3153 0
      vertex -44.0595 -40.7056 0
    endloop
  endfacet
  facet normal -0 0 -1
    outer loop
      vertex -43.45 -39.3153 0
      vertex -44.2 -40.6144 0
      vertex -43.7391 -39.168 0
    endloop
  endfacet
  facet normal 0 0 -1
    outer loop
      vertex -44.3492 -40.5383 0
      vertex -43.7391 -39.168 0
      vertex -44.2 -40.6144 0
    endloop
  endfacet
  facet normal -0 0 -1
    outer loop
      vertex -43.7391 -39.168 0
      vertex -44.3492 -40.5383 0
      vertex -44.042 -39.0517 0
    endloop
  endfacet
  facet normal 0 0 -1
    outer loop
      vertex -44.5056 -40.4783 0
      vertex -44.042 -39.0517 0
      vertex -44.3492 -40.5383 0
    endloop
  endfacet
  facet normal -0 0 -1
    outer loop
      vertex -44.042 -39.0517 0
      vertex -44.5056 -40.4783 0
      vertex -44.3555 -38.9677 0
    endloop
  endfacet
  facet normal 0 0 -1
    outer loop
      vertex -44.6673 -40.435 0
      vertex -44.3555 -38.9677 0
      vertex -44.5056 -40.4783 0
    endloop
  endfacet
  facet normal 0 0 -1
    outer loop
      vertex -44.6673 -40.435 0
      vertex -44.676 -38.917 0
      vertex -44.3555 -38.9677 0
    endloop
  endfacet
  facet normal 0 0 -1
    outer loop
      vertex -44.8328 -40.4088 0
      vertex -44.676 -38.917 0
      vertex -44.6673 -40.435 0
    endloop
  endfacet
  facet normal 0 0 -1
    outer loop
      vertex -45 -40.4 0
      vertex -44.676 -38.917 0
      vertex -44.8328 -40.4088 0
    endloop
  endfacet
  facet normal 0 0 -1
    outer loop
      vertex -45 -40.4 0
      vertex -45 -38.9 0
      vertex -44.676 -38.917 0
    endloop
  endfacet
  facet normal 0 0 -1
    outer loop
      vertex -45.1672 -40.4088 0
      vertex -45 -38.9 0
      vertex -45 -40.4 0
    endloop
  endfacet
  facet normal 0 0 -1
    outer loop
      vertex -45.1672 -40.4088 0
      vertex -45.324 -38.917 0
      vertex -45 -38.9 0
    endloop
  endfacet
  facet normal 0 0 -1
    outer loop
      vertex -45.3327 -40.435 0
      vertex -45.324 -38.917 0
      vertex -45.1672 -40.4088 0
    endloop
  endfacet
  facet normal 0 0 -1
    outer loop
      vertex -45.6445 -38.9677 0
      vertex -45.3327 -40.435 0
      vertex -45.4944 -40.4783 0
    endloop
  endfacet
  facet normal 0 0 -1
    outer loop
      vertex -45.3327 -40.435 0
      vertex -45.6445 -38.9677 0
      vertex -45.324 -38.917 0
    endloop
  endfacet
  facet normal 0 0 -1
    outer loop
      vertex -45.958 -39.0517 0
      vertex -45.4944 -40.4783 0
      vertex -45.6508 -40.5383 0
    endloop
  endfacet
  facet normal 0 0 -1
    outer loop
      vertex -46.2609 -39.168 0
      vertex -45.6508 -40.5383 0
      vertex -45.8 -40.6144 0
    endloop
  endfacet
  facet normal 0 0 -1
    outer loop
      vertex -46.55 -39.3153 0
      vertex -45.8 -40.6144 0
      vertex -45.9405 -40.7056 0
    endloop
  endfacet
  facet normal 0 0 -1
    outer loop
      vertex -45.4944 -40.4783 0
      vertex -45.958 -39.0517 0
      vertex -45.6445 -38.9677 0
    endloop
  endfacet
  facet normal 0 0 -1
    outer loop
      vertex -46.8221 -39.4921 0
      vertex -45.9405 -40.7056 0
      vertex -46.0706 -40.811 0
    endloop
  endfacet
  facet normal 0 0 -1
    outer loop
      vertex -47.0743 -39.6963 0
      vertex -46.0706 -40.811 0
      vertex -46.189 -40.9294 0
    endloop
  endfacet
  facet normal 0 0 -1
    outer loop
      vertex -45.6508 -40.5383 0
      vertex -46.2609 -39.168 0
      vertex -45.958 -39.0517 0
    endloop
  endfacet
  facet normal 0 0 -1
    outer loop
      vertex -47.3037 -39.9257 0
      vertex -46.189 -40.9294 0
      vertex -46.2944 -41.0595 0
    endloop
  endfacet
  facet normal 0 0 -1
    outer loop
      vertex -47.5079 -40.1779 0
      vertex -46.2944 -41.0595 0
      vertex -46.3856 -41.2 0
    endloop
  endfacet
  facet normal 0 0 -1
    outer loop
      vertex -47.6847 -40.45 0
      vertex -46.3856 -41.2 0
      vertex -46.4617 -41.3492 0
    endloop
  endfacet
  facet normal 0 0 -1
    outer loop
      vertex -47.832 -40.7391 0
      vertex -46.4617 -41.3492 0
      vertex -46.5217 -41.5056 0
    endloop
  endfacet
  facet normal 0 0 -1
    outer loop
      vertex -45.8 -40.6144 0
      vertex -46.55 -39.3153 0
      vertex -46.2609 -39.168 0
    endloop
  endfacet
  facet normal 0 0 -1
    outer loop
      vertex -47.9483 -41.042 0
      vertex -46.5217 -41.5056 0
      vertex -46.565 -41.6673 0
    endloop
  endfacet
  facet normal 0 0 -1
    outer loop
      vertex -48.0323 -41.3555 0
      vertex -46.565 -41.6673 0
      vertex -46.5912 -41.8328 0
    endloop
  endfacet
  facet normal 0 0 -1
    outer loop
      vertex -48.083 -41.676 0
      vertex -46.5912 -41.8328 0
      vertex -46.6 -42 0
    endloop
  endfacet
  facet normal 0 0 -1
    outer loop
      vertex -47.832 -43.2609 0
      vertex -46.4617 -42.6508 0
      vertex -47.6847 -43.55 0
    endloop
  endfacet
  facet normal 0 0 -1
    outer loop
      vertex -45.9405 -40.7056 0
      vertex -46.8221 -39.4921 0
      vertex -46.55 -39.3153 0
    endloop
  endfacet
  facet normal -0 0 -1
    outer loop
      vertex -46.4617 -42.6508 0
      vertex -47.832 -43.2609 0
      vertex -46.5217 -42.4944 0
    endloop
  endfacet
  facet normal 0 0 -1
    outer loop
      vertex -46.0706 -40.811 0
      vertex -47.0743 -39.6963 0
      vertex -46.8221 -39.4921 0
    endloop
  endfacet
  facet normal 0 0 -1
    outer loop
      vertex -47.9483 -42.958 0
      vertex -46.5217 -42.4944 0
      vertex -47.832 -43.2609 0
    endloop
  endfacet
  facet normal 0 0 -1
    outer loop
      vertex -46.189 -40.9294 0
      vertex -47.3037 -39.9257 0
      vertex -47.0743 -39.6963 0
    endloop
  endfacet
  facet normal -0 0 -1
    outer loop
      vertex -46.5217 -42.4944 0
      vertex -47.9483 -42.958 0
      vertex -46.565 -42.3327 0
    endloop
  endfacet
  facet normal 0 0 -1
    outer loop
      vertex -46.2944 -41.0595 0
      vertex -47.5079 -40.1779 0
      vertex -47.3037 -39.9257 0
    endloop
  endfacet
  facet normal 0 0 -1
    outer loop
      vertex -48.0323 -42.6445 0
      vertex -46.565 -42.3327 0
      vertex -47.9483 -42.958 0
    endloop
  endfacet
  facet normal 0 0 -1
    outer loop
      vertex -46.3856 -41.2 0
      vertex -47.6847 -40.45 0
      vertex -47.5079 -40.1779 0
    endloop
  endfacet
  facet normal -0 0 -1
    outer loop
      vertex -46.565 -42.3327 0
      vertex -48.0323 -42.6445 0
      vertex -46.5912 -42.1672 0
    endloop
  endfacet
  facet normal 0 0 -1
    outer loop
      vertex -46.4617 -41.3492 0
      vertex -47.832 -40.7391 0
      vertex -47.6847 -40.45 0
    endloop
  endfacet
  facet normal 0 0 -1
    outer loop
      vertex -48.083 -42.324 0
      vertex -46.5912 -42.1672 0
      vertex -48.0323 -42.6445 0
    endloop
  endfacet
  facet normal 0 0 -1
    outer loop
      vertex -46.5217 -41.5056 0
      vertex -47.9483 -41.042 0
      vertex -47.832 -40.7391 0
    endloop
  endfacet
  facet normal -0 0 -1
    outer loop
      vertex -46.5912 -42.1672 0
      vertex -48.083 -42.324 0
      vertex -46.6 -42 0
    endloop
  endfacet
  facet normal 0 0 -1
    outer loop
      vertex -46.565 -41.6673 0
      vertex -48.0323 -41.3555 0
      vertex -47.9483 -41.042 0
    endloop
  endfacet
  facet normal 0 0 -1
    outer loop
      vertex -48.1 -42 0
      vertex -46.6 -42 0
      vertex -48.083 -42.324 0
    endloop
  endfacet
  facet normal 0 0 -1
    outer loop
      vertex -46.5912 -41.8328 0
      vertex -48.083 -41.676 0
      vertex -48.0323 -41.3555 0
    endloop
  endfacet
  facet normal 0 0 -1
    outer loop
      vertex -46.6 -42 0
      vertex -48.1 -42 0
      vertex -48.083 -41.676 0
    endloop
  endfacet
  facet normal 0 0 -1
    outer loop
      vertex -46 -43.2462 0
      vertex -44 -43.2462 0
      vertex -46 -44.9321 0
    endloop
  endfacet
  facet normal 0 0 -1
    outer loop
      vertex -46 -42 0
      vertex -44 -43.2462 0
      vertex -46 -43.2462 0
    endloop
  endfacet
  facet normal 0 0 -1
    outer loop
      vertex -44 -43.2462 0
      vertex -46 -42 0
      vertex -45.9945 -41.8955 0
    endloop
  endfacet
  facet normal 0 0 -1
    outer loop
      vertex 43.7391 -44.832 0
      vertex 44 -43.2462 0
      vertex 44 -44.9321 0
    endloop
  endfacet
  facet normal 0 0 -1
    outer loop
      vertex 43.45 -44.6847 0
      vertex 44 -43.2462 0
      vertex 43.7391 -44.832 0
    endloop
  endfacet
  facet normal 0 0 -1
    outer loop
      vertex 43.1779 -44.5079 0
      vertex 44 -43.2462 0
      vertex 43.45 -44.6847 0
    endloop
  endfacet
  facet normal 0 0 -1
    outer loop
      vertex 42.9257 -44.3037 0
      vertex 44 -43.2462 0
      vertex 43.1779 -44.5079 0
    endloop
  endfacet
  facet normal -0 0 -1
    outer loop
      vertex 44 -43.2462 0
      vertex 42.9257 -44.3037 0
      vertex 43.9294 -43.189 0
    endloop
  endfacet
  facet normal -0 0 -1
    outer loop
      vertex 43.9294 -43.189 0
      vertex 42.9257 -44.3037 0
      vertex 43.811 -43.0706 0
    endloop
  endfacet
  facet normal 0 0 -1
    outer loop
      vertex 42.6963 -44.0743 0
      vertex 43.811 -43.0706 0
      vertex 42.9257 -44.3037 0
    endloop
  endfacet
  facet normal -0 0 -1
    outer loop
      vertex 43.811 -43.0706 0
      vertex 42.6963 -44.0743 0
      vertex 43.7056 -42.9405 0
    endloop
  endfacet
  facet normal 0 0 -1
    outer loop
      vertex 42.4921 -43.8221 0
      vertex 43.7056 -42.9405 0
      vertex 42.6963 -44.0743 0
    endloop
  endfacet
  facet normal -0 0 -1
    outer loop
      vertex 43.7056 -42.9405 0
      vertex 42.4921 -43.8221 0
      vertex 43.6144 -42.8 0
    endloop
  endfacet
  facet normal 0 0 -1
    outer loop
      vertex 42.3153 -43.55 0
      vertex 43.6144 -42.8 0
      vertex 42.4921 -43.8221 0
    endloop
  endfacet
  facet normal -0 0 -1
    outer loop
      vertex 43.6144 -42.8 0
      vertex 42.3153 -43.55 0
      vertex 43.5383 -42.6508 0
    endloop
  endfacet
  facet normal 0 0 -1
    outer loop
      vertex 55 -50 0
      vertex 46 -46 0
      vertex 55 -46 0
    endloop
  endfacet
  facet normal 0 0 -1
    outer loop
      vertex 44 -44.9321 0
      vertex 46 -44.9321 0
      vertex 46 -46 0
    endloop
  endfacet
  facet normal 0 0 -1
    outer loop
      vertex 46 -44.9321 0
      vertex 44 -44.9321 0
      vertex 46 -43.2462 0
    endloop
  endfacet
  facet normal 0 0 -1
    outer loop
      vertex 46 -43.2462 0
      vertex 44 -43.2462 0
      vertex 46 -42 0
    endloop
  endfacet
  facet normal 0 0 -1
    outer loop
      vertex 44 -42 0
      vertex 46 -42 0
      vertex 44 -43.2462 0
    endloop
  endfacet
  facet normal 0 0 -1
    outer loop
      vertex 46 -42 0
      vertex 44 -42 0
      vertex 45.9945 -41.8955 0
    endloop
  endfacet
  facet normal -0 0 -1
    outer loop
      vertex 45.9945 -41.8955 0
      vertex 44 -42 0
      vertex 45.9781 -41.7921 0
    endloop
  endfacet
  facet normal -0 0 -1
    outer loop
      vertex 45.9781 -41.7921 0
      vertex 44 -42 0
      vertex 45.9511 -41.691 0
    endloop
  endfacet
  facet normal -0 0 -1
    outer loop
      vertex 45.9511 -41.691 0
      vertex 44 -42 0
      vertex 45.9135 -41.5933 0
    endloop
  endfacet
  facet normal -0 0 -1
    outer loop
      vertex 45.9135 -41.5933 0
      vertex 44 -42 0
      vertex 45.866 -41.5 0
    endloop
  endfacet
  facet normal -0 0 -1
    outer loop
      vertex 45.866 -41.5 0
      vertex 44 -42 0
      vertex 45.809 -41.4122 0
    endloop
  endfacet
  facet normal -0 0 -1
    outer loop
      vertex 45.809 -41.4122 0
      vertex 44 -42 0
      vertex 45.7431 -41.3309 0
    endloop
  endfacet
  facet normal -0 0 -1
    outer loop
      vertex 45.7431 -41.3309 0
      vertex 44 -42 0
      vertex 45.6691 -41.2569 0
    endloop
  endfacet
  facet normal -0 0 -1
    outer loop
      vertex 45.6691 -41.2569 0
      vertex 44 -42 0
      vertex 45.5878 -41.191 0
    endloop
  endfacet
  facet normal -0 0 -1
    outer loop
      vertex 45.5878 -41.191 0
      vertex 44 -42 0
      vertex 45.5 -41.134 0
    endloop
  endfacet
  facet normal -0 0 -1
    outer loop
      vertex 45.5 -41.134 0
      vertex 44 -42 0
      vertex 45.4067 -41.0865 0
    endloop
  endfacet
  facet normal -0 0 -1
    outer loop
      vertex 45.4067 -41.0865 0
      vertex 44 -42 0
      vertex 45.309 -41.0489 0
    endloop
  endfacet
  facet normal -0 0 -1
    outer loop
      vertex 45.309 -41.0489 0
      vertex 44 -42 0
      vertex 45.2079 -41.0219 0
    endloop
  endfacet
  facet normal -0 0 -1
    outer loop
      vertex 45.2079 -41.0219 0
      vertex 44 -42 0
      vertex 45.1045 -41.0055 0
    endloop
  endfacet
  facet normal -0 0 -1
    outer loop
      vertex 45.1045 -41.0055 0
      vertex 44 -42 0
      vertex 45 -41 0
    endloop
  endfacet
  facet normal 0 0 -1
    outer loop
      vertex 45 -41 0
      vertex 44 -42 0
      vertex 44.8955 -41.0055 0
    endloop
  endfacet
  facet normal 0 0 -1
    outer loop
      vertex 44.8955 -41.0055 0
      vertex 44 -42 0
      vertex 44.7921 -41.0219 0
    endloop
  endfacet
  facet normal 0 0 -1
    outer loop
      vertex 44.7921 -41.0219 0
      vertex 44 -42 0
      vertex 44.691 -41.0489 0
    endloop
  endfacet
  facet normal 0 0 -1
    outer loop
      vertex 44.691 -41.0489 0
      vertex 44 -42 0
      vertex 44.5933 -41.0865 0
    endloop
  endfacet
  facet normal 0 0 -1
    outer loop
      vertex 44.5933 -41.0865 0
      vertex 44 -42 0
      vertex 44.5 -41.134 0
    endloop
  endfacet
  facet normal 0 0 -1
    outer loop
      vertex 44.5 -41.134 0
      vertex 44 -42 0
      vertex 44.4122 -41.191 0
    endloop
  endfacet
  facet normal 0 0 -1
    outer loop
      vertex 44.4122 -41.191 0
      vertex 44 -42 0
      vertex 44.3309 -41.2569 0
    endloop
  endfacet
  facet normal 0 0 -1
    outer loop
      vertex 44.3309 -41.2569 0
      vertex 44 -42 0
      vertex 44.2569 -41.3309 0
    endloop
  endfacet
  facet normal 0 0 -1
    outer loop
      vertex 44.2569 -41.3309 0
      vertex 44 -42 0
      vertex 44.191 -41.4122 0
    endloop
  endfacet
  facet normal 0 0 -1
    outer loop
      vertex 44.134 -41.5 0
      vertex 44 -42 0
      vertex 44.0865 -41.5933 0
    endloop
  endfacet
  facet normal 0 0 -1
    outer loop
      vertex 44.0865 -41.5933 0
      vertex 44 -42 0
      vertex 44.0489 -41.691 0
    endloop
  endfacet
  facet normal 0 0 -1
    outer loop
      vertex 44.0489 -41.691 0
      vertex 44 -42 0
      vertex 44.0219 -41.7921 0
    endloop
  endfacet
  facet normal 0 0 -1
    outer loop
      vertex 44 -44.9321 0
      vertex 46 -46 0
      vertex 44 -46 0
    endloop
  endfacet
  facet normal 0 0 -1
    outer loop
      vertex 55 -50 0
      vertex 44 -46 0
      vertex 46 -46 0
    endloop
  endfacet
  facet normal 0 0 -1
    outer loop
      vertex 55 -50 0
      vertex -44 -46 0
      vertex 44 -46 0
    endloop
  endfacet
  facet normal 0 0 -1
    outer loop
      vertex -46 -46 0
      vertex -44 -44.9321 0
      vertex -44 -46 0
    endloop
  endfacet
  facet normal 0 0 -1
    outer loop
      vertex -46 -44.9321 0
      vertex -44 -44.9321 0
      vertex -46 -46 0
    endloop
  endfacet
  facet normal 0 0 -1
    outer loop
      vertex -44 -44.9321 0
      vertex -46 -44.9321 0
      vertex -44 -43.2462 0
    endloop
  endfacet
  facet normal 0 0 -1
    outer loop
      vertex -44 -42 0
      vertex -45.9945 -41.8955 0
      vertex -44.0055 -41.8955 0
    endloop
  endfacet
  facet normal 0 0 -1
    outer loop
      vertex -44.0055 -41.8955 0
      vertex -45.9945 -41.8955 0
      vertex -44.0219 -41.7921 0
    endloop
  endfacet
  facet normal -0 0 -1
    outer loop
      vertex -44.0219 -41.7921 0
      vertex -45.9945 -41.8955 0
      vertex -44.0489 -41.691 0
    endloop
  endfacet
  facet normal -0 0 -1
    outer loop
      vertex -44.0489 -41.691 0
      vertex -45.9945 -41.8955 0
      vertex -44.0865 -41.5933 0
    endloop
  endfacet
  facet normal -0 0 -1
    outer loop
      vertex -44.0865 -41.5933 0
      vertex -45.9945 -41.8955 0
      vertex -44.134 -41.5 0
    endloop
  endfacet
  facet normal -0 0 -1
    outer loop
      vertex -44.134 -41.5 0
      vertex -45.9945 -41.8955 0
      vertex -44.191 -41.4122 0
    endloop
  endfacet
  facet normal -0 0 -1
    outer loop
      vertex -44.191 -41.4122 0
      vertex -45.9945 -41.8955 0
      vertex -44.2569 -41.3309 0
    endloop
  endfacet
  facet normal -0 0 -1
    outer loop
      vertex -44.2569 -41.3309 0
      vertex -45.9945 -41.8955 0
      vertex -44.3309 -41.2569 0
    endloop
  endfacet
  facet normal -0 0 -1
    outer loop
      vertex -44.3309 -41.2569 0
      vertex -45.9945 -41.8955 0
      vertex -44.4122 -41.191 0
    endloop
  endfacet
  facet normal -0 0 -1
    outer loop
      vertex -44.4122 -41.191 0
      vertex -45.9945 -41.8955 0
      vertex -44.5 -41.134 0
    endloop
  endfacet
  facet normal -0 0 -1
    outer loop
      vertex -44.5 -41.134 0
      vertex -45.9945 -41.8955 0
      vertex -44.5933 -41.0865 0
    endloop
  endfacet
  facet normal -0 0 -1
    outer loop
      vertex -44.5933 -41.0865 0
      vertex -45.9945 -41.8955 0
      vertex -44.691 -41.0489 0
    endloop
  endfacet
  facet normal -0 0 -1
    outer loop
      vertex -44.691 -41.0489 0
      vertex -45.9945 -41.8955 0
      vertex -44.7921 -41.0219 0
    endloop
  endfacet
  facet normal -0 0 -1
    outer loop
      vertex -44.7921 -41.0219 0
      vertex -45.9945 -41.8955 0
      vertex -44.8955 -41.0055 0
    endloop
  endfacet
  facet normal -0 0 -1
    outer loop
      vertex -44.8955 -41.0055 0
      vertex -45.9945 -41.8955 0
      vertex -45 -41 0
    endloop
  endfacet
  facet normal 0 0 -1
    outer loop
      vertex -45 -41 0
      vertex -45.9945 -41.8955 0
      vertex -45.1045 -41.0055 0
    endloop
  endfacet
  facet normal 0 0 -1
    outer loop
      vertex -45.1045 -41.0055 0
      vertex -45.9945 -41.8955 0
      vertex -45.2079 -41.0219 0
    endloop
  endfacet
  facet normal 0 0 -1
    outer loop
      vertex -45.2079 -41.0219 0
      vertex -45.9945 -41.8955 0
      vertex -45.309 -41.0489 0
    endloop
  endfacet
  facet normal 0 0 -1
    outer loop
      vertex -45.309 -41.0489 0
      vertex -45.9945 -41.8955 0
      vertex -45.4067 -41.0865 0
    endloop
  endfacet
  facet normal 0 0 -1
    outer loop
      vertex -45.4067 -41.0865 0
      vertex -45.9945 -41.8955 0
      vertex -45.5 -41.134 0
    endloop
  endfacet
  facet normal 0 0 -1
    outer loop
      vertex -45.5 -41.134 0
      vertex -45.9945 -41.8955 0
      vertex -45.5878 -41.191 0
    endloop
  endfacet
  facet normal 0 0 -1
    outer loop
      vertex -45.5878 -41.191 0
      vertex -45.9945 -41.8955 0
      vertex -45.6691 -41.2569 0
    endloop
  endfacet
  facet normal 0 0 -1
    outer loop
      vertex -45.6691 -41.2569 0
      vertex -45.9945 -41.8955 0
      vertex -45.7431 -41.3309 0
    endloop
  endfacet
  facet normal 0 0 -1
    outer loop
      vertex -45.7431 -41.3309 0
      vertex -45.9945 -41.8955 0
      vertex -45.809 -41.4122 0
    endloop
  endfacet
  facet normal 0 0 -1
    outer loop
      vertex -45.809 -41.4122 0
      vertex -45.9945 -41.8955 0
      vertex -45.866 -41.5 0
    endloop
  endfacet
  facet normal 0 0 -1
    outer loop
      vertex -45.866 -41.5 0
      vertex -45.9945 -41.8955 0
      vertex -45.9135 -41.5933 0
    endloop
  endfacet
  facet normal 0 0 -1
    outer loop
      vertex -45.9135 -41.5933 0
      vertex -45.9945 -41.8955 0
      vertex -45.9511 -41.691 0
    endloop
  endfacet
  facet normal 0 0 -1
    outer loop
      vertex -45.9511 -41.691 0
      vertex -45.9945 -41.8955 0
      vertex -45.9781 -41.7921 0
    endloop
  endfacet
  facet normal 0 0 -1
    outer loop
      vertex -44 -43.2462 0
      vertex -45.9945 -41.8955 0
      vertex -44 -42 0
    endloop
  endfacet
  facet normal 0 0 -1
    outer loop
      vertex -55 -50 0
      vertex -44 -46 0
      vertex 55 -50 0
    endloop
  endfacet
  facet normal -0 0 -1
    outer loop
      vertex -44 -46 0
      vertex -55 -50 0
      vertex -46 -46 0
    endloop
  endfacet
  facet normal -0 0 -1
    outer loop
      vertex -46 -46 0
      vertex -55 -50 0
      vertex -55 -46 0
    endloop
  endfacet
  facet normal 0 0 -1
    outer loop
      vertex 46.6 -42 0
      vertex 48.1 -42 0
      vertex 48.083 -42.324 0
    endloop
  endfacet
  facet normal 0 0 -1
    outer loop
      vertex 46.5912 -42.1672 0
      vertex 48.083 -42.324 0
      vertex 48.0323 -42.6445 0
    endloop
  endfacet
  facet normal 0 0 -1
    outer loop
      vertex 48.1 -42 0
      vertex 46.6 -42 0
      vertex 48.083 -41.676 0
    endloop
  endfacet
  facet normal 0 0 -1
    outer loop
      vertex 46.565 -42.3327 0
      vertex 48.0323 -42.6445 0
      vertex 47.9483 -42.958 0
    endloop
  endfacet
  facet normal 0 0 -1
    outer loop
      vertex 46.5912 -41.8328 0
      vertex 48.083 -41.676 0
      vertex 46.6 -42 0
    endloop
  endfacet
  facet normal 0 0 -1
    outer loop
      vertex 46.5217 -42.4944 0
      vertex 47.9483 -42.958 0
      vertex 47.832 -43.2609 0
    endloop
  endfacet
  facet normal -0 0 -1
    outer loop
      vertex 48.083 -41.676 0
      vertex 46.5912 -41.8328 0
      vertex 48.0323 -41.3555 0
    endloop
  endfacet
  facet normal 0 0 -1
    outer loop
      vertex 46.4617 -42.6508 0
      vertex 47.832 -43.2609 0
      vertex 47.6847 -43.55 0
    endloop
  endfacet
  facet normal 0 0 -1
    outer loop
      vertex 46.565 -41.6673 0
      vertex 48.0323 -41.3555 0
      vertex 46.5912 -41.8328 0
    endloop
  endfacet
  facet normal 0 0 -1
    outer loop
      vertex 46.3856 -42.8 0
      vertex 47.6847 -43.55 0
      vertex 47.5079 -43.8221 0
    endloop
  endfacet
  facet normal -0 0 -1
    outer loop
      vertex 48.0323 -41.3555 0
      vertex 46.565 -41.6673 0
      vertex 47.9483 -41.042 0
    endloop
  endfacet
  facet normal 0 0 -1
    outer loop
      vertex 46.2944 -42.9405 0
      vertex 47.5079 -43.8221 0
      vertex 47.3037 -44.0743 0
    endloop
  endfacet
  facet normal 0 0 -1
    outer loop
      vertex 46.5217 -41.5056 0
      vertex 47.9483 -41.042 0
      vertex 46.565 -41.6673 0
    endloop
  endfacet
  facet normal 0 0 -1
    outer loop
      vertex 46.189 -43.0706 0
      vertex 47.3037 -44.0743 0
      vertex 47.0743 -44.3037 0
    endloop
  endfacet
  facet normal -0 0 -1
    outer loop
      vertex 47.9483 -41.042 0
      vertex 46.5217 -41.5056 0
      vertex 47.832 -40.7391 0
    endloop
  endfacet
  facet normal 0 0 -1
    outer loop
      vertex 46 -43.2462 0
      vertex 47.0743 -44.3037 0
      vertex 46.8221 -44.5079 0
    endloop
  endfacet
  facet normal 0 0 -1
    outer loop
      vertex 46.4617 -41.3492 0
      vertex 47.832 -40.7391 0
      vertex 46.5217 -41.5056 0
    endloop
  endfacet
  facet normal -0 0 -1
    outer loop
      vertex 47.832 -40.7391 0
      vertex 46.4617 -41.3492 0
      vertex 47.6847 -40.45 0
    endloop
  endfacet
  facet normal 0 0 -1
    outer loop
      vertex 48.083 -42.324 0
      vertex 46.5912 -42.1672 0
      vertex 46.6 -42 0
    endloop
  endfacet
  facet normal 0 0 -1
    outer loop
      vertex 48.0323 -42.6445 0
      vertex 46.565 -42.3327 0
      vertex 46.5912 -42.1672 0
    endloop
  endfacet
  facet normal 0 0 -1
    outer loop
      vertex 46 -43.2462 0
      vertex 46.8221 -44.5079 0
      vertex 46.55 -44.6847 0
    endloop
  endfacet
  facet normal 0 0 -1
    outer loop
      vertex 47.9483 -42.958 0
      vertex 46.5217 -42.4944 0
      vertex 46.565 -42.3327 0
    endloop
  endfacet
  facet normal 0 0 -1
    outer loop
      vertex 47.832 -43.2609 0
      vertex 46.4617 -42.6508 0
      vertex 46.5217 -42.4944 0
    endloop
  endfacet
  facet normal 0 0 -1
    outer loop
      vertex 47.6847 -43.55 0
      vertex 46.3856 -42.8 0
      vertex 46.4617 -42.6508 0
    endloop
  endfacet
  facet normal 0 0 -1
    outer loop
      vertex 47.5079 -43.8221 0
      vertex 46.2944 -42.9405 0
      vertex 46.3856 -42.8 0
    endloop
  endfacet
  facet normal 0 0 -1
    outer loop
      vertex 46 -43.2462 0
      vertex 46.55 -44.6847 0
      vertex 46.2609 -44.832 0
    endloop
  endfacet
  facet normal 0 0 -1
    outer loop
      vertex 47.3037 -44.0743 0
      vertex 46.189 -43.0706 0
      vertex 46.2944 -42.9405 0
    endloop
  endfacet
  facet normal 0 0 -1
    outer loop
      vertex 47.0743 -44.3037 0
      vertex 46.0706 -43.189 0
      vertex 46.189 -43.0706 0
    endloop
  endfacet
  facet normal 0 0 -1
    outer loop
      vertex 46 -43.2462 0
      vertex 46.2609 -44.832 0
      vertex 46 -44.9321 0
    endloop
  endfacet
  facet normal 0 0 -1
    outer loop
      vertex 47.0743 -44.3037 0
      vertex 46 -43.2462 0
      vertex 46.0706 -43.189 0
    endloop
  endfacet
  facet normal 0 0 -1
    outer loop
      vertex 46.3856 -41.2 0
      vertex 47.6847 -40.45 0
      vertex 46.4617 -41.3492 0
    endloop
  endfacet
  facet normal -0 0 -1
    outer loop
      vertex 47.6847 -40.45 0
      vertex 46.3856 -41.2 0
      vertex 47.5079 -40.1779 0
    endloop
  endfacet
  facet normal 0 0 -1
    outer loop
      vertex 46.2944 -41.0595 0
      vertex 47.5079 -40.1779 0
      vertex 46.3856 -41.2 0
    endloop
  endfacet
  facet normal -0 0 -1
    outer loop
      vertex 47.5079 -40.1779 0
      vertex 46.2944 -41.0595 0
      vertex 47.3037 -39.9257 0
    endloop
  endfacet
  facet normal 0 0 -1
    outer loop
      vertex 46.189 -40.9294 0
      vertex 47.3037 -39.9257 0
      vertex 46.2944 -41.0595 0
    endloop
  endfacet
  facet normal -0 0 -1
    outer loop
      vertex 47.3037 -39.9257 0
      vertex 46.189 -40.9294 0
      vertex 47.0743 -39.6963 0
    endloop
  endfacet
  facet normal 0 0 -1
    outer loop
      vertex 46.0706 -40.811 0
      vertex 47.0743 -39.6963 0
      vertex 46.189 -40.9294 0
    endloop
  endfacet
  facet normal -0 0 -1
    outer loop
      vertex 47.0743 -39.6963 0
      vertex 46.0706 -40.811 0
      vertex 46.8221 -39.4921 0
    endloop
  endfacet
  facet normal 0 0 -1
    outer loop
      vertex 45.9405 -40.7056 0
      vertex 46.8221 -39.4921 0
      vertex 46.0706 -40.811 0
    endloop
  endfacet
  facet normal -0 0 -1
    outer loop
      vertex 46.8221 -39.4921 0
      vertex 45.9405 -40.7056 0
      vertex 46.55 -39.3153 0
    endloop
  endfacet
  facet normal 0 0 -1
    outer loop
      vertex 45.8 -40.6144 0
      vertex 46.55 -39.3153 0
      vertex 45.9405 -40.7056 0
    endloop
  endfacet
  facet normal -0 0 -1
    outer loop
      vertex 46.55 -39.3153 0
      vertex 45.8 -40.6144 0
      vertex 46.2609 -39.168 0
    endloop
  endfacet
  facet normal 0 0 -1
    outer loop
      vertex 45.6508 -40.5383 0
      vertex 46.2609 -39.168 0
      vertex 45.8 -40.6144 0
    endloop
  endfacet
  facet normal -0 0 -1
    outer loop
      vertex 46.2609 -39.168 0
      vertex 45.6508 -40.5383 0
      vertex 45.958 -39.0517 0
    endloop
  endfacet
  facet normal 0 0 -1
    outer loop
      vertex 45.4944 -40.4783 0
      vertex 45.958 -39.0517 0
      vertex 45.6508 -40.5383 0
    endloop
  endfacet
  facet normal -0 0 -1
    outer loop
      vertex 45.958 -39.0517 0
      vertex 45.4944 -40.4783 0
      vertex 45.6445 -38.9677 0
    endloop
  endfacet
  facet normal 0 0 -1
    outer loop
      vertex 45.3327 -40.435 0
      vertex 45.6445 -38.9677 0
      vertex 45.4944 -40.4783 0
    endloop
  endfacet
  facet normal 0 0 -1
    outer loop
      vertex 45.3327 -40.435 0
      vertex 45.324 -38.917 0
      vertex 45.6445 -38.9677 0
    endloop
  endfacet
  facet normal 0 0 -1
    outer loop
      vertex 45.1672 -40.4088 0
      vertex 45.324 -38.917 0
      vertex 45.3327 -40.435 0
    endloop
  endfacet
  facet normal 0 0 -1
    outer loop
      vertex 45 -40.4 0
      vertex 45.324 -38.917 0
      vertex 45.1672 -40.4088 0
    endloop
  endfacet
  facet normal 0 0 -1
    outer loop
      vertex 45 -40.4 0
      vertex 45 -38.9 0
      vertex 45.324 -38.917 0
    endloop
  endfacet
  facet normal 0 0 -1
    outer loop
      vertex 44.8328 -40.4088 0
      vertex 45 -38.9 0
      vertex 45 -40.4 0
    endloop
  endfacet
  facet normal 0 0 -1
    outer loop
      vertex 44.8328 -40.4088 0
      vertex 44.676 -38.917 0
      vertex 45 -38.9 0
    endloop
  endfacet
  facet normal 0 0 -1
    outer loop
      vertex 44.6673 -40.435 0
      vertex 44.676 -38.917 0
      vertex 44.8328 -40.4088 0
    endloop
  endfacet
  facet normal 0 0 -1
    outer loop
      vertex 44.3555 -38.9677 0
      vertex 44.6673 -40.435 0
      vertex 44.5056 -40.4783 0
    endloop
  endfacet
  facet normal 0 0 -1
    outer loop
      vertex 44.6673 -40.435 0
      vertex 44.3555 -38.9677 0
      vertex 44.676 -38.917 0
    endloop
  endfacet
  facet normal 0 0 -1
    outer loop
      vertex 44.042 -39.0517 0
      vertex 44.5056 -40.4783 0
      vertex 44.3492 -40.5383 0
    endloop
  endfacet
  facet normal 0 0 -1
    outer loop
      vertex 43.7391 -39.168 0
      vertex 44.3492 -40.5383 0
      vertex 44.2 -40.6144 0
    endloop
  endfacet
  facet normal 0 0 -1
    outer loop
      vertex 43.45 -39.3153 0
      vertex 44.2 -40.6144 0
      vertex 44.0595 -40.7056 0
    endloop
  endfacet
  facet normal 0 0 -1
    outer loop
      vertex 44.5056 -40.4783 0
      vertex 44.042 -39.0517 0
      vertex 44.3555 -38.9677 0
    endloop
  endfacet
  facet normal 0 0 -1
    outer loop
      vertex 43.1779 -39.4921 0
      vertex 44.0595 -40.7056 0
      vertex 43.9294 -40.811 0
    endloop
  endfacet
  facet normal 0 0 -1
    outer loop
      vertex 42.9257 -39.6963 0
      vertex 43.9294 -40.811 0
      vertex 43.811 -40.9294 0
    endloop
  endfacet
  facet normal 0 0 -1
    outer loop
      vertex 44.3492 -40.5383 0
      vertex 43.7391 -39.168 0
      vertex 44.042 -39.0517 0
    endloop
  endfacet
  facet normal 0 0 -1
    outer loop
      vertex 42.6963 -39.9257 0
      vertex 43.811 -40.9294 0
      vertex 43.7056 -41.0595 0
    endloop
  endfacet
  facet normal 0 0 -1
    outer loop
      vertex 42.4921 -40.1779 0
      vertex 43.7056 -41.0595 0
      vertex 43.6144 -41.2 0
    endloop
  endfacet
  facet normal 0 0 -1
    outer loop
      vertex 42.3153 -40.45 0
      vertex 43.6144 -41.2 0
      vertex 43.5383 -41.3492 0
    endloop
  endfacet
  facet normal 0 0 -1
    outer loop
      vertex 42.168 -40.7391 0
      vertex 43.5383 -41.3492 0
      vertex 43.4783 -41.5056 0
    endloop
  endfacet
  facet normal 0 0 -1
    outer loop
      vertex 44.2 -40.6144 0
      vertex 43.45 -39.3153 0
      vertex 43.7391 -39.168 0
    endloop
  endfacet
  facet normal 0 0 -1
    outer loop
      vertex 42.0517 -41.042 0
      vertex 43.4783 -41.5056 0
      vertex 43.435 -41.6673 0
    endloop
  endfacet
  facet normal 0 0 -1
    outer loop
      vertex 41.9677 -41.3555 0
      vertex 43.435 -41.6673 0
      vertex 43.4088 -41.8328 0
    endloop
  endfacet
  facet normal 0 0 -1
    outer loop
      vertex 41.917 -41.676 0
      vertex 43.4088 -41.8328 0
      vertex 43.4 -42 0
    endloop
  endfacet
  facet normal 0 0 -1
    outer loop
      vertex 42.168 -43.2609 0
      vertex 43.5383 -42.6508 0
      vertex 42.3153 -43.55 0
    endloop
  endfacet
  facet normal 0 0 -1
    outer loop
      vertex 44.0595 -40.7056 0
      vertex 43.1779 -39.4921 0
      vertex 43.45 -39.3153 0
    endloop
  endfacet
  facet normal -0 0 -1
    outer loop
      vertex 43.5383 -42.6508 0
      vertex 42.168 -43.2609 0
      vertex 43.4783 -42.4944 0
    endloop
  endfacet
  facet normal 0 0 -1
    outer loop
      vertex 43.9294 -40.811 0
      vertex 42.9257 -39.6963 0
      vertex 43.1779 -39.4921 0
    endloop
  endfacet
  facet normal 0 0 -1
    outer loop
      vertex 42.0517 -42.958 0
      vertex 43.4783 -42.4944 0
      vertex 42.168 -43.2609 0
    endloop
  endfacet
  facet normal 0 0 -1
    outer loop
      vertex 43.811 -40.9294 0
      vertex 42.6963 -39.9257 0
      vertex 42.9257 -39.6963 0
    endloop
  endfacet
  facet normal -0 0 -1
    outer loop
      vertex 43.4783 -42.4944 0
      vertex 42.0517 -42.958 0
      vertex 43.435 -42.3327 0
    endloop
  endfacet
  facet normal 0 0 -1
    outer loop
      vertex 43.7056 -41.0595 0
      vertex 42.4921 -40.1779 0
      vertex 42.6963 -39.9257 0
    endloop
  endfacet
  facet normal 0 0 -1
    outer loop
      vertex 41.9677 -42.6445 0
      vertex 43.435 -42.3327 0
      vertex 42.0517 -42.958 0
    endloop
  endfacet
  facet normal 0 0 -1
    outer loop
      vertex 43.6144 -41.2 0
      vertex 42.3153 -40.45 0
      vertex 42.4921 -40.1779 0
    endloop
  endfacet
  facet normal -0 0 -1
    outer loop
      vertex 43.435 -42.3327 0
      vertex 41.9677 -42.6445 0
      vertex 43.4088 -42.1672 0
    endloop
  endfacet
  facet normal 0 0 -1
    outer loop
      vertex 43.5383 -41.3492 0
      vertex 42.168 -40.7391 0
      vertex 42.3153 -40.45 0
    endloop
  endfacet
  facet normal 0 0 -1
    outer loop
      vertex 41.917 -42.324 0
      vertex 43.4088 -42.1672 0
      vertex 41.9677 -42.6445 0
    endloop
  endfacet
  facet normal 0 0 -1
    outer loop
      vertex 43.4783 -41.5056 0
      vertex 42.0517 -41.042 0
      vertex 42.168 -40.7391 0
    endloop
  endfacet
  facet normal -0 0 -1
    outer loop
      vertex 43.4088 -42.1672 0
      vertex 41.917 -42.324 0
      vertex 43.4 -42 0
    endloop
  endfacet
  facet normal 0 0 -1
    outer loop
      vertex 43.435 -41.6673 0
      vertex 41.9677 -41.3555 0
      vertex 42.0517 -41.042 0
    endloop
  endfacet
  facet normal 0 0 -1
    outer loop
      vertex 41.9 -42 0
      vertex 43.4 -42 0
      vertex 41.917 -42.324 0
    endloop
  endfacet
  facet normal 0 0 -1
    outer loop
      vertex 43.4088 -41.8328 0
      vertex 41.917 -41.676 0
      vertex 41.9677 -41.3555 0
    endloop
  endfacet
  facet normal 0 0 -1
    outer loop
      vertex 43.4 -42 0
      vertex 41.9 -42 0
      vertex 41.917 -41.676 0
    endloop
  endfacet
  facet normal -0 0 -1
    outer loop
      vertex 46 -43.2462 0
      vertex 44 -44.9321 0
      vertex 44 -43.2462 0
    endloop
  endfacet
  facet normal 0 0 -1
    outer loop
      vertex 44.191 -41.4122 0
      vertex 44 -42 0
      vertex 44.134 -41.5 0
    endloop
  endfacet
  facet normal 0 0 -1
    outer loop
      vertex 44.0219 -41.7921 0
      vertex 44 -42 0
      vertex 44.0055 -41.8955 0
    endloop
  endfacet
  facet normal 0 0.780869 0.624695
    outer loop
      vertex 55 46 5
      vertex 46 48 2.5
      vertex 46 46 5
    endloop
  endfacet
  facet normal 0 0.780869 0.624695
    outer loop
      vertex 55 50 0
      vertex 46 48 2.5
      vertex 55 46 5
    endloop
  endfacet
  facet normal -4.59502e-05 0.780949 0.624594
    outer loop
      vertex 46 48 2.5
      vertex 55 50 0
      vertex 45.9945 48.1045 2.36934
    endloop
  endfacet
  facet normal 2.22637e-05 0.780823 0.624752
    outer loop
      vertex 45.9945 48.1045 2.36934
      vertex 55 50 0
      vertex 45.9781 48.2079 2.24011
    endloop
  endfacet
  facet normal -6.81393e-06 0.78088 0.624681
    outer loop
      vertex 45.9781 48.2079 2.24011
      vertex 55 50 0
      vertex 45.9511 48.309 2.11373
    endloop
  endfacet
  facet normal -2.91523e-05 0.780927 0.624623
    outer loop
      vertex 45.9511 48.309 2.11373
      vertex 55 50 0
      vertex 45.9135 48.4067 1.99158
    endloop
  endfacet
  facet normal 4.56722e-05 0.78076 0.624831
    outer loop
      vertex 45.9135 48.4067 1.99158
      vertex 55 50 0
      vertex 45.866 48.5 1.875
    endloop
  endfacet
  facet normal 2.11194e-05 0.780819 0.624758
    outer loop
      vertex 45.866 48.5 1.875
      vertex 55 50 0
      vertex 45.809 48.5878 1.76527
    endloop
  endfacet
  facet normal -5.65172e-05 0.781016 0.624511
    outer loop
      vertex 45.809 48.5878 1.76527
      vertex 55 50 0
      vertex 45.7431 48.6691 1.66359
    endloop
  endfacet
  facet normal -2.32854e-05 0.780926 0.624624
    outer loop
      vertex 45.7431 48.6691 1.66359
      vertex 55 50 0
      vertex 45.6691 48.7431 1.57107
    endloop
  endfacet
  facet normal 3.51736e-05 0.780756 0.624836
    outer loop
      vertex 45.6691 48.7431 1.57107
      vertex 55 50 0
      vertex 45.5878 48.809 1.48873
    endloop
  endfacet
  facet normal -1.27159e-05 0.780904 0.624651
    outer loop
      vertex 45.5878 48.809 1.48873
      vertex 55 50 0
      vertex 45.5 48.866 1.41747
    endloop
  endfacet
  facet normal -3.33837e-05 0.780971 0.624567
    outer loop
      vertex 45.5 48.866 1.41747
      vertex 55 50 0
      vertex 45.4067 48.9135 1.35807
    endloop
  endfacet
  facet normal -0 0.780863 0.624703
    outer loop
      vertex -55 50 0
      vertex -44.8955 48.9945 1.25685
      vertex 55 50 0
    endloop
  endfacet
  facet normal 9.79895e-05 0.780486 0.625173
    outer loop
      vertex 45.1045 48.9945 1.25685
      vertex 55 50 0
      vertex 45 49 1.25
    endloop
  endfacet
  facet normal 6.98504e-05 0.780594 0.625038
    outer loop
      vertex 45.2079 48.9781 1.27732
      vertex 55 50 0
      vertex 45.1045 48.9945 1.25685
    endloop
  endfacet
  facet normal -0.000193222 0.781578 0.623808
    outer loop
      vertex 45.309 48.9511 1.31118
      vertex 55 50 0
      vertex 45.2079 48.9781 1.27732
    endloop
  endfacet
  facet normal 0.000157328 0.780314 0.625388
    outer loop
      vertex 45.4067 48.9135 1.35807
      vertex 55 50 0
      vertex 45.309 48.9511 1.31118
    endloop
  endfacet
  facet normal 0 0.780869 0.624695
    outer loop
      vertex 44 48 2.5
      vertex -44 46 5
      vertex 44 46 5
    endloop
  endfacet
  facet normal 0 0.780869 0.624695
    outer loop
      vertex 44 48 2.5
      vertex -44 48 2.5
      vertex -44 46 5
    endloop
  endfacet
  facet normal 0 0.78095 0.624593
    outer loop
      vertex 44.0055 48.1045 2.36934
      vertex -44 48 2.5
      vertex 44 48 2.5
    endloop
  endfacet
  facet normal 0 0.78095 0.624593
    outer loop
      vertex 44.0055 48.1045 2.36934
      vertex -44.0055 48.1045 2.36934
      vertex -44 48 2.5
    endloop
  endfacet
  facet normal 0 0.780822 0.624754
    outer loop
      vertex 44.0219 48.2079 2.24011
      vertex -44.0055 48.1045 2.36934
      vertex 44.0055 48.1045 2.36934
    endloop
  endfacet
  facet normal 0 0.780822 0.624754
    outer loop
      vertex 44.0219 48.2079 2.24011
      vertex -44.0219 48.2079 2.24011
      vertex -44.0055 48.1045 2.36934
    endloop
  endfacet
  facet normal 0 0.780881 0.62468
    outer loop
      vertex 44.0489 48.309 2.11373
      vertex -44.0219 48.2079 2.24011
      vertex 44.0219 48.2079 2.24011
    endloop
  endfacet
  facet normal 0 0.780881 0.62468
    outer loop
      vertex 44.0489 48.309 2.11373
      vertex -44.0489 48.309 2.11373
      vertex -44.0219 48.2079 2.24011
    endloop
  endfacet
  facet normal 0 0.780931 0.624617
    outer loop
      vertex 44.0865 48.4067 1.99158
      vertex -44.0489 48.309 2.11373
      vertex 44.0489 48.309 2.11373
    endloop
  endfacet
  facet normal 0 0.780931 0.624617
    outer loop
      vertex 44.0865 48.4067 1.99158
      vertex -44.0865 48.4067 1.99158
      vertex -44.0489 48.309 2.11373
    endloop
  endfacet
  facet normal 0 0.780751 0.624842
    outer loop
      vertex 44.134 48.5 1.875
      vertex -44.0865 48.4067 1.99158
      vertex 44.0865 48.4067 1.99158
    endloop
  endfacet
  facet normal 0 0.780751 0.624842
    outer loop
      vertex 44.134 48.5 1.875
      vertex -44.134 48.5 1.875
      vertex -44.0865 48.4067 1.99158
    endloop
  endfacet
  facet normal 0 0.780813 0.624764
    outer loop
      vertex 44.191 48.5878 1.76527
      vertex -44.134 48.5 1.875
      vertex 44.134 48.5 1.875
    endloop
  endfacet
  facet normal 0 0.780813 0.624764
    outer loop
      vertex 44.191 48.5878 1.76527
      vertex -44.191 48.5878 1.76527
      vertex -44.134 48.5 1.875
    endloop
  endfacet
  facet normal 0 0.781034 0.624489
    outer loop
      vertex 44.2569 48.6691 1.66359
      vertex -44.191 48.5878 1.76527
      vertex 44.191 48.5878 1.76527
    endloop
  endfacet
  facet normal 0 0.781034 0.624489
    outer loop
      vertex 44.2569 48.6691 1.66359
      vertex -44.2569 48.6691 1.66359
      vertex -44.191 48.5878 1.76527
    endloop
  endfacet
  facet normal 0 0.780935 0.624613
    outer loop
      vertex 44.3309 48.7431 1.57107
      vertex -44.2569 48.6691 1.66359
      vertex 44.2569 48.6691 1.66359
    endloop
  endfacet
  facet normal 0 0.780935 0.624613
    outer loop
      vertex 44.3309 48.7431 1.57107
      vertex -44.3309 48.7431 1.57107
      vertex -44.2569 48.6691 1.66359
    endloop
  endfacet
  facet normal 0 0.780739 0.624857
    outer loop
      vertex 44.4122 48.809 1.48873
      vertex -44.3309 48.7431 1.57107
      vertex 44.3309 48.7431 1.57107
    endloop
  endfacet
  facet normal 0 0.780739 0.624857
    outer loop
      vertex 44.4122 48.809 1.48873
      vertex -44.4122 48.809 1.48873
      vertex -44.3309 48.7431 1.57107
    endloop
  endfacet
  facet normal 0 0.780912 0.624642
    outer loop
      vertex 44.5 48.866 1.41747
      vertex -44.4122 48.809 1.48873
      vertex 44.4122 48.809 1.48873
    endloop
  endfacet
  facet normal 0 0.780912 0.624642
    outer loop
      vertex 44.5 48.866 1.41747
      vertex -44.5 48.866 1.41747
      vertex -44.4122 48.809 1.48873
    endloop
  endfacet
  facet normal 0 0.780997 0.624535
    outer loop
      vertex 44.5933 48.9135 1.35807
      vertex -44.5 48.866 1.41747
      vertex 44.5 48.866 1.41747
    endloop
  endfacet
  facet normal 0 0.780997 0.624535
    outer loop
      vertex 44.5933 48.9135 1.35807
      vertex -44.5933 48.9135 1.35807
      vertex -44.5 48.866 1.41747
    endloop
  endfacet
  facet normal 0 0.780154 0.625587
    outer loop
      vertex 44.691 48.9511 1.31118
      vertex -44.5933 48.9135 1.35807
      vertex 44.5933 48.9135 1.35807
    endloop
  endfacet
  facet normal 0 0.780154 0.625587
    outer loop
      vertex 44.691 48.9511 1.31118
      vertex -44.691 48.9511 1.31118
      vertex -44.5933 48.9135 1.35807
    endloop
  endfacet
  facet normal 0 0.781859 0.623455
    outer loop
      vertex 44.7921 48.9781 1.27732
      vertex -44.691 48.9511 1.31118
      vertex 44.691 48.9511 1.31118
    endloop
  endfacet
  facet normal 0 0.781859 0.623455
    outer loop
      vertex 44.7921 48.9781 1.27732
      vertex -44.7921 48.9781 1.27732
      vertex -44.691 48.9511 1.31118
    endloop
  endfacet
  facet normal 0 0.780422 0.625253
    outer loop
      vertex 44.8955 48.9945 1.25685
      vertex -44.7921 48.9781 1.27732
      vertex 44.7921 48.9781 1.27732
    endloop
  endfacet
  facet normal 0 0.780422 0.625253
    outer loop
      vertex 44.8955 48.9945 1.25685
      vertex -44.8955 48.9945 1.25685
      vertex -44.7921 48.9781 1.27732
    endloop
  endfacet
  facet normal -0.000314727 0.782095 0.623159
    outer loop
      vertex 55 50 0
      vertex 44.8955 48.9945 1.25685
      vertex 45 49 1.25
    endloop
  endfacet
  facet normal 0 0.780863 0.624703
    outer loop
      vertex 44.8955 48.9945 1.25685
      vertex 55 50 0
      vertex -44.8955 48.9945 1.25685
    endloop
  endfacet
  facet normal 0 0.780869 0.624695
    outer loop
      vertex -46 48 2.5
      vertex -55 46 5
      vertex -46 46 5
    endloop
  endfacet
  facet normal 4.59502e-05 0.780949 0.624594
    outer loop
      vertex -55 50 0
      vertex -46 48 2.5
      vertex -45.9945 48.1045 2.36934
    endloop
  endfacet
  facet normal -2.22637e-05 0.780823 0.624752
    outer loop
      vertex -55 50 0
      vertex -45.9945 48.1045 2.36934
      vertex -45.9781 48.2079 2.24011
    endloop
  endfacet
  facet normal 6.81393e-06 0.78088 0.624681
    outer loop
      vertex -55 50 0
      vertex -45.9781 48.2079 2.24011
      vertex -45.9511 48.309 2.11373
    endloop
  endfacet
  facet normal 2.91523e-05 0.780927 0.624623
    outer loop
      vertex -55 50 0
      vertex -45.9511 48.309 2.11373
      vertex -45.9135 48.4067 1.99158
    endloop
  endfacet
  facet normal -4.56722e-05 0.78076 0.624831
    outer loop
      vertex -55 50 0
      vertex -45.9135 48.4067 1.99158
      vertex -45.866 48.5 1.875
    endloop
  endfacet
  facet normal -2.11194e-05 0.780819 0.624758
    outer loop
      vertex -55 50 0
      vertex -45.866 48.5 1.875
      vertex -45.809 48.5878 1.76527
    endloop
  endfacet
  facet normal 5.65172e-05 0.781016 0.624511
    outer loop
      vertex -55 50 0
      vertex -45.809 48.5878 1.76527
      vertex -45.7431 48.6691 1.66359
    endloop
  endfacet
  facet normal 2.32854e-05 0.780926 0.624624
    outer loop
      vertex -55 50 0
      vertex -45.7431 48.6691 1.66359
      vertex -45.6691 48.7431 1.57107
    endloop
  endfacet
  facet normal -3.51736e-05 0.780756 0.624836
    outer loop
      vertex -55 50 0
      vertex -45.6691 48.7431 1.57107
      vertex -45.5878 48.809 1.48873
    endloop
  endfacet
  facet normal 1.27159e-05 0.780904 0.624651
    outer loop
      vertex -55 50 0
      vertex -45.5878 48.809 1.48873
      vertex -45.5 48.866 1.41747
    endloop
  endfacet
  facet normal 3.33837e-05 0.780971 0.624567
    outer loop
      vertex -55 50 0
      vertex -45.5 48.866 1.41747
      vertex -45.4067 48.9135 1.35807
    endloop
  endfacet
  facet normal -0.000157328 0.780314 0.625388
    outer loop
      vertex -55 50 0
      vertex -45.4067 48.9135 1.35807
      vertex -45.309 48.9511 1.31118
    endloop
  endfacet
  facet normal 0 0.780869 0.624695
    outer loop
      vertex -46 48 2.5
      vertex -55 50 0
      vertex -55 46 5
    endloop
  endfacet
  facet normal 0.000193222 0.781578 0.623808
    outer loop
      vertex -45.2079 48.9781 1.27732
      vertex -55 50 0
      vertex -45.309 48.9511 1.31118
    endloop
  endfacet
  facet normal -6.98504e-05 0.780594 0.625038
    outer loop
      vertex -45.1045 48.9945 1.25685
      vertex -55 50 0
      vertex -45.2079 48.9781 1.27732
    endloop
  endfacet
  facet normal -9.79895e-05 0.780486 0.625173
    outer loop
      vertex -45 49 1.25
      vertex -55 50 0
      vertex -45.1045 48.9945 1.25685
    endloop
  endfacet
  facet normal 0.000314727 0.782095 0.623159
    outer loop
      vertex -44.8955 48.9945 1.25685
      vertex -55 50 0
      vertex -45 49 1.25
    endloop
  endfacet
  facet normal 4.70735e-06 -0.93979 -0.341751
    outer loop
      vertex -41.917 41.676 5.8911
      vertex -27.5 38.7273 14
      vertex -41.9677 41.3555 6.77245
    endloop
  endfacet
  facet normal 5.51891e-05 -0.939837 -0.341622
    outer loop
      vertex 27.5 38.7273 14
      vertex 42.0517 41.042 7.63437
      vertex 42.1028 40.9091 8
    endloop
  endfacet
  facet normal -2.19281e-05 -0.939806 -0.34171
    outer loop
      vertex -41.9 42 5
      vertex -27.5 38.7273 14
      vertex -41.917 41.676 5.8911
    endloop
  endfacet
  facet normal -3.87187e-05 -0.939769 -0.341812
    outer loop
      vertex 27.5 38.7273 14
      vertex 41.9677 41.3555 6.77245
      vertex 42.0517 41.042 7.63437
    endloop
  endfacet
  facet normal 0 -0.939794 -0.341741
    outer loop
      vertex -27.5 38.7273 14
      vertex -41.9 42 5
      vertex 27.5 38.7273 14
    endloop
  endfacet
  facet normal -4.70735e-06 -0.93979 -0.341751
    outer loop
      vertex 27.5 38.7273 14
      vertex 41.917 41.676 5.8911
      vertex 41.9677 41.3555 6.77245
    endloop
  endfacet
  facet normal -0 -0.939794 -0.341741
    outer loop
      vertex 41.9 42 5
      vertex 27.5 38.7273 14
      vertex -41.9 42 5
    endloop
  endfacet
  facet normal 2.19281e-05 -0.939806 -0.34171
    outer loop
      vertex 27.5 38.7273 14
      vertex 41.9 42 5
      vertex 41.917 41.676 5.8911
    endloop
  endfacet
  facet normal 0 -0.939793 -0.341744
    outer loop
      vertex -42.1028 40.9091 8
      vertex -27.5 38 16
      vertex -55 38 16
    endloop
  endfacet
  facet normal 6.43568e-06 -0.939789 -0.341754
    outer loop
      vertex -27.5 38 16
      vertex -42.1028 40.9091 8
      vertex -27.5 38.7273 14
    endloop
  endfacet
  facet normal -0 -0.939793 -0.341744
    outer loop
      vertex -42.1028 40.9091 8
      vertex -55 38 16
      vertex -47.8972 40.9091 8
    endloop
  endfacet
  facet normal 1.20285e-06 -0.939793 -0.341743
    outer loop
      vertex -55 42 5
      vertex -47.8972 40.9091 8
      vertex -55 38 16
    endloop
  endfacet
  facet normal -6.37538e-05 -0.939843 -0.341607
    outer loop
      vertex -47.8972 40.9091 8
      vertex -55 42 5
      vertex -47.9483 41.042 7.63437
    endloop
  endfacet
  facet normal 2.49731e-05 -0.939767 -0.341817
    outer loop
      vertex -47.9483 41.042 7.63437
      vertex -55 42 5
      vertex -48.0323 41.3555 6.77245
    endloop
  endfacet
  facet normal 6.23564e-06 -0.93979 -0.341752
    outer loop
      vertex -48.0323 41.3555 6.77245
      vertex -55 42 5
      vertex -48.083 41.676 5.8911
    endloop
  endfacet
  facet normal 0 -0.939806 -0.341709
    outer loop
      vertex -48.083 41.676 5.8911
      vertex -55 42 5
      vertex -48.1 42 5
    endloop
  endfacet
  facet normal -6.43568e-06 -0.939789 -0.341754
    outer loop
      vertex 42.1028 40.9091 8
      vertex 27.5 38 16
      vertex 27.5 38.7273 14
    endloop
  endfacet
  facet normal -5.51891e-05 -0.939837 -0.341622
    outer loop
      vertex -42.0517 41.042 7.63437
      vertex -27.5 38.7273 14
      vertex -42.1028 40.9091 8
    endloop
  endfacet
  facet normal 3.87187e-05 -0.939769 -0.341812
    outer loop
      vertex -41.9677 41.3555 6.77245
      vertex -27.5 38.7273 14
      vertex -42.0517 41.042 7.63437
    endloop
  endfacet
  facet normal 0 -0.939793 -0.341744
    outer loop
      vertex 27.5 38 16
      vertex 42.1028 40.9091 8
      vertex 55 38 16
    endloop
  endfacet
  facet normal -0 -0.939793 -0.341744
    outer loop
      vertex 47.8972 40.9091 8
      vertex 55 38 16
      vertex 42.1028 40.9091 8
    endloop
  endfacet
  facet normal 6.37538e-05 -0.939843 -0.341607
    outer loop
      vertex 55 42 5
      vertex 47.8972 40.9091 8
      vertex 47.9483 41.042 7.63437
    endloop
  endfacet
  facet normal -2.49731e-05 -0.939767 -0.341817
    outer loop
      vertex 55 42 5
      vertex 47.9483 41.042 7.63437
      vertex 48.0323 41.3555 6.77245
    endloop
  endfacet
  facet normal -6.23564e-06 -0.93979 -0.341752
    outer loop
      vertex 55 42 5
      vertex 48.0323 41.3555 6.77245
      vertex 48.083 41.676 5.8911
    endloop
  endfacet
  facet normal -0 -0.939806 -0.341709
    outer loop
      vertex 55 42 5
      vertex 48.083 41.676 5.8911
      vertex 48.1 42 5
    endloop
  endfacet
  facet normal -1.20285e-06 -0.939793 -0.341743
    outer loop
      vertex 47.8972 40.9091 8
      vertex 55 42 5
      vertex 55 38 16
    endloop
  endfacet
  facet normal -9.31177e-08 -0.0512148 -0.998688
    outer loop
      vertex 55 -1 18
      vertex 27.5 10 17.4359
      vertex 55 38 16
    endloop
  endfacet
  facet normal 0 -0.0512145 -0.998688
    outer loop
      vertex 55 -1 18
      vertex -27.5 10 17.4359
      vertex 27.5 10 17.4359
    endloop
  endfacet
  facet normal 0 -0.0512145 -0.998688
    outer loop
      vertex -55 -1 18
      vertex -27.5 10 17.4359
      vertex 55 -1 18
    endloop
  endfacet
  facet normal 9.31177e-08 -0.0512148 -0.998688
    outer loop
      vertex -55 38 16
      vertex -27.5 10 17.4359
      vertex -55 -1 18
    endloop
  endfacet
  facet normal 0 -0.0512148 -0.998688
    outer loop
      vertex -27.5 10 17.4359
      vertex -55 38 16
      vertex -27.5 38 16
    endloop
  endfacet
  facet normal -0 -0.0512148 -0.998688
    outer loop
      vertex 55 38 16
      vertex 27.5 10 17.4359
      vertex 27.5 38 16
    endloop
  endfacet
  facet normal 0 -0.970143 -0.242536
    outer loop
      vertex -55 -1 18
      vertex -15.1269 -4 30
      vertex -55 -4 30
    endloop
  endfacet
  facet normal 4.21129e-05 -0.97011 -0.242667
    outer loop
      vertex -15.1269 -4 30
      vertex -55 -1 18
      vertex -15.1124 -3.99242 29.9697
    endloop
  endfacet
  facet normal -1.7979e-06 -0.970144 -0.24253
    outer loop
      vertex -15.1124 -3.99242 29.9697
      vertex -55 -1 18
      vertex -14.7935 -3.82525 29.301
    endloop
  endfacet
  facet normal -1.23651e-05 -0.970153 -0.242494
    outer loop
      vertex -14.7935 -3.82525 29.301
      vertex -55 -1 18
      vertex -14.7303 -3.80213 29.2085
    endloop
  endfacet
  facet normal 1.80195e-06 -0.970141 -0.242542
    outer loop
      vertex -14.7303 -3.80213 29.2085
      vertex -55 -1 18
      vertex -14.3232 -3.6531 28.6124
    endloop
  endfacet
  facet normal 1.9958e-06 -0.970141 -0.242543
    outer loop
      vertex -14.3232 -3.6531 28.6124
      vertex -55 -1 18
      vertex -13.8464 -3.52567 28.1027
    endloop
  endfacet
  facet normal 9.58489e-08 -0.970143 -0.242536
    outer loop
      vertex -13.8464 -3.52567 28.1027
      vertex -55 -1 18
      vertex -13.756 -3.50152 28.0061
    endloop
  endfacet
  facet normal 8.99363e-08 -0.970143 -0.242536
    outer loop
      vertex -13.756 -3.50152 28.0061
      vertex -55 -1 18
      vertex -13.6487 -3.48037 27.9215
    endloop
  endfacet
  facet normal -4.08368e-06 -0.970147 -0.242519
    outer loop
      vertex -13.6487 -3.48037 27.9215
      vertex -55 -1 18
      vertex -13.1064 -3.37348 27.4939
    endloop
  endfacet
  facet normal 6.98671e-06 -0.970135 -0.242565
    outer loop
      vertex -13.1064 -3.37348 27.4939
      vertex -55 -1 18
      vertex -12.5205 -3.29004 27.1602
    endloop
  endfacet
  facet normal -4.05258e-05 -0.970187 -0.242358
    outer loop
      vertex -12.5205 -3.29004 27.1602
      vertex -55 -1 18
      vertex -12.3896 -3.27141 27.0856
    endloop
  endfacet
  facet normal 8.17545e-06 -0.970133 -0.242573
    outer loop
      vertex -12.3896 -3.27141 27.0856
      vertex -55 -1 18
      vertex -11.768 -3.21132 26.8453
    endloop
  endfacet
  facet normal 7.33896e-08 -0.970143 -0.242535
    outer loop
      vertex -11.768 -3.21132 26.8453
      vertex -55 -1 18
      vertex -11.6217 -3.19717 26.7887
    endloop
  endfacet
  facet normal 5.88072e-08 -0.970143 -0.242535
    outer loop
      vertex -11.6217 -3.19717 26.7887
      vertex -55 -1 18
      vertex -10.9765 -3.16092 26.6437
    endloop
  endfacet
  facet normal 0.0124673 -0.996702 -0.0801858
    outer loop
      vertex -10.8195 -3.1521 26.6084
      vertex -10 -3.13699 26.548
      vertex -10.6578 -3.14912 26.5965
    endloop
  endfacet
  facet normal 0 -0.970143 -0.242535
    outer loop
      vertex -10 -3.13699 26.548
      vertex -55 -1 18
      vertex 10 -3.13699 26.548
    endloop
  endfacet
  facet normal 8.58913e-06 -0.970132 -0.242577
    outer loop
      vertex -10.8195 -3.1521 26.6084
      vertex -55 -1 18
      vertex -10 -3.13699 26.548
    endloop
  endfacet
  facet normal -1.43443e-05 -0.97016 -0.242466
    outer loop
      vertex -10.9765 -3.16092 26.6437
      vertex -55 -1 18
      vertex -10.8195 -3.1521 26.6084
    endloop
  endfacet
  facet normal 0 -0.970105 -0.242686
    outer loop
      vertex -4.88758 -3.99242 29.9697
      vertex 4.87312 -4 30
      vertex -4.87312 -4 30
    endloop
  endfacet
  facet normal 0 -0.970105 -0.242686
    outer loop
      vertex -4.88758 -3.99242 29.9697
      vertex 4.88758 -3.99242 29.9697
      vertex 4.87312 -4 30
    endloop
  endfacet
  facet normal 0 -0.970144 -0.242529
    outer loop
      vertex -5.20647 -3.82525 29.301
      vertex 4.88758 -3.99242 29.9697
      vertex -4.88758 -3.99242 29.9697
    endloop
  endfacet
  facet normal 0 -0.970144 -0.242529
    outer loop
      vertex -5.20647 -3.82525 29.301
      vertex 5.20647 -3.82525 29.301
      vertex 4.88758 -3.99242 29.9697
    endloop
  endfacet
  facet normal 0 -0.970155 -0.242486
    outer loop
      vertex -5.26965 -3.80213 29.2085
      vertex 5.20647 -3.82525 29.301
      vertex -5.20647 -3.82525 29.301
    endloop
  endfacet
  facet normal 0 -0.970155 -0.242486
    outer loop
      vertex -5.26965 -3.80213 29.2085
      vertex 5.26965 -3.80213 29.2085
      vertex 5.20647 -3.82525 29.301
    endloop
  endfacet
  facet normal 0 -0.970141 -0.242543
    outer loop
      vertex -5.67684 -3.6531 28.6124
      vertex 5.26965 -3.80213 29.2085
      vertex -5.26965 -3.80213 29.2085
    endloop
  endfacet
  facet normal 0 -0.970141 -0.242543
    outer loop
      vertex -5.67684 -3.6531 28.6124
      vertex 5.67684 -3.6531 28.6124
      vertex 5.26965 -3.80213 29.2085
    endloop
  endfacet
  facet normal 0 -0.97014 -0.242545
    outer loop
      vertex -6.15361 -3.52567 28.1027
      vertex 5.67684 -3.6531 28.6124
      vertex -5.67684 -3.6531 28.6124
    endloop
  endfacet
  facet normal 0 -0.97014 -0.242545
    outer loop
      vertex -6.15361 -3.52567 28.1027
      vertex 6.15361 -3.52567 28.1027
      vertex 5.67684 -3.6531 28.6124
    endloop
  endfacet
  facet normal 0 -0.970143 -0.242536
    outer loop
      vertex -6.24395 -3.50152 28.0061
      vertex 6.15361 -3.52567 28.1027
      vertex -6.15361 -3.52567 28.1027
    endloop
  endfacet
  facet normal 0 -0.970143 -0.242536
    outer loop
      vertex -6.24395 -3.50152 28.0061
      vertex 6.24395 -3.50152 28.0061
      vertex 6.15361 -3.52567 28.1027
    endloop
  endfacet
  facet normal 0 -0.970143 -0.242536
    outer loop
      vertex -6.35128 -3.48037 27.9215
      vertex 6.24395 -3.50152 28.0061
      vertex -6.24395 -3.50152 28.0061
    endloop
  endfacet
  facet normal 0 -0.970143 -0.242536
    outer loop
      vertex -6.35128 -3.48037 27.9215
      vertex 6.35128 -3.48037 27.9215
      vertex 6.24395 -3.50152 28.0061
    endloop
  endfacet
  facet normal 0 -0.970148 -0.242514
    outer loop
      vertex -6.89359 -3.37348 27.4939
      vertex 6.35128 -3.48037 27.9215
      vertex -6.35128 -3.48037 27.9215
    endloop
  endfacet
  facet normal 0 -0.970148 -0.242514
    outer loop
      vertex -6.89359 -3.37348 27.4939
      vertex 6.89359 -3.37348 27.4939
      vertex 6.35128 -3.48037 27.9215
    endloop
  endfacet
  facet normal 0 -0.970132 -0.242577
    outer loop
      vertex -7.47954 -3.29004 27.1602
      vertex 6.89359 -3.37348 27.4939
      vertex -6.89359 -3.37348 27.4939
    endloop
  endfacet
  facet normal 0 -0.970132 -0.242577
    outer loop
      vertex -7.47954 -3.29004 27.1602
      vertex 7.47954 -3.29004 27.1602
      vertex 6.89359 -3.37348 27.4939
    endloop
  endfacet
  facet normal 0 -0.970204 -0.242291
    outer loop
      vertex -7.61043 -3.27141 27.0856
      vertex 7.47954 -3.29004 27.1602
      vertex -7.47954 -3.29004 27.1602
    endloop
  endfacet
  facet normal 0 -0.970204 -0.242291
    outer loop
      vertex -7.61043 -3.27141 27.0856
      vertex 7.61043 -3.27141 27.0856
      vertex 7.47954 -3.29004 27.1602
    endloop
  endfacet
  facet normal 0 -0.970128 -0.242593
    outer loop
      vertex -8.23199 -3.21132 26.8453
      vertex 7.61043 -3.27141 27.0856
      vertex -7.61043 -3.27141 27.0856
    endloop
  endfacet
  facet normal 0 -0.970128 -0.242593
    outer loop
      vertex -8.23199 -3.21132 26.8453
      vertex 8.23199 -3.21132 26.8453
      vertex 7.61043 -3.27141 27.0856
    endloop
  endfacet
  facet normal 0 -0.970143 -0.242536
    outer loop
      vertex -8.37831 -3.19717 26.7887
      vertex 8.23199 -3.21132 26.8453
      vertex -8.23199 -3.21132 26.8453
    endloop
  endfacet
  facet normal 0 -0.970143 -0.242536
    outer loop
      vertex -8.37831 -3.19717 26.7887
      vertex 8.37831 -3.19717 26.7887
      vertex 8.23199 -3.21132 26.8453
    endloop
  endfacet
  facet normal 0 -0.970143 -0.242536
    outer loop
      vertex -9.02349 -3.16092 26.6437
      vertex 8.37831 -3.19717 26.7887
      vertex -8.37831 -3.19717 26.7887
    endloop
  endfacet
  facet normal 0 -0.970143 -0.242536
    outer loop
      vertex -9.02349 -3.16092 26.6437
      vertex 9.02349 -3.16092 26.6437
      vertex 8.37831 -3.19717 26.7887
    endloop
  endfacet
  facet normal 0 -0.970175 -0.242406
    outer loop
      vertex -9.18053 -3.1521 26.6084
      vertex 9.02349 -3.16092 26.6437
      vertex -9.02349 -3.16092 26.6437
    endloop
  endfacet
  facet normal 0 -0.970175 -0.242406
    outer loop
      vertex -9.18053 -3.1521 26.6084
      vertex 9.18053 -3.1521 26.6084
      vertex 9.02349 -3.16092 26.6437
    endloop
  endfacet
  facet normal 0 -0.970047 -0.242919
    outer loop
      vertex -9.34224 -3.14912 26.5965
      vertex 9.18053 -3.1521 26.6084
      vertex -9.18053 -3.1521 26.6084
    endloop
  endfacet
  facet normal 0 -0.970047 -0.242919
    outer loop
      vertex -9.34224 -3.14912 26.5965
      vertex 9.34224 -3.14912 26.5965
      vertex 9.18053 -3.1521 26.6084
    endloop
  endfacet
  facet normal 0 -0.970119 -0.24263
    outer loop
      vertex -10 -3.13699 26.548
      vertex 9.34224 -3.14912 26.5965
      vertex -9.34224 -3.14912 26.5965
    endloop
  endfacet
  facet normal 0 -0.970119 -0.24263
    outer loop
      vertex 9.34224 -3.14912 26.5965
      vertex -10 -3.13699 26.548
      vertex 10 -3.13699 26.548
    endloop
  endfacet
  facet normal -4.21129e-05 -0.97011 -0.242667
    outer loop
      vertex 55 -1 18
      vertex 15.1269 -4 30
      vertex 15.1124 -3.99242 29.9697
    endloop
  endfacet
  facet normal 1.7979e-06 -0.970144 -0.24253
    outer loop
      vertex 55 -1 18
      vertex 15.1124 -3.99242 29.9697
      vertex 14.7935 -3.82525 29.301
    endloop
  endfacet
  facet normal 1.23651e-05 -0.970153 -0.242494
    outer loop
      vertex 55 -1 18
      vertex 14.7935 -3.82525 29.301
      vertex 14.7303 -3.80213 29.2085
    endloop
  endfacet
  facet normal -1.80195e-06 -0.970141 -0.242542
    outer loop
      vertex 55 -1 18
      vertex 14.7303 -3.80213 29.2085
      vertex 14.3232 -3.6531 28.6124
    endloop
  endfacet
  facet normal -1.9958e-06 -0.970141 -0.242543
    outer loop
      vertex 55 -1 18
      vertex 14.3232 -3.6531 28.6124
      vertex 13.8464 -3.52567 28.1027
    endloop
  endfacet
  facet normal -9.58489e-08 -0.970143 -0.242536
    outer loop
      vertex 55 -1 18
      vertex 13.8464 -3.52567 28.1027
      vertex 13.756 -3.50152 28.0061
    endloop
  endfacet
  facet normal -8.99363e-08 -0.970143 -0.242536
    outer loop
      vertex 55 -1 18
      vertex 13.756 -3.50152 28.0061
      vertex 13.6487 -3.48037 27.9215
    endloop
  endfacet
  facet normal 4.08368e-06 -0.970147 -0.242519
    outer loop
      vertex 55 -1 18
      vertex 13.6487 -3.48037 27.9215
      vertex 13.1064 -3.37348 27.4939
    endloop
  endfacet
  facet normal -6.98671e-06 -0.970135 -0.242565
    outer loop
      vertex 55 -1 18
      vertex 13.1064 -3.37348 27.4939
      vertex 12.5205 -3.29004 27.1602
    endloop
  endfacet
  facet normal 4.05258e-05 -0.970187 -0.242358
    outer loop
      vertex 55 -1 18
      vertex 12.5205 -3.29004 27.1602
      vertex 12.3896 -3.27141 27.0856
    endloop
  endfacet
  facet normal -8.17545e-06 -0.970133 -0.242573
    outer loop
      vertex 55 -1 18
      vertex 12.3896 -3.27141 27.0856
      vertex 11.768 -3.21132 26.8453
    endloop
  endfacet
  facet normal -7.33896e-08 -0.970143 -0.242535
    outer loop
      vertex 55 -1 18
      vertex 11.768 -3.21132 26.8453
      vertex 11.6217 -3.19717 26.7887
    endloop
  endfacet
  facet normal -5.88072e-08 -0.970143 -0.242535
    outer loop
      vertex 55 -1 18
      vertex 11.6217 -3.19717 26.7887
      vertex 10.9765 -3.16092 26.6437
    endloop
  endfacet
  facet normal 1.43443e-05 -0.97016 -0.242466
    outer loop
      vertex 55 -1 18
      vertex 10.9765 -3.16092 26.6437
      vertex 10.8195 -3.1521 26.6084
    endloop
  endfacet
  facet normal -0.0124673 -0.996702 -0.0801858
    outer loop
      vertex 10 -3.13699 26.548
      vertex 10.8195 -3.1521 26.6084
      vertex 10.6578 -3.14912 26.5965
    endloop
  endfacet
  facet normal -0 -0.970143 -0.242535
    outer loop
      vertex 55 -1 18
      vertex 10 -3.13699 26.548
      vertex -55 -1 18
    endloop
  endfacet
  facet normal -8.58913e-06 -0.970132 -0.242577
    outer loop
      vertex 10 -3.13699 26.548
      vertex 55 -1 18
      vertex 10.8195 -3.1521 26.6084
    endloop
  endfacet
  facet normal 0 -0.970143 -0.242536
    outer loop
      vertex 15.1269 -4 30
      vertex 55 -1 18
      vertex 55 -4 30
    endloop
  endfacet
  facet normal 0 -0.999049 -0.0435996
    outer loop
      vertex -55 -4.09892 32.266
      vertex -15.4051 -4.07562 31.7321
      vertex -15.3595 -4.09892 32.266
    endloop
  endfacet
  facet normal -1.73571e-07 -0.999049 -0.0436125
    outer loop
      vertex -55 -4 30
      vertex -15.4051 -4.07562 31.7321
      vertex -55 -4.09892 32.266
    endloop
  endfacet
  facet normal 3.95642e-07 -0.999048 -0.0436255
    outer loop
      vertex -15.4051 -4.07562 31.7321
      vertex -55 -4 30
      vertex -15.3513 -4.04304 30.986
    endloop
  endfacet
  facet normal -5.01534e-07 -0.99905 -0.0435895
    outer loop
      vertex -15.3513 -4.04304 30.986
      vertex -55 -4 30
      vertex -15.3441 -4.03869 30.8863
    endloop
  endfacet
  facet normal 9.98601e-07 -0.999047 -0.0436565
    outer loop
      vertex -15.3441 -4.03869 30.8863
      vertex -55 -4 30
      vertex -15.3215 -4.03446 30.7895
    endloop
  endfacet
  facet normal 3.83195e-08 -0.999049 -0.0436083
    outer loop
      vertex -15.3215 -4.03446 30.7895
      vertex -55 -4 30
      vertex -15.1511 -4.0026 30.0596
    endloop
  endfacet
  facet normal 0 -0.99905 -0.0435827
    outer loop
      vertex -15.1511 -4.0026 30.0596
      vertex -55 -4 30
      vertex -15.1269 -4 30
    endloop
  endfacet
  facet normal 0 -0.999049 -0.0435996
    outer loop
      vertex 15.4051 -4.07562 31.7321
      vertex 55 -4.09892 32.266
      vertex 15.3595 -4.09892 32.266
    endloop
  endfacet
  facet normal -3.95642e-07 -0.999048 -0.0436255
    outer loop
      vertex 55 -4 30
      vertex 15.4051 -4.07562 31.7321
      vertex 15.3513 -4.04304 30.986
    endloop
  endfacet
  facet normal 5.01534e-07 -0.99905 -0.0435895
    outer loop
      vertex 55 -4 30
      vertex 15.3513 -4.04304 30.986
      vertex 15.3441 -4.03869 30.8863
    endloop
  endfacet
  facet normal -9.98601e-07 -0.999047 -0.0436565
    outer loop
      vertex 55 -4 30
      vertex 15.3441 -4.03869 30.8863
      vertex 15.3215 -4.03446 30.7895
    endloop
  endfacet
  facet normal -3.83195e-08 -0.999049 -0.0436083
    outer loop
      vertex 55 -4 30
      vertex 15.3215 -4.03446 30.7895
      vertex 15.1511 -4.0026 30.0596
    endloop
  endfacet
  facet normal -0 -0.99905 -0.0435827
    outer loop
      vertex 55 -4 30
      vertex 15.1511 -4.0026 30.0596
      vertex 15.1269 -4 30
    endloop
  endfacet
  facet normal 1.73571e-07 -0.999049 -0.0436125
    outer loop
      vertex 15.4051 -4.07562 31.7321
      vertex 55 -4 30
      vertex 55 -4.09892 32.266
    endloop
  endfacet
  facet normal 0 -0.999049 -0.0435996
    outer loop
      vertex -4.59488 -4.07562 31.7321
      vertex 4.64047 -4.09892 32.266
      vertex -4.64047 -4.09892 32.266
    endloop
  endfacet
  facet normal 0 -0.999049 -0.0435996
    outer loop
      vertex -4.59488 -4.07562 31.7321
      vertex 4.59488 -4.07562 31.7321
      vertex 4.64047 -4.09892 32.266
    endloop
  endfacet
  facet normal 0 -0.999048 -0.0436255
    outer loop
      vertex -4.64868 -4.04304 30.986
      vertex 4.59488 -4.07562 31.7321
      vertex -4.59488 -4.07562 31.7321
    endloop
  endfacet
  facet normal 0 -0.999048 -0.0436255
    outer loop
      vertex -4.64868 -4.04304 30.986
      vertex 4.64868 -4.04304 30.986
      vertex 4.59488 -4.07562 31.7321
    endloop
  endfacet
  facet normal 0 -0.99905 -0.0435894
    outer loop
      vertex -4.65587 -4.03869 30.8863
      vertex 4.64868 -4.04304 30.986
      vertex -4.64868 -4.04304 30.986
    endloop
  endfacet
  facet normal 0 -0.99905 -0.0435894
    outer loop
      vertex -4.65587 -4.03869 30.8863
      vertex 4.65587 -4.03869 30.8863
      vertex 4.64868 -4.04304 30.986
    endloop
  endfacet
  facet normal 0 -0.999047 -0.0436567
    outer loop
      vertex -4.67847 -4.03446 30.7895
      vertex 4.65587 -4.03869 30.8863
      vertex -4.65587 -4.03869 30.8863
    endloop
  endfacet
  facet normal 0 -0.999047 -0.0436567
    outer loop
      vertex -4.67847 -4.03446 30.7895
      vertex 4.67847 -4.03446 30.7895
      vertex 4.65587 -4.03869 30.8863
    endloop
  endfacet
  facet normal 0 -0.999049 -0.0436083
    outer loop
      vertex -4.84885 -4.0026 30.0596
      vertex 4.67847 -4.03446 30.7895
      vertex -4.67847 -4.03446 30.7895
    endloop
  endfacet
  facet normal 0 -0.999049 -0.0436083
    outer loop
      vertex -4.84885 -4.0026 30.0596
      vertex 4.84885 -4.0026 30.0596
      vertex 4.67847 -4.03446 30.7895
    endloop
  endfacet
  facet normal 0 -0.99905 -0.0435827
    outer loop
      vertex -4.87312 -4 30
      vertex 4.84885 -4.0026 30.0596
      vertex -4.84885 -4.0026 30.0596
    endloop
  endfacet
  facet normal 0 -0.99905 -0.0435827
    outer loop
      vertex 4.84885 -4.0026 30.0596
      vertex -4.87312 -4 30
      vertex 4.87312 -4 30
    endloop
  endfacet
  facet normal 0 -0.991442 -0.130545
    outer loop
      vertex -55 -4.39499 34.5148
      vertex -14.8447 -4.35192 34.1877
      vertex -14.65 -4.39499 34.5148
    endloop
  endfacet
  facet normal 1.58189e-07 -0.991445 -0.130526
    outer loop
      vertex -55 -4.39499 34.5148
      vertex -15.1225 -4.25975 33.4876
      vertex -14.8447 -4.35192 34.1877
    endloop
  endfacet
  facet normal 9.5745e-07 -0.991449 -0.130496
    outer loop
      vertex -55 -4.39499 34.5148
      vertex -15.1573 -4.24822 33.4
      vertex -15.1225 -4.25975 33.4876
    endloop
  endfacet
  facet normal -4.9266e-07 -0.991442 -0.130547
    outer loop
      vertex -55 -4.39499 34.5148
      vertex -15.3191 -4.15248 32.6729
      vertex -15.1573 -4.24822 33.4
    endloop
  endfacet
  facet normal 5.05854e-06 -0.991458 -0.130429
    outer loop
      vertex -55 -4.39499 34.5148
      vertex -15.3408 -4.13968 32.5756
      vertex -15.3191 -4.15248 32.6729
    endloop
  endfacet
  facet normal -2.76401e-06 -0.991437 -0.130587
    outer loop
      vertex -55 -4.39499 34.5148
      vertex -15.3469 -4.12639 32.4747
      vertex -15.3408 -4.13968 32.5756
    endloop
  endfacet
  facet normal 1.69811e-07 -0.991444 -0.13053
    outer loop
      vertex -55 -4.09892 32.266
      vertex -15.3469 -4.12639 32.4747
      vertex -55 -4.39499 34.5148
    endloop
  endfacet
  facet normal 0 -0.991448 -0.130499
    outer loop
      vertex -15.3469 -4.12639 32.4747
      vertex -55 -4.09892 32.266
      vertex -15.3595 -4.09892 32.266
    endloop
  endfacet
  facet normal 0 -0.991442 -0.130545
    outer loop
      vertex 14.8447 -4.35192 34.1877
      vertex 55 -4.39499 34.5148
      vertex 14.65 -4.39499 34.5148
    endloop
  endfacet
  facet normal -1.58189e-07 -0.991445 -0.130526
    outer loop
      vertex 15.1225 -4.25975 33.4876
      vertex 55 -4.39499 34.5148
      vertex 14.8447 -4.35192 34.1877
    endloop
  endfacet
  facet normal -9.5745e-07 -0.991449 -0.130496
    outer loop
      vertex 15.1573 -4.24822 33.4
      vertex 55 -4.39499 34.5148
      vertex 15.1225 -4.25975 33.4876
    endloop
  endfacet
  facet normal 4.9266e-07 -0.991442 -0.130547
    outer loop
      vertex 15.3191 -4.15248 32.6729
      vertex 55 -4.39499 34.5148
      vertex 15.1573 -4.24822 33.4
    endloop
  endfacet
  facet normal -5.05854e-06 -0.991458 -0.130429
    outer loop
      vertex 15.3408 -4.13968 32.5756
      vertex 55 -4.39499 34.5148
      vertex 15.3191 -4.15248 32.6729
    endloop
  endfacet
  facet normal 2.76401e-06 -0.991437 -0.130587
    outer loop
      vertex 15.3469 -4.12639 32.4747
      vertex 55 -4.39499 34.5148
      vertex 15.3408 -4.13968 32.5756
    endloop
  endfacet
  facet normal -1.8241e-06 -0.991448 -0.130499
    outer loop
      vertex 15.3595 -4.09892 32.266
      vertex 55 -4.39499 34.5148
      vertex 15.3469 -4.12639 32.4747
    endloop
  endfacet
  facet normal 0 -0.991444 -0.13053
    outer loop
      vertex 55 -4.39499 34.5148
      vertex 15.3595 -4.09892 32.266
      vertex 55 -4.09892 32.266
    endloop
  endfacet
  facet normal 0 -0.991442 -0.130545
    outer loop
      vertex -5.15531 -4.35192 34.1877
      vertex 5.35 -4.39499 34.5148
      vertex -5.35 -4.39499 34.5148
    endloop
  endfacet
  facet normal 0 -0.991442 -0.130545
    outer loop
      vertex -5.15531 -4.35192 34.1877
      vertex 5.15531 -4.35192 34.1877
      vertex 5.35 -4.39499 34.5148
    endloop
  endfacet
  facet normal 0 -0.991445 -0.130526
    outer loop
      vertex -4.87749 -4.25975 33.4876
      vertex 5.15531 -4.35192 34.1877
      vertex -5.15531 -4.35192 34.1877
    endloop
  endfacet
  facet normal 0 -0.991445 -0.130526
    outer loop
      vertex -4.87749 -4.25975 33.4876
      vertex 4.87749 -4.25975 33.4876
      vertex 5.15531 -4.35192 34.1877
    endloop
  endfacet
  facet normal 0 -0.991449 -0.130496
    outer loop
      vertex -4.84274 -4.24822 33.4
      vertex 4.87749 -4.25975 33.4876
      vertex -4.87749 -4.25975 33.4876
    endloop
  endfacet
  facet normal 0 -0.991449 -0.130496
    outer loop
      vertex -4.84274 -4.24822 33.4
      vertex 4.84274 -4.24822 33.4
      vertex 4.87749 -4.25975 33.4876
    endloop
  endfacet
  facet normal 0 -0.991442 -0.130547
    outer loop
      vertex -4.68088 -4.15248 32.6729
      vertex 4.84274 -4.24822 33.4
      vertex -4.84274 -4.24822 33.4
    endloop
  endfacet
  facet normal 0 -0.991442 -0.130547
    outer loop
      vertex -4.68088 -4.15248 32.6729
      vertex 4.68088 -4.15248 32.6729
      vertex 4.84274 -4.24822 33.4
    endloop
  endfacet
  facet normal 0 -0.991458 -0.130428
    outer loop
      vertex -4.65924 -4.13968 32.5756
      vertex 4.68088 -4.15248 32.6729
      vertex -4.68088 -4.15248 32.6729
    endloop
  endfacet
  facet normal 0 -0.991458 -0.130428
    outer loop
      vertex -4.65924 -4.13968 32.5756
      vertex 4.65924 -4.13968 32.5756
      vertex 4.68088 -4.15248 32.6729
    endloop
  endfacet
  facet normal 0 -0.991437 -0.130587
    outer loop
      vertex -4.65312 -4.12639 32.4747
      vertex 4.65924 -4.13968 32.5756
      vertex -4.65924 -4.13968 32.5756
    endloop
  endfacet
  facet normal 0 -0.991437 -0.130587
    outer loop
      vertex -4.65312 -4.12639 32.4747
      vertex 4.65312 -4.12639 32.4747
      vertex 4.65924 -4.13968 32.5756
    endloop
  endfacet
  facet normal 0 -0.991448 -0.130499
    outer loop
      vertex -4.64047 -4.09892 32.266
      vertex 4.65312 -4.12639 32.4747
      vertex -4.65312 -4.12639 32.4747
    endloop
  endfacet
  facet normal 0 -0.991448 -0.130499
    outer loop
      vertex 4.65312 -4.12639 32.4747
      vertex -4.64047 -4.09892 32.266
      vertex 4.64047 -4.09892 32.266
    endloop
  endfacet
  facet normal 0 -0.976277 -0.216527
    outer loop
      vertex -55 -4.88593 36.7293
      vertex -12.5138 -4.86262 36.6242
      vertex -12.269 -4.88593 36.7293
    endloop
  endfacet
  facet normal 8.66619e-07 -0.976351 -0.216193
    outer loop
      vertex -55 -4.88593 36.7293
      vertex -12.5598 -4.85611 36.5948
      vertex -12.5138 -4.86262 36.6242
    endloop
  endfacet
  facet normal 3.33762e-08 -0.976295 -0.216444
    outer loop
      vertex -55 -4.88593 36.7293
      vertex -13.2425 -4.75956 36.1593
      vertex -12.5598 -4.85611 36.5948
    endloop
  endfacet
  facet normal -3.66099e-06 -0.976238 -0.216702
    outer loop
      vertex -55 -4.88593 36.7293
      vertex -13.2888 -4.75037 36.1179
      vertex -13.2425 -4.75956 36.1593
    endloop
  endfacet
  facet normal 7.06988e-07 -0.976301 -0.216418
    outer loop
      vertex -55 -4.88593 36.7293
      vertex -13.8827 -4.63253 35.5863
      vertex -13.2888 -4.75037 36.1179
    endloop
  endfacet
  facet normal 2.6918e-07 -0.976298 -0.216433
    outer loop
      vertex -55 -4.88593 36.7293
      vertex -14.3684 -4.49903 34.9841
      vertex -13.8827 -4.63253 35.5863
    endloop
  endfacet
  facet normal -3.25874e-06 -0.97628 -0.216511
    outer loop
      vertex -55 -4.88593 36.7293
      vertex -14.4184 -4.48528 34.9221
      vertex -14.3684 -4.49903 34.9841
    endloop
  endfacet
  facet normal -5.14617e-07 -0.976293 -0.216452
    outer loop
      vertex -55 -4.88593 36.7293
      vertex -14.459 -4.46945 34.8507
      vertex -14.4184 -4.48528 34.9221
    endloop
  endfacet
  facet normal -0 -0.976296 -0.216438
    outer loop
      vertex -14.65 -4.39499 34.5148
      vertex -55 -4.88593 36.7293
      vertex -55 -4.39499 34.5148
    endloop
  endfacet
  facet normal 1.0531e-06 -0.9763 -0.21642
    outer loop
      vertex -55 -4.88593 36.7293
      vertex -14.65 -4.39499 34.5148
      vertex -14.459 -4.46945 34.8507
    endloop
  endfacet
  facet normal 0 -0.976277 -0.216527
    outer loop
      vertex 12.5138 -4.86262 36.6242
      vertex 55 -4.88593 36.7293
      vertex 12.269 -4.88593 36.7293
    endloop
  endfacet
  facet normal -8.66619e-07 -0.976351 -0.216193
    outer loop
      vertex 12.5598 -4.85611 36.5948
      vertex 55 -4.88593 36.7293
      vertex 12.5138 -4.86262 36.6242
    endloop
  endfacet
  facet normal -3.33762e-08 -0.976295 -0.216444
    outer loop
      vertex 13.2425 -4.75956 36.1593
      vertex 55 -4.88593 36.7293
      vertex 12.5598 -4.85611 36.5948
    endloop
  endfacet
  facet normal 3.66099e-06 -0.976238 -0.216702
    outer loop
      vertex 13.2888 -4.75037 36.1179
      vertex 55 -4.88593 36.7293
      vertex 13.2425 -4.75956 36.1593
    endloop
  endfacet
  facet normal -7.06988e-07 -0.976301 -0.216418
    outer loop
      vertex 13.8827 -4.63253 35.5863
      vertex 55 -4.88593 36.7293
      vertex 13.2888 -4.75037 36.1179
    endloop
  endfacet
  facet normal -2.6918e-07 -0.976298 -0.216433
    outer loop
      vertex 14.3684 -4.49903 34.9841
      vertex 55 -4.88593 36.7293
      vertex 13.8827 -4.63253 35.5863
    endloop
  endfacet
  facet normal 3.25874e-06 -0.97628 -0.216511
    outer loop
      vertex 14.4184 -4.48528 34.9221
      vertex 55 -4.88593 36.7293
      vertex 14.3684 -4.49903 34.9841
    endloop
  endfacet
  facet normal 5.14617e-07 -0.976293 -0.216452
    outer loop
      vertex 14.459 -4.46945 34.8507
      vertex 55 -4.88593 36.7293
      vertex 14.4184 -4.48528 34.9221
    endloop
  endfacet
  facet normal -1.0531e-06 -0.9763 -0.21642
    outer loop
      vertex 14.65 -4.39499 34.5148
      vertex 55 -4.88593 36.7293
      vertex 14.459 -4.46945 34.8507
    endloop
  endfacet
  facet normal 0 -0.976296 -0.216438
    outer loop
      vertex 55 -4.88593 36.7293
      vertex 14.65 -4.39499 34.5148
      vertex 55 -4.39499 34.5148
    endloop
  endfacet
  facet normal 0 -0.976277 -0.216527
    outer loop
      vertex -7.4862 -4.86262 36.6242
      vertex 7.73101 -4.88593 36.7293
      vertex -7.73101 -4.88593 36.7293
    endloop
  endfacet
  facet normal 0 -0.976277 -0.216527
    outer loop
      vertex -7.4862 -4.86262 36.6242
      vertex 7.4862 -4.86262 36.6242
      vertex 7.73101 -4.88593 36.7293
    endloop
  endfacet
  facet normal 0 -0.976351 -0.216192
    outer loop
      vertex -7.44017 -4.85611 36.5948
      vertex 7.4862 -4.86262 36.6242
      vertex -7.4862 -4.86262 36.6242
    endloop
  endfacet
  facet normal 0 -0.976351 -0.216192
    outer loop
      vertex -7.44017 -4.85611 36.5948
      vertex 7.44017 -4.85611 36.5948
      vertex 7.4862 -4.86262 36.6242
    endloop
  endfacet
  facet normal 0 -0.976295 -0.216444
    outer loop
      vertex -6.7575 -4.75956 36.1593
      vertex 7.44017 -4.85611 36.5948
      vertex -7.44017 -4.85611 36.5948
    endloop
  endfacet
  facet normal 0 -0.976295 -0.216444
    outer loop
      vertex -6.7575 -4.75956 36.1593
      vertex 6.7575 -4.75956 36.1593
      vertex 7.44017 -4.85611 36.5948
    endloop
  endfacet
  facet normal 0 -0.976237 -0.216706
    outer loop
      vertex -6.7112 -4.75037 36.1179
      vertex 6.7575 -4.75956 36.1593
      vertex -6.7575 -4.75956 36.1593
    endloop
  endfacet
  facet normal 0 -0.976237 -0.216706
    outer loop
      vertex -6.7112 -4.75037 36.1179
      vertex 6.7112 -4.75037 36.1179
      vertex 6.7575 -4.75956 36.1593
    endloop
  endfacet
  facet normal 0 -0.976301 -0.216417
    outer loop
      vertex -6.11727 -4.63253 35.5863
      vertex 6.7112 -4.75037 36.1179
      vertex -6.7112 -4.75037 36.1179
    endloop
  endfacet
  facet normal 0 -0.976301 -0.216417
    outer loop
      vertex -6.11727 -4.63253 35.5863
      vertex 6.11727 -4.63253 35.5863
      vertex 6.7112 -4.75037 36.1179
    endloop
  endfacet
  facet normal 0 -0.976298 -0.216433
    outer loop
      vertex -5.63159 -4.49903 34.9841
      vertex 6.11727 -4.63253 35.5863
      vertex -6.11727 -4.63253 35.5863
    endloop
  endfacet
  facet normal 0 -0.976298 -0.216433
    outer loop
      vertex -5.63159 -4.49903 34.9841
      vertex 5.63159 -4.49903 34.9841
      vertex 6.11727 -4.63253 35.5863
    endloop
  endfacet
  facet normal 0 -0.97628 -0.216514
    outer loop
      vertex -5.58156 -4.48528 34.9221
      vertex 5.63159 -4.49903 34.9841
      vertex -5.63159 -4.49903 34.9841
    endloop
  endfacet
  facet normal 0 -0.97628 -0.216514
    outer loop
      vertex -5.58156 -4.48528 34.9221
      vertex 5.58156 -4.48528 34.9221
      vertex 5.63159 -4.49903 34.9841
    endloop
  endfacet
  facet normal 0 -0.976293 -0.216453
    outer loop
      vertex -5.54096 -4.46945 34.8507
      vertex 5.58156 -4.48528 34.9221
      vertex -5.58156 -4.48528 34.9221
    endloop
  endfacet
  facet normal 0 -0.976293 -0.216453
    outer loop
      vertex -5.54096 -4.46945 34.8507
      vertex 5.54096 -4.46945 34.8507
      vertex 5.58156 -4.48528 34.9221
    endloop
  endfacet
  facet normal 0 -0.9763 -0.21642
    outer loop
      vertex -5.35 -4.39499 34.5148
      vertex 5.54096 -4.46945 34.8507
      vertex -5.54096 -4.46945 34.8507
    endloop
  endfacet
  facet normal 0 -0.9763 -0.21642
    outer loop
      vertex 5.54096 -4.46945 34.8507
      vertex -5.35 -4.39499 34.5148
      vertex 5.35 -4.39499 34.5148
    endloop
  endfacet
  facet normal 0 -0.952769 -0.303695
    outer loop
      vertex -9.96112 -5.05186 37.2556
      vertex 10 -5.05288 37.2588
      vertex -10 -5.05288 37.2588
    endloop
  endfacet
  facet normal 0 -0.952769 -0.303695
    outer loop
      vertex -9.96112 -5.05186 37.2556
      vertex 9.96112 -5.05186 37.2556
      vertex 10 -5.05288 37.2588
    endloop
  endfacet
  facet normal 0 -0.953751 -0.300597
    outer loop
      vertex -9.12798 -5.03005 37.1864
      vertex 9.96112 -5.05186 37.2556
      vertex -9.96112 -5.05186 37.2556
    endloop
  endfacet
  facet normal 0 -0.953751 -0.300597
    outer loop
      vertex -9.12798 -5.03005 37.1864
      vertex 9.12798 -5.03005 37.1864
      vertex 9.96112 -5.05186 37.2556
    endloop
  endfacet
  facet normal 0 -0.953706 -0.300741
    outer loop
      vertex -8.32664 -4.96591 36.983
      vertex 9.12798 -5.03005 37.1864
      vertex -9.12798 -5.03005 37.1864
    endloop
  endfacet
  facet normal 0 -0.953706 -0.300741
    outer loop
      vertex -8.32664 -4.96591 36.983
      vertex 8.32664 -4.96591 36.983
      vertex 9.12798 -5.03005 37.1864
    endloop
  endfacet
  facet normal 0 -0.953787 -0.300485
    outer loop
      vertex -8.28215 -4.96235 36.9717
      vertex 8.32664 -4.96591 36.983
      vertex -8.32664 -4.96591 36.983
    endloop
  endfacet
  facet normal 0 -0.953787 -0.300485
    outer loop
      vertex -8.28215 -4.96235 36.9717
      vertex 8.28215 -4.96235 36.9717
      vertex 8.32664 -4.96591 36.983
    endloop
  endfacet
  facet normal 0 -0.953994 -0.299827
    outer loop
      vertex -8.23935 -4.95641 36.9528
      vertex 8.28215 -4.96235 36.9717
      vertex -8.28215 -4.96235 36.9717
    endloop
  endfacet
  facet normal 0 -0.953994 -0.299827
    outer loop
      vertex -8.23935 -4.95641 36.9528
      vertex 8.23935 -4.95641 36.9528
      vertex 8.28215 -4.96235 36.9717
    endloop
  endfacet
  facet normal 0 -0.953704 -0.300747
    outer loop
      vertex -7.73101 -4.88593 36.7293
      vertex 8.23935 -4.95641 36.9528
      vertex -8.23935 -4.95641 36.9528
    endloop
  endfacet
  facet normal 0 -0.953704 -0.300747
    outer loop
      vertex 8.23935 -4.95641 36.9528
      vertex -7.73101 -4.88593 36.7293
      vertex 7.73101 -4.88593 36.7293
    endloop
  endfacet
  facet normal 0 -0.953718 -0.300704
    outer loop
      vertex -55 -5.56798 38.8925
      vertex -10 -5.05288 37.2588
      vertex 55 -5.56798 38.8925
    endloop
  endfacet
  facet normal -8.29028e-05 -0.95306 -0.30278
    outer loop
      vertex -55 -5.56798 38.8925
      vertex -10.0389 -5.05186 37.2556
      vertex -10 -5.05288 37.2588
    endloop
  endfacet
  facet normal 3.13615e-06 -0.95374 -0.300631
    outer loop
      vertex -55 -5.56798 38.8925
      vertex -10.872 -5.03005 37.1864
      vertex -10.0389 -5.05186 37.2556
    endloop
  endfacet
  facet normal -1.31785e-06 -0.953707 -0.300736
    outer loop
      vertex -55 -5.56798 38.8925
      vertex -11.6734 -4.96591 36.983
      vertex -10.872 -5.03005 37.1864
    endloop
  endfacet
  facet normal 9.25094e-06 -0.953776 -0.300518
    outer loop
      vertex -55 -5.56798 38.8925
      vertex -11.7178 -4.96235 36.9717
      vertex -11.6734 -4.96591 36.983
    endloop
  endfacet
  facet normal 3.90544e-05 -0.953968 -0.299907
    outer loop
      vertex -55 -5.56798 38.8925
      vertex -11.7606 -4.95641 36.9528
      vertex -11.7178 -4.96235 36.9717
    endloop
  endfacet
  facet normal -0 -0.953717 -0.300704
    outer loop
      vertex -12.269 -4.88593 36.7293
      vertex -55 -5.56798 38.8925
      vertex -55 -4.88593 36.7293
    endloop
  endfacet
  facet normal -2.16358e-06 -0.953705 -0.300743
    outer loop
      vertex -55 -5.56798 38.8925
      vertex -12.269 -4.88593 36.7293
      vertex -11.7606 -4.95641 36.9528
    endloop
  endfacet
  facet normal -0 -0.953718 -0.300704
    outer loop
      vertex 10 -5.05288 37.2588
      vertex 55 -5.56798 38.8925
      vertex -10 -5.05288 37.2588
    endloop
  endfacet
  facet normal 8.29028e-05 -0.95306 -0.30278
    outer loop
      vertex 10.0389 -5.05186 37.2556
      vertex 55 -5.56798 38.8925
      vertex 10 -5.05288 37.2588
    endloop
  endfacet
  facet normal -3.13615e-06 -0.95374 -0.300631
    outer loop
      vertex 10.872 -5.03005 37.1864
      vertex 55 -5.56798 38.8925
      vertex 10.0389 -5.05186 37.2556
    endloop
  endfacet
  facet normal 1.31785e-06 -0.953707 -0.300736
    outer loop
      vertex 11.6734 -4.96591 36.983
      vertex 55 -5.56798 38.8925
      vertex 10.872 -5.03005 37.1864
    endloop
  endfacet
  facet normal -9.25094e-06 -0.953776 -0.300518
    outer loop
      vertex 11.7178 -4.96235 36.9717
      vertex 55 -5.56798 38.8925
      vertex 11.6734 -4.96591 36.983
    endloop
  endfacet
  facet normal -3.90544e-05 -0.953968 -0.299907
    outer loop
      vertex 11.7606 -4.95641 36.9528
      vertex 55 -5.56798 38.8925
      vertex 11.7178 -4.96235 36.9717
    endloop
  endfacet
  facet normal 2.16358e-06 -0.953705 -0.300743
    outer loop
      vertex 12.269 -4.88593 36.7293
      vertex 55 -5.56798 38.8925
      vertex 11.7606 -4.95641 36.9528
    endloop
  endfacet
  facet normal 0 -0.953717 -0.300704
    outer loop
      vertex 55 -5.56798 38.8925
      vertex 12.269 -4.88593 36.7293
      vertex 55 -4.88593 36.7293
    endloop
  endfacet
  facet normal 0 -0.923882 -0.382677
    outer loop
      vertex -55 -5.56798 38.8925
      vertex -33.4132 -6.43599 40.9881
      vertex -55 -6.43599 40.9881
    endloop
  endfacet
  facet normal -1.33319e-05 -0.923931 -0.38256
    outer loop
      vertex -33.4132 -6.43599 40.9881
      vertex -55 -5.56798 38.8925
      vertex -33.2403 -6.37318 40.8364
    endloop
  endfacet
  facet normal 2.39829e-05 -0.923783 -0.382917
    outer loop
      vertex -33.2403 -6.37318 40.8364
      vertex -55 -5.56798 38.8925
      vertex -33.1885 -6.35979 40.8041
    endloop
  endfacet
  facet normal 3.69442e-06 -0.923865 -0.382719
    outer loop
      vertex -33.1885 -6.35979 40.8041
      vertex -55 -5.56798 38.8925
      vertex -32.516 -6.18613 40.3849
    endloop
  endfacet
  facet normal -6.45423e-07 -0.923888 -0.382663
    outer loop
      vertex -32.516 -6.18613 40.3849
      vertex -55 -5.56798 38.8925
      vertex -31.7605 -6.05504 40.0684
    endloop
  endfacet
  facet normal 1.03867e-05 -0.923811 -0.382849
    outer loop
      vertex -31.7605 -6.05504 40.0684
      vertex -55 -5.56798 38.8925
      vertex -31.7193 -6.04787 40.0511
    endloop
  endfacet
  facet normal -1.12011e-06 -0.923893 -0.382652
    outer loop
      vertex -31.7193 -6.04787 40.0511
      vertex -55 -5.56798 38.8925
      vertex -30.9113 -5.9669 39.8556
    endloop
  endfacet
  facet normal 2.18481e-05 -0.923689 -0.383142
    outer loop
      vertex -30.9113 -5.9669 39.8556
      vertex -55 -5.56798 38.8925
      vertex -30.8724 -5.963 39.8462
    endloop
  endfacet
  facet normal -0.00019526 -0.925622 -0.37845
    outer loop
      vertex -30.8724 -5.963 39.8462
      vertex -55 -5.56798 38.8925
      vertex -30.8328 -5.9617 39.843
    endloop
  endfacet
  facet normal 4.6525e-06 -0.923834 -0.382793
    outer loop
      vertex -30.8328 -5.9617 39.843
      vertex -55 -5.56798 38.8925
      vertex -30 -5.93439 39.7771
    endloop
  endfacet
  facet normal 3.80633e-06 -0.923934 -0.382551
    outer loop
      vertex 55 -5.56798 38.8925
      vertex -26.5868 -6.43599 40.9881
      vertex -26.7597 -6.37318 40.8364
    endloop
  endfacet
  facet normal -7.02922e-06 -0.923773 -0.38294
    outer loop
      vertex 55 -5.56798 38.8925
      vertex -26.7597 -6.37318 40.8364
      vertex -26.8115 -6.35979 40.8041
    endloop
  endfacet
  facet normal -1.08285e-06 -0.923863 -0.382723
    outer loop
      vertex 55 -5.56798 38.8925
      vertex -26.8115 -6.35979 40.8041
      vertex -27.484 -6.18613 40.3849
    endloop
  endfacet
  facet normal 1.95371e-07 -0.923888 -0.382662
    outer loop
      vertex 55 -5.56798 38.8925
      vertex -27.484 -6.18613 40.3849
      vertex -28.2395 -6.05504 40.0684
    endloop
  endfacet
  facet normal -3.1435e-06 -0.923805 -0.382864
    outer loop
      vertex 55 -5.56798 38.8925
      vertex -28.2395 -6.05504 40.0684
      vertex -28.2807 -6.04787 40.0511
    endloop
  endfacet
  facet normal 3.57e-07 -0.923894 -0.382649
    outer loop
      vertex 55 -5.56798 38.8925
      vertex -28.2807 -6.04787 40.0511
      vertex -29.0887 -5.9669 39.8556
    endloop
  endfacet
  facet normal -6.96406e-06 -0.923667 -0.383195
    outer loop
      vertex 55 -5.56798 38.8925
      vertex -29.0887 -5.9669 39.8556
      vertex -29.1276 -5.963 39.8462
    endloop
  endfacet
  facet normal 7.31749e-05 -0.92615 -0.377154
    outer loop
      vertex 55 -5.56798 38.8925
      vertex -29.1276 -5.963 39.8462
      vertex -29.1672 -5.9617 39.843
    endloop
  endfacet
  facet normal -1.75008e-06 -0.923821 -0.382824
    outer loop
      vertex 55 -5.56798 38.8925
      vertex -29.1672 -5.9617 39.843
      vertex -30 -5.93439 39.7771
    endloop
  endfacet
  facet normal -0 -0.923881 -0.38268
    outer loop
      vertex 55 -5.56798 38.8925
      vertex -30 -5.93439 39.7771
      vertex -55 -5.56798 38.8925
    endloop
  endfacet
  facet normal 0 -0.923882 -0.382677
    outer loop
      vertex -26.5868 -6.43599 40.9881
      vertex 55 -5.56798 38.8925
      vertex 55 -6.43599 40.9881
    endloop
  endfacet
  facet normal 0 -0.887007 -0.461756
    outer loop
      vertex -55 -6.43599 40.9881
      vertex -35.0036 -7.48334 43
      vertex -55 -7.48334 43
    endloop
  endfacet
  facet normal -7.74115e-06 -0.887039 -0.461695
    outer loop
      vertex -35.0036 -7.48334 43
      vertex -55 -6.43599 40.9881
      vertex -34.8775 -7.32735 42.7003
    endloop
  endfacet
  facet normal 2.74274e-05 -0.886869 -0.462021
    outer loop
      vertex -34.8775 -7.32735 42.7003
      vertex -55 -6.43599 40.9881
      vertex -34.8454 -7.2876 42.624
    endloop
  endfacet
  facet normal -1.36236e-06 -0.887015 -0.461742
    outer loop
      vertex -34.8454 -7.2876 42.624
      vertex -55 -6.43599 40.9881
      vertex -34.4613 -6.97485 42.0232
    endloop
  endfacet
  facet normal -9.01869e-06 -0.887077 -0.461622
    outer loop
      vertex -34.4613 -6.97485 42.0232
      vertex -55 -6.43599 40.9881
      vertex -34.4208 -6.94191 41.9599
    endloop
  endfacet
  facet normal 2.38846e-05 -0.886791 -0.46217
    outer loop
      vertex -34.4208 -6.94191 41.9599
      vertex -55 -6.43599 40.9881
      vertex -34.3709 -6.91314 41.9047
    endloop
  endfacet
  facet normal 3.82284e-07 -0.887008 -0.461754
    outer loop
      vertex -34.3709 -6.91314 41.9047
      vertex -55 -6.43599 40.9881
      vertex -33.8807 -6.63078 41.3623
    endloop
  endfacet
  facet normal -1.20869e-05 -0.887296 -0.4612
    outer loop
      vertex -33.8807 -6.63078 41.3623
      vertex -55 -6.43599 40.9881
      vertex -33.8277 -6.60869 41.3198
    endloop
  endfacet
  facet normal 0 -0.88698 -0.461807
    outer loop
      vertex -33.8277 -6.60869 41.3198
      vertex -55 -6.43599 40.9881
      vertex -33.4132 -6.43599 40.9881
    endloop
  endfacet
  facet normal 1.99582e-06 -0.88704 -0.461694
    outer loop
      vertex 55 -6.43599 40.9881
      vertex -24.9964 -7.48334 43
      vertex -25.1225 -7.32735 42.7003
    endloop
  endfacet
  facet normal -7.07128e-06 -0.886866 -0.462027
    outer loop
      vertex 55 -6.43599 40.9881
      vertex -25.1225 -7.32735 42.7003
      vertex -25.1546 -7.2876 42.624
    endloop
  endfacet
  facet normal 3.55695e-07 -0.887015 -0.461741
    outer loop
      vertex 55 -6.43599 40.9881
      vertex -25.1546 -7.2876 42.624
      vertex -25.5387 -6.97485 42.0232
    endloop
  endfacet
  facet normal 2.35472e-06 -0.887078 -0.461619
    outer loop
      vertex 55 -6.43599 40.9881
      vertex -25.5387 -6.97485 42.0232
      vertex -25.5792 -6.94191 41.9599
    endloop
  endfacet
  facet normal -6.29166e-06 -0.886785 -0.462183
    outer loop
      vertex 55 -6.43599 40.9881
      vertex -25.5792 -6.94191 41.9599
      vertex -25.6291 -6.91314 41.9047
    endloop
  endfacet
  facet normal -1.00701e-07 -0.887008 -0.461754
    outer loop
      vertex 55 -6.43599 40.9881
      vertex -25.6291 -6.91314 41.9047
      vertex -26.1193 -6.63078 41.3623
    endloop
  endfacet
  facet normal 3.19795e-06 -0.887301 -0.461192
    outer loop
      vertex 55 -6.43599 40.9881
      vertex -26.1193 -6.63078 41.3623
      vertex -26.1723 -6.60869 41.3198
    endloop
  endfacet
  facet normal -0 -0.88698 -0.461807
    outer loop
      vertex 55 -6.43599 40.9881
      vertex -26.1723 -6.60869 41.3198
      vertex -26.5868 -6.43599 40.9881
    endloop
  endfacet
  facet normal 0 -0.887007 -0.461756
    outer loop
      vertex -24.9964 -7.48334 43
      vertex 55 -6.43599 40.9881
      vertex 55 -7.48334 43
    endloop
  endfacet
  facet normal 0 -0.843481 -0.537159
    outer loop
      vertex -55 -8.70204 44.913
      vertex -35.4025 -8.58448 44.7284
      vertex -35.3831 -8.70204 44.913
    endloop
  endfacet
  facet normal -1.79387e-06 -0.843395 -0.537295
    outer loop
      vertex -55 -7.48334 43
      vertex -35.4025 -8.58448 44.7284
      vertex -55 -8.70204 44.913
    endloop
  endfacet
  facet normal 4.17514e-06 -0.843364 -0.537343
    outer loop
      vertex -35.4025 -8.58448 44.7284
      vertex -55 -7.48334 43
      vertex -35.3513 -8.18308 44.0984
    endloop
  endfacet
  facet normal -7.59636e-06 -0.843459 -0.537193
    outer loop
      vertex -35.3513 -8.18308 44.0984
      vertex -55 -7.48334 43
      vertex -35.3444 -8.12939 44.0141
    endloop
  endfacet
  facet normal 2.78926e-06 -0.843368 -0.537336
    outer loop
      vertex -35.3444 -8.12939 44.0141
      vertex -55 -7.48334 43
      vertex -35.3222 -8.0774 43.9325
    endloop
  endfacet
  facet normal -1.39776e-06 -0.843408 -0.537273
    outer loop
      vertex -35.3222 -8.0774 43.9325
      vertex -55 -7.48334 43
      vertex -35.1542 -7.6841 43.3151
    endloop
  endfacet
  facet normal 0 -0.843368 -0.537336
    outer loop
      vertex -35.1542 -7.6841 43.3151
      vertex -55 -7.48334 43
      vertex -35.0036 -7.48334 43
    endloop
  endfacet
  facet normal 0 -0.843481 -0.537159
    outer loop
      vertex -24.5975 -8.58448 44.7284
      vertex 39.0468 -8.70204 44.913
      vertex -24.6169 -8.70204 44.913
    endloop
  endfacet
  facet normal 7.49816e-07 -0.843364 -0.537343
    outer loop
      vertex -24.6487 -8.18308 44.0984
      vertex 39.0468 -8.70204 44.913
      vertex -24.5975 -8.58448 44.7284
    endloop
  endfacet
  facet normal -1.95836e-06 -0.84346 -0.537193
    outer loop
      vertex -24.6556 -8.12939 44.0141
      vertex 39.0468 -8.70204 44.913
      vertex -24.6487 -8.18308 44.0984
    endloop
  endfacet
  facet normal 9.07349e-07 -0.843368 -0.537337
    outer loop
      vertex -24.6778 -8.0774 43.9325
      vertex 39.0468 -8.70204 44.913
      vertex -24.6556 -8.12939 44.0141
    endloop
  endfacet
  facet normal 7.47469e-05 -0.843643 -0.536904
    outer loop
      vertex 55 -7.48334 43
      vertex 40.9532 -8.70204 44.913
      vertex 40.8713 -8.69021 44.8944
    endloop
  endfacet
  facet normal -1.72159e-05 -0.843332 -0.537392
    outer loop
      vertex 55 -7.48334 43
      vertex 40.8713 -8.69021 44.8944
      vertex 40.0405 -8.65094 44.8328
    endloop
  endfacet
  facet normal 1.52393e-05 -0.843452 -0.537204
    outer loop
      vertex 55 -7.48334 43
      vertex 40.0405 -8.65094 44.8328
      vertex 40 -8.64903 44.8298
    endloop
  endfacet
  facet normal -4.75448e-07 -0.843408 -0.537273
    outer loop
      vertex -24.8458 -7.6841 43.3151
      vertex 39.0468 -8.70204 44.913
      vertex -24.6778 -8.0774 43.9325
    endloop
  endfacet
  facet normal 1.75992e-06 -0.843368 -0.537337
    outer loop
      vertex -24.9964 -7.48334 43
      vertex 39.0468 -8.70204 44.913
      vertex -24.8458 -7.6841 43.3151
    endloop
  endfacet
  facet normal -2.31801e-05 -0.843746 -0.536743
    outer loop
      vertex 39.0468 -8.70204 44.913
      vertex -24.9964 -7.48334 43
      vertex 39.1287 -8.69021 44.8944
    endloop
  endfacet
  facet normal -0 -0.843391 -0.537301
    outer loop
      vertex 55 -7.48334 43
      vertex 39.1287 -8.69021 44.8944
      vertex -24.9964 -7.48334 43
    endloop
  endfacet
  facet normal 7.06064e-05 -0.843659 -0.53688
    outer loop
      vertex 39.1287 -8.69021 44.8944
      vertex 55 -7.48334 43
      vertex 39.9595 -8.65094 44.8328
    endloop
  endfacet
  facet normal -6.23388e-05 -0.843164 -0.537656
    outer loop
      vertex 39.9595 -8.65094 44.8328
      vertex 55 -7.48334 43
      vertex 40 -8.64903 44.8298
    endloop
  endfacet
  facet normal 0 -0.843395 -0.537295
    outer loop
      vertex 40.9532 -8.70204 44.913
      vertex 55 -7.48334 43
      vertex 55 -8.70204 44.913
    endloop
  endfacet
  facet normal 0 -0.795704 -0.605685
    outer loop
      vertex -55 -10.0828 46.7125
      vertex -34.8417 -10.0726 46.6991
      vertex -34.8316 -10.0828 46.7125
    endloop
  endfacet
  facet normal -3.22495e-06 -0.79336 -0.608752
    outer loop
      vertex -55 -10.0828 46.7125
      vertex -35.1215 -9.64398 46.1405
      vertex -34.8417 -10.0726 46.6991
    endloop
  endfacet
  facet normal -1.54462e-06 -0.793388 -0.608716
    outer loop
      vertex -55 -10.0828 46.7125
      vertex -35.1567 -9.59012 46.0703
      vertex -35.1215 -9.64398 46.1405
    endloop
  endfacet
  facet normal -5.28552e-06 -0.793333 -0.608788
    outer loop
      vertex -55 -10.0828 46.7125
      vertex -35.3212 -9.14381 45.4887
      vertex -35.1567 -9.59012 46.0703
    endloop
  endfacet
  facet normal -2.08537e-05 -0.793212 -0.608946
    outer loop
      vertex -55 -10.0828 46.7125
      vertex -35.3431 -9.08462 45.4116
      vertex -35.3212 -9.14381 45.4887
    endloop
  endfacet
  facet normal 2.87104e-05 -0.793573 -0.608475
    outer loop
      vertex -55 -10.0828 46.7125
      vertex -35.3495 -9.02328 45.3316
      vertex -35.3431 -9.08462 45.4116
    endloop
  endfacet
  facet normal -1.91254e-06 -0.793363 -0.608749
    outer loop
      vertex -55 -8.70204 44.913
      vertex -35.3495 -9.02328 45.3316
      vertex -55 -10.0828 46.7125
    endloop
  endfacet
  facet normal 0 -0.79332 -0.608805
    outer loop
      vertex -35.3495 -9.02328 45.3316
      vertex -55 -8.70204 44.913
      vertex -35.3831 -8.70204 44.913
    endloop
  endfacet
  facet normal 2.31472e-05 -0.793429 -0.608663
    outer loop
      vertex 55 -8.70204 44.913
      vertex 44.3858 -10.0828 46.7125
      vertex 43.9268 -9.72395 46.2447
    endloop
  endfacet
  facet normal -6.39521e-05 -0.793079 -0.609119
    outer loop
      vertex 55 -8.70204 44.913
      vertex 43.9268 -9.72395 46.2447
      vertex 43.8818 -9.68877 46.1989
    endloop
  endfacet
  facet normal 6.76998e-05 -0.793629 -0.608402
    outer loop
      vertex 55 -8.70204 44.913
      vertex 43.8818 -9.68877 46.1989
      vertex 43.8298 -9.65949 46.1607
    endloop
  endfacet
  facet normal -3.50676e-06 -0.793321 -0.608804
    outer loop
      vertex 55 -8.70204 44.913
      vertex 43.8298 -9.65949 46.1607
      vertex 43.2435 -9.32904 45.7301
    endloop
  endfacet
  facet normal -2.25875e-06 -0.79333 -0.608792
    outer loop
      vertex 55 -8.70204 44.913
      vertex 43.2435 -9.32904 45.7301
      vertex 42.5604 -9.05485 45.3728
    endloop
  endfacet
  facet normal 5.96784e-06 -0.793437 -0.608652
    outer loop
      vertex 55 -8.70204 44.913
      vertex 42.5604 -9.05485 45.3728
      vertex 42.5157 -9.0369 45.3494
    endloop
  endfacet
  facet normal 5.64449e-05 -0.794134 -0.607743
    outer loop
      vertex 55 -8.70204 44.913
      vertex 42.5157 -9.0369 45.3494
      vertex 42.4678 -9.02397 45.3325
    endloop
  endfacet
  facet normal -2.58369e-07 -0.793316 -0.60881
    outer loop
      vertex 55 -8.70204 44.913
      vertex 42.4678 -9.02397 45.3325
      vertex 41.7177 -8.82137 45.0685
    endloop
  endfacet
  facet normal -1.61011e-05 -0.792662 -0.609661
    outer loop
      vertex 55 -8.70204 44.913
      vertex 41.7177 -8.82137 45.0685
      vertex 41.6728 -8.81437 45.0594
    endloop
  endfacet
  facet normal -0 -0.793371 -0.608739
    outer loop
      vertex 55 -8.70204 44.913
      vertex 41.6728 -8.81437 45.0594
      vertex 40.9532 -8.70204 44.913
    endloop
  endfacet
  facet normal 0 -0.793363 -0.608749
    outer loop
      vertex 44.3858 -10.0828 46.7125
      vertex 55 -8.70204 44.913
      vertex 55 -10.0828 46.7125
    endloop
  endfacet
  facet normal 0 -0.795704 -0.605685
    outer loop
      vertex -25.1583 -10.0726 46.6991
      vertex 35.6142 -10.0828 46.7125
      vertex -25.1684 -10.0828 46.7125
    endloop
  endfacet
  facet normal 1.06996e-06 -0.79336 -0.608753
    outer loop
      vertex -24.8785 -9.64398 46.1405
      vertex 35.6142 -10.0828 46.7125
      vertex -25.1583 -10.0726 46.6991
    endloop
  endfacet
  facet normal 5.12473e-07 -0.793388 -0.608716
    outer loop
      vertex -24.8433 -9.59012 46.0703
      vertex 35.6142 -10.0828 46.7125
      vertex -24.8785 -9.64398 46.1405
    endloop
  endfacet
  facet normal 1.74544e-06 -0.793332 -0.608789
    outer loop
      vertex -24.6788 -9.14381 45.4887
      vertex 35.6142 -10.0828 46.7125
      vertex -24.8433 -9.59012 46.0703
    endloop
  endfacet
  facet normal 6.88686e-06 -0.79321 -0.608949
    outer loop
      vertex -24.6569 -9.08462 45.4116
      vertex 35.6142 -10.0828 46.7125
      vertex -24.6788 -9.14381 45.4887
    endloop
  endfacet
  facet normal -9.39701e-06 -0.793574 -0.608474
    outer loop
      vertex -24.6505 -9.02328 45.3316
      vertex 35.6142 -10.0828 46.7125
      vertex -24.6569 -9.08462 45.4116
    endloop
  endfacet
  facet normal 2.67579e-06 -0.79332 -0.608805
    outer loop
      vertex -24.6169 -8.70204 44.913
      vertex 35.6142 -10.0828 46.7125
      vertex -24.6505 -9.02328 45.3316
    endloop
  endfacet
  facet normal -4.62221e-06 -0.793438 -0.608652
    outer loop
      vertex 35.6142 -10.0828 46.7125
      vertex -24.6169 -8.70204 44.913
      vertex 36.0732 -9.72395 46.2447
    endloop
  endfacet
  facet normal 1.27714e-05 -0.793055 -0.60915
    outer loop
      vertex 36.0732 -9.72395 46.2447
      vertex -24.6169 -8.70204 44.913
      vertex 36.1182 -9.68877 46.1989
    endloop
  endfacet
  facet normal -1.39431e-05 -0.793664 -0.608356
    outer loop
      vertex 36.1182 -9.68877 46.1989
      vertex -24.6169 -8.70204 44.913
      vertex 36.1702 -9.65949 46.1607
    endloop
  endfacet
  facet normal 7.22219e-07 -0.793319 -0.608806
    outer loop
      vertex 36.1702 -9.65949 46.1607
      vertex -24.6169 -8.70204 44.913
      vertex 36.7565 -9.32904 45.7301
    endloop
  endfacet
  facet normal 4.78003e-07 -0.793328 -0.608794
    outer loop
      vertex 36.7565 -9.32904 45.7301
      vertex -24.6169 -8.70204 44.913
      vertex 37.4396 -9.05485 45.3728
    endloop
  endfacet
  facet normal -1.26289e-06 -0.793441 -0.608647
    outer loop
      vertex 37.4396 -9.05485 45.3728
      vertex -24.6169 -8.70204 44.913
      vertex 37.4843 -9.0369 45.3494
    endloop
  endfacet
  facet normal -1.22288e-05 -0.794194 -0.607664
    outer loop
      vertex 37.4843 -9.0369 45.3494
      vertex -24.6169 -8.70204 44.913
      vertex 37.5322 -9.02397 45.3325
    endloop
  endfacet
  facet normal 5.59808e-08 -0.793316 -0.60881
    outer loop
      vertex 37.5322 -9.02397 45.3325
      vertex -24.6169 -8.70204 44.913
      vertex 38.2823 -8.82137 45.0685
    endloop
  endfacet
  facet normal 3.55297e-06 -0.792632 -0.6097
    outer loop
      vertex 38.2823 -8.82137 45.0685
      vertex -24.6169 -8.70204 44.913
      vertex 38.3272 -8.81437 45.0594
    endloop
  endfacet
  facet normal 0 -0.793371 -0.608739
    outer loop
      vertex 38.3272 -8.81437 45.0594
      vertex -24.6169 -8.70204 44.913
      vertex 39.0468 -8.70204 44.913
    endloop
  endfacet
  facet normal 0 -0.737505 -0.675341
    outer loop
      vertex -55 -11.6152 48.3848
      vertex -33.241 -11.4316 48.1843
      vertex -32.8224 -11.6152 48.3848
    endloop
  endfacet
  facet normal -3.29302e-05 -0.735723 -0.677283
    outer loop
      vertex -55 -11.6152 48.3848
      vertex -33.288 -11.4026 48.1528
      vertex -33.241 -11.4316 48.1843
    endloop
  endfacet
  facet normal 2.46764e-06 -0.737375 -0.675484
    outer loop
      vertex -55 -11.6152 48.3848
      vertex -33.8824 -11.037 47.7537
      vertex -33.288 -11.4026 48.1528
    endloop
  endfacet
  facet normal -4.5427e-06 -0.737258 -0.675611
    outer loop
      vertex -55 -11.6152 48.3848
      vertex -34.3703 -10.6216 47.3004
      vertex -33.8824 -11.037 47.7537
    endloop
  endfacet
  facet normal 1.83572e-05 -0.737475 -0.675375
    outer loop
      vertex -55 -11.6152 48.3848
      vertex -34.4201 -10.5792 47.2541
      vertex -34.3703 -10.6216 47.3004
    endloop
  endfacet
  facet normal -3.46269e-05 -0.736994 -0.675899
    outer loop
      vertex -55 -11.6152 48.3848
      vertex -34.4605 -10.5305 47.201
      vertex -34.4201 -10.5792 47.2541
    endloop
  endfacet
  facet normal -0 -0.737273 -0.675595
    outer loop
      vertex -34.8316 -10.0828 46.7125
      vertex -55 -11.6152 48.3848
      vertex -55 -10.0828 46.7125
    endloop
  endfacet
  facet normal -7.83556e-06 -0.737226 -0.675646
    outer loop
      vertex -55 -11.6152 48.3848
      vertex -34.8316 -10.0828 46.7125
      vertex -34.4605 -10.5305 47.201
    endloop
  endfacet
  facet normal 1.20007e-05 -0.737308 -0.675557
    outer loop
      vertex 55 -10.0828 46.7125
      vertex 45.3058 -11.6152 48.3848
      vertex 45.1562 -11.1459 47.8726
    endloop
  endfacet
  facet normal 6.90943e-06 -0.737286 -0.675581
    outer loop
      vertex 55 -10.0828 46.7125
      vertex 45.1562 -11.1459 47.8726
      vertex 44.8799 -10.6642 47.3469
    endloop
  endfacet
  facet normal 1.4653e-05 -0.737348 -0.675513
    outer loop
      vertex 55 -10.0828 46.7125
      vertex 44.8799 -10.6642 47.3469
      vertex 44.8473 -10.6074 47.2849
    endloop
  endfacet
  facet normal -6.95081e-06 -0.737157 -0.675722
    outer loop
      vertex 55 -10.0828 46.7125
      vertex 44.8473 -10.6074 47.2849
      vertex 44.8027 -10.5557 47.2285
    endloop
  endfacet
  facet normal 7.70173e-06 -0.737301 -0.675564
    outer loop
      vertex 55 -10.0828 46.7125
      vertex 44.8027 -10.5557 47.2285
      vertex 44.4153 -10.1071 46.7389
    endloop
  endfacet
  facet normal -0 -0.735764 -0.677238
    outer loop
      vertex 55 -10.0828 46.7125
      vertex 44.4153 -10.1071 46.7389
      vertex 44.3858 -10.0828 46.7125
    endloop
  endfacet
  facet normal 0 -0.737273 -0.675595
    outer loop
      vertex 45.3058 -11.6152 48.3848
      vertex 55 -10.0828 46.7125
      vertex 55 -11.6152 48.3848
    endloop
  endfacet
  facet normal 0 -0.737505 -0.675341
    outer loop
      vertex -26.759 -11.4316 48.1843
      vertex 34.6942 -11.6152 48.3848
      vertex -27.1776 -11.6152 48.3848
    endloop
  endfacet
  facet normal 1.17625e-05 -0.735707 -0.6773
    outer loop
      vertex -26.712 -11.4026 48.1528
      vertex 34.6942 -11.6152 48.3848
      vertex -26.759 -11.4316 48.1843
    endloop
  endfacet
  facet normal -8.81436e-07 -0.737376 -0.675483
    outer loop
      vertex -26.1176 -11.037 47.7537
      vertex 34.6942 -11.6152 48.3848
      vertex -26.712 -11.4026 48.1528
    endloop
  endfacet
  facet normal 1.61026e-06 -0.737256 -0.675613
    outer loop
      vertex -25.6297 -10.6216 47.3004
      vertex 34.6942 -11.6152 48.3848
      vertex -26.1176 -11.037 47.7537
    endloop
  endfacet
  facet normal -6.50703e-06 -0.737481 -0.675368
    outer loop
      vertex -25.5799 -10.5792 47.2541
      vertex 34.6942 -11.6152 48.3848
      vertex -25.6297 -10.6216 47.3004
    endloop
  endfacet
  facet normal 1.21437e-05 -0.736986 -0.675908
    outer loop
      vertex -25.5395 -10.5305 47.201
      vertex 34.6942 -11.6152 48.3848
      vertex -25.5799 -10.5792 47.2541
    endloop
  endfacet
  facet normal 2.74785e-06 -0.737224 -0.675648
    outer loop
      vertex -25.1684 -10.0828 46.7125
      vertex 34.6942 -11.6152 48.3848
      vertex -25.5395 -10.5305 47.201
    endloop
  endfacet
  facet normal -2.0248e-06 -0.737309 -0.675555
    outer loop
      vertex 34.6942 -11.6152 48.3848
      vertex -25.1684 -10.0828 46.7125
      vertex 34.8438 -11.1459 47.8726
    endloop
  endfacet
  facet normal -1.19145e-06 -0.737288 -0.675579
    outer loop
      vertex 34.8438 -11.1459 47.8726
      vertex -25.1684 -10.0828 46.7125
      vertex 35.1201 -10.6642 47.3469
    endloop
  endfacet
  facet normal -2.52678e-06 -0.737351 -0.67551
    outer loop
      vertex 35.1201 -10.6642 47.3469
      vertex -25.1684 -10.0828 46.7125
      vertex 35.1527 -10.6074 47.2849
    endloop
  endfacet
  facet normal 1.21295e-06 -0.737155 -0.675724
    outer loop
      vertex 35.1527 -10.6074 47.2849
      vertex -25.1684 -10.0828 46.7125
      vertex 35.1973 -10.5557 47.2285
    endloop
  endfacet
  facet normal -1.34402e-06 -0.737304 -0.675562
    outer loop
      vertex 35.1973 -10.5557 47.2285
      vertex -25.1684 -10.0828 46.7125
      vertex 35.5847 -10.1071 46.7389
    endloop
  endfacet
  facet normal 0 -0.735764 -0.677238
    outer loop
      vertex 35.5847 -10.1071 46.7389
      vertex -25.1684 -10.0828 46.7125
      vertex 35.6142 -10.0828 46.7125
    endloop
  endfacet
  facet normal -7.96835e-07 -0.675591 -0.737277
    outer loop
      vertex 34.6504 -12.8897 49.5526
      vertex -27.1776 -11.6152 48.3848
      vertex 34.593 -12.3399 49.0488
    endloop
  endfacet
  facet normal 9.85175e-07 -0.675544 -0.73732
    outer loop
      vertex 34.6582 -12.9637 49.6204
      vertex -27.1776 -11.6152 48.3848
      vertex 34.6504 -12.8897 49.5526
    endloop
  endfacet
  facet normal -8.17376e-06 -0.675772 -0.73711
    outer loop
      vertex 34.6815 -13.0358 49.6865
      vertex -27.1776 -11.6152 48.3848
      vertex 34.6582 -12.9637 49.6204
    endloop
  endfacet
  facet normal 2.26769e-06 -0.675525 -0.737337
    outer loop
      vertex 34.7629 -13.2875 49.9171
      vertex -27.1776 -11.6152 48.3848
      vertex 34.6815 -13.0358 49.6865
    endloop
  endfacet
  facet normal -6.05405e-06 -0.675693 -0.737183
    outer loop
      vertex 34.7629 -13.2875 49.9171
      vertex -27.4401 -11.7471 48.5057
      vertex -27.1776 -11.6152 48.3848
    endloop
  endfacet
  facet normal 6.26055e-05 -0.674184 -0.738563
    outer loop
      vertex 34.7629 -13.2875 49.9171
      vertex -27.4857 -11.77 48.5266
      vertex -27.4401 -11.7471 48.5057
    endloop
  endfacet
  facet normal 5.42569e-08 -0.67558 -0.737286
    outer loop
      vertex 34.7629 -13.2875 49.9171
      vertex -28.2394 -12.0245 48.7598
      vertex -27.4857 -11.77 48.5266
    endloop
  endfacet
  facet normal 1.97759e-05 -0.675045 -0.737776
    outer loop
      vertex 34.7629 -13.2875 49.9171
      vertex -28.2813 -12.0386 48.7727
      vertex -28.2394 -12.0245 48.7598
    endloop
  endfacet
  facet normal -5.21296e-06 -0.675731 -0.737148
    outer loop
      vertex 34.7629 -13.2875 49.9171
      vertex -29.0886 -12.1959 48.9169
      vertex -28.2813 -12.0386 48.7727
    endloop
  endfacet
  facet normal 8.35337e-05 -0.672905 -0.739729
    outer loop
      vertex 34.7629 -13.2875 49.9171
      vertex -29.1277 -12.2036 48.9239
      vertex -29.0886 -12.1959 48.9169
    endloop
  endfacet
  facet normal -8.06423e-06 -0.675844 -0.737044
    outer loop
      vertex 34.7629 -13.2875 49.9171
      vertex -29.9617 -12.2567 48.9726
      vertex -29.1277 -12.2036 48.9239
    endloop
  endfacet
  facet normal -3.50743e-05 -0.676765 -0.736199
    outer loop
      vertex 34.7629 -13.2875 49.9171
      vertex -30 -12.2592 48.9749
      vertex -29.9617 -12.2567 48.9726
    endloop
  endfacet
  facet normal -0.00515366 -0.718665 -0.695338
    outer loop
      vertex -30 -12.2592 48.9749
      vertex -30.8723 -12.2036 48.9239
      vertex -30.0383 -12.2567 48.9726
    endloop
  endfacet
  facet normal 0.136559 -0.190355 -0.972171
    outer loop
      vertex -30.8723 -12.2036 48.9239
      vertex -31.7187 -12.0386 48.7727
      vertex -30.9114 -12.1959 48.9169
    endloop
  endfacet
  facet normal -4.8905e-05 -0.675093 -0.737733
    outer loop
      vertex -55 -13.2875 49.9171
      vertex -31.7606 -12.0245 48.7598
      vertex -31.7187 -12.0386 48.7727
    endloop
  endfacet
  facet normal 0.403261 0.907846 0.114879
    outer loop
      vertex -32.5143 -11.77 48.5266
      vertex -32.8224 -11.6152 48.3848
      vertex -32.5599 -11.7471 48.5057
    endloop
  endfacet
  facet normal 0 -0.675566 -0.7373
    outer loop
      vertex -55 -13.2875 49.9171
      vertex -30 -12.2592 48.9749
      vertex 34.7629 -13.2875 49.9171
    endloop
  endfacet
  facet normal 1.83642e-05 -0.675808 -0.737078
    outer loop
      vertex -55 -13.2875 49.9171
      vertex -30.8723 -12.2036 48.9239
      vertex -30 -12.2592 48.9749
    endloop
  endfacet
  facet normal 1.15591e-06 -0.6756 -0.737268
    outer loop
      vertex -55 -13.2875 49.9171
      vertex -31.7187 -12.0386 48.7727
      vertex -30.8723 -12.2036 48.9239
    endloop
  endfacet
  facet normal -1.34221e-07 -0.675581 -0.737286
    outer loop
      vertex -31.7606 -12.0245 48.7598
      vertex -55 -13.2875 49.9171
      vertex -32.5143 -11.77 48.5266
    endloop
  endfacet
  facet normal -1.26808e-05 -0.675479 -0.737379
    outer loop
      vertex -55 -13.2875 49.9171
      vertex -32.8224 -11.6152 48.3848
      vertex -32.5143 -11.77 48.5266
    endloop
  endfacet
  facet normal -0 -0.675571 -0.737295
    outer loop
      vertex -32.8224 -11.6152 48.3848
      vertex -55 -13.2875 49.9171
      vertex -55 -11.6152 48.3848
    endloop
  endfacet
  facet normal 0 -0.675254 -0.737585
    outer loop
      vertex 34.6849 -11.6436 48.4108
      vertex -27.1776 -11.6152 48.3848
      vertex 34.6942 -11.6152 48.3848
    endloop
  endfacet
  facet normal 1.83201e-07 -0.675037 -0.737784
    outer loop
      vertex 34.661 -11.7165 48.4775
      vertex -27.1776 -11.6152 48.3848
      vertex 34.6849 -11.6436 48.4108
    endloop
  endfacet
  facet normal -2.15659e-06 -0.675814 -0.737072
    outer loop
      vertex 34.6528 -11.7911 48.5459
      vertex -27.1776 -11.6152 48.3848
      vertex 34.661 -11.7165 48.4775
    endloop
  endfacet
  facet normal -1.05193e-06 -0.675603 -0.737266
    outer loop
      vertex -27.1776 -11.6152 48.3848
      vertex 34.6528 -11.7911 48.5459
      vertex 34.593 -12.3399 49.0488
    endloop
  endfacet
  facet normal 2.326e-06 -0.675571 -0.737295
    outer loop
      vertex 55 -13.2875 49.9171
      vertex 45.407 -12.3399 49.0488
      vertex 55 -11.6152 48.3848
    endloop
  endfacet
  facet normal -1.31997e-06 -0.675591 -0.737277
    outer loop
      vertex 55 -13.2875 49.9171
      vertex 45.3496 -12.8897 49.5526
      vertex 45.407 -12.3399 49.0488
    endloop
  endfacet
  facet normal 2.22049e-06 -0.675544 -0.737319
    outer loop
      vertex 55 -13.2875 49.9171
      vertex 45.3418 -12.9637 49.6204
      vertex 45.3496 -12.8897 49.5526
    endloop
  endfacet
  facet normal -1.16342e-05 -0.675769 -0.737114
    outer loop
      vertex 55 -13.2875 49.9171
      vertex 45.3185 -13.0358 49.6865
      vertex 45.3418 -12.9637 49.6204
    endloop
  endfacet
  facet normal 0 -0.675526 -0.737337
    outer loop
      vertex 45.3185 -13.0358 49.6865
      vertex 55 -13.2875 49.9171
      vertex 45.2371 -13.2875 49.9171
    endloop
  endfacet
  facet normal 6.72682e-06 -0.675603 -0.737266
    outer loop
      vertex 45.3472 -11.7911 48.5459
      vertex 55 -11.6152 48.3848
      vertex 45.407 -12.3399 49.0488
    endloop
  endfacet
  facet normal 1.37906e-05 -0.675813 -0.737073
    outer loop
      vertex 45.339 -11.7165 48.4775
      vertex 55 -11.6152 48.3848
      vertex 45.3472 -11.7911 48.5459
    endloop
  endfacet
  facet normal -1.16925e-06 -0.675037 -0.737784
    outer loop
      vertex 45.3151 -11.6436 48.4108
      vertex 55 -11.6152 48.3848
      vertex 45.339 -11.7165 48.4775
    endloop
  endfacet
  facet normal -0 -0.675254 -0.737585
    outer loop
      vertex 55 -11.6152 48.3848
      vertex 45.3151 -11.6436 48.4108
      vertex 45.3058 -11.6152 48.3848
    endloop
  endfacet
  facet normal 0.701218 0.194419 -0.685926
    outer loop
      vertex 35.8555 -15.087 51.2979
      vertex 35.5821 -14.821 51.0938
      vertex 35.6334 -14.8709 51.1321
    endloop
  endfacet
  facet normal 0.864096 0.430871 -0.260171
    outer loop
      vertex 35.5821 -14.821 51.0938
      vertex 35.1521 -14.2317 50.6416
      vertex 35.5406 -14.7641 51.0502
    endloop
  endfacet
  facet normal 0.564553 -0.313063 -0.763722
    outer loop
      vertex 35.1521 -14.2317 50.6416
      vertex 34.8457 -13.5979 50.1553
      vertex 35.1198 -14.1648 50.5903
    endloop
  endfacet
  facet normal 0 -0.608745 -0.793366
    outer loop
      vertex -55 -15.087 51.2979
      vertex 35.5821 -14.821 51.0938
      vertex 35.8555 -15.087 51.2979
    endloop
  endfacet
  facet normal 1.34512e-07 -0.608773 -0.793344
    outer loop
      vertex -55 -15.087 51.2979
      vertex 35.1521 -14.2317 50.6416
      vertex 35.5821 -14.821 51.0938
    endloop
  endfacet
  facet normal -4.22253e-07 -0.608736 -0.793372
    outer loop
      vertex -55 -15.087 51.2979
      vertex 34.8457 -13.5979 50.1553
      vertex 35.1521 -14.2317 50.6416
    endloop
  endfacet
  facet normal 1.14929e-06 -0.608796 -0.793327
    outer loop
      vertex -55 -15.087 51.2979
      vertex 34.7629 -13.2875 49.9171
      vertex 34.8457 -13.5979 50.1553
    endloop
  endfacet
  facet normal -0 -0.60876 -0.793354
    outer loop
      vertex 34.7629 -13.2875 49.9171
      vertex -55 -15.087 51.2979
      vertex -55 -13.2875 49.9171
    endloop
  endfacet
  facet normal 0 -0.60876 -0.793354
    outer loop
      vertex 55 -15.087 51.2979
      vertex 45.2371 -13.2875 49.9171
      vertex 55 -13.2875 49.9171
    endloop
  endfacet
  facet normal -1.01256e-05 -0.608795 -0.793328
    outer loop
      vertex 55 -15.087 51.2979
      vertex 45.1543 -13.5979 50.1553
      vertex 45.2371 -13.2875 49.9171
    endloop
  endfacet
  facet normal -2.45833e-06 -0.608763 -0.793352
    outer loop
      vertex 55 -15.087 51.2979
      vertex 44.8802 -14.1648 50.5903
      vertex 45.1543 -13.5979 50.1553
    endloop
  endfacet
  facet normal 3.32101e-05 -0.608516 -0.793541
    outer loop
      vertex 55 -15.087 51.2979
      vertex 44.8479 -14.2317 50.6416
      vertex 44.8802 -14.1648 50.5903
    endloop
  endfacet
  facet normal -8.49819e-06 -0.608828 -0.793302
    outer loop
      vertex 55 -15.087 51.2979
      vertex 44.4594 -14.7641 51.0502
      vertex 44.8479 -14.2317 50.6416
    endloop
  endfacet
  facet normal 2.03112e-05 -0.608236 -0.793756
    outer loop
      vertex 55 -15.087 51.2979
      vertex 44.4179 -14.821 51.0938
      vertex 44.4594 -14.7641 51.0502
    endloop
  endfacet
  facet normal -4.70085e-06 -0.608862 -0.793276
    outer loop
      vertex 55 -15.087 51.2979
      vertex 44.3666 -14.8709 51.1321
      vertex 44.4179 -14.821 51.0938
    endloop
  endfacet
  facet normal 0 -0.608717 -0.793388
    outer loop
      vertex 44.3666 -14.8709 51.1321
      vertex 55 -15.087 51.2979
      vertex 44.1445 -15.087 51.2979
    endloop
  endfacet
  facet normal 0 -0.537295 -0.843395
    outer loop
      vertex 55 -17 52.5166
      vertex 44.1445 -15.087 51.2979
      vertex 55 -15.087 51.2979
    endloop
  endfacet
  facet normal -4.76995e-05 -0.537487 -0.843272
    outer loop
      vertex 55 -17 52.5166
      vertex 43.8802 -15.3755 51.4818
      vertex 44.1445 -15.087 51.2979
    endloop
  endfacet
  facet normal 0.00011161 -0.536711 -0.843766
    outer loop
      vertex 55 -17 52.5166
      vertex 43.8278 -15.4167 51.508
      vertex 43.8802 -15.3755 51.4818
    endloop
  endfacet
  facet normal 2.75483e-06 -0.537258 -0.843418
    outer loop
      vertex 55 -17 52.5166
      vertex 43.2434 -15.8762 51.8007
      vertex 43.8278 -15.4167 51.508
    endloop
  endfacet
  facet normal 1.99968e-06 -0.537264 -0.843414
    outer loop
      vertex 55 -17 52.5166
      vertex 42.5606 -16.2583 52.0441
      vertex 43.2434 -15.8762 51.8007
    endloop
  endfacet
  facet normal -0.0001192 -0.538709 -0.842492
    outer loop
      vertex 55 -17 52.5166
      vertex 42.5164 -16.283 52.0599
      vertex 42.5606 -16.2583 52.0441
    endloop
  endfacet
  facet normal 8.95152e-05 -0.536124 -0.844139
    outer loop
      vertex 55 -17 52.5166
      vertex 42.4691 -16.3008 52.0712
      vertex 42.5164 -16.283 52.0599
    endloop
  endfacet
  facet normal 2.91237e-06 -0.537229 -0.843437
    outer loop
      vertex 55 -17 52.5166
      vertex 41.7185 -16.5834 52.2512
      vertex 42.4691 -16.3008 52.0712
    endloop
  endfacet
  facet normal -0.00011633 -0.53993 -0.84171
    outer loop
      vertex 55 -17 52.5166
      vertex 41.6747 -16.5929 52.2573
      vertex 41.7185 -16.5834 52.2512
    endloop
  endfacet
  facet normal -3.34201e-06 -0.537302 -0.84339
    outer loop
      vertex 55 -17 52.5166
      vertex 40.8717 -16.7676 52.3686
      vertex 41.6747 -16.5929 52.2573
    endloop
  endfacet
  facet normal 9.83004e-08 -0.537153 -0.843485
    outer loop
      vertex 55 -17 52.5166
      vertex 40.04 -16.8268 52.4063
      vertex 40.8717 -16.7676 52.3686
    endloop
  endfacet
  facet normal -5.03359e-05 -0.540249 -0.841505
    outer loop
      vertex 55 -17 52.5166
      vertex 40 -16.8296 52.4081
      vertex 40.04 -16.8268 52.4063
    endloop
  endfacet
  facet normal -0.0245406 0.268474 0.962974
    outer loop
      vertex 40 -16.8296 52.4081
      vertex 39.1283 -16.7676 52.3686
      vertex 39.96 -16.8268 52.4063
    endloop
  endfacet
  facet normal -0.30778 -0.933775 -0.182582
    outer loop
      vertex 38.2815 -16.5834 52.2512
      vertex 37.4836 -16.283 52.0599
      vertex 37.5309 -16.3008 52.0712
    endloop
  endfacet
  facet normal 0 -0.5371 -0.843519
    outer loop
      vertex -55 -17 52.5166
      vertex 40 -16.8296 52.4081
      vertex 55 -17 52.5166
    endloop
  endfacet
  facet normal 5.30735e-07 -0.53731 -0.843385
    outer loop
      vertex -55 -17 52.5166
      vertex 39.1283 -16.7676 52.3686
      vertex 40 -16.8296 52.4081
    endloop
  endfacet
  facet normal 5.33491e-07 -0.537311 -0.843384
    outer loop
      vertex -55 -17 52.5166
      vertex 38.3253 -16.5929 52.2573
      vertex 39.1283 -16.7676 52.3686
    endloop
  endfacet
  facet normal 1.85715e-05 -0.540249 -0.841505
    outer loop
      vertex -55 -17 52.5166
      vertex 38.2815 -16.5834 52.2512
      vertex 38.3253 -16.5929 52.2573
    endloop
  endfacet
  facet normal -9.09702e-07 -0.53715 -0.843487
    outer loop
      vertex -55 -17 52.5166
      vertex 37.4836 -16.283 52.0599
      vertex 38.2815 -16.5834 52.2512
    endloop
  endfacet
  facet normal 1.7499e-05 -0.538838 -0.842409
    outer loop
      vertex -55 -17 52.5166
      vertex 37.4394 -16.2583 52.0441
      vertex 37.4836 -16.283 52.0599
    endloop
  endfacet
  facet normal -2.93556e-07 -0.537261 -0.843416
    outer loop
      vertex -55 -17 52.5166
      vertex 36.7566 -15.8762 51.8007
      vertex 37.4394 -16.2583 52.0441
    endloop
  endfacet
  facet normal -3.89811e-07 -0.537256 -0.843419
    outer loop
      vertex -55 -17 52.5166
      vertex 36.1722 -15.4167 51.508
      vertex 36.7566 -15.8762 51.8007
    endloop
  endfacet
  facet normal -1.57939e-05 -0.536625 -0.843821
    outer loop
      vertex -55 -17 52.5166
      vertex 36.1198 -15.3755 51.4818
      vertex 36.1722 -15.4167 51.508
    endloop
  endfacet
  facet normal 6.49388e-06 -0.537514 -0.843255
    outer loop
      vertex -55 -17 52.5166
      vertex 35.8555 -15.087 51.2979
      vertex 36.1198 -15.3755 51.4818
    endloop
  endfacet
  facet normal -0 -0.537295 -0.843395
    outer loop
      vertex 35.8555 -15.087 51.2979
      vertex -55 -17 52.5166
      vertex -55 -15.087 51.2979
    endloop
  endfacet
  facet normal 0 -0.461773 -0.886998
    outer loop
      vertex -55 -19.0119 53.564
      vertex 55 -17 52.5166
      vertex 55 -19.0119 53.564
    endloop
  endfacet
  facet normal -0 -0.461773 -0.886998
    outer loop
      vertex 55 -17 52.5166
      vertex -55 -19.0119 53.564
      vertex -55 -17 52.5166
    endloop
  endfacet
  facet normal 0 -0.382674 -0.923884
    outer loop
      vertex -55 -21.1075 54.432
      vertex 55 -19.0119 53.564
      vertex 55 -21.1075 54.432
    endloop
  endfacet
  facet normal -0 -0.382674 -0.923884
    outer loop
      vertex 55 -19.0119 53.564
      vertex -55 -21.1075 54.432
      vertex -55 -19.0119 53.564
    endloop
  endfacet
  facet normal 0 -0.300724 -0.953711
    outer loop
      vertex -55 -23.2707 55.1141
      vertex 55 -21.1075 54.432
      vertex 55 -23.2707 55.1141
    endloop
  endfacet
  facet normal -0 -0.300724 -0.953711
    outer loop
      vertex 55 -21.1075 54.432
      vertex -55 -23.2707 55.1141
      vertex -55 -21.1075 54.432
    endloop
  endfacet
  facet normal 0 -0.216431 -0.976298
    outer loop
      vertex -55 -25.4851 55.605
      vertex 55 -23.2707 55.1141
      vertex 55 -25.4851 55.605
    endloop
  endfacet
  facet normal -0 -0.216431 -0.976298
    outer loop
      vertex 55 -23.2707 55.1141
      vertex -55 -25.4851 55.605
      vertex -55 -23.2707 55.1141
    endloop
  endfacet
  facet normal 0 -0.130543 -0.991443
    outer loop
      vertex -55 -27.7339 55.9011
      vertex 55 -25.4851 55.605
      vertex 55 -27.7339 55.9011
    endloop
  endfacet
  facet normal -0 -0.130543 -0.991443
    outer loop
      vertex 55 -25.4851 55.605
      vertex -55 -27.7339 55.9011
      vertex -55 -25.4851 55.605
    endloop
  endfacet
  facet normal 0 -0.0436018 -0.999049
    outer loop
      vertex -55 -30 56
      vertex 55 -27.7339 55.9011
      vertex 55 -30 56
    endloop
  endfacet
  facet normal -0 -0.0436018 -0.999049
    outer loop
      vertex 55 -27.7339 55.9011
      vertex -55 -30 56
      vertex -55 -27.7339 55.9011
    endloop
  endfacet
  facet normal 0 0.0436037 -0.999049
    outer loop
      vertex -55 -32.266 55.9011
      vertex 55 -30 56
      vertex 55 -32.266 55.9011
    endloop
  endfacet
  facet normal 0 0.0436037 -0.999049
    outer loop
      vertex 55 -30 56
      vertex -55 -32.266 55.9011
      vertex -55 -30 56
    endloop
  endfacet
  facet normal 0 0.130543 -0.991443
    outer loop
      vertex -55 -34.5148 55.605
      vertex 55 -32.266 55.9011
      vertex 55 -34.5148 55.605
    endloop
  endfacet
  facet normal 0 0.130543 -0.991443
    outer loop
      vertex 55 -32.266 55.9011
      vertex -55 -34.5148 55.605
      vertex -55 -32.266 55.9011
    endloop
  endfacet
  facet normal 0 0.216422 -0.9763
    outer loop
      vertex -55 -36.7293 55.1141
      vertex 55 -34.5148 55.605
      vertex 55 -36.7293 55.1141
    endloop
  endfacet
  facet normal 0 0.216422 -0.9763
    outer loop
      vertex 55 -34.5148 55.605
      vertex -55 -36.7293 55.1141
      vertex -55 -34.5148 55.605
    endloop
  endfacet
  facet normal 0 0.300724 -0.953711
    outer loop
      vertex -55 -38.8925 54.432
      vertex 55 -36.7293 55.1141
      vertex 55 -38.8925 54.432
    endloop
  endfacet
  facet normal 0 0.300724 -0.953711
    outer loop
      vertex 55 -36.7293 55.1141
      vertex -55 -38.8925 54.432
      vertex -55 -36.7293 55.1141
    endloop
  endfacet
  facet normal 0 0.382674 -0.923884
    outer loop
      vertex -55 -40.9881 53.564
      vertex 55 -38.8925 54.432
      vertex 55 -40.9881 53.564
    endloop
  endfacet
  facet normal 0 0.382674 -0.923884
    outer loop
      vertex 55 -38.8925 54.432
      vertex -55 -40.9881 53.564
      vertex -55 -38.8925 54.432
    endloop
  endfacet
  facet normal 0 0.461773 -0.886998
    outer loop
      vertex -55 -43 52.5166
      vertex 55 -40.9881 53.564
      vertex 55 -43 52.5166
    endloop
  endfacet
  facet normal 0 0.461773 -0.886998
    outer loop
      vertex 55 -40.9881 53.564
      vertex -55 -43 52.5166
      vertex -55 -40.9881 53.564
    endloop
  endfacet
  facet normal 0 0.537295 -0.843395
    outer loop
      vertex -55 -44.913 51.2979
      vertex 55 -43 52.5166
      vertex 55 -44.913 51.2979
    endloop
  endfacet
  facet normal 0 0.537295 -0.843395
    outer loop
      vertex 55 -43 52.5166
      vertex -55 -44.913 51.2979
      vertex -55 -43 52.5166
    endloop
  endfacet
  facet normal 0 0.60876 -0.793354
    outer loop
      vertex -55 -46.7125 49.9171
      vertex 55 -44.913 51.2979
      vertex 55 -46.7125 49.9171
    endloop
  endfacet
  facet normal 0 0.60876 -0.793354
    outer loop
      vertex 55 -44.913 51.2979
      vertex -55 -46.7125 49.9171
      vertex -55 -44.913 51.2979
    endloop
  endfacet
  facet normal 0 0.675571 -0.737295
    outer loop
      vertex -55 -48.3848 48.3848
      vertex 55 -46.7125 49.9171
      vertex 55 -48.3848 48.3848
    endloop
  endfacet
  facet normal 0 0.675571 -0.737295
    outer loop
      vertex 55 -46.7125 49.9171
      vertex -55 -48.3848 48.3848
      vertex -55 -46.7125 49.9171
    endloop
  endfacet
  facet normal 0 0.737295 -0.675571
    outer loop
      vertex 55 -49.9171 46.7125
      vertex -55 -48.3848 48.3848
      vertex 55 -48.3848 48.3848
    endloop
  endfacet
  facet normal 0 0.737295 -0.675571
    outer loop
      vertex -55 -48.3848 48.3848
      vertex 55 -49.9171 46.7125
      vertex -55 -49.9171 46.7125
    endloop
  endfacet
  facet normal 0 0.793334 -0.608787
    outer loop
      vertex 55 -50.5 45.9529
      vertex -55 -49.9171 46.7125
      vertex 55 -49.9171 46.7125
    endloop
  endfacet
  facet normal 0 0.793334 -0.608787
    outer loop
      vertex -55 -49.9171 46.7125
      vertex 55 -50.5 45.9529
      vertex -55 -50.5 45.9529
    endloop
  endfacet
  facet normal 0 0.948663 0.316288
    outer loop
      vertex 44.191 -48.5878 7.76335
      vertex -44.2549 -48.6667 8
      vertex 44.2549 -48.6667 8
    endloop
  endfacet
  facet normal 0 0.948663 0.316288
    outer loop
      vertex 44.191 -48.5878 7.76335
      vertex -44.191 -48.5878 7.76335
      vertex -44.2549 -48.6667 8
    endloop
  endfacet
  facet normal 0 0.948665 0.316282
    outer loop
      vertex 44.134 -48.5 7.5
      vertex -44.191 -48.5878 7.76335
      vertex 44.191 -48.5878 7.76335
    endloop
  endfacet
  facet normal 0 0.948665 0.316282
    outer loop
      vertex 44.134 -48.5 7.5
      vertex -44.134 -48.5 7.5
      vertex -44.191 -48.5878 7.76335
    endloop
  endfacet
  facet normal 0 0.948646 0.31634
    outer loop
      vertex 44.0865 -48.4067 7.22021
      vertex -44.134 -48.5 7.5
      vertex 44.134 -48.5 7.5
    endloop
  endfacet
  facet normal 0 0.948646 0.31634
    outer loop
      vertex 44.0865 -48.4067 7.22021
      vertex -44.0865 -48.4067 7.22021
      vertex -44.134 -48.5 7.5
    endloop
  endfacet
  facet normal 0 0.948703 0.31617
    outer loop
      vertex 44.0489 -48.309 6.92705
      vertex -44.0865 -48.4067 7.22021
      vertex 44.0865 -48.4067 7.22021
    endloop
  endfacet
  facet normal 0 0.948703 0.31617
    outer loop
      vertex 44.0489 -48.309 6.92705
      vertex -44.0489 -48.309 6.92705
      vertex -44.0865 -48.4067 7.22021
    endloop
  endfacet
  facet normal 0 0.94869 0.316209
    outer loop
      vertex 44.0219 -48.2079 6.62373
      vertex -44.0489 -48.309 6.92705
      vertex 44.0489 -48.309 6.92705
    endloop
  endfacet
  facet normal 0 0.94869 0.316209
    outer loop
      vertex 44.0219 -48.2079 6.62373
      vertex -44.0219 -48.2079 6.62373
      vertex -44.0489 -48.309 6.92705
    endloop
  endfacet
  facet normal 0 0.948665 0.316283
    outer loop
      vertex 44.0055 -48.1045 6.31359
      vertex -44.0219 -48.2079 6.62373
      vertex 44.0219 -48.2079 6.62373
    endloop
  endfacet
  facet normal 0 0.948665 0.316283
    outer loop
      vertex 44.0055 -48.1045 6.31359
      vertex -44.0055 -48.1045 6.31359
      vertex -44.0219 -48.2079 6.62373
    endloop
  endfacet
  facet normal 0 0.948711 0.316146
    outer loop
      vertex 44 -48 6
      vertex -44.0055 -48.1045 6.31359
      vertex 44.0055 -48.1045 6.31359
    endloop
  endfacet
  facet normal 0 0.948711 0.316146
    outer loop
      vertex 44 -48 6
      vertex -44 -48 6
      vertex -44.0055 -48.1045 6.31359
    endloop
  endfacet
  facet normal 0 0.948683 0.316228
    outer loop
      vertex 44 -46 0
      vertex -44 -48 6
      vertex 44 -48 6
    endloop
  endfacet
  facet normal 0 0.948683 0.316228
    outer loop
      vertex -44 -48 6
      vertex 44 -46 0
      vertex -44 -46 0
    endloop
  endfacet
  facet normal -0 0.948685 0.316223
    outer loop
      vertex 44.2549 -48.6667 8
      vertex 55 -50.5 13.5
      vertex 45.7451 -48.6667 8
    endloop
  endfacet
  facet normal -3.71591e-05 0.948666 0.316279
    outer loop
      vertex 55 -50.5 13.5
      vertex 45.809 -48.5878 7.76335
      vertex 45.7451 -48.6667 8
    endloop
  endfacet
  facet normal -3.45292e-05 0.948668 0.316275
    outer loop
      vertex 55 -50.5 13.5
      vertex 45.866 -48.5 7.5
      vertex 45.809 -48.5878 7.76335
    endloop
  endfacet
  facet normal -7.34714e-05 0.94865 0.316328
    outer loop
      vertex 55 -50.5 13.5
      vertex 45.9135 -48.4067 7.22021
      vertex 45.866 -48.5 7.5
    endloop
  endfacet
  facet normal 4.46049e-05 0.948701 0.316175
    outer loop
      vertex 55 -50.5 13.5
      vertex 45.9511 -48.309 6.92705
      vertex 45.9135 -48.4067 7.22021
    endloop
  endfacet
  facet normal 1.58673e-05 0.948689 0.31621
    outer loop
      vertex 55 -50.5 13.5
      vertex 45.9781 -48.2079 6.62373
      vertex 45.9511 -48.309 6.92705
    endloop
  endfacet
  facet normal -4.38101e-05 0.948666 0.316281
    outer loop
      vertex 55 -50.5 13.5
      vertex 45.9945 -48.1045 6.31359
      vertex 45.9781 -48.2079 6.62373
    endloop
  endfacet
  facet normal 3.16035e-06 0.948683 0.316228
    outer loop
      vertex 55 -46 0
      vertex 45.9945 -48.1045 6.31359
      vertex 55 -50.5 13.5
    endloop
  endfacet
  facet normal -6.12223e-05 0.948711 0.316145
    outer loop
      vertex 45.9945 -48.1045 6.31359
      vertex 55 -46 0
      vertex 46 -48 6
    endloop
  endfacet
  facet normal 0 0.948683 0.316228
    outer loop
      vertex 46 -48 6
      vertex 55 -46 0
      vertex 46 -46 0
    endloop
  endfacet
  facet normal 0 0.948685 0.316223
    outer loop
      vertex 55 -50.5 13.5
      vertex 44.2549 -48.6667 8
      vertex -55 -50.5 13.5
    endloop
  endfacet
  facet normal -0 0.948685 0.316223
    outer loop
      vertex -44.2549 -48.6667 8
      vertex -55 -50.5 13.5
      vertex 44.2549 -48.6667 8
    endloop
  endfacet
  facet normal -0 0.948685 0.316223
    outer loop
      vertex -45.7451 -48.6667 8
      vertex -55 -50.5 13.5
      vertex -44.2549 -48.6667 8
    endloop
  endfacet
  facet normal 3.71591e-05 0.948666 0.316279
    outer loop
      vertex -45.809 -48.5878 7.76335
      vertex -55 -50.5 13.5
      vertex -45.7451 -48.6667 8
    endloop
  endfacet
  facet normal 3.45292e-05 0.948668 0.316275
    outer loop
      vertex -45.866 -48.5 7.5
      vertex -55 -50.5 13.5
      vertex -45.809 -48.5878 7.76335
    endloop
  endfacet
  facet normal 7.34714e-05 0.94865 0.316328
    outer loop
      vertex -45.9135 -48.4067 7.22021
      vertex -55 -50.5 13.5
      vertex -45.866 -48.5 7.5
    endloop
  endfacet
  facet normal -4.46049e-05 0.948701 0.316175
    outer loop
      vertex -45.9511 -48.309 6.92705
      vertex -55 -50.5 13.5
      vertex -45.9135 -48.4067 7.22021
    endloop
  endfacet
  facet normal -1.58673e-05 0.948689 0.31621
    outer loop
      vertex -45.9781 -48.2079 6.62373
      vertex -55 -50.5 13.5
      vertex -45.9511 -48.309 6.92705
    endloop
  endfacet
  facet normal 4.38101e-05 0.948666 0.316281
    outer loop
      vertex -45.9945 -48.1045 6.31359
      vertex -55 -50.5 13.5
      vertex -45.9781 -48.2079 6.62373
    endloop
  endfacet
  facet normal 6.12223e-05 0.948711 0.316145
    outer loop
      vertex -55 -46 0
      vertex -45.9945 -48.1045 6.31359
      vertex -46 -48 6
    endloop
  endfacet
  facet normal -0 0.948683 0.316228
    outer loop
      vertex -55 -46 0
      vertex -46 -48 6
      vertex -46 -46 0
    endloop
  endfacet
  facet normal -3.16035e-06 0.948683 0.316228
    outer loop
      vertex -45.9945 -48.1045 6.31359
      vertex -55 -46 0
      vertex -55 -50.5 13.5
    endloop
  endfacet
  facet normal 0 -0.780906 -0.624648
    outer loop
      vertex -55 42 5
      vertex -48.083 42.324 4.59495
      vertex -48.1 42 5
    endloop
  endfacet
  facet normal -5.92921e-06 -0.780857 -0.62471
    outer loop
      vertex -55 42 5
      vertex -48.0323 42.6445 4.19434
      vertex -48.083 42.324 4.59495
    endloop
  endfacet
  facet normal -2.1176e-05 -0.780793 -0.62479
    outer loop
      vertex -55 42 5
      vertex -47.9483 42.958 3.80256
      vertex -48.0323 42.6445 4.19434
    endloop
  endfacet
  facet normal 5.31527e-06 -0.780869 -0.624695
    outer loop
      vertex -55 46 0
      vertex -47.9483 42.958 3.80256
      vertex -55 42 5
    endloop
  endfacet
  facet normal -2.2153e-05 -0.780894 -0.624664
    outer loop
      vertex -47.9483 42.958 3.80256
      vertex -55 46 0
      vertex -47.832 43.2609 3.4239
    endloop
  endfacet
  facet normal -1.54545e-05 -0.780887 -0.624673
    outer loop
      vertex -47.832 43.2609 3.4239
      vertex -55 46 0
      vertex -47.6847 43.55 3.0625
    endloop
  endfacet
  facet normal -2.8415e-05 -0.780902 -0.624654
    outer loop
      vertex -47.6847 43.55 3.0625
      vertex -55 46 0
      vertex -47.5079 43.8221 2.72233
    endloop
  endfacet
  facet normal 2.02783e-05 -0.780837 -0.624735
    outer loop
      vertex -47.5079 43.8221 2.72233
      vertex -55 46 0
      vertex -47.3037 44.0743 2.40712
    endloop
  endfacet
  facet normal -3.30214e-05 -0.78092 -0.624631
    outer loop
      vertex -47.3037 44.0743 2.40712
      vertex -55 46 0
      vertex -47.0743 44.3037 2.12031
    endloop
  endfacet
  facet normal -0 -0.780859 -0.624707
    outer loop
      vertex -46 46 0
      vertex -47.0743 44.3037 2.12031
      vertex -55 46 0
    endloop
  endfacet
  facet normal -3.97817e-05 -0.78085 -0.624719
    outer loop
      vertex -47.0743 44.3037 2.12031
      vertex -46 46 0
      vertex -46.8221 44.5079 1.86506
    endloop
  endfacet
  facet normal 0.000294271 -0.780921 -0.624629
    outer loop
      vertex -46.8221 44.5079 1.86506
      vertex -46 46 0
      vertex -46.55 44.6847 1.64415
    endloop
  endfacet
  facet normal -3.35001e-05 -0.780868 -0.624696
    outer loop
      vertex -46.55 44.6847 1.64415
      vertex -46 46 0
      vertex -46.2609 44.832 1.46001
    endloop
  endfacet
  facet normal -0.000141794 -0.780859 -0.624708
    outer loop
      vertex -46.2609 44.832 1.46001
      vertex -46 46 0
      vertex -46 44.9321 1.33483
    endloop
  endfacet
  facet normal 0 -0.780906 -0.624648
    outer loop
      vertex 48.083 42.324 4.59495
      vertex 55 42 5
      vertex 48.1 42 5
    endloop
  endfacet
  facet normal 5.92921e-06 -0.780857 -0.62471
    outer loop
      vertex 48.0323 42.6445 4.19434
      vertex 55 42 5
      vertex 48.083 42.324 4.59495
    endloop
  endfacet
  facet normal 2.1176e-05 -0.780793 -0.62479
    outer loop
      vertex 47.9483 42.958 3.80256
      vertex 55 42 5
      vertex 48.0323 42.6445 4.19434
    endloop
  endfacet
  facet normal 2.2153e-05 -0.780894 -0.624664
    outer loop
      vertex 55 46 0
      vertex 47.9483 42.958 3.80256
      vertex 47.832 43.2609 3.4239
    endloop
  endfacet
  facet normal 1.54545e-05 -0.780887 -0.624673
    outer loop
      vertex 55 46 0
      vertex 47.832 43.2609 3.4239
      vertex 47.6847 43.55 3.0625
    endloop
  endfacet
  facet normal 2.8415e-05 -0.780902 -0.624654
    outer loop
      vertex 55 46 0
      vertex 47.6847 43.55 3.0625
      vertex 47.5079 43.8221 2.72233
    endloop
  endfacet
  facet normal -2.02783e-05 -0.780837 -0.624735
    outer loop
      vertex 55 46 0
      vertex 47.5079 43.8221 2.72233
      vertex 47.3037 44.0743 2.40712
    endloop
  endfacet
  facet normal 3.30214e-05 -0.78092 -0.624631
    outer loop
      vertex 55 46 0
      vertex 47.3037 44.0743 2.40712
      vertex 47.0743 44.3037 2.12031
    endloop
  endfacet
  facet normal 3.97817e-05 -0.78085 -0.624719
    outer loop
      vertex 46 46 0
      vertex 47.0743 44.3037 2.12031
      vertex 46.8221 44.5079 1.86506
    endloop
  endfacet
  facet normal -0.000294271 -0.780921 -0.624629
    outer loop
      vertex 46 46 0
      vertex 46.8221 44.5079 1.86506
      vertex 46.55 44.6847 1.64415
    endloop
  endfacet
  facet normal 3.35001e-05 -0.780868 -0.624696
    outer loop
      vertex 46 46 0
      vertex 46.55 44.6847 1.64415
      vertex 46.2609 44.832 1.46001
    endloop
  endfacet
  facet normal 0.000141794 -0.780859 -0.624708
    outer loop
      vertex 46 46 0
      vertex 46.2609 44.832 1.46001
      vertex 46 44.9321 1.33483
    endloop
  endfacet
  facet normal 0 -0.780859 -0.624707
    outer loop
      vertex 47.0743 44.3037 2.12031
      vertex 46 46 0
      vertex 55 46 0
    endloop
  endfacet
  facet normal -5.31527e-06 -0.780869 -0.624695
    outer loop
      vertex 47.9483 42.958 3.80256
      vertex 55 46 0
      vertex 55 42 5
    endloop
  endfacet
  facet normal 0 -0.780906 -0.624648
    outer loop
      vertex -41.917 42.324 4.59495
      vertex 41.9 42 5
      vertex -41.9 42 5
    endloop
  endfacet
  facet normal 0 -0.780906 -0.624648
    outer loop
      vertex -41.917 42.324 4.59495
      vertex 41.917 42.324 4.59495
      vertex 41.9 42 5
    endloop
  endfacet
  facet normal 0 -0.780857 -0.624709
    outer loop
      vertex -41.9677 42.6445 4.19434
      vertex 41.917 42.324 4.59495
      vertex -41.917 42.324 4.59495
    endloop
  endfacet
  facet normal 0 -0.780857 -0.624709
    outer loop
      vertex -41.9677 42.6445 4.19434
      vertex 41.9677 42.6445 4.19434
      vertex 41.917 42.324 4.59495
    endloop
  endfacet
  facet normal 0 -0.780795 -0.624787
    outer loop
      vertex -42.0517 42.958 3.80256
      vertex 41.9677 42.6445 4.19434
      vertex -41.9677 42.6445 4.19434
    endloop
  endfacet
  facet normal 0 -0.780795 -0.624787
    outer loop
      vertex -42.0517 42.958 3.80256
      vertex 42.0517 42.958 3.80256
      vertex 41.9677 42.6445 4.19434
    endloop
  endfacet
  facet normal 0 -0.780897 -0.62466
    outer loop
      vertex -42.168 43.2609 3.4239
      vertex 42.0517 42.958 3.80256
      vertex -42.0517 42.958 3.80256
    endloop
  endfacet
  facet normal 0 -0.780897 -0.62466
    outer loop
      vertex -42.168 43.2609 3.4239
      vertex 42.168 43.2609 3.4239
      vertex 42.0517 42.958 3.80256
    endloop
  endfacet
  facet normal 0 -0.78089 -0.624669
    outer loop
      vertex -42.3153 43.55 3.0625
      vertex 42.168 43.2609 3.4239
      vertex -42.168 43.2609 3.4239
    endloop
  endfacet
  facet normal 0 -0.78089 -0.624669
    outer loop
      vertex -42.3153 43.55 3.0625
      vertex 42.3153 43.55 3.0625
      vertex 42.168 43.2609 3.4239
    endloop
  endfacet
  facet normal 0 -0.780909 -0.624645
    outer loop
      vertex -42.4921 43.8221 2.72233
      vertex 42.3153 43.55 3.0625
      vertex -42.3153 43.55 3.0625
    endloop
  endfacet
  facet normal 0 -0.780909 -0.624645
    outer loop
      vertex -42.4921 43.8221 2.72233
      vertex 42.4921 43.8221 2.72233
      vertex 42.3153 43.55 3.0625
    endloop
  endfacet
  facet normal -0.000734276 -0.781062 -0.624453
    outer loop
      vertex -44 46 0
      vertex -42.4921 43.8221 2.72233
      vertex -42.6963 44.0743 2.40712
    endloop
  endfacet
  facet normal 0 -0.780864 -0.624701
    outer loop
      vertex -42.4921 43.8221 2.72233
      vertex -44 46 0
      vertex 42.4921 43.8221 2.72233
    endloop
  endfacet
  facet normal 0.000511013 -0.780733 -0.624865
    outer loop
      vertex -44 46 0
      vertex -42.6963 44.0743 2.40712
      vertex -42.9257 44.3037 2.12031
    endloop
  endfacet
  facet normal -0 -0.780864 -0.624701
    outer loop
      vertex 44 46 0
      vertex 42.4921 43.8221 2.72233
      vertex -44 46 0
    endloop
  endfacet
  facet normal 3.97817e-05 -0.78085 -0.624719
    outer loop
      vertex -44 46 0
      vertex -42.9257 44.3037 2.12031
      vertex -43.1779 44.5079 1.86506
    endloop
  endfacet
  facet normal 0.000734276 -0.781062 -0.624453
    outer loop
      vertex 42.4921 43.8221 2.72233
      vertex 44 46 0
      vertex 42.6963 44.0743 2.40712
    endloop
  endfacet
  facet normal -0.000294271 -0.780921 -0.624629
    outer loop
      vertex -44 46 0
      vertex -43.1779 44.5079 1.86506
      vertex -43.45 44.6847 1.64415
    endloop
  endfacet
  facet normal -0.000511013 -0.780733 -0.624865
    outer loop
      vertex 42.6963 44.0743 2.40712
      vertex 44 46 0
      vertex 42.9257 44.3037 2.12031
    endloop
  endfacet
  facet normal 3.35001e-05 -0.780868 -0.624696
    outer loop
      vertex -44 46 0
      vertex -43.45 44.6847 1.64415
      vertex -43.7391 44.832 1.46001
    endloop
  endfacet
  facet normal -3.97817e-05 -0.78085 -0.624719
    outer loop
      vertex 42.9257 44.3037 2.12031
      vertex 44 46 0
      vertex 43.1779 44.5079 1.86506
    endloop
  endfacet
  facet normal 0.000141794 -0.780859 -0.624708
    outer loop
      vertex -44 46 0
      vertex -43.7391 44.832 1.46001
      vertex -44 44.9321 1.33483
    endloop
  endfacet
  facet normal 0.000294271 -0.780921 -0.624629
    outer loop
      vertex 43.1779 44.5079 1.86506
      vertex 44 46 0
      vertex 43.45 44.6847 1.64415
    endloop
  endfacet
  facet normal -3.35001e-05 -0.780868 -0.624696
    outer loop
      vertex 43.45 44.6847 1.64415
      vertex 44 46 0
      vertex 43.7391 44.832 1.46001
    endloop
  endfacet
  facet normal -0.000141794 -0.780859 -0.624708
    outer loop
      vertex 43.7391 44.832 1.46001
      vertex 44 46 0
      vertex 44 44.9321 1.33483
    endloop
  endfacet
  facet normal 0 -0.780773 -0.624814
    outer loop
      vertex -46.2944 42.9405 3.82443
      vertex -46 42.8 4
      vertex -46.3856 42.8 4
    endloop
  endfacet
  facet normal -0.00019156 -0.78093 -0.624619
    outer loop
      vertex -46.189 43.0706 3.66174
      vertex -46 42.8 4
      vertex -46.2944 42.9405 3.82443
    endloop
  endfacet
  facet normal -7.95964e-05 -0.7809 -0.624657
    outer loop
      vertex -46.0706 43.189 3.51371
      vertex -46 42.8 4
      vertex -46.189 43.0706 3.66174
    endloop
  endfacet
  facet normal 0.000276791 -0.780874 -0.624688
    outer loop
      vertex -46 42.8 4
      vertex -46.0706 43.189 3.51371
      vertex -46 43.2462 3.44224
    endloop
  endfacet
  facet normal 0 -0.780773 -0.624814
    outer loop
      vertex -44 42.8 4
      vertex -43.7056 42.9405 3.82443
      vertex -43.6144 42.8 4
    endloop
  endfacet
  facet normal 0.00019156 -0.78093 -0.624619
    outer loop
      vertex -44 42.8 4
      vertex -43.811 43.0706 3.66174
      vertex -43.7056 42.9405 3.82443
    endloop
  endfacet
  facet normal 7.95964e-05 -0.7809 -0.624657
    outer loop
      vertex -44 42.8 4
      vertex -43.9294 43.189 3.51371
      vertex -43.811 43.0706 3.66174
    endloop
  endfacet
  facet normal -0.000276791 -0.780874 -0.624688
    outer loop
      vertex -43.9294 43.189 3.51371
      vertex -44 42.8 4
      vertex -44 43.2462 3.44224
    endloop
  endfacet
  facet normal 0 -0.780773 -0.624814
    outer loop
      vertex 43.7056 42.9405 3.82443
      vertex 44 42.8 4
      vertex 43.6144 42.8 4
    endloop
  endfacet
  facet normal -0.00019156 -0.78093 -0.624619
    outer loop
      vertex 43.811 43.0706 3.66174
      vertex 44 42.8 4
      vertex 43.7056 42.9405 3.82443
    endloop
  endfacet
  facet normal -7.95964e-05 -0.7809 -0.624657
    outer loop
      vertex 43.9294 43.189 3.51371
      vertex 44 42.8 4
      vertex 43.811 43.0706 3.66174
    endloop
  endfacet
  facet normal 0.000276791 -0.780874 -0.624688
    outer loop
      vertex 44 42.8 4
      vertex 43.9294 43.189 3.51371
      vertex 44 43.2462 3.44224
    endloop
  endfacet
  facet normal 0 -0.780773 -0.624814
    outer loop
      vertex 46 42.8 4
      vertex 46.2944 42.9405 3.82443
      vertex 46.3856 42.8 4
    endloop
  endfacet
  facet normal 0.00019156 -0.78093 -0.624619
    outer loop
      vertex 46 42.8 4
      vertex 46.189 43.0706 3.66174
      vertex 46.2944 42.9405 3.82443
    endloop
  endfacet
  facet normal 7.95964e-05 -0.7809 -0.624657
    outer loop
      vertex 46 42.8 4
      vertex 46.0706 43.189 3.51371
      vertex 46.189 43.0706 3.66174
    endloop
  endfacet
  facet normal -0.000276791 -0.780874 -0.624688
    outer loop
      vertex 46.0706 43.189 3.51371
      vertex 46 42.8 4
      vertex 46 43.2462 3.44224
    endloop
  endfacet
  facet normal 0.707107 0.707107 -0
    outer loop
      vertex 47.3037 44.0743 0
      vertex 47.0743 44.3037 2.12031
      vertex 47.3037 44.0743 2.40712
    endloop
  endfacet
  facet normal 0.707107 0.707107 0
    outer loop
      vertex 47.0743 44.3037 2.12031
      vertex 47.3037 44.0743 0
      vertex 47.0743 44.3037 0
    endloop
  endfacet
  facet normal 0.987718 0.156247 -0
    outer loop
      vertex 48.083 42.324 0
      vertex 48.0323 42.6445 4.19434
      vertex 48.083 42.324 4.59495
    endloop
  endfacet
  facet normal 0.987718 0.156247 0
    outer loop
      vertex 48.0323 42.6445 4.19434
      vertex 48.083 42.324 0
      vertex 48.0323 42.6445 0
    endloop
  endfacet
  facet normal 0.998626 0.0523971 -0
    outer loop
      vertex 48.1 42 0
      vertex 48.083 42.324 4.59495
      vertex 48.1 42 5
    endloop
  endfacet
  facet normal 0.998626 0.0523971 0
    outer loop
      vertex 48.083 42.324 4.59495
      vertex 48.1 42 0
      vertex 48.083 42.324 0
    endloop
  endfacet
  facet normal 0.965927 0.258813 -0
    outer loop
      vertex 48.0323 42.6445 0
      vertex 47.9483 42.958 3.80256
      vertex 48.0323 42.6445 4.19434
    endloop
  endfacet
  facet normal 0.965927 0.258813 0
    outer loop
      vertex 47.9483 42.958 3.80256
      vertex 48.0323 42.6445 0
      vertex 47.9483 42.958 0
    endloop
  endfacet
  facet normal -0.965927 -0.258813 0
    outer loop
      vertex 42.0517 41.042 0
      vertex 41.9677 41.3555 6.77245
      vertex 41.9677 41.3555 0
    endloop
  endfacet
  facet normal -0.965927 -0.258813 0
    outer loop
      vertex 41.9677 41.3555 6.77245
      vertex 42.0517 41.042 0
      vertex 42.0517 41.042 7.63437
    endloop
  endfacet
  facet normal -0.987718 0.156247 0
    outer loop
      vertex 41.917 42.324 0
      vertex 41.9677 42.6445 4.19434
      vertex 41.9677 42.6445 0
    endloop
  endfacet
  facet normal -0.987718 0.156247 0
    outer loop
      vertex 41.9677 42.6445 4.19434
      vertex 41.917 42.324 0
      vertex 41.917 42.324 4.59495
    endloop
  endfacet
  facet normal 0.965927 -0.258813 0
    outer loop
      vertex 47.9483 41.042 0
      vertex 48.0323 41.3555 6.77245
      vertex 47.9483 41.042 7.63437
    endloop
  endfacet
  facet normal 0.965927 -0.258813 0
    outer loop
      vertex 48.0323 41.3555 6.77245
      vertex 47.9483 41.042 0
      vertex 48.0323 41.3555 0
    endloop
  endfacet
  facet normal -0.838535 -0.544848 0
    outer loop
      vertex 42.4921 40.1779 0
      vertex 42.3153 40.45 8
      vertex 42.3153 40.45 0
    endloop
  endfacet
  facet normal -0.838535 -0.544848 0
    outer loop
      vertex 42.3153 40.45 8
      vertex 42.4921 40.1779 0
      vertex 42.4921 40.1779 8
    endloop
  endfacet
  facet normal -0.987718 -0.156247 0
    outer loop
      vertex 41.9677 41.3555 0
      vertex 41.917 41.676 5.8911
      vertex 41.917 41.676 0
    endloop
  endfacet
  facet normal -0.987718 -0.156247 0
    outer loop
      vertex 41.917 41.676 5.8911
      vertex 41.9677 41.3555 0
      vertex 41.9677 41.3555 6.77245
    endloop
  endfacet
  facet normal 0.777187 0.629269 -0
    outer loop
      vertex 47.5079 43.8221 0
      vertex 47.3037 44.0743 2.40712
      vertex 47.5079 43.8221 2.72233
    endloop
  endfacet
  facet normal 0.777187 0.629269 0
    outer loop
      vertex 47.3037 44.0743 2.40712
      vertex 47.5079 43.8221 0
      vertex 47.3037 44.0743 0
    endloop
  endfacet
  facet normal -0.544848 0.838535 0
    outer loop
      vertex 43.1779 44.5079 0
      vertex 43.45 44.6847 1.64415
      vertex 43.45 44.6847 0
    endloop
  endfacet
  facet normal -0.544848 0.838535 0
    outer loop
      vertex 43.45 44.6847 1.64415
      vertex 43.1779 44.5079 0
      vertex 43.1779 44.5079 1.86506
    endloop
  endfacet
  facet normal 0.933552 0.358442 -0
    outer loop
      vertex 47.9483 42.958 0
      vertex 47.832 43.2609 3.4239
      vertex 47.9483 42.958 3.80256
    endloop
  endfacet
  facet normal 0.933552 0.358442 0
    outer loop
      vertex 47.832 43.2609 3.4239
      vertex 47.9483 42.958 0
      vertex 47.832 43.2609 0
    endloop
  endfacet
  facet normal -0.838535 0.544848 0
    outer loop
      vertex 42.3153 43.55 0
      vertex 42.4921 43.8221 2.72233
      vertex 42.4921 43.8221 0
    endloop
  endfacet
  facet normal -0.838535 0.544848 0
    outer loop
      vertex 42.4921 43.8221 2.72233
      vertex 42.3153 43.55 0
      vertex 42.3153 43.55 3.0625
    endloop
  endfacet
  facet normal 0.0523971 -0.998626 0
    outer loop
      vertex 45 38.9 0
      vertex 45.324 38.917 8
      vertex 45 38.9 8
    endloop
  endfacet
  facet normal 0.0523971 -0.998626 0
    outer loop
      vertex 45.324 38.917 8
      vertex 45 38.9 0
      vertex 45.324 38.917 0
    endloop
  endfacet
  facet normal -0.777187 0.629269 0
    outer loop
      vertex 42.4921 43.8221 0
      vertex 42.6963 44.0743 2.40712
      vertex 42.6963 44.0743 0
    endloop
  endfacet
  facet normal -0.777187 0.629269 0
    outer loop
      vertex 42.6963 44.0743 2.40712
      vertex 42.4921 43.8221 0
      vertex 42.4921 43.8221 2.72233
    endloop
  endfacet
  facet normal 0.358442 -0.933552 0
    outer loop
      vertex 45.958 39.0517 0
      vertex 46.2609 39.168 8
      vertex 45.958 39.0517 8
    endloop
  endfacet
  facet normal 0.358442 -0.933552 0
    outer loop
      vertex 46.2609 39.168 8
      vertex 45.958 39.0517 0
      vertex 46.2609 39.168 0
    endloop
  endfacet
  facet normal 0.629269 0.777187 -0
    outer loop
      vertex 47.0743 44.3037 0
      vertex 46.8221 44.5079 1.86506
      vertex 47.0743 44.3037 2.12031
    endloop
  endfacet
  facet normal 0.629269 0.777187 0
    outer loop
      vertex 46.8221 44.5079 1.86506
      vertex 47.0743 44.3037 0
      vertex 46.8221 44.5079 0
    endloop
  endfacet
  facet normal 0 0 1
    outer loop
      vertex 44 48 8
      vertex 46 48 8
      vertex 45.9945 48.1045 8
    endloop
  endfacet
  facet normal 0 0 1
    outer loop
      vertex 44 48 8
      vertex 45.9945 48.1045 8
      vertex 45.9781 48.2079 8
    endloop
  endfacet
  facet normal 0 0 1
    outer loop
      vertex 44 48 8
      vertex 45.9781 48.2079 8
      vertex 45.9511 48.309 8
    endloop
  endfacet
  facet normal 0 0 1
    outer loop
      vertex 44 48 8
      vertex 45.9511 48.309 8
      vertex 45.9135 48.4067 8
    endloop
  endfacet
  facet normal 0 0 1
    outer loop
      vertex 44 48 8
      vertex 45.9135 48.4067 8
      vertex 45.866 48.5 8
    endloop
  endfacet
  facet normal 0 0 1
    outer loop
      vertex 44 48 8
      vertex 45.866 48.5 8
      vertex 45.809 48.5878 8
    endloop
  endfacet
  facet normal 0 0 1
    outer loop
      vertex 44 48 8
      vertex 45.809 48.5878 8
      vertex 45.7431 48.6691 8
    endloop
  endfacet
  facet normal 0 0 1
    outer loop
      vertex 44 48 8
      vertex 45.7431 48.6691 8
      vertex 45.6691 48.7431 8
    endloop
  endfacet
  facet normal 0 0 1
    outer loop
      vertex 44 48 8
      vertex 45.6691 48.7431 8
      vertex 45.5878 48.809 8
    endloop
  endfacet
  facet normal 0 0 1
    outer loop
      vertex 44 48 8
      vertex 45.5878 48.809 8
      vertex 45.5 48.866 8
    endloop
  endfacet
  facet normal 0 0 1
    outer loop
      vertex 44 48 8
      vertex 45.5 48.866 8
      vertex 45.4067 48.9135 8
    endloop
  endfacet
  facet normal 0 0 1
    outer loop
      vertex 44 48 8
      vertex 45.4067 48.9135 8
      vertex 45.309 48.9511 8
    endloop
  endfacet
  facet normal 0 0 1
    outer loop
      vertex 44 48 8
      vertex 45.309 48.9511 8
      vertex 45.2079 48.9781 8
    endloop
  endfacet
  facet normal 0 0 1
    outer loop
      vertex 44 48 8
      vertex 45.2079 48.9781 8
      vertex 45.1045 48.9945 8
    endloop
  endfacet
  facet normal 0 0 1
    outer loop
      vertex 44 48 8
      vertex 45.1045 48.9945 8
      vertex 45 49 8
    endloop
  endfacet
  facet normal 0 0 1
    outer loop
      vertex 44 48 8
      vertex 45 49 8
      vertex 44.8955 48.9945 8
    endloop
  endfacet
  facet normal 0 0 1
    outer loop
      vertex 44 48 8
      vertex 44.8955 48.9945 8
      vertex 44.7921 48.9781 8
    endloop
  endfacet
  facet normal 0 0 1
    outer loop
      vertex 44 48 8
      vertex 44.7921 48.9781 8
      vertex 44.691 48.9511 8
    endloop
  endfacet
  facet normal 0 0 1
    outer loop
      vertex 44 48 8
      vertex 44.691 48.9511 8
      vertex 44.5933 48.9135 8
    endloop
  endfacet
  facet normal 0 0 1
    outer loop
      vertex 44 48 8
      vertex 44.5933 48.9135 8
      vertex 44.5 48.866 8
    endloop
  endfacet
  facet normal 0 0 1
    outer loop
      vertex 44 48 8
      vertex 44.5 48.866 8
      vertex 44.4122 48.809 8
    endloop
  endfacet
  facet normal 0 0 1
    outer loop
      vertex 44 48 8
      vertex 44.4122 48.809 8
      vertex 44.3309 48.7431 8
    endloop
  endfacet
  facet normal 0 0 1
    outer loop
      vertex 44 48 8
      vertex 44.3309 48.7431 8
      vertex 44.2569 48.6691 8
    endloop
  endfacet
  facet normal 0 0 1
    outer loop
      vertex 44 48 8
      vertex 44.2569 48.6691 8
      vertex 44.191 48.5878 8
    endloop
  endfacet
  facet normal 0 0 1
    outer loop
      vertex 44 48 8
      vertex 44.191 48.5878 8
      vertex 44.134 48.5 8
    endloop
  endfacet
  facet normal 0 0 1
    outer loop
      vertex 44 48 8
      vertex 44.134 48.5 8
      vertex 44.0865 48.4067 8
    endloop
  endfacet
  facet normal 0 0 1
    outer loop
      vertex 44 48 8
      vertex 44.0865 48.4067 8
      vertex 44.0489 48.309 8
    endloop
  endfacet
  facet normal 0 0 1
    outer loop
      vertex 44 48 8
      vertex 44.0489 48.309 8
      vertex 44.0219 48.2079 8
    endloop
  endfacet
  facet normal 0 0 1
    outer loop
      vertex 44 48 8
      vertex 44.0219 48.2079 8
      vertex 44.0055 48.1045 8
    endloop
  endfacet
  facet normal 0 0 1
    outer loop
      vertex 46 48 8
      vertex 44 48 8
      vertex 46 45.0769 8
    endloop
  endfacet
  facet normal 0 0 1
    outer loop
      vertex 46 45.0769 8
      vertex 44 48 8
      vertex 44 45.0769 8
    endloop
  endfacet
  facet normal 0 0 1
    outer loop
      vertex 47.8972 40.9091 8
      vertex 47.6847 40.45 8
      vertex 47.832 40.7391 8
    endloop
  endfacet
  facet normal 0 0 1
    outer loop
      vertex 47.8972 40.9091 8
      vertex 47.5079 40.1779 8
      vertex 47.6847 40.45 8
    endloop
  endfacet
  facet normal 0 0 1
    outer loop
      vertex 47.8972 40.9091 8
      vertex 47.3037 39.9257 8
      vertex 47.5079 40.1779 8
    endloop
  endfacet
  facet normal 0 0 1
    outer loop
      vertex 47.8972 40.9091 8
      vertex 47.0743 39.6963 8
      vertex 47.3037 39.9257 8
    endloop
  endfacet
  facet normal 0 0 1
    outer loop
      vertex 47.8972 40.9091 8
      vertex 46.8221 39.4921 8
      vertex 47.0743 39.6963 8
    endloop
  endfacet
  facet normal 0 0 1
    outer loop
      vertex 47.8972 40.9091 8
      vertex 46.55 39.3153 8
      vertex 46.8221 39.4921 8
    endloop
  endfacet
  facet normal 0 0 1
    outer loop
      vertex 47.8972 40.9091 8
      vertex 46.2609 39.168 8
      vertex 46.55 39.3153 8
    endloop
  endfacet
  facet normal 0 0 1
    outer loop
      vertex 47.8972 40.9091 8
      vertex 45.958 39.0517 8
      vertex 46.2609 39.168 8
    endloop
  endfacet
  facet normal 0 0 1
    outer loop
      vertex 47.8972 40.9091 8
      vertex 45.6445 38.9677 8
      vertex 45.958 39.0517 8
    endloop
  endfacet
  facet normal 0 0 1
    outer loop
      vertex 47.8972 40.9091 8
      vertex 45.324 38.917 8
      vertex 45.6445 38.9677 8
    endloop
  endfacet
  facet normal 0 0 1
    outer loop
      vertex 47.8972 40.9091 8
      vertex 45 38.9 8
      vertex 45.324 38.917 8
    endloop
  endfacet
  facet normal 0 0 1
    outer loop
      vertex 47.8972 40.9091 8
      vertex 44.676 38.917 8
      vertex 45 38.9 8
    endloop
  endfacet
  facet normal 0 0 1
    outer loop
      vertex 47.8972 40.9091 8
      vertex 44.3555 38.9677 8
      vertex 44.676 38.917 8
    endloop
  endfacet
  facet normal 0 0 1
    outer loop
      vertex 47.8972 40.9091 8
      vertex 44.042 39.0517 8
      vertex 44.3555 38.9677 8
    endloop
  endfacet
  facet normal 0 0 1
    outer loop
      vertex 47.8972 40.9091 8
      vertex 43.7391 39.168 8
      vertex 44.042 39.0517 8
    endloop
  endfacet
  facet normal 0 0 1
    outer loop
      vertex 47.8972 40.9091 8
      vertex 43.45 39.3153 8
      vertex 43.7391 39.168 8
    endloop
  endfacet
  facet normal 0 0 1
    outer loop
      vertex 47.8972 40.9091 8
      vertex 43.1779 39.4921 8
      vertex 43.45 39.3153 8
    endloop
  endfacet
  facet normal 0 0 1
    outer loop
      vertex 47.8972 40.9091 8
      vertex 42.9257 39.6963 8
      vertex 43.1779 39.4921 8
    endloop
  endfacet
  facet normal 0 0 1
    outer loop
      vertex 47.8972 40.9091 8
      vertex 42.6963 39.9257 8
      vertex 42.9257 39.6963 8
    endloop
  endfacet
  facet normal 0 0 1
    outer loop
      vertex 47.8972 40.9091 8
      vertex 42.4921 40.1779 8
      vertex 42.6963 39.9257 8
    endloop
  endfacet
  facet normal 0 0 1
    outer loop
      vertex 47.8972 40.9091 8
      vertex 42.3153 40.45 8
      vertex 42.4921 40.1779 8
    endloop
  endfacet
  facet normal -0 0 1
    outer loop
      vertex 42.1028 40.9091 8
      vertex 42.3153 40.45 8
      vertex 47.8972 40.9091 8
    endloop
  endfacet
  facet normal 0 0 1
    outer loop
      vertex 42.3153 40.45 8
      vertex 42.1028 40.9091 8
      vertex 42.168 40.7391 8
    endloop
  endfacet
  facet normal -0.453981 -0.891011 0
    outer loop
      vertex 43.45 39.3153 0
      vertex 43.7391 39.168 8
      vertex 43.45 39.3153 8
    endloop
  endfacet
  facet normal -0.453981 -0.891011 -0
    outer loop
      vertex 43.7391 39.168 8
      vertex 43.45 39.3153 0
      vertex 43.7391 39.168 0
    endloop
  endfacet
  facet normal 0.453981 0.891011 -0
    outer loop
      vertex 46.55 44.6847 0
      vertex 46.2609 44.832 1.46001
      vertex 46.55 44.6847 1.64415
    endloop
  endfacet
  facet normal 0.453981 0.891011 0
    outer loop
      vertex 46.2609 44.832 1.46001
      vertex 46.55 44.6847 0
      vertex 46.2609 44.832 0
    endloop
  endfacet
  facet normal 0.777187 -0.629269 0
    outer loop
      vertex 47.3037 39.9257 8
      vertex 47.5079 40.1779 0
      vertex 47.5079 40.1779 8
    endloop
  endfacet
  facet normal 0.777187 -0.629269 0
    outer loop
      vertex 47.5079 40.1779 0
      vertex 47.3037 39.9257 8
      vertex 47.3037 39.9257 0
    endloop
  endfacet
  facet normal -0.258813 -0.965927 0
    outer loop
      vertex 44.042 39.0517 0
      vertex 44.3555 38.9677 8
      vertex 44.042 39.0517 8
    endloop
  endfacet
  facet normal -0.258813 -0.965927 -0
    outer loop
      vertex 44.3555 38.9677 8
      vertex 44.042 39.0517 0
      vertex 44.3555 38.9677 0
    endloop
  endfacet
  facet normal -0.629269 -0.777187 0
    outer loop
      vertex 42.9257 39.6963 0
      vertex 43.1779 39.4921 8
      vertex 42.9257 39.6963 8
    endloop
  endfacet
  facet normal -0.629269 -0.777187 -0
    outer loop
      vertex 43.1779 39.4921 8
      vertex 42.9257 39.6963 0
      vertex 43.1779 39.4921 0
    endloop
  endfacet
  facet normal 0.891011 0.453981 -0
    outer loop
      vertex 47.832 43.2609 0
      vertex 47.6847 43.55 3.0625
      vertex 47.832 43.2609 3.4239
    endloop
  endfacet
  facet normal 0.891011 0.453981 0
    outer loop
      vertex 47.6847 43.55 3.0625
      vertex 47.832 43.2609 0
      vertex 47.6847 43.55 0
    endloop
  endfacet
  facet normal -0.891011 0.453981 0
    outer loop
      vertex 42.168 43.2609 0
      vertex 42.3153 43.55 3.0625
      vertex 42.3153 43.55 0
    endloop
  endfacet
  facet normal -0.891011 0.453981 0
    outer loop
      vertex 42.3153 43.55 3.0625
      vertex 42.168 43.2609 0
      vertex 42.168 43.2609 3.4239
    endloop
  endfacet
  facet normal 0.544848 0.838535 -0
    outer loop
      vertex 46.8221 44.5079 0
      vertex 46.55 44.6847 1.64415
      vertex 46.8221 44.5079 1.86506
    endloop
  endfacet
  facet normal 0.544848 0.838535 0
    outer loop
      vertex 46.55 44.6847 1.64415
      vertex 46.8221 44.5079 0
      vertex 46.55 44.6847 0
    endloop
  endfacet
  facet normal 0.891011 -0.453981 0
    outer loop
      vertex 47.6847 40.45 8
      vertex 47.832 40.7391 0
      vertex 47.832 40.7391 8
    endloop
  endfacet
  facet normal 0.891011 -0.453981 0
    outer loop
      vertex 47.832 40.7391 0
      vertex 47.6847 40.45 8
      vertex 47.6847 40.45 0
    endloop
  endfacet
  facet normal -0.358212 0.93364 0
    outer loop
      vertex 43.7391 44.832 0
      vertex 44 44.9321 1.33483
      vertex 44 44.9321 0
    endloop
  endfacet
  facet normal -0.358212 0.93364 0
    outer loop
      vertex 44 44.9321 1.33483
      vertex 43.7391 44.832 0
      vertex 43.7391 44.832 1.46001
    endloop
  endfacet
  facet normal 0.156247 -0.987718 0
    outer loop
      vertex 45.324 38.917 0
      vertex 45.6445 38.9677 8
      vertex 45.324 38.917 8
    endloop
  endfacet
  facet normal 0.156247 -0.987718 0
    outer loop
      vertex 45.6445 38.9677 8
      vertex 45.324 38.917 0
      vertex 45.6445 38.9677 0
    endloop
  endfacet
  facet normal 0.933685 -0.358096 0.000329268
    outer loop
      vertex 47.832 40.7391 8
      vertex 47.9483 41.042 7.63437
      vertex 47.8972 40.9091 8
    endloop
  endfacet
  facet normal 0.933552 -0.358442 0
    outer loop
      vertex 47.9483 41.042 7.63437
      vertex 47.832 40.7391 8
      vertex 47.832 40.7391 0
    endloop
  endfacet
  facet normal 0.933552 -0.358442 0
    outer loop
      vertex 47.9483 41.042 7.63437
      vertex 47.832 40.7391 0
      vertex 47.9483 41.042 0
    endloop
  endfacet
  facet normal 0.998626 -0.0523971 0
    outer loop
      vertex 48.083 41.676 0
      vertex 48.1 42 5
      vertex 48.083 41.676 5.8911
    endloop
  endfacet
  facet normal 0.998626 -0.0523971 0
    outer loop
      vertex 48.1 42 5
      vertex 48.083 41.676 0
      vertex 48.1 42 0
    endloop
  endfacet
  facet normal -0.156247 -0.987718 0
    outer loop
      vertex 44.3555 38.9677 0
      vertex 44.676 38.917 8
      vertex 44.3555 38.9677 8
    endloop
  endfacet
  facet normal -0.156247 -0.987718 -0
    outer loop
      vertex 44.676 38.917 8
      vertex 44.3555 38.9677 0
      vertex 44.676 38.917 0
    endloop
  endfacet
  facet normal 0.453981 -0.891011 0
    outer loop
      vertex 46.2609 39.168 0
      vertex 46.55 39.3153 8
      vertex 46.2609 39.168 8
    endloop
  endfacet
  facet normal 0.453981 -0.891011 0
    outer loop
      vertex 46.55 39.3153 8
      vertex 46.2609 39.168 0
      vertex 46.55 39.3153 0
    endloop
  endfacet
  facet normal -0.629269 0.777187 0
    outer loop
      vertex 42.9257 44.3037 0
      vertex 43.1779 44.5079 1.86506
      vertex 43.1779 44.5079 0
    endloop
  endfacet
  facet normal -0.629269 0.777187 0
    outer loop
      vertex 43.1779 44.5079 1.86506
      vertex 42.9257 44.3037 0
      vertex 42.9257 44.3037 2.12031
    endloop
  endfacet
  facet normal -0.707107 0.707107 0
    outer loop
      vertex 42.6963 44.0743 0
      vertex 42.9257 44.3037 2.12031
      vertex 42.9257 44.3037 0
    endloop
  endfacet
  facet normal -0.707107 0.707107 0
    outer loop
      vertex 42.9257 44.3037 2.12031
      vertex 42.6963 44.0743 0
      vertex 42.6963 44.0743 2.40712
    endloop
  endfacet
  facet normal 0.838535 -0.544848 0
    outer loop
      vertex 47.5079 40.1779 8
      vertex 47.6847 40.45 0
      vertex 47.6847 40.45 8
    endloop
  endfacet
  facet normal 0.838535 -0.544848 0
    outer loop
      vertex 47.6847 40.45 0
      vertex 47.5079 40.1779 8
      vertex 47.5079 40.1779 0
    endloop
  endfacet
  facet normal 0.838535 0.544848 -0
    outer loop
      vertex 47.6847 43.55 0
      vertex 47.5079 43.8221 2.72233
      vertex 47.6847 43.55 3.0625
    endloop
  endfacet
  facet normal 0.838535 0.544848 0
    outer loop
      vertex 47.5079 43.8221 2.72233
      vertex 47.6847 43.55 0
      vertex 47.5079 43.8221 0
    endloop
  endfacet
  facet normal 0.629269 -0.777187 0
    outer loop
      vertex 46.8221 39.4921 0
      vertex 47.0743 39.6963 8
      vertex 46.8221 39.4921 8
    endloop
  endfacet
  facet normal 0.629269 -0.777187 0
    outer loop
      vertex 47.0743 39.6963 8
      vertex 46.8221 39.4921 0
      vertex 47.0743 39.6963 0
    endloop
  endfacet
  facet normal 0.358212 0.93364 -0
    outer loop
      vertex 46.2609 44.832 0
      vertex 46 44.9321 1.33483
      vertex 46.2609 44.832 1.46001
    endloop
  endfacet
  facet normal 0.358212 0.93364 0
    outer loop
      vertex 46 44.9321 1.33483
      vertex 46.2609 44.832 0
      vertex 46 44.9321 0
    endloop
  endfacet
  facet normal 0.987718 -0.156247 0
    outer loop
      vertex 48.0323 41.3555 0
      vertex 48.083 41.676 5.8911
      vertex 48.0323 41.3555 6.77245
    endloop
  endfacet
  facet normal 0.987718 -0.156247 0
    outer loop
      vertex 48.083 41.676 5.8911
      vertex 48.0323 41.3555 0
      vertex 48.083 41.676 0
    endloop
  endfacet
  facet normal -0.933552 -0.358442 0
    outer loop
      vertex 42.168 40.7391 0
      vertex 42.0517 41.042 7.63437
      vertex 42.0517 41.042 0
    endloop
  endfacet
  facet normal -0.933552 -0.358442 -0
    outer loop
      vertex 42.168 40.7391 8
      vertex 42.0517 41.042 7.63437
      vertex 42.168 40.7391 0
    endloop
  endfacet
  facet normal -0.933685 -0.358096 0.000329268
    outer loop
      vertex 42.0517 41.042 7.63437
      vertex 42.168 40.7391 8
      vertex 42.1028 40.9091 8
    endloop
  endfacet
  facet normal -0.453981 0.891011 0
    outer loop
      vertex 43.45 44.6847 0
      vertex 43.7391 44.832 1.46001
      vertex 43.7391 44.832 0
    endloop
  endfacet
  facet normal -0.453981 0.891011 0
    outer loop
      vertex 43.7391 44.832 1.46001
      vertex 43.45 44.6847 0
      vertex 43.45 44.6847 1.64415
    endloop
  endfacet
  facet normal -0.891011 -0.453981 0
    outer loop
      vertex 42.3153 40.45 0
      vertex 42.168 40.7391 8
      vertex 42.168 40.7391 0
    endloop
  endfacet
  facet normal -0.891011 -0.453981 0
    outer loop
      vertex 42.168 40.7391 8
      vertex 42.3153 40.45 0
      vertex 42.3153 40.45 8
    endloop
  endfacet
  facet normal 0.258813 -0.965927 0
    outer loop
      vertex 45.6445 38.9677 0
      vertex 45.958 39.0517 8
      vertex 45.6445 38.9677 8
    endloop
  endfacet
  facet normal 0.258813 -0.965927 0
    outer loop
      vertex 45.958 39.0517 8
      vertex 45.6445 38.9677 0
      vertex 45.958 39.0517 0
    endloop
  endfacet
  facet normal -0.998626 -0.0523971 0
    outer loop
      vertex 41.917 41.676 0
      vertex 41.9 42 5
      vertex 41.9 42 0
    endloop
  endfacet
  facet normal -0.998626 -0.0523971 0
    outer loop
      vertex 41.9 42 5
      vertex 41.917 41.676 0
      vertex 41.917 41.676 5.8911
    endloop
  endfacet
  facet normal -0.933552 0.358442 0
    outer loop
      vertex 42.0517 42.958 0
      vertex 42.168 43.2609 3.4239
      vertex 42.168 43.2609 0
    endloop
  endfacet
  facet normal -0.933552 0.358442 0
    outer loop
      vertex 42.168 43.2609 3.4239
      vertex 42.0517 42.958 0
      vertex 42.0517 42.958 3.80256
    endloop
  endfacet
  facet normal -0.777187 -0.629269 0
    outer loop
      vertex 42.6963 39.9257 0
      vertex 42.4921 40.1779 8
      vertex 42.4921 40.1779 0
    endloop
  endfacet
  facet normal -0.777187 -0.629269 0
    outer loop
      vertex 42.4921 40.1779 8
      vertex 42.6963 39.9257 0
      vertex 42.6963 39.9257 8
    endloop
  endfacet
  facet normal -0.965927 0.258813 0
    outer loop
      vertex 41.9677 42.6445 0
      vertex 42.0517 42.958 3.80256
      vertex 42.0517 42.958 0
    endloop
  endfacet
  facet normal -0.965927 0.258813 0
    outer loop
      vertex 42.0517 42.958 3.80256
      vertex 41.9677 42.6445 0
      vertex 41.9677 42.6445 4.19434
    endloop
  endfacet
  facet normal -0.707107 -0.707107 0
    outer loop
      vertex 42.9257 39.6963 0
      vertex 42.6963 39.9257 8
      vertex 42.6963 39.9257 0
    endloop
  endfacet
  facet normal -0.707107 -0.707107 0
    outer loop
      vertex 42.6963 39.9257 8
      vertex 42.9257 39.6963 0
      vertex 42.9257 39.6963 8
    endloop
  endfacet
  facet normal 0.544848 -0.838535 0
    outer loop
      vertex 46.55 39.3153 0
      vertex 46.8221 39.4921 8
      vertex 46.55 39.3153 8
    endloop
  endfacet
  facet normal 0.544848 -0.838535 0
    outer loop
      vertex 46.8221 39.4921 8
      vertex 46.55 39.3153 0
      vertex 46.8221 39.4921 0
    endloop
  endfacet
  facet normal -0.0523971 -0.998626 0
    outer loop
      vertex 44.676 38.917 0
      vertex 45 38.9 8
      vertex 44.676 38.917 8
    endloop
  endfacet
  facet normal -0.0523971 -0.998626 -0
    outer loop
      vertex 45 38.9 8
      vertex 44.676 38.917 0
      vertex 45 38.9 0
    endloop
  endfacet
  facet normal -0.998626 0.0523971 0
    outer loop
      vertex 41.9 42 0
      vertex 41.917 42.324 4.59495
      vertex 41.917 42.324 0
    endloop
  endfacet
  facet normal -0.998626 0.0523971 0
    outer loop
      vertex 41.917 42.324 4.59495
      vertex 41.9 42 0
      vertex 41.9 42 5
    endloop
  endfacet
  facet normal -0.358442 -0.933552 0
    outer loop
      vertex 43.7391 39.168 0
      vertex 44.042 39.0517 8
      vertex 43.7391 39.168 8
    endloop
  endfacet
  facet normal -0.358442 -0.933552 -0
    outer loop
      vertex 44.042 39.0517 8
      vertex 43.7391 39.168 0
      vertex 44.042 39.0517 0
    endloop
  endfacet
  facet normal -0.544848 -0.838535 0
    outer loop
      vertex 43.1779 39.4921 0
      vertex 43.45 39.3153 8
      vertex 43.1779 39.4921 8
    endloop
  endfacet
  facet normal -0.544848 -0.838535 -0
    outer loop
      vertex 43.45 39.3153 8
      vertex 43.1779 39.4921 0
      vertex 43.45 39.3153 0
    endloop
  endfacet
  facet normal 0.707107 -0.707107 0
    outer loop
      vertex 47.0743 39.6963 8
      vertex 47.3037 39.9257 0
      vertex 47.3037 39.9257 8
    endloop
  endfacet
  facet normal 0.707107 -0.707107 0
    outer loop
      vertex 47.3037 39.9257 0
      vertex 47.0743 39.6963 8
      vertex 47.0743 39.6963 0
    endloop
  endfacet
  facet normal -0.9877 0.156361 0
    outer loop
      vertex 46.565 41.6673 0
      vertex 46.5912 41.8328 4
      vertex 46.5912 41.8328 0
    endloop
  endfacet
  facet normal -0.9877 0.156361 0
    outer loop
      vertex 46.5912 41.8328 4
      vertex 46.565 41.6673 0
      vertex 46.565 41.6673 4
    endloop
  endfacet
  facet normal -0.9877 -0.156361 0
    outer loop
      vertex 46.5912 42.1672 0
      vertex 46.565 42.3327 4
      vertex 46.565 42.3327 0
    endloop
  endfacet
  facet normal -0.9877 -0.156361 0
    outer loop
      vertex 46.565 42.3327 4
      vertex 46.5912 42.1672 0
      vertex 46.5912 42.1672 4
    endloop
  endfacet
  facet normal -0.998618 -0.0525588 0
    outer loop
      vertex 46.6 42 0
      vertex 46.5912 42.1672 4
      vertex 46.5912 42.1672 0
    endloop
  endfacet
  facet normal -0.998618 -0.0525588 0
    outer loop
      vertex 46.5912 42.1672 4
      vertex 46.6 42 0
      vertex 46.6 42 4
    endloop
  endfacet
  facet normal -0.965967 -0.258666 0
    outer loop
      vertex 46.565 42.3327 0
      vertex 46.5217 42.4944 4
      vertex 46.5217 42.4944 0
    endloop
  endfacet
  facet normal -0.965967 -0.258666 0
    outer loop
      vertex 46.5217 42.4944 4
      vertex 46.565 42.3327 0
      vertex 46.565 42.3327 4
    endloop
  endfacet
  facet normal -0.838784 -0.544464 0
    outer loop
      vertex 46.3856 42.8 0
      vertex 46.2944 42.9405 3.82443
      vertex 46.2944 42.9405 0
    endloop
  endfacet
  facet normal -0.838784 -0.544464 0
    outer loop
      vertex 46.2944 42.9405 3.82443
      vertex 46.3856 42.8 0
      vertex 46.3856 42.8 4
    endloop
  endfacet
  facet normal -0.998618 0.0525588 0
    outer loop
      vertex 46.5912 41.8328 0
      vertex 46.6 42 4
      vertex 46.6 42 0
    endloop
  endfacet
  facet normal -0.998618 0.0525588 0
    outer loop
      vertex 46.6 42 4
      vertex 46.5912 41.8328 0
      vertex 46.5912 41.8328 4
    endloop
  endfacet
  facet normal -0.777008 -0.62949 0
    outer loop
      vertex 46.2944 42.9405 0
      vertex 46.189 43.0706 3.66174
      vertex 46.189 43.0706 0
    endloop
  endfacet
  facet normal -0.777008 -0.62949 0
    outer loop
      vertex 46.189 43.0706 3.66174
      vertex 46.2944 42.9405 0
      vertex 46.2944 42.9405 3.82443
    endloop
  endfacet
  facet normal 0.9877 0.156361 0
    outer loop
      vertex 43.435 41.6673 4
      vertex 43.4088 41.8328 0
      vertex 43.4088 41.8328 4
    endloop
  endfacet
  facet normal 0.9877 0.156361 0
    outer loop
      vertex 43.4088 41.8328 0
      vertex 43.435 41.6673 4
      vertex 43.435 41.6673 0
    endloop
  endfacet
  facet normal 0.890816 -0.454364 0
    outer loop
      vertex 43.5383 42.6508 4
      vertex 43.6144 42.8 0
      vertex 43.6144 42.8 4
    endloop
  endfacet
  facet normal 0.890816 -0.454364 0
    outer loop
      vertex 43.6144 42.8 0
      vertex 43.5383 42.6508 4
      vertex 43.5383 42.6508 0
    endloop
  endfacet
  facet normal 0.965967 0.258666 0
    outer loop
      vertex 43.4783 41.5056 4
      vertex 43.435 41.6673 0
      vertex 43.435 41.6673 4
    endloop
  endfacet
  facet normal 0.965967 0.258666 0
    outer loop
      vertex 43.435 41.6673 0
      vertex 43.4783 41.5056 4
      vertex 43.4783 41.5056 0
    endloop
  endfacet
  facet normal -0.629515 -0.776989 0
    outer loop
      vertex 46.0706 43.189 0
      vertex 46 43.2462 3.44224
      vertex 46 43.2462 0
    endloop
  endfacet
  facet normal -0.629515 -0.776989 0
    outer loop
      vertex 46 43.2462 3.44224
      vertex 46.0706 43.189 0
      vertex 46.0706 43.189 3.51371
    endloop
  endfacet
  facet normal -0.358179 0.933653 0
    outer loop
      vertex 45.6508 40.5383 0
      vertex 45.4944 40.4783 4
      vertex 45.6508 40.5383 4
    endloop
  endfacet
  facet normal -0.358179 0.933653 0
    outer loop
      vertex 45.4944 40.4783 4
      vertex 45.6508 40.5383 0
      vertex 45.4944 40.4783 0
    endloop
  endfacet
  facet normal 0.777008 -0.62949 0
    outer loop
      vertex 43.7056 42.9405 0
      vertex 43.811 43.0706 3.66174
      vertex 43.7056 42.9405 3.82443
    endloop
  endfacet
  facet normal 0.777008 -0.62949 0
    outer loop
      vertex 43.811 43.0706 3.66174
      vertex 43.7056 42.9405 0
      vertex 43.811 43.0706 0
    endloop
  endfacet
  facet normal 0.707107 -0.707107 0
    outer loop
      vertex 43.811 43.0706 0
      vertex 43.9294 43.189 3.51371
      vertex 43.811 43.0706 3.66174
    endloop
  endfacet
  facet normal 0.707107 -0.707107 0
    outer loop
      vertex 43.9294 43.189 3.51371
      vertex 43.811 43.0706 0
      vertex 43.9294 43.189 0
    endloop
  endfacet
  facet normal -0.965967 0.258666 0
    outer loop
      vertex 46.5217 41.5056 0
      vertex 46.565 41.6673 4
      vertex 46.565 41.6673 0
    endloop
  endfacet
  facet normal -0.965967 0.258666 0
    outer loop
      vertex 46.565 41.6673 4
      vertex 46.5217 41.5056 0
      vertex 46.5217 41.5056 4
    endloop
  endfacet
  facet normal -0.0525588 0.998618 0
    outer loop
      vertex 45.1672 40.4088 0
      vertex 45 40.4 4
      vertex 45.1672 40.4088 4
    endloop
  endfacet
  facet normal -0.0525588 0.998618 0
    outer loop
      vertex 45 40.4 4
      vertex 45.1672 40.4088 0
      vertex 45 40.4 0
    endloop
  endfacet
  facet normal 0.838784 0.544464 0
    outer loop
      vertex 43.7056 41.0595 4
      vertex 43.6144 41.2 0
      vertex 43.6144 41.2 4
    endloop
  endfacet
  facet normal 0.838784 0.544464 0
    outer loop
      vertex 43.6144 41.2 0
      vertex 43.7056 41.0595 4
      vertex 43.7056 41.0595 0
    endloop
  endfacet
  facet normal -0.156361 0.9877 0
    outer loop
      vertex 45.3327 40.435 0
      vertex 45.1672 40.4088 4
      vertex 45.3327 40.435 4
    endloop
  endfacet
  facet normal -0.156361 0.9877 0
    outer loop
      vertex 45.1672 40.4088 4
      vertex 45.3327 40.435 0
      vertex 45.1672 40.4088 0
    endloop
  endfacet
  facet normal 0.156361 0.9877 -0
    outer loop
      vertex 44.8328 40.4088 0
      vertex 44.6673 40.435 4
      vertex 44.8328 40.4088 4
    endloop
  endfacet
  facet normal 0.156361 0.9877 0
    outer loop
      vertex 44.6673 40.435 4
      vertex 44.8328 40.4088 0
      vertex 44.6673 40.435 0
    endloop
  endfacet
  facet normal 0.454364 0.890816 -0
    outer loop
      vertex 44.3492 40.5383 0
      vertex 44.2 40.6144 4
      vertex 44.3492 40.5383 4
    endloop
  endfacet
  facet normal 0.454364 0.890816 0
    outer loop
      vertex 44.2 40.6144 4
      vertex 44.3492 40.5383 0
      vertex 44.2 40.6144 0
    endloop
  endfacet
  facet normal 0 0 -1
    outer loop
      vertex 46.5912 41.8328 4
      vertex 45.9945 41.8955 4
      vertex 46 42 4
    endloop
  endfacet
  facet normal 0 0 -1
    outer loop
      vertex 46.189 40.9294 4
      vertex 45.9781 41.7921 4
      vertex 45.9945 41.8955 4
    endloop
  endfacet
  facet normal 0 0 -1
    outer loop
      vertex 46.189 40.9294 4
      vertex 45.9511 41.691 4
      vertex 45.9781 41.7921 4
    endloop
  endfacet
  facet normal 0 0 -1
    outer loop
      vertex 45.6691 41.2569 4
      vertex 46.0706 40.811 4
      vertex 45.9405 40.7056 4
    endloop
  endfacet
  facet normal 0 0 -1
    outer loop
      vertex 46.189 40.9294 4
      vertex 45.9135 41.5933 4
      vertex 45.9511 41.691 4
    endloop
  endfacet
  facet normal 0 0 -1
    outer loop
      vertex 46.189 40.9294 4
      vertex 45.866 41.5 4
      vertex 45.9135 41.5933 4
    endloop
  endfacet
  facet normal 0 0 -1
    outer loop
      vertex 46.189 40.9294 4
      vertex 45.809 41.4122 4
      vertex 45.866 41.5 4
    endloop
  endfacet
  facet normal 0 0 -1
    outer loop
      vertex 45.5878 41.191 4
      vertex 45.9405 40.7056 4
      vertex 45.8 40.6144 4
    endloop
  endfacet
  facet normal 0 0 -1
    outer loop
      vertex 46.189 40.9294 4
      vertex 45.7431 41.3309 4
      vertex 45.809 41.4122 4
    endloop
  endfacet
  facet normal 0 0 -1
    outer loop
      vertex 46.0706 40.811 4
      vertex 45.6691 41.2569 4
      vertex 45.7431 41.3309 4
    endloop
  endfacet
  facet normal 0 0 -1
    outer loop
      vertex 45.5 41.134 4
      vertex 45.8 40.6144 4
      vertex 45.6508 40.5383 4
    endloop
  endfacet
  facet normal 0 0 -1
    outer loop
      vertex 45.9405 40.7056 4
      vertex 45.5878 41.191 4
      vertex 45.6691 41.2569 4
    endloop
  endfacet
  facet normal 0 0 -1
    outer loop
      vertex 45.8 40.6144 4
      vertex 45.5 41.134 4
      vertex 45.5878 41.191 4
    endloop
  endfacet
  facet normal 0 0 -1
    outer loop
      vertex 45.4067 41.0865 4
      vertex 45.6508 40.5383 4
      vertex 45.4944 40.4783 4
    endloop
  endfacet
  facet normal 0 0 -1
    outer loop
      vertex 45.6508 40.5383 4
      vertex 45.4067 41.0865 4
      vertex 45.5 41.134 4
    endloop
  endfacet
  facet normal 0 0 -1
    outer loop
      vertex 45.309 41.0489 4
      vertex 45.4944 40.4783 4
      vertex 45.3327 40.435 4
    endloop
  endfacet
  facet normal 0 0 -1
    outer loop
      vertex 45.4944 40.4783 4
      vertex 45.309 41.0489 4
      vertex 45.4067 41.0865 4
    endloop
  endfacet
  facet normal 0 0 -1
    outer loop
      vertex 45.3327 40.435 4
      vertex 45.2079 41.0219 4
      vertex 45.309 41.0489 4
    endloop
  endfacet
  facet normal 0 0 -1
    outer loop
      vertex 45.1672 40.4088 4
      vertex 45.2079 41.0219 4
      vertex 45.3327 40.435 4
    endloop
  endfacet
  facet normal 0 0 -1
    outer loop
      vertex 45.1672 40.4088 4
      vertex 45.1045 41.0055 4
      vertex 45.2079 41.0219 4
    endloop
  endfacet
  facet normal 0 0 -1
    outer loop
      vertex 45 40.4 4
      vertex 45.1045 41.0055 4
      vertex 45.1672 40.4088 4
    endloop
  endfacet
  facet normal 0 0 -1
    outer loop
      vertex 45 40.4 4
      vertex 45 41 4
      vertex 45.1045 41.0055 4
    endloop
  endfacet
  facet normal 0 0 -1
    outer loop
      vertex 45 40.4 4
      vertex 44.8955 41.0055 4
      vertex 45 41 4
    endloop
  endfacet
  facet normal 0 0 -1
    outer loop
      vertex 44.8328 40.4088 4
      vertex 44.8955 41.0055 4
      vertex 45 40.4 4
    endloop
  endfacet
  facet normal 0 0 -1
    outer loop
      vertex 44.8328 40.4088 4
      vertex 44.7921 41.0219 4
      vertex 44.8955 41.0055 4
    endloop
  endfacet
  facet normal 0 0 -1
    outer loop
      vertex 44.6673 40.435 4
      vertex 44.7921 41.0219 4
      vertex 44.8328 40.4088 4
    endloop
  endfacet
  facet normal -0 0 -1
    outer loop
      vertex 44.7921 41.0219 4
      vertex 44.6673 40.435 4
      vertex 44.691 41.0489 4
    endloop
  endfacet
  facet normal 0 0 -1
    outer loop
      vertex 44.5056 40.4783 4
      vertex 44.691 41.0489 4
      vertex 44.6673 40.435 4
    endloop
  endfacet
  facet normal -0 0 -1
    outer loop
      vertex 44.691 41.0489 4
      vertex 44.5056 40.4783 4
      vertex 44.5933 41.0865 4
    endloop
  endfacet
  facet normal 0 0 -1
    outer loop
      vertex 44.3492 40.5383 4
      vertex 44.5933 41.0865 4
      vertex 44.5056 40.4783 4
    endloop
  endfacet
  facet normal -0 0 -1
    outer loop
      vertex 44.5933 41.0865 4
      vertex 44.3492 40.5383 4
      vertex 44.5 41.134 4
    endloop
  endfacet
  facet normal 0 0 -1
    outer loop
      vertex 44.2 40.6144 4
      vertex 44.5 41.134 4
      vertex 44.3492 40.5383 4
    endloop
  endfacet
  facet normal -0 0 -1
    outer loop
      vertex 44.5 41.134 4
      vertex 44.2 40.6144 4
      vertex 44.4122 41.191 4
    endloop
  endfacet
  facet normal 0 0 -1
    outer loop
      vertex 44.0595 40.7056 4
      vertex 44.4122 41.191 4
      vertex 44.2 40.6144 4
    endloop
  endfacet
  facet normal -0 0 -1
    outer loop
      vertex 44.4122 41.191 4
      vertex 44.0595 40.7056 4
      vertex 44.3309 41.2569 4
    endloop
  endfacet
  facet normal 0 0 -1
    outer loop
      vertex 43.9294 40.811 4
      vertex 44.3309 41.2569 4
      vertex 44.0595 40.7056 4
    endloop
  endfacet
  facet normal -0 0 -1
    outer loop
      vertex 44.3309 41.2569 4
      vertex 43.9294 40.811 4
      vertex 44.2569 41.3309 4
    endloop
  endfacet
  facet normal 0 0 -1
    outer loop
      vertex 43.811 40.9294 4
      vertex 44.2569 41.3309 4
      vertex 43.9294 40.811 4
    endloop
  endfacet
  facet normal -0 0 -1
    outer loop
      vertex 44.2569 41.3309 4
      vertex 43.811 40.9294 4
      vertex 44.191 41.4122 4
    endloop
  endfacet
  facet normal 0 0 -1
    outer loop
      vertex 43.7056 41.0595 4
      vertex 44.191 41.4122 4
      vertex 43.811 40.9294 4
    endloop
  endfacet
  facet normal -0 0 -1
    outer loop
      vertex 44.191 41.4122 4
      vertex 43.7056 41.0595 4
      vertex 44.134 41.5 4
    endloop
  endfacet
  facet normal 0 0 -1
    outer loop
      vertex 43.6144 41.2 4
      vertex 44.134 41.5 4
      vertex 43.7056 41.0595 4
    endloop
  endfacet
  facet normal -0 0 -1
    outer loop
      vertex 44.134 41.5 4
      vertex 43.6144 41.2 4
      vertex 44.0865 41.5933 4
    endloop
  endfacet
  facet normal 0 0 -1
    outer loop
      vertex 43.5383 41.3492 4
      vertex 44.0865 41.5933 4
      vertex 43.6144 41.2 4
    endloop
  endfacet
  facet normal -0 0 -1
    outer loop
      vertex 44.0865 41.5933 4
      vertex 43.5383 41.3492 4
      vertex 44.0489 41.691 4
    endloop
  endfacet
  facet normal 0 0 -1
    outer loop
      vertex 43.4783 41.5056 4
      vertex 44.0489 41.691 4
      vertex 43.5383 41.3492 4
    endloop
  endfacet
  facet normal -0 0 -1
    outer loop
      vertex 44.0489 41.691 4
      vertex 43.4783 41.5056 4
      vertex 44.0219 41.7921 4
    endloop
  endfacet
  facet normal 0 0 -1
    outer loop
      vertex 43.435 41.6673 4
      vertex 44.0219 41.7921 4
      vertex 43.4783 41.5056 4
    endloop
  endfacet
  facet normal -0 0 -1
    outer loop
      vertex 44.0219 41.7921 4
      vertex 43.435 41.6673 4
      vertex 44.0055 41.8955 4
    endloop
  endfacet
  facet normal 0 0 -1
    outer loop
      vertex 43.4088 41.8328 4
      vertex 44.0055 41.8955 4
      vertex 43.435 41.6673 4
    endloop
  endfacet
  facet normal -0 0 -1
    outer loop
      vertex 44 42.8 4
      vertex 43.5383 42.6508 4
      vertex 43.6144 42.8 4
    endloop
  endfacet
  facet normal -0 0 -1
    outer loop
      vertex 44.0055 41.8955 4
      vertex 43.4088 41.8328 4
      vertex 44 42 4
    endloop
  endfacet
  facet normal 0 0 -1
    outer loop
      vertex 44 42.8 4
      vertex 43.4783 42.4944 4
      vertex 43.5383 42.6508 4
    endloop
  endfacet
  facet normal 0 0 -1
    outer loop
      vertex 43.4 42 4
      vertex 44 42 4
      vertex 43.4088 41.8328 4
    endloop
  endfacet
  facet normal 0 0 -1
    outer loop
      vertex 44 42 4
      vertex 43.4783 42.4944 4
      vertex 44 42.8 4
    endloop
  endfacet
  facet normal 0 -0 -1
    outer loop
      vertex 43.4088 42.1672 4
      vertex 44 42 4
      vertex 43.4 42 4
    endloop
  endfacet
  facet normal 0 -0 -1
    outer loop
      vertex 43.4783 42.4944 4
      vertex 44 42 4
      vertex 43.435 42.3327 4
    endloop
  endfacet
  facet normal 0 -0 -1
    outer loop
      vertex 43.435 42.3327 4
      vertex 44 42 4
      vertex 43.4088 42.1672 4
    endloop
  endfacet
  facet normal 0 0 -1
    outer loop
      vertex 46 42 4
      vertex 46.6 42 4
      vertex 46.5912 41.8328 4
    endloop
  endfacet
  facet normal 0 0 -1
    outer loop
      vertex 45.9945 41.8955 4
      vertex 46.5912 41.8328 4
      vertex 46.565 41.6673 4
    endloop
  endfacet
  facet normal 0 0 -1
    outer loop
      vertex 46.6 42 4
      vertex 46 42 4
      vertex 46.5912 42.1672 4
    endloop
  endfacet
  facet normal 0 0 -1
    outer loop
      vertex 45.9945 41.8955 4
      vertex 46.565 41.6673 4
      vertex 46.5217 41.5056 4
    endloop
  endfacet
  facet normal -0 0 -1
    outer loop
      vertex 46.5912 42.1672 4
      vertex 46 42 4
      vertex 46.565 42.3327 4
    endloop
  endfacet
  facet normal 0 0 -1
    outer loop
      vertex 45.9945 41.8955 4
      vertex 46.5217 41.5056 4
      vertex 46.4617 41.3492 4
    endloop
  endfacet
  facet normal -0 0 -1
    outer loop
      vertex 46.565 42.3327 4
      vertex 46 42 4
      vertex 46.5217 42.4944 4
    endloop
  endfacet
  facet normal 0 0 -1
    outer loop
      vertex 45.9945 41.8955 4
      vertex 46.4617 41.3492 4
      vertex 46.3856 41.2 4
    endloop
  endfacet
  facet normal 0 0 -1
    outer loop
      vertex 46 42.8 4
      vertex 46.5217 42.4944 4
      vertex 46 42 4
    endloop
  endfacet
  facet normal 0 0 -1
    outer loop
      vertex 45.9945 41.8955 4
      vertex 46.3856 41.2 4
      vertex 46.2944 41.0595 4
    endloop
  endfacet
  facet normal 0 0 -1
    outer loop
      vertex 45.9945 41.8955 4
      vertex 46.2944 41.0595 4
      vertex 46.189 40.9294 4
    endloop
  endfacet
  facet normal 0 0 -1
    outer loop
      vertex 45.7431 41.3309 4
      vertex 46.189 40.9294 4
      vertex 46.0706 40.811 4
    endloop
  endfacet
  facet normal 0 0 -1
    outer loop
      vertex 46.5217 42.4944 4
      vertex 46 42.8 4
      vertex 46.4617 42.6508 4
    endloop
  endfacet
  facet normal 0 0 -1
    outer loop
      vertex 46.4617 42.6508 4
      vertex 46 42.8 4
      vertex 46.3856 42.8 4
    endloop
  endfacet
  facet normal -0.890816 0.454364 0
    outer loop
      vertex 46.3856 41.2 0
      vertex 46.4617 41.3492 4
      vertex 46.4617 41.3492 0
    endloop
  endfacet
  facet normal -0.890816 0.454364 0
    outer loop
      vertex 46.4617 41.3492 4
      vertex 46.3856 41.2 0
      vertex 46.3856 41.2 4
    endloop
  endfacet
  facet normal -0.707107 -0.707107 0
    outer loop
      vertex 46.189 43.0706 0
      vertex 46.0706 43.189 3.51371
      vertex 46.0706 43.189 0
    endloop
  endfacet
  facet normal -0.707107 -0.707107 0
    outer loop
      vertex 46.0706 43.189 3.51371
      vertex 46.189 43.0706 0
      vertex 46.189 43.0706 3.66174
    endloop
  endfacet
  facet normal 0.62949 0.777008 -0
    outer loop
      vertex 44.0595 40.7056 0
      vertex 43.9294 40.811 4
      vertex 44.0595 40.7056 4
    endloop
  endfacet
  facet normal 0.62949 0.777008 0
    outer loop
      vertex 43.9294 40.811 4
      vertex 44.0595 40.7056 0
      vertex 43.9294 40.811 0
    endloop
  endfacet
  facet normal -0.838784 0.544464 0
    outer loop
      vertex 46.2944 41.0595 0
      vertex 46.3856 41.2 4
      vertex 46.3856 41.2 0
    endloop
  endfacet
  facet normal -0.838784 0.544464 0
    outer loop
      vertex 46.3856 41.2 4
      vertex 46.2944 41.0595 0
      vertex 46.2944 41.0595 4
    endloop
  endfacet
  facet normal -0.454364 0.890816 0
    outer loop
      vertex 45.8 40.6144 0
      vertex 45.6508 40.5383 4
      vertex 45.8 40.6144 4
    endloop
  endfacet
  facet normal -0.454364 0.890816 0
    outer loop
      vertex 45.6508 40.5383 4
      vertex 45.8 40.6144 0
      vertex 45.6508 40.5383 0
    endloop
  endfacet
  facet normal -0.933653 -0.358179 0
    outer loop
      vertex 46.5217 42.4944 0
      vertex 46.4617 42.6508 4
      vertex 46.4617 42.6508 0
    endloop
  endfacet
  facet normal -0.933653 -0.358179 0
    outer loop
      vertex 46.4617 42.6508 4
      vertex 46.5217 42.4944 0
      vertex 46.5217 42.4944 4
    endloop
  endfacet
  facet normal -0.777008 0.62949 0
    outer loop
      vertex 46.189 40.9294 0
      vertex 46.2944 41.0595 4
      vertex 46.2944 41.0595 0
    endloop
  endfacet
  facet normal -0.777008 0.62949 0
    outer loop
      vertex 46.2944 41.0595 4
      vertex 46.189 40.9294 0
      vertex 46.189 40.9294 4
    endloop
  endfacet
  facet normal -0.933653 0.358179 0
    outer loop
      vertex 46.4617 41.3492 0
      vertex 46.5217 41.5056 4
      vertex 46.5217 41.5056 0
    endloop
  endfacet
  facet normal -0.933653 0.358179 0
    outer loop
      vertex 46.5217 41.5056 4
      vertex 46.4617 41.3492 0
      vertex 46.4617 41.3492 4
    endloop
  endfacet
  facet normal 0.9877 -0.156361 0
    outer loop
      vertex 43.4088 42.1672 4
      vertex 43.435 42.3327 0
      vertex 43.435 42.3327 4
    endloop
  endfacet
  facet normal 0.9877 -0.156361 0
    outer loop
      vertex 43.435 42.3327 0
      vertex 43.4088 42.1672 4
      vertex 43.4088 42.1672 0
    endloop
  endfacet
  facet normal -0.890816 -0.454364 0
    outer loop
      vertex 46.4617 42.6508 0
      vertex 46.3856 42.8 4
      vertex 46.3856 42.8 0
    endloop
  endfacet
  facet normal -0.890816 -0.454364 0
    outer loop
      vertex 46.3856 42.8 4
      vertex 46.4617 42.6508 0
      vertex 46.4617 42.6508 4
    endloop
  endfacet
  facet normal 0.838784 -0.544464 0
    outer loop
      vertex 43.6144 42.8 0
      vertex 43.7056 42.9405 3.82443
      vertex 43.6144 42.8 4
    endloop
  endfacet
  facet normal 0.838784 -0.544464 0
    outer loop
      vertex 43.7056 42.9405 3.82443
      vertex 43.6144 42.8 0
      vertex 43.7056 42.9405 0
    endloop
  endfacet
  facet normal 0.629515 -0.776989 0
    outer loop
      vertex 43.9294 43.189 0
      vertex 44 43.2462 3.44224
      vertex 43.9294 43.189 3.51371
    endloop
  endfacet
  facet normal 0.629515 -0.776989 0
    outer loop
      vertex 44 43.2462 3.44224
      vertex 43.9294 43.189 0
      vertex 44 43.2462 0
    endloop
  endfacet
  facet normal 0.933653 0.358179 0
    outer loop
      vertex 43.5383 41.3492 4
      vertex 43.4783 41.5056 0
      vertex 43.4783 41.5056 4
    endloop
  endfacet
  facet normal 0.933653 0.358179 0
    outer loop
      vertex 43.4783 41.5056 0
      vertex 43.5383 41.3492 4
      vertex 43.5383 41.3492 0
    endloop
  endfacet
  facet normal 0.933653 -0.358179 0
    outer loop
      vertex 43.4783 42.4944 4
      vertex 43.5383 42.6508 0
      vertex 43.5383 42.6508 4
    endloop
  endfacet
  facet normal 0.933653 -0.358179 0
    outer loop
      vertex 43.5383 42.6508 0
      vertex 43.4783 42.4944 4
      vertex 43.4783 42.4944 0
    endloop
  endfacet
  facet normal 0.890816 0.454364 0
    outer loop
      vertex 43.6144 41.2 4
      vertex 43.5383 41.3492 0
      vertex 43.5383 41.3492 4
    endloop
  endfacet
  facet normal 0.890816 0.454364 0
    outer loop
      vertex 43.5383 41.3492 0
      vertex 43.6144 41.2 4
      vertex 43.6144 41.2 0
    endloop
  endfacet
  facet normal -0.258666 0.965967 0
    outer loop
      vertex 45.4944 40.4783 0
      vertex 45.3327 40.435 4
      vertex 45.4944 40.4783 4
    endloop
  endfacet
  facet normal -0.258666 0.965967 0
    outer loop
      vertex 45.3327 40.435 4
      vertex 45.4944 40.4783 0
      vertex 45.3327 40.435 0
    endloop
  endfacet
  facet normal -0.62949 0.777008 0
    outer loop
      vertex 46.0706 40.811 0
      vertex 45.9405 40.7056 4
      vertex 46.0706 40.811 4
    endloop
  endfacet
  facet normal -0.62949 0.777008 0
    outer loop
      vertex 45.9405 40.7056 4
      vertex 46.0706 40.811 0
      vertex 45.9405 40.7056 0
    endloop
  endfacet
  facet normal 0.258666 0.965967 -0
    outer loop
      vertex 44.6673 40.435 0
      vertex 44.5056 40.4783 4
      vertex 44.6673 40.435 4
    endloop
  endfacet
  facet normal 0.258666 0.965967 0
    outer loop
      vertex 44.5056 40.4783 4
      vertex 44.6673 40.435 0
      vertex 44.5056 40.4783 0
    endloop
  endfacet
  facet normal 0.998618 0.0525588 0
    outer loop
      vertex 43.4088 41.8328 4
      vertex 43.4 42 0
      vertex 43.4 42 4
    endloop
  endfacet
  facet normal 0.998618 0.0525588 0
    outer loop
      vertex 43.4 42 0
      vertex 43.4088 41.8328 4
      vertex 43.4088 41.8328 0
    endloop
  endfacet
  facet normal 0.777008 0.62949 0
    outer loop
      vertex 43.811 40.9294 4
      vertex 43.7056 41.0595 0
      vertex 43.7056 41.0595 4
    endloop
  endfacet
  facet normal 0.777008 0.62949 0
    outer loop
      vertex 43.7056 41.0595 0
      vertex 43.811 40.9294 4
      vertex 43.811 40.9294 0
    endloop
  endfacet
  facet normal 0.965967 -0.258666 0
    outer loop
      vertex 43.435 42.3327 4
      vertex 43.4783 42.4944 0
      vertex 43.4783 42.4944 4
    endloop
  endfacet
  facet normal 0.965967 -0.258666 0
    outer loop
      vertex 43.4783 42.4944 0
      vertex 43.435 42.3327 4
      vertex 43.435 42.3327 0
    endloop
  endfacet
  facet normal 0.707107 0.707107 0
    outer loop
      vertex 43.9294 40.811 4
      vertex 43.811 40.9294 0
      vertex 43.811 40.9294 4
    endloop
  endfacet
  facet normal 0.707107 0.707107 0
    outer loop
      vertex 43.811 40.9294 0
      vertex 43.9294 40.811 4
      vertex 43.9294 40.811 0
    endloop
  endfacet
  facet normal -0.544464 0.838784 0
    outer loop
      vertex 45.9405 40.7056 0
      vertex 45.8 40.6144 4
      vertex 45.9405 40.7056 4
    endloop
  endfacet
  facet normal -0.544464 0.838784 0
    outer loop
      vertex 45.8 40.6144 4
      vertex 45.9405 40.7056 0
      vertex 45.8 40.6144 0
    endloop
  endfacet
  facet normal 0.358179 0.933653 -0
    outer loop
      vertex 44.5056 40.4783 0
      vertex 44.3492 40.5383 4
      vertex 44.5056 40.4783 4
    endloop
  endfacet
  facet normal 0.358179 0.933653 0
    outer loop
      vertex 44.3492 40.5383 4
      vertex 44.5056 40.4783 0
      vertex 44.3492 40.5383 0
    endloop
  endfacet
  facet normal 0.0525588 0.998618 -0
    outer loop
      vertex 45 40.4 0
      vertex 44.8328 40.4088 4
      vertex 45 40.4 4
    endloop
  endfacet
  facet normal 0.0525588 0.998618 0
    outer loop
      vertex 44.8328 40.4088 4
      vertex 45 40.4 0
      vertex 44.8328 40.4088 0
    endloop
  endfacet
  facet normal 0.998618 -0.0525588 0
    outer loop
      vertex 43.4 42 4
      vertex 43.4088 42.1672 0
      vertex 43.4088 42.1672 4
    endloop
  endfacet
  facet normal 0.998618 -0.0525588 0
    outer loop
      vertex 43.4088 42.1672 0
      vertex 43.4 42 4
      vertex 43.4 42 0
    endloop
  endfacet
  facet normal 0.544464 0.838784 -0
    outer loop
      vertex 44.2 40.6144 0
      vertex 44.0595 40.7056 4
      vertex 44.2 40.6144 4
    endloop
  endfacet
  facet normal 0.544464 0.838784 0
    outer loop
      vertex 44.0595 40.7056 4
      vertex 44.2 40.6144 0
      vertex 44.0595 40.7056 0
    endloop
  endfacet
  facet normal -0.707107 0.707107 0
    outer loop
      vertex 46.0706 40.811 0
      vertex 46.189 40.9294 4
      vertex 46.189 40.9294 0
    endloop
  endfacet
  facet normal -0.707107 0.707107 0
    outer loop
      vertex 46.189 40.9294 4
      vertex 46.0706 40.811 0
      vertex 46.0706 40.811 4
    endloop
  endfacet
  facet normal 0.707107 0.707107 -0
    outer loop
      vertex -42.6963 44.0743 0
      vertex -42.9257 44.3037 2.12031
      vertex -42.6963 44.0743 2.40712
    endloop
  endfacet
  facet normal 0.707107 0.707107 0
    outer loop
      vertex -42.9257 44.3037 2.12031
      vertex -42.6963 44.0743 0
      vertex -42.9257 44.3037 0
    endloop
  endfacet
  facet normal 0.987718 0.156247 -0
    outer loop
      vertex -41.917 42.324 0
      vertex -41.9677 42.6445 4.19434
      vertex -41.917 42.324 4.59495
    endloop
  endfacet
  facet normal 0.987718 0.156247 0
    outer loop
      vertex -41.9677 42.6445 4.19434
      vertex -41.917 42.324 0
      vertex -41.9677 42.6445 0
    endloop
  endfacet
  facet normal 0.998626 0.0523971 -0
    outer loop
      vertex -41.9 42 0
      vertex -41.917 42.324 4.59495
      vertex -41.9 42 5
    endloop
  endfacet
  facet normal 0.998626 0.0523971 0
    outer loop
      vertex -41.917 42.324 4.59495
      vertex -41.9 42 0
      vertex -41.917 42.324 0
    endloop
  endfacet
  facet normal 0.965927 0.258813 -0
    outer loop
      vertex -41.9677 42.6445 0
      vertex -42.0517 42.958 3.80256
      vertex -41.9677 42.6445 4.19434
    endloop
  endfacet
  facet normal 0.965927 0.258813 0
    outer loop
      vertex -42.0517 42.958 3.80256
      vertex -41.9677 42.6445 0
      vertex -42.0517 42.958 0
    endloop
  endfacet
  facet normal -0.965927 -0.258813 0
    outer loop
      vertex -47.9483 41.042 0
      vertex -48.0323 41.3555 6.77245
      vertex -48.0323 41.3555 0
    endloop
  endfacet
  facet normal -0.965927 -0.258813 0
    outer loop
      vertex -48.0323 41.3555 6.77245
      vertex -47.9483 41.042 0
      vertex -47.9483 41.042 7.63437
    endloop
  endfacet
  facet normal -0.987718 0.156247 0
    outer loop
      vertex -48.083 42.324 0
      vertex -48.0323 42.6445 4.19434
      vertex -48.0323 42.6445 0
    endloop
  endfacet
  facet normal -0.987718 0.156247 0
    outer loop
      vertex -48.0323 42.6445 4.19434
      vertex -48.083 42.324 0
      vertex -48.083 42.324 4.59495
    endloop
  endfacet
  facet normal 0.965927 -0.258813 0
    outer loop
      vertex -42.0517 41.042 0
      vertex -41.9677 41.3555 6.77245
      vertex -42.0517 41.042 7.63437
    endloop
  endfacet
  facet normal 0.965927 -0.258813 0
    outer loop
      vertex -41.9677 41.3555 6.77245
      vertex -42.0517 41.042 0
      vertex -41.9677 41.3555 0
    endloop
  endfacet
  facet normal -0.838535 -0.544848 0
    outer loop
      vertex -47.5079 40.1779 0
      vertex -47.6847 40.45 8
      vertex -47.6847 40.45 0
    endloop
  endfacet
  facet normal -0.838535 -0.544848 0
    outer loop
      vertex -47.6847 40.45 8
      vertex -47.5079 40.1779 0
      vertex -47.5079 40.1779 8
    endloop
  endfacet
  facet normal -0.987718 -0.156247 0
    outer loop
      vertex -48.0323 41.3555 0
      vertex -48.083 41.676 5.8911
      vertex -48.083 41.676 0
    endloop
  endfacet
  facet normal -0.987718 -0.156247 0
    outer loop
      vertex -48.083 41.676 5.8911
      vertex -48.0323 41.3555 0
      vertex -48.0323 41.3555 6.77245
    endloop
  endfacet
  facet normal 0.777187 0.629269 -0
    outer loop
      vertex -42.4921 43.8221 0
      vertex -42.6963 44.0743 2.40712
      vertex -42.4921 43.8221 2.72233
    endloop
  endfacet
  facet normal 0.777187 0.629269 0
    outer loop
      vertex -42.6963 44.0743 2.40712
      vertex -42.4921 43.8221 0
      vertex -42.6963 44.0743 0
    endloop
  endfacet
  facet normal -0.544848 0.838535 0
    outer loop
      vertex -46.8221 44.5079 0
      vertex -46.55 44.6847 1.64415
      vertex -46.55 44.6847 0
    endloop
  endfacet
  facet normal -0.544848 0.838535 0
    outer loop
      vertex -46.55 44.6847 1.64415
      vertex -46.8221 44.5079 0
      vertex -46.8221 44.5079 1.86506
    endloop
  endfacet
  facet normal 0.933552 0.358442 -0
    outer loop
      vertex -42.0517 42.958 0
      vertex -42.168 43.2609 3.4239
      vertex -42.0517 42.958 3.80256
    endloop
  endfacet
  facet normal 0.933552 0.358442 0
    outer loop
      vertex -42.168 43.2609 3.4239
      vertex -42.0517 42.958 0
      vertex -42.168 43.2609 0
    endloop
  endfacet
  facet normal -0.838535 0.544848 0
    outer loop
      vertex -47.6847 43.55 0
      vertex -47.5079 43.8221 2.72233
      vertex -47.5079 43.8221 0
    endloop
  endfacet
  facet normal -0.838535 0.544848 0
    outer loop
      vertex -47.5079 43.8221 2.72233
      vertex -47.6847 43.55 0
      vertex -47.6847 43.55 3.0625
    endloop
  endfacet
  facet normal 0.0523971 -0.998626 0
    outer loop
      vertex -45 38.9 0
      vertex -44.676 38.917 8
      vertex -45 38.9 8
    endloop
  endfacet
  facet normal 0.0523971 -0.998626 0
    outer loop
      vertex -44.676 38.917 8
      vertex -45 38.9 0
      vertex -44.676 38.917 0
    endloop
  endfacet
  facet normal -0.777187 0.629269 0
    outer loop
      vertex -47.5079 43.8221 0
      vertex -47.3037 44.0743 2.40712
      vertex -47.3037 44.0743 0
    endloop
  endfacet
  facet normal -0.777187 0.629269 0
    outer loop
      vertex -47.3037 44.0743 2.40712
      vertex -47.5079 43.8221 0
      vertex -47.5079 43.8221 2.72233
    endloop
  endfacet
  facet normal 0.358442 -0.933552 0
    outer loop
      vertex -44.042 39.0517 0
      vertex -43.7391 39.168 8
      vertex -44.042 39.0517 8
    endloop
  endfacet
  facet normal 0.358442 -0.933552 0
    outer loop
      vertex -43.7391 39.168 8
      vertex -44.042 39.0517 0
      vertex -43.7391 39.168 0
    endloop
  endfacet
  facet normal 0.629269 0.777187 -0
    outer loop
      vertex -42.9257 44.3037 0
      vertex -43.1779 44.5079 1.86506
      vertex -42.9257 44.3037 2.12031
    endloop
  endfacet
  facet normal 0.629269 0.777187 0
    outer loop
      vertex -43.1779 44.5079 1.86506
      vertex -42.9257 44.3037 0
      vertex -43.1779 44.5079 0
    endloop
  endfacet
  facet normal 0 0 1
    outer loop
      vertex -46 48 8
      vertex -44 48 8
      vertex -44.0055 48.1045 8
    endloop
  endfacet
  facet normal 0 0 1
    outer loop
      vertex -46 48 8
      vertex -44.0055 48.1045 8
      vertex -44.0219 48.2079 8
    endloop
  endfacet
  facet normal 0 0 1
    outer loop
      vertex -46 48 8
      vertex -44.0219 48.2079 8
      vertex -44.0489 48.309 8
    endloop
  endfacet
  facet normal 0 0 1
    outer loop
      vertex -46 48 8
      vertex -44.0489 48.309 8
      vertex -44.0865 48.4067 8
    endloop
  endfacet
  facet normal 0 0 1
    outer loop
      vertex -46 48 8
      vertex -44.0865 48.4067 8
      vertex -44.134 48.5 8
    endloop
  endfacet
  facet normal 0 0 1
    outer loop
      vertex -46 48 8
      vertex -44.134 48.5 8
      vertex -44.191 48.5878 8
    endloop
  endfacet
  facet normal 0 0 1
    outer loop
      vertex -46 48 8
      vertex -44.191 48.5878 8
      vertex -44.2569 48.6691 8
    endloop
  endfacet
  facet normal 0 0 1
    outer loop
      vertex -46 48 8
      vertex -44.2569 48.6691 8
      vertex -44.3309 48.7431 8
    endloop
  endfacet
  facet normal 0 0 1
    outer loop
      vertex -46 48 8
      vertex -44.3309 48.7431 8
      vertex -44.4122 48.809 8
    endloop
  endfacet
  facet normal 0 0 1
    outer loop
      vertex -46 48 8
      vertex -44.4122 48.809 8
      vertex -44.5 48.866 8
    endloop
  endfacet
  facet normal 0 0 1
    outer loop
      vertex -46 48 8
      vertex -44.5 48.866 8
      vertex -44.5933 48.9135 8
    endloop
  endfacet
  facet normal 0 0 1
    outer loop
      vertex -46 48 8
      vertex -44.5933 48.9135 8
      vertex -44.691 48.9511 8
    endloop
  endfacet
  facet normal 0 0 1
    outer loop
      vertex -46 48 8
      vertex -44.691 48.9511 8
      vertex -44.7921 48.9781 8
    endloop
  endfacet
  facet normal 0 0 1
    outer loop
      vertex -46 48 8
      vertex -44.7921 48.9781 8
      vertex -44.8955 48.9945 8
    endloop
  endfacet
  facet normal 0 0 1
    outer loop
      vertex -46 48 8
      vertex -44.8955 48.9945 8
      vertex -45 49 8
    endloop
  endfacet
  facet normal 0 0 1
    outer loop
      vertex -46 48 8
      vertex -45 49 8
      vertex -45.1045 48.9945 8
    endloop
  endfacet
  facet normal 0 0 1
    outer loop
      vertex -46 48 8
      vertex -45.1045 48.9945 8
      vertex -45.2079 48.9781 8
    endloop
  endfacet
  facet normal 0 0 1
    outer loop
      vertex -46 48 8
      vertex -45.2079 48.9781 8
      vertex -45.309 48.9511 8
    endloop
  endfacet
  facet normal 0 0 1
    outer loop
      vertex -46 48 8
      vertex -45.309 48.9511 8
      vertex -45.4067 48.9135 8
    endloop
  endfacet
  facet normal 0 0 1
    outer loop
      vertex -46 48 8
      vertex -45.4067 48.9135 8
      vertex -45.5 48.866 8
    endloop
  endfacet
  facet normal 0 0 1
    outer loop
      vertex -46 48 8
      vertex -45.5 48.866 8
      vertex -45.5878 48.809 8
    endloop
  endfacet
  facet normal 0 0 1
    outer loop
      vertex -46 48 8
      vertex -45.5878 48.809 8
      vertex -45.6691 48.7431 8
    endloop
  endfacet
  facet normal 0 0 1
    outer loop
      vertex -46 48 8
      vertex -45.6691 48.7431 8
      vertex -45.7431 48.6691 8
    endloop
  endfacet
  facet normal 0 0 1
    outer loop
      vertex -46 48 8
      vertex -45.7431 48.6691 8
      vertex -45.809 48.5878 8
    endloop
  endfacet
  facet normal 0 0 1
    outer loop
      vertex -46 48 8
      vertex -45.809 48.5878 8
      vertex -45.866 48.5 8
    endloop
  endfacet
  facet normal 0 0 1
    outer loop
      vertex -46 48 8
      vertex -45.866 48.5 8
      vertex -45.9135 48.4067 8
    endloop
  endfacet
  facet normal 0 0 1
    outer loop
      vertex -46 48 8
      vertex -45.9135 48.4067 8
      vertex -45.9511 48.309 8
    endloop
  endfacet
  facet normal 0 0 1
    outer loop
      vertex -46 48 8
      vertex -45.9511 48.309 8
      vertex -45.9781 48.2079 8
    endloop
  endfacet
  facet normal 0 0 1
    outer loop
      vertex -46 48 8
      vertex -45.9781 48.2079 8
      vertex -45.9945 48.1045 8
    endloop
  endfacet
  facet normal 0 0 1
    outer loop
      vertex -44 48 8
      vertex -46 48 8
      vertex -44 45.0769 8
    endloop
  endfacet
  facet normal 0 0 1
    outer loop
      vertex -44 45.0769 8
      vertex -46 48 8
      vertex -46 45.0769 8
    endloop
  endfacet
  facet normal 0 0 1
    outer loop
      vertex -42.1028 40.9091 8
      vertex -42.3153 40.45 8
      vertex -42.168 40.7391 8
    endloop
  endfacet
  facet normal 0 0 1
    outer loop
      vertex -42.1028 40.9091 8
      vertex -42.4921 40.1779 8
      vertex -42.3153 40.45 8
    endloop
  endfacet
  facet normal 0 0 1
    outer loop
      vertex -42.1028 40.9091 8
      vertex -42.6963 39.9257 8
      vertex -42.4921 40.1779 8
    endloop
  endfacet
  facet normal 0 0 1
    outer loop
      vertex -42.1028 40.9091 8
      vertex -42.9257 39.6963 8
      vertex -42.6963 39.9257 8
    endloop
  endfacet
  facet normal 0 0 1
    outer loop
      vertex -42.1028 40.9091 8
      vertex -43.1779 39.4921 8
      vertex -42.9257 39.6963 8
    endloop
  endfacet
  facet normal 0 0 1
    outer loop
      vertex -42.1028 40.9091 8
      vertex -43.45 39.3153 8
      vertex -43.1779 39.4921 8
    endloop
  endfacet
  facet normal 0 0 1
    outer loop
      vertex -42.1028 40.9091 8
      vertex -43.7391 39.168 8
      vertex -43.45 39.3153 8
    endloop
  endfacet
  facet normal 0 0 1
    outer loop
      vertex -42.1028 40.9091 8
      vertex -44.042 39.0517 8
      vertex -43.7391 39.168 8
    endloop
  endfacet
  facet normal 0 0 1
    outer loop
      vertex -42.1028 40.9091 8
      vertex -44.3555 38.9677 8
      vertex -44.042 39.0517 8
    endloop
  endfacet
  facet normal 0 0 1
    outer loop
      vertex -42.1028 40.9091 8
      vertex -44.676 38.917 8
      vertex -44.3555 38.9677 8
    endloop
  endfacet
  facet normal 0 0 1
    outer loop
      vertex -42.1028 40.9091 8
      vertex -45 38.9 8
      vertex -44.676 38.917 8
    endloop
  endfacet
  facet normal 0 0 1
    outer loop
      vertex -42.1028 40.9091 8
      vertex -45.324 38.917 8
      vertex -45 38.9 8
    endloop
  endfacet
  facet normal 0 0 1
    outer loop
      vertex -42.1028 40.9091 8
      vertex -45.6445 38.9677 8
      vertex -45.324 38.917 8
    endloop
  endfacet
  facet normal 0 0 1
    outer loop
      vertex -42.1028 40.9091 8
      vertex -45.958 39.0517 8
      vertex -45.6445 38.9677 8
    endloop
  endfacet
  facet normal 0 0 1
    outer loop
      vertex -42.1028 40.9091 8
      vertex -46.2609 39.168 8
      vertex -45.958 39.0517 8
    endloop
  endfacet
  facet normal 0 0 1
    outer loop
      vertex -42.1028 40.9091 8
      vertex -46.55 39.3153 8
      vertex -46.2609 39.168 8
    endloop
  endfacet
  facet normal 0 0 1
    outer loop
      vertex -42.1028 40.9091 8
      vertex -46.8221 39.4921 8
      vertex -46.55 39.3153 8
    endloop
  endfacet
  facet normal 0 0 1
    outer loop
      vertex -42.1028 40.9091 8
      vertex -47.0743 39.6963 8
      vertex -46.8221 39.4921 8
    endloop
  endfacet
  facet normal 0 0 1
    outer loop
      vertex -42.1028 40.9091 8
      vertex -47.3037 39.9257 8
      vertex -47.0743 39.6963 8
    endloop
  endfacet
  facet normal 0 0 1
    outer loop
      vertex -42.1028 40.9091 8
      vertex -47.5079 40.1779 8
      vertex -47.3037 39.9257 8
    endloop
  endfacet
  facet normal 0 0 1
    outer loop
      vertex -42.1028 40.9091 8
      vertex -47.6847 40.45 8
      vertex -47.5079 40.1779 8
    endloop
  endfacet
  facet normal -0 0 1
    outer loop
      vertex -47.8972 40.9091 8
      vertex -47.6847 40.45 8
      vertex -42.1028 40.9091 8
    endloop
  endfacet
  facet normal 0 0 1
    outer loop
      vertex -47.6847 40.45 8
      vertex -47.8972 40.9091 8
      vertex -47.832 40.7391 8
    endloop
  endfacet
  facet normal -0.453981 -0.891011 0
    outer loop
      vertex -46.55 39.3153 0
      vertex -46.2609 39.168 8
      vertex -46.55 39.3153 8
    endloop
  endfacet
  facet normal -0.453981 -0.891011 -0
    outer loop
      vertex -46.2609 39.168 8
      vertex -46.55 39.3153 0
      vertex -46.2609 39.168 0
    endloop
  endfacet
  facet normal 0.453981 0.891011 -0
    outer loop
      vertex -43.45 44.6847 0
      vertex -43.7391 44.832 1.46001
      vertex -43.45 44.6847 1.64415
    endloop
  endfacet
  facet normal 0.453981 0.891011 0
    outer loop
      vertex -43.7391 44.832 1.46001
      vertex -43.45 44.6847 0
      vertex -43.7391 44.832 0
    endloop
  endfacet
  facet normal 0.777187 -0.629269 0
    outer loop
      vertex -42.6963 39.9257 8
      vertex -42.4921 40.1779 0
      vertex -42.4921 40.1779 8
    endloop
  endfacet
  facet normal 0.777187 -0.629269 0
    outer loop
      vertex -42.4921 40.1779 0
      vertex -42.6963 39.9257 8
      vertex -42.6963 39.9257 0
    endloop
  endfacet
  facet normal -0.258813 -0.965927 0
    outer loop
      vertex -45.958 39.0517 0
      vertex -45.6445 38.9677 8
      vertex -45.958 39.0517 8
    endloop
  endfacet
  facet normal -0.258813 -0.965927 -0
    outer loop
      vertex -45.6445 38.9677 8
      vertex -45.958 39.0517 0
      vertex -45.6445 38.9677 0
    endloop
  endfacet
  facet normal -0.629269 -0.777187 0
    outer loop
      vertex -47.0743 39.6963 0
      vertex -46.8221 39.4921 8
      vertex -47.0743 39.6963 8
    endloop
  endfacet
  facet normal -0.629269 -0.777187 -0
    outer loop
      vertex -46.8221 39.4921 8
      vertex -47.0743 39.6963 0
      vertex -46.8221 39.4921 0
    endloop
  endfacet
  facet normal 0.891011 0.453981 -0
    outer loop
      vertex -42.168 43.2609 0
      vertex -42.3153 43.55 3.0625
      vertex -42.168 43.2609 3.4239
    endloop
  endfacet
  facet normal 0.891011 0.453981 0
    outer loop
      vertex -42.3153 43.55 3.0625
      vertex -42.168 43.2609 0
      vertex -42.3153 43.55 0
    endloop
  endfacet
  facet normal -0.891011 0.453981 0
    outer loop
      vertex -47.832 43.2609 0
      vertex -47.6847 43.55 3.0625
      vertex -47.6847 43.55 0
    endloop
  endfacet
  facet normal -0.891011 0.453981 0
    outer loop
      vertex -47.6847 43.55 3.0625
      vertex -47.832 43.2609 0
      vertex -47.832 43.2609 3.4239
    endloop
  endfacet
  facet normal 0.544848 0.838535 -0
    outer loop
      vertex -43.1779 44.5079 0
      vertex -43.45 44.6847 1.64415
      vertex -43.1779 44.5079 1.86506
    endloop
  endfacet
  facet normal 0.544848 0.838535 0
    outer loop
      vertex -43.45 44.6847 1.64415
      vertex -43.1779 44.5079 0
      vertex -43.45 44.6847 0
    endloop
  endfacet
  facet normal 0.891011 -0.453981 0
    outer loop
      vertex -42.3153 40.45 8
      vertex -42.168 40.7391 0
      vertex -42.168 40.7391 8
    endloop
  endfacet
  facet normal 0.891011 -0.453981 0
    outer loop
      vertex -42.168 40.7391 0
      vertex -42.3153 40.45 8
      vertex -42.3153 40.45 0
    endloop
  endfacet
  facet normal -0.358212 0.93364 0
    outer loop
      vertex -46.2609 44.832 0
      vertex -46 44.9321 1.33483
      vertex -46 44.9321 0
    endloop
  endfacet
  facet normal -0.358212 0.93364 0
    outer loop
      vertex -46 44.9321 1.33483
      vertex -46.2609 44.832 0
      vertex -46.2609 44.832 1.46001
    endloop
  endfacet
  facet normal 0.156247 -0.987718 0
    outer loop
      vertex -44.676 38.917 0
      vertex -44.3555 38.9677 8
      vertex -44.676 38.917 8
    endloop
  endfacet
  facet normal 0.156247 -0.987718 0
    outer loop
      vertex -44.3555 38.9677 8
      vertex -44.676 38.917 0
      vertex -44.3555 38.9677 0
    endloop
  endfacet
  facet normal 0.933685 -0.358096 0.000329268
    outer loop
      vertex -42.168 40.7391 8
      vertex -42.0517 41.042 7.63437
      vertex -42.1028 40.9091 8
    endloop
  endfacet
  facet normal 0.933552 -0.358442 0
    outer loop
      vertex -42.0517 41.042 7.63437
      vertex -42.168 40.7391 8
      vertex -42.168 40.7391 0
    endloop
  endfacet
  facet normal 0.933552 -0.358442 0
    outer loop
      vertex -42.0517 41.042 7.63437
      vertex -42.168 40.7391 0
      vertex -42.0517 41.042 0
    endloop
  endfacet
  facet normal 0.998626 -0.0523971 0
    outer loop
      vertex -41.917 41.676 0
      vertex -41.9 42 5
      vertex -41.917 41.676 5.8911
    endloop
  endfacet
  facet normal 0.998626 -0.0523971 0
    outer loop
      vertex -41.9 42 5
      vertex -41.917 41.676 0
      vertex -41.9 42 0
    endloop
  endfacet
  facet normal -0.156247 -0.987718 0
    outer loop
      vertex -45.6445 38.9677 0
      vertex -45.324 38.917 8
      vertex -45.6445 38.9677 8
    endloop
  endfacet
  facet normal -0.156247 -0.987718 -0
    outer loop
      vertex -45.324 38.917 8
      vertex -45.6445 38.9677 0
      vertex -45.324 38.917 0
    endloop
  endfacet
  facet normal 0.453981 -0.891011 0
    outer loop
      vertex -43.7391 39.168 0
      vertex -43.45 39.3153 8
      vertex -43.7391 39.168 8
    endloop
  endfacet
  facet normal 0.453981 -0.891011 0
    outer loop
      vertex -43.45 39.3153 8
      vertex -43.7391 39.168 0
      vertex -43.45 39.3153 0
    endloop
  endfacet
  facet normal -0.629269 0.777187 0
    outer loop
      vertex -47.0743 44.3037 0
      vertex -46.8221 44.5079 1.86506
      vertex -46.8221 44.5079 0
    endloop
  endfacet
  facet normal -0.629269 0.777187 0
    outer loop
      vertex -46.8221 44.5079 1.86506
      vertex -47.0743 44.3037 0
      vertex -47.0743 44.3037 2.12031
    endloop
  endfacet
  facet normal -0.707107 0.707107 0
    outer loop
      vertex -47.3037 44.0743 0
      vertex -47.0743 44.3037 2.12031
      vertex -47.0743 44.3037 0
    endloop
  endfacet
  facet normal -0.707107 0.707107 0
    outer loop
      vertex -47.0743 44.3037 2.12031
      vertex -47.3037 44.0743 0
      vertex -47.3037 44.0743 2.40712
    endloop
  endfacet
  facet normal 0.838535 -0.544848 0
    outer loop
      vertex -42.4921 40.1779 8
      vertex -42.3153 40.45 0
      vertex -42.3153 40.45 8
    endloop
  endfacet
  facet normal 0.838535 -0.544848 0
    outer loop
      vertex -42.3153 40.45 0
      vertex -42.4921 40.1779 8
      vertex -42.4921 40.1779 0
    endloop
  endfacet
  facet normal 0.838535 0.544848 -0
    outer loop
      vertex -42.3153 43.55 0
      vertex -42.4921 43.8221 2.72233
      vertex -42.3153 43.55 3.0625
    endloop
  endfacet
  facet normal 0.838535 0.544848 0
    outer loop
      vertex -42.4921 43.8221 2.72233
      vertex -42.3153 43.55 0
      vertex -42.4921 43.8221 0
    endloop
  endfacet
  facet normal 0.629269 -0.777187 0
    outer loop
      vertex -43.1779 39.4921 0
      vertex -42.9257 39.6963 8
      vertex -43.1779 39.4921 8
    endloop
  endfacet
  facet normal 0.629269 -0.777187 0
    outer loop
      vertex -42.9257 39.6963 8
      vertex -43.1779 39.4921 0
      vertex -42.9257 39.6963 0
    endloop
  endfacet
  facet normal 0.358212 0.93364 -0
    outer loop
      vertex -43.7391 44.832 0
      vertex -44 44.9321 1.33483
      vertex -43.7391 44.832 1.46001
    endloop
  endfacet
  facet normal 0.358212 0.93364 0
    outer loop
      vertex -44 44.9321 1.33483
      vertex -43.7391 44.832 0
      vertex -44 44.9321 0
    endloop
  endfacet
  facet normal 0.987718 -0.156247 0
    outer loop
      vertex -41.9677 41.3555 0
      vertex -41.917 41.676 5.8911
      vertex -41.9677 41.3555 6.77245
    endloop
  endfacet
  facet normal 0.987718 -0.156247 0
    outer loop
      vertex -41.917 41.676 5.8911
      vertex -41.9677 41.3555 0
      vertex -41.917 41.676 0
    endloop
  endfacet
  facet normal -0.933552 -0.358442 0
    outer loop
      vertex -47.832 40.7391 0
      vertex -47.9483 41.042 7.63437
      vertex -47.9483 41.042 0
    endloop
  endfacet
  facet normal -0.933552 -0.358442 -0
    outer loop
      vertex -47.832 40.7391 8
      vertex -47.9483 41.042 7.63437
      vertex -47.832 40.7391 0
    endloop
  endfacet
  facet normal -0.933685 -0.358096 0.000329268
    outer loop
      vertex -47.9483 41.042 7.63437
      vertex -47.832 40.7391 8
      vertex -47.8972 40.9091 8
    endloop
  endfacet
  facet normal -0.453981 0.891011 0
    outer loop
      vertex -46.55 44.6847 0
      vertex -46.2609 44.832 1.46001
      vertex -46.2609 44.832 0
    endloop
  endfacet
  facet normal -0.453981 0.891011 0
    outer loop
      vertex -46.2609 44.832 1.46001
      vertex -46.55 44.6847 0
      vertex -46.55 44.6847 1.64415
    endloop
  endfacet
  facet normal -0.891011 -0.453981 0
    outer loop
      vertex -47.6847 40.45 0
      vertex -47.832 40.7391 8
      vertex -47.832 40.7391 0
    endloop
  endfacet
  facet normal -0.891011 -0.453981 0
    outer loop
      vertex -47.832 40.7391 8
      vertex -47.6847 40.45 0
      vertex -47.6847 40.45 8
    endloop
  endfacet
  facet normal 0.258813 -0.965927 0
    outer loop
      vertex -44.3555 38.9677 0
      vertex -44.042 39.0517 8
      vertex -44.3555 38.9677 8
    endloop
  endfacet
  facet normal 0.258813 -0.965927 0
    outer loop
      vertex -44.042 39.0517 8
      vertex -44.3555 38.9677 0
      vertex -44.042 39.0517 0
    endloop
  endfacet
  facet normal -0.998626 -0.0523971 0
    outer loop
      vertex -48.083 41.676 0
      vertex -48.1 42 5
      vertex -48.1 42 0
    endloop
  endfacet
  facet normal -0.998626 -0.0523971 0
    outer loop
      vertex -48.1 42 5
      vertex -48.083 41.676 0
      vertex -48.083 41.676 5.8911
    endloop
  endfacet
  facet normal -0.933552 0.358442 0
    outer loop
      vertex -47.9483 42.958 0
      vertex -47.832 43.2609 3.4239
      vertex -47.832 43.2609 0
    endloop
  endfacet
  facet normal -0.933552 0.358442 0
    outer loop
      vertex -47.832 43.2609 3.4239
      vertex -47.9483 42.958 0
      vertex -47.9483 42.958 3.80256
    endloop
  endfacet
  facet normal -0.777187 -0.629269 0
    outer loop
      vertex -47.3037 39.9257 0
      vertex -47.5079 40.1779 8
      vertex -47.5079 40.1779 0
    endloop
  endfacet
  facet normal -0.777187 -0.629269 0
    outer loop
      vertex -47.5079 40.1779 8
      vertex -47.3037 39.9257 0
      vertex -47.3037 39.9257 8
    endloop
  endfacet
  facet normal -0.965927 0.258813 0
    outer loop
      vertex -48.0323 42.6445 0
      vertex -47.9483 42.958 3.80256
      vertex -47.9483 42.958 0
    endloop
  endfacet
  facet normal -0.965927 0.258813 0
    outer loop
      vertex -47.9483 42.958 3.80256
      vertex -48.0323 42.6445 0
      vertex -48.0323 42.6445 4.19434
    endloop
  endfacet
  facet normal -0.707107 -0.707107 0
    outer loop
      vertex -47.0743 39.6963 0
      vertex -47.3037 39.9257 8
      vertex -47.3037 39.9257 0
    endloop
  endfacet
  facet normal -0.707107 -0.707107 0
    outer loop
      vertex -47.3037 39.9257 8
      vertex -47.0743 39.6963 0
      vertex -47.0743 39.6963 8
    endloop
  endfacet
  facet normal 0.544848 -0.838535 0
    outer loop
      vertex -43.45 39.3153 0
      vertex -43.1779 39.4921 8
      vertex -43.45 39.3153 8
    endloop
  endfacet
  facet normal 0.544848 -0.838535 0
    outer loop
      vertex -43.1779 39.4921 8
      vertex -43.45 39.3153 0
      vertex -43.1779 39.4921 0
    endloop
  endfacet
  facet normal -0.0523971 -0.998626 0
    outer loop
      vertex -45.324 38.917 0
      vertex -45 38.9 8
      vertex -45.324 38.917 8
    endloop
  endfacet
  facet normal -0.0523971 -0.998626 -0
    outer loop
      vertex -45 38.9 8
      vertex -45.324 38.917 0
      vertex -45 38.9 0
    endloop
  endfacet
  facet normal -0.998626 0.0523971 0
    outer loop
      vertex -48.1 42 0
      vertex -48.083 42.324 4.59495
      vertex -48.083 42.324 0
    endloop
  endfacet
  facet normal -0.998626 0.0523971 0
    outer loop
      vertex -48.083 42.324 4.59495
      vertex -48.1 42 0
      vertex -48.1 42 5
    endloop
  endfacet
  facet normal -0.358442 -0.933552 0
    outer loop
      vertex -46.2609 39.168 0
      vertex -45.958 39.0517 8
      vertex -46.2609 39.168 8
    endloop
  endfacet
  facet normal -0.358442 -0.933552 -0
    outer loop
      vertex -45.958 39.0517 8
      vertex -46.2609 39.168 0
      vertex -45.958 39.0517 0
    endloop
  endfacet
  facet normal -0.544848 -0.838535 0
    outer loop
      vertex -46.8221 39.4921 0
      vertex -46.55 39.3153 8
      vertex -46.8221 39.4921 8
    endloop
  endfacet
  facet normal -0.544848 -0.838535 -0
    outer loop
      vertex -46.55 39.3153 8
      vertex -46.8221 39.4921 0
      vertex -46.55 39.3153 0
    endloop
  endfacet
  facet normal 0.707107 -0.707107 0
    outer loop
      vertex -42.9257 39.6963 8
      vertex -42.6963 39.9257 0
      vertex -42.6963 39.9257 8
    endloop
  endfacet
  facet normal 0.707107 -0.707107 0
    outer loop
      vertex -42.6963 39.9257 0
      vertex -42.9257 39.6963 8
      vertex -42.9257 39.6963 0
    endloop
  endfacet
  facet normal -0.9877 0.156361 0
    outer loop
      vertex -43.435 41.6673 0
      vertex -43.4088 41.8328 4
      vertex -43.4088 41.8328 0
    endloop
  endfacet
  facet normal -0.9877 0.156361 0
    outer loop
      vertex -43.4088 41.8328 4
      vertex -43.435 41.6673 0
      vertex -43.435 41.6673 4
    endloop
  endfacet
  facet normal -0.9877 -0.156361 0
    outer loop
      vertex -43.4088 42.1672 0
      vertex -43.435 42.3327 4
      vertex -43.435 42.3327 0
    endloop
  endfacet
  facet normal -0.9877 -0.156361 0
    outer loop
      vertex -43.435 42.3327 4
      vertex -43.4088 42.1672 0
      vertex -43.4088 42.1672 4
    endloop
  endfacet
  facet normal -0.998618 -0.0525588 0
    outer loop
      vertex -43.4 42 0
      vertex -43.4088 42.1672 4
      vertex -43.4088 42.1672 0
    endloop
  endfacet
  facet normal -0.998618 -0.0525588 0
    outer loop
      vertex -43.4088 42.1672 4
      vertex -43.4 42 0
      vertex -43.4 42 4
    endloop
  endfacet
  facet normal -0.965967 -0.258666 0
    outer loop
      vertex -43.435 42.3327 0
      vertex -43.4783 42.4944 4
      vertex -43.4783 42.4944 0
    endloop
  endfacet
  facet normal -0.965967 -0.258666 0
    outer loop
      vertex -43.4783 42.4944 4
      vertex -43.435 42.3327 0
      vertex -43.435 42.3327 4
    endloop
  endfacet
  facet normal -0.838784 -0.544464 0
    outer loop
      vertex -43.6144 42.8 0
      vertex -43.7056 42.9405 3.82443
      vertex -43.7056 42.9405 0
    endloop
  endfacet
  facet normal -0.838784 -0.544464 0
    outer loop
      vertex -43.7056 42.9405 3.82443
      vertex -43.6144 42.8 0
      vertex -43.6144 42.8 4
    endloop
  endfacet
  facet normal -0.998618 0.0525588 0
    outer loop
      vertex -43.4088 41.8328 0
      vertex -43.4 42 4
      vertex -43.4 42 0
    endloop
  endfacet
  facet normal -0.998618 0.0525588 0
    outer loop
      vertex -43.4 42 4
      vertex -43.4088 41.8328 0
      vertex -43.4088 41.8328 4
    endloop
  endfacet
  facet normal -0.777008 -0.62949 0
    outer loop
      vertex -43.7056 42.9405 0
      vertex -43.811 43.0706 3.66174
      vertex -43.811 43.0706 0
    endloop
  endfacet
  facet normal -0.777008 -0.62949 0
    outer loop
      vertex -43.811 43.0706 3.66174
      vertex -43.7056 42.9405 0
      vertex -43.7056 42.9405 3.82443
    endloop
  endfacet
  facet normal 0.9877 0.156361 0
    outer loop
      vertex -46.565 41.6673 4
      vertex -46.5912 41.8328 0
      vertex -46.5912 41.8328 4
    endloop
  endfacet
  facet normal 0.9877 0.156361 0
    outer loop
      vertex -46.5912 41.8328 0
      vertex -46.565 41.6673 4
      vertex -46.565 41.6673 0
    endloop
  endfacet
  facet normal 0.890816 -0.454364 0
    outer loop
      vertex -46.4617 42.6508 4
      vertex -46.3856 42.8 0
      vertex -46.3856 42.8 4
    endloop
  endfacet
  facet normal 0.890816 -0.454364 0
    outer loop
      vertex -46.3856 42.8 0
      vertex -46.4617 42.6508 4
      vertex -46.4617 42.6508 0
    endloop
  endfacet
  facet normal 0.965967 0.258666 0
    outer loop
      vertex -46.5217 41.5056 4
      vertex -46.565 41.6673 0
      vertex -46.565 41.6673 4
    endloop
  endfacet
  facet normal 0.965967 0.258666 0
    outer loop
      vertex -46.565 41.6673 0
      vertex -46.5217 41.5056 4
      vertex -46.5217 41.5056 0
    endloop
  endfacet
  facet normal -0.629515 -0.776989 0
    outer loop
      vertex -43.9294 43.189 0
      vertex -44 43.2462 3.44224
      vertex -44 43.2462 0
    endloop
  endfacet
  facet normal -0.629515 -0.776989 0
    outer loop
      vertex -44 43.2462 3.44224
      vertex -43.9294 43.189 0
      vertex -43.9294 43.189 3.51371
    endloop
  endfacet
  facet normal -0.358179 0.933653 0
    outer loop
      vertex -44.3492 40.5383 0
      vertex -44.5056 40.4783 4
      vertex -44.3492 40.5383 4
    endloop
  endfacet
  facet normal -0.358179 0.933653 0
    outer loop
      vertex -44.5056 40.4783 4
      vertex -44.3492 40.5383 0
      vertex -44.5056 40.4783 0
    endloop
  endfacet
  facet normal 0.777008 -0.62949 0
    outer loop
      vertex -46.2944 42.9405 0
      vertex -46.189 43.0706 3.66174
      vertex -46.2944 42.9405 3.82443
    endloop
  endfacet
  facet normal 0.777008 -0.62949 0
    outer loop
      vertex -46.189 43.0706 3.66174
      vertex -46.2944 42.9405 0
      vertex -46.189 43.0706 0
    endloop
  endfacet
  facet normal 0.707107 -0.707107 0
    outer loop
      vertex -46.189 43.0706 0
      vertex -46.0706 43.189 3.51371
      vertex -46.189 43.0706 3.66174
    endloop
  endfacet
  facet normal 0.707107 -0.707107 0
    outer loop
      vertex -46.0706 43.189 3.51371
      vertex -46.189 43.0706 0
      vertex -46.0706 43.189 0
    endloop
  endfacet
  facet normal -0.965967 0.258666 0
    outer loop
      vertex -43.4783 41.5056 0
      vertex -43.435 41.6673 4
      vertex -43.435 41.6673 0
    endloop
  endfacet
  facet normal -0.965967 0.258666 0
    outer loop
      vertex -43.435 41.6673 4
      vertex -43.4783 41.5056 0
      vertex -43.4783 41.5056 4
    endloop
  endfacet
  facet normal -0.0525588 0.998618 0
    outer loop
      vertex -44.8328 40.4088 0
      vertex -45 40.4 4
      vertex -44.8328 40.4088 4
    endloop
  endfacet
  facet normal -0.0525588 0.998618 0
    outer loop
      vertex -45 40.4 4
      vertex -44.8328 40.4088 0
      vertex -45 40.4 0
    endloop
  endfacet
  facet normal 0.838784 0.544464 0
    outer loop
      vertex -46.2944 41.0595 4
      vertex -46.3856 41.2 0
      vertex -46.3856 41.2 4
    endloop
  endfacet
  facet normal 0.838784 0.544464 0
    outer loop
      vertex -46.3856 41.2 0
      vertex -46.2944 41.0595 4
      vertex -46.2944 41.0595 0
    endloop
  endfacet
  facet normal -0.156361 0.9877 0
    outer loop
      vertex -44.6673 40.435 0
      vertex -44.8328 40.4088 4
      vertex -44.6673 40.435 4
    endloop
  endfacet
  facet normal -0.156361 0.9877 0
    outer loop
      vertex -44.8328 40.4088 4
      vertex -44.6673 40.435 0
      vertex -44.8328 40.4088 0
    endloop
  endfacet
  facet normal 0.156361 0.9877 -0
    outer loop
      vertex -45.1672 40.4088 0
      vertex -45.3327 40.435 4
      vertex -45.1672 40.4088 4
    endloop
  endfacet
  facet normal 0.156361 0.9877 0
    outer loop
      vertex -45.3327 40.435 4
      vertex -45.1672 40.4088 0
      vertex -45.3327 40.435 0
    endloop
  endfacet
  facet normal 0.454364 0.890816 -0
    outer loop
      vertex -45.6508 40.5383 0
      vertex -45.8 40.6144 4
      vertex -45.6508 40.5383 4
    endloop
  endfacet
  facet normal 0.454364 0.890816 0
    outer loop
      vertex -45.8 40.6144 4
      vertex -45.6508 40.5383 0
      vertex -45.8 40.6144 0
    endloop
  endfacet
  facet normal 0 0 -1
    outer loop
      vertex -43.4088 41.8328 4
      vertex -44.0055 41.8955 4
      vertex -44 42 4
    endloop
  endfacet
  facet normal 0 0 -1
    outer loop
      vertex -43.811 40.9294 4
      vertex -44.0219 41.7921 4
      vertex -44.0055 41.8955 4
    endloop
  endfacet
  facet normal 0 0 -1
    outer loop
      vertex -43.811 40.9294 4
      vertex -44.0489 41.691 4
      vertex -44.0219 41.7921 4
    endloop
  endfacet
  facet normal 0 0 -1
    outer loop
      vertex -44.3309 41.2569 4
      vertex -43.9294 40.811 4
      vertex -44.0595 40.7056 4
    endloop
  endfacet
  facet normal 0 0 -1
    outer loop
      vertex -43.811 40.9294 4
      vertex -44.0865 41.5933 4
      vertex -44.0489 41.691 4
    endloop
  endfacet
  facet normal 0 0 -1
    outer loop
      vertex -43.811 40.9294 4
      vertex -44.134 41.5 4
      vertex -44.0865 41.5933 4
    endloop
  endfacet
  facet normal 0 0 -1
    outer loop
      vertex -43.811 40.9294 4
      vertex -44.191 41.4122 4
      vertex -44.134 41.5 4
    endloop
  endfacet
  facet normal 0 0 -1
    outer loop
      vertex -44.4122 41.191 4
      vertex -44.0595 40.7056 4
      vertex -44.2 40.6144 4
    endloop
  endfacet
  facet normal 0 0 -1
    outer loop
      vertex -43.811 40.9294 4
      vertex -44.2569 41.3309 4
      vertex -44.191 41.4122 4
    endloop
  endfacet
  facet normal 0 0 -1
    outer loop
      vertex -43.9294 40.811 4
      vertex -44.3309 41.2569 4
      vertex -44.2569 41.3309 4
    endloop
  endfacet
  facet normal 0 0 -1
    outer loop
      vertex -44.5 41.134 4
      vertex -44.2 40.6144 4
      vertex -44.3492 40.5383 4
    endloop
  endfacet
  facet normal 0 0 -1
    outer loop
      vertex -44.0595 40.7056 4
      vertex -44.4122 41.191 4
      vertex -44.3309 41.2569 4
    endloop
  endfacet
  facet normal 0 0 -1
    outer loop
      vertex -44.2 40.6144 4
      vertex -44.5 41.134 4
      vertex -44.4122 41.191 4
    endloop
  endfacet
  facet normal 0 0 -1
    outer loop
      vertex -44.5933 41.0865 4
      vertex -44.3492 40.5383 4
      vertex -44.5056 40.4783 4
    endloop
  endfacet
  facet normal 0 0 -1
    outer loop
      vertex -44.3492 40.5383 4
      vertex -44.5933 41.0865 4
      vertex -44.5 41.134 4
    endloop
  endfacet
  facet normal 0 0 -1
    outer loop
      vertex -44.691 41.0489 4
      vertex -44.5056 40.4783 4
      vertex -44.6673 40.435 4
    endloop
  endfacet
  facet normal 0 0 -1
    outer loop
      vertex -44.5056 40.4783 4
      vertex -44.691 41.0489 4
      vertex -44.5933 41.0865 4
    endloop
  endfacet
  facet normal 0 0 -1
    outer loop
      vertex -44.6673 40.435 4
      vertex -44.7921 41.0219 4
      vertex -44.691 41.0489 4
    endloop
  endfacet
  facet normal 0 0 -1
    outer loop
      vertex -44.8328 40.4088 4
      vertex -44.7921 41.0219 4
      vertex -44.6673 40.435 4
    endloop
  endfacet
  facet normal 0 0 -1
    outer loop
      vertex -44.8328 40.4088 4
      vertex -44.8955 41.0055 4
      vertex -44.7921 41.0219 4
    endloop
  endfacet
  facet normal 0 0 -1
    outer loop
      vertex -45 40.4 4
      vertex -44.8955 41.0055 4
      vertex -44.8328 40.4088 4
    endloop
  endfacet
  facet normal 0 0 -1
    outer loop
      vertex -45 40.4 4
      vertex -45 41 4
      vertex -44.8955 41.0055 4
    endloop
  endfacet
  facet normal 0 0 -1
    outer loop
      vertex -45 40.4 4
      vertex -45.1045 41.0055 4
      vertex -45 41 4
    endloop
  endfacet
  facet normal 0 0 -1
    outer loop
      vertex -45.1672 40.4088 4
      vertex -45.1045 41.0055 4
      vertex -45 40.4 4
    endloop
  endfacet
  facet normal 0 0 -1
    outer loop
      vertex -45.1672 40.4088 4
      vertex -45.2079 41.0219 4
      vertex -45.1045 41.0055 4
    endloop
  endfacet
  facet normal 0 0 -1
    outer loop
      vertex -45.3327 40.435 4
      vertex -45.2079 41.0219 4
      vertex -45.1672 40.4088 4
    endloop
  endfacet
  facet normal -0 0 -1
    outer loop
      vertex -45.2079 41.0219 4
      vertex -45.3327 40.435 4
      vertex -45.309 41.0489 4
    endloop
  endfacet
  facet normal 0 0 -1
    outer loop
      vertex -45.4944 40.4783 4
      vertex -45.309 41.0489 4
      vertex -45.3327 40.435 4
    endloop
  endfacet
  facet normal -0 0 -1
    outer loop
      vertex -45.309 41.0489 4
      vertex -45.4944 40.4783 4
      vertex -45.4067 41.0865 4
    endloop
  endfacet
  facet normal 0 0 -1
    outer loop
      vertex -45.6508 40.5383 4
      vertex -45.4067 41.0865 4
      vertex -45.4944 40.4783 4
    endloop
  endfacet
  facet normal -0 0 -1
    outer loop
      vertex -45.4067 41.0865 4
      vertex -45.6508 40.5383 4
      vertex -45.5 41.134 4
    endloop
  endfacet
  facet normal 0 0 -1
    outer loop
      vertex -45.8 40.6144 4
      vertex -45.5 41.134 4
      vertex -45.6508 40.5383 4
    endloop
  endfacet
  facet normal -0 0 -1
    outer loop
      vertex -45.5 41.134 4
      vertex -45.8 40.6144 4
      vertex -45.5878 41.191 4
    endloop
  endfacet
  facet normal 0 0 -1
    outer loop
      vertex -45.9405 40.7056 4
      vertex -45.5878 41.191 4
      vertex -45.8 40.6144 4
    endloop
  endfacet
  facet normal -0 0 -1
    outer loop
      vertex -45.5878 41.191 4
      vertex -45.9405 40.7056 4
      vertex -45.6691 41.2569 4
    endloop
  endfacet
  facet normal 0 0 -1
    outer loop
      vertex -46.0706 40.811 4
      vertex -45.6691 41.2569 4
      vertex -45.9405 40.7056 4
    endloop
  endfacet
  facet normal -0 0 -1
    outer loop
      vertex -45.6691 41.2569 4
      vertex -46.0706 40.811 4
      vertex -45.7431 41.3309 4
    endloop
  endfacet
  facet normal 0 0 -1
    outer loop
      vertex -46.189 40.9294 4
      vertex -45.7431 41.3309 4
      vertex -46.0706 40.811 4
    endloop
  endfacet
  facet normal -0 0 -1
    outer loop
      vertex -45.7431 41.3309 4
      vertex -46.189 40.9294 4
      vertex -45.809 41.4122 4
    endloop
  endfacet
  facet normal 0 0 -1
    outer loop
      vertex -46.2944 41.0595 4
      vertex -45.809 41.4122 4
      vertex -46.189 40.9294 4
    endloop
  endfacet
  facet normal -0 0 -1
    outer loop
      vertex -45.809 41.4122 4
      vertex -46.2944 41.0595 4
      vertex -45.866 41.5 4
    endloop
  endfacet
  facet normal 0 0 -1
    outer loop
      vertex -46.3856 41.2 4
      vertex -45.866 41.5 4
      vertex -46.2944 41.0595 4
    endloop
  endfacet
  facet normal -0 0 -1
    outer loop
      vertex -45.866 41.5 4
      vertex -46.3856 41.2 4
      vertex -45.9135 41.5933 4
    endloop
  endfacet
  facet normal 0 0 -1
    outer loop
      vertex -46.4617 41.3492 4
      vertex -45.9135 41.5933 4
      vertex -46.3856 41.2 4
    endloop
  endfacet
  facet normal -0 0 -1
    outer loop
      vertex -45.9135 41.5933 4
      vertex -46.4617 41.3492 4
      vertex -45.9511 41.691 4
    endloop
  endfacet
  facet normal 0 0 -1
    outer loop
      vertex -46.5217 41.5056 4
      vertex -45.9511 41.691 4
      vertex -46.4617 41.3492 4
    endloop
  endfacet
  facet normal -0 0 -1
    outer loop
      vertex -45.9511 41.691 4
      vertex -46.5217 41.5056 4
      vertex -45.9781 41.7921 4
    endloop
  endfacet
  facet normal 0 0 -1
    outer loop
      vertex -46.565 41.6673 4
      vertex -45.9781 41.7921 4
      vertex -46.5217 41.5056 4
    endloop
  endfacet
  facet normal -0 0 -1
    outer loop
      vertex -45.9781 41.7921 4
      vertex -46.565 41.6673 4
      vertex -45.9945 41.8955 4
    endloop
  endfacet
  facet normal 0 0 -1
    outer loop
      vertex -46.5912 41.8328 4
      vertex -45.9945 41.8955 4
      vertex -46.565 41.6673 4
    endloop
  endfacet
  facet normal -0 0 -1
    outer loop
      vertex -46 42.8 4
      vertex -46.4617 42.6508 4
      vertex -46.3856 42.8 4
    endloop
  endfacet
  facet normal -0 0 -1
    outer loop
      vertex -45.9945 41.8955 4
      vertex -46.5912 41.8328 4
      vertex -46 42 4
    endloop
  endfacet
  facet normal 0 0 -1
    outer loop
      vertex -46 42.8 4
      vertex -46.5217 42.4944 4
      vertex -46.4617 42.6508 4
    endloop
  endfacet
  facet normal 0 0 -1
    outer loop
      vertex -46.6 42 4
      vertex -46 42 4
      vertex -46.5912 41.8328 4
    endloop
  endfacet
  facet normal 0 0 -1
    outer loop
      vertex -46 42 4
      vertex -46.5217 42.4944 4
      vertex -46 42.8 4
    endloop
  endfacet
  facet normal 0 -0 -1
    outer loop
      vertex -46.5912 42.1672 4
      vertex -46 42 4
      vertex -46.6 42 4
    endloop
  endfacet
  facet normal 0 -0 -1
    outer loop
      vertex -46.5217 42.4944 4
      vertex -46 42 4
      vertex -46.565 42.3327 4
    endloop
  endfacet
  facet normal 0 -0 -1
    outer loop
      vertex -46.565 42.3327 4
      vertex -46 42 4
      vertex -46.5912 42.1672 4
    endloop
  endfacet
  facet normal 0 0 -1
    outer loop
      vertex -44 42 4
      vertex -43.4 42 4
      vertex -43.4088 41.8328 4
    endloop
  endfacet
  facet normal 0 0 -1
    outer loop
      vertex -44.0055 41.8955 4
      vertex -43.4088 41.8328 4
      vertex -43.435 41.6673 4
    endloop
  endfacet
  facet normal 0 0 -1
    outer loop
      vertex -43.4 42 4
      vertex -44 42 4
      vertex -43.4088 42.1672 4
    endloop
  endfacet
  facet normal 0 0 -1
    outer loop
      vertex -44.0055 41.8955 4
      vertex -43.435 41.6673 4
      vertex -43.4783 41.5056 4
    endloop
  endfacet
  facet normal -0 0 -1
    outer loop
      vertex -43.4088 42.1672 4
      vertex -44 42 4
      vertex -43.435 42.3327 4
    endloop
  endfacet
  facet normal 0 0 -1
    outer loop
      vertex -44.0055 41.8955 4
      vertex -43.4783 41.5056 4
      vertex -43.5383 41.3492 4
    endloop
  endfacet
  facet normal -0 0 -1
    outer loop
      vertex -43.435 42.3327 4
      vertex -44 42 4
      vertex -43.4783 42.4944 4
    endloop
  endfacet
  facet normal 0 0 -1
    outer loop
      vertex -44.0055 41.8955 4
      vertex -43.5383 41.3492 4
      vertex -43.6144 41.2 4
    endloop
  endfacet
  facet normal 0 0 -1
    outer loop
      vertex -44 42.8 4
      vertex -43.4783 42.4944 4
      vertex -44 42 4
    endloop
  endfacet
  facet normal 0 0 -1
    outer loop
      vertex -44.0055 41.8955 4
      vertex -43.6144 41.2 4
      vertex -43.7056 41.0595 4
    endloop
  endfacet
  facet normal 0 0 -1
    outer loop
      vertex -44.0055 41.8955 4
      vertex -43.7056 41.0595 4
      vertex -43.811 40.9294 4
    endloop
  endfacet
  facet normal 0 0 -1
    outer loop
      vertex -44.2569 41.3309 4
      vertex -43.811 40.9294 4
      vertex -43.9294 40.811 4
    endloop
  endfacet
  facet normal 0 0 -1
    outer loop
      vertex -43.4783 42.4944 4
      vertex -44 42.8 4
      vertex -43.5383 42.6508 4
    endloop
  endfacet
  facet normal 0 0 -1
    outer loop
      vertex -43.5383 42.6508 4
      vertex -44 42.8 4
      vertex -43.6144 42.8 4
    endloop
  endfacet
  facet normal -0.890816 0.454364 0
    outer loop
      vertex -43.6144 41.2 0
      vertex -43.5383 41.3492 4
      vertex -43.5383 41.3492 0
    endloop
  endfacet
  facet normal -0.890816 0.454364 0
    outer loop
      vertex -43.5383 41.3492 4
      vertex -43.6144 41.2 0
      vertex -43.6144 41.2 4
    endloop
  endfacet
  facet normal -0.707107 -0.707107 0
    outer loop
      vertex -43.811 43.0706 0
      vertex -43.9294 43.189 3.51371
      vertex -43.9294 43.189 0
    endloop
  endfacet
  facet normal -0.707107 -0.707107 0
    outer loop
      vertex -43.9294 43.189 3.51371
      vertex -43.811 43.0706 0
      vertex -43.811 43.0706 3.66174
    endloop
  endfacet
  facet normal 0.62949 0.777008 -0
    outer loop
      vertex -45.9405 40.7056 0
      vertex -46.0706 40.811 4
      vertex -45.9405 40.7056 4
    endloop
  endfacet
  facet normal 0.62949 0.777008 0
    outer loop
      vertex -46.0706 40.811 4
      vertex -45.9405 40.7056 0
      vertex -46.0706 40.811 0
    endloop
  endfacet
  facet normal -0.838784 0.544464 0
    outer loop
      vertex -43.7056 41.0595 0
      vertex -43.6144 41.2 4
      vertex -43.6144 41.2 0
    endloop
  endfacet
  facet normal -0.838784 0.544464 0
    outer loop
      vertex -43.6144 41.2 4
      vertex -43.7056 41.0595 0
      vertex -43.7056 41.0595 4
    endloop
  endfacet
  facet normal -0.454364 0.890816 0
    outer loop
      vertex -44.2 40.6144 0
      vertex -44.3492 40.5383 4
      vertex -44.2 40.6144 4
    endloop
  endfacet
  facet normal -0.454364 0.890816 0
    outer loop
      vertex -44.3492 40.5383 4
      vertex -44.2 40.6144 0
      vertex -44.3492 40.5383 0
    endloop
  endfacet
  facet normal -0.933653 -0.358179 0
    outer loop
      vertex -43.4783 42.4944 0
      vertex -43.5383 42.6508 4
      vertex -43.5383 42.6508 0
    endloop
  endfacet
  facet normal -0.933653 -0.358179 0
    outer loop
      vertex -43.5383 42.6508 4
      vertex -43.4783 42.4944 0
      vertex -43.4783 42.4944 4
    endloop
  endfacet
  facet normal -0.777008 0.62949 0
    outer loop
      vertex -43.811 40.9294 0
      vertex -43.7056 41.0595 4
      vertex -43.7056 41.0595 0
    endloop
  endfacet
  facet normal -0.777008 0.62949 0
    outer loop
      vertex -43.7056 41.0595 4
      vertex -43.811 40.9294 0
      vertex -43.811 40.9294 4
    endloop
  endfacet
  facet normal -0.933653 0.358179 0
    outer loop
      vertex -43.5383 41.3492 0
      vertex -43.4783 41.5056 4
      vertex -43.4783 41.5056 0
    endloop
  endfacet
  facet normal -0.933653 0.358179 0
    outer loop
      vertex -43.4783 41.5056 4
      vertex -43.5383 41.3492 0
      vertex -43.5383 41.3492 4
    endloop
  endfacet
  facet normal 0.9877 -0.156361 0
    outer loop
      vertex -46.5912 42.1672 4
      vertex -46.565 42.3327 0
      vertex -46.565 42.3327 4
    endloop
  endfacet
  facet normal 0.9877 -0.156361 0
    outer loop
      vertex -46.565 42.3327 0
      vertex -46.5912 42.1672 4
      vertex -46.5912 42.1672 0
    endloop
  endfacet
  facet normal -0.890816 -0.454364 0
    outer loop
      vertex -43.5383 42.6508 0
      vertex -43.6144 42.8 4
      vertex -43.6144 42.8 0
    endloop
  endfacet
  facet normal -0.890816 -0.454364 0
    outer loop
      vertex -43.6144 42.8 4
      vertex -43.5383 42.6508 0
      vertex -43.5383 42.6508 4
    endloop
  endfacet
  facet normal 0.838784 -0.544464 0
    outer loop
      vertex -46.3856 42.8 0
      vertex -46.2944 42.9405 3.82443
      vertex -46.3856 42.8 4
    endloop
  endfacet
  facet normal 0.838784 -0.544464 0
    outer loop
      vertex -46.2944 42.9405 3.82443
      vertex -46.3856 42.8 0
      vertex -46.2944 42.9405 0
    endloop
  endfacet
  facet normal 0.629515 -0.776989 0
    outer loop
      vertex -46.0706 43.189 0
      vertex -46 43.2462 3.44224
      vertex -46.0706 43.189 3.51371
    endloop
  endfacet
  facet normal 0.629515 -0.776989 0
    outer loop
      vertex -46 43.2462 3.44224
      vertex -46.0706 43.189 0
      vertex -46 43.2462 0
    endloop
  endfacet
  facet normal 0.933653 0.358179 0
    outer loop
      vertex -46.4617 41.3492 4
      vertex -46.5217 41.5056 0
      vertex -46.5217 41.5056 4
    endloop
  endfacet
  facet normal 0.933653 0.358179 0
    outer loop
      vertex -46.5217 41.5056 0
      vertex -46.4617 41.3492 4
      vertex -46.4617 41.3492 0
    endloop
  endfacet
  facet normal 0.933653 -0.358179 0
    outer loop
      vertex -46.5217 42.4944 4
      vertex -46.4617 42.6508 0
      vertex -46.4617 42.6508 4
    endloop
  endfacet
  facet normal 0.933653 -0.358179 0
    outer loop
      vertex -46.4617 42.6508 0
      vertex -46.5217 42.4944 4
      vertex -46.5217 42.4944 0
    endloop
  endfacet
  facet normal 0.890816 0.454364 0
    outer loop
      vertex -46.3856 41.2 4
      vertex -46.4617 41.3492 0
      vertex -46.4617 41.3492 4
    endloop
  endfacet
  facet normal 0.890816 0.454364 0
    outer loop
      vertex -46.4617 41.3492 0
      vertex -46.3856 41.2 4
      vertex -46.3856 41.2 0
    endloop
  endfacet
  facet normal -0.258666 0.965967 0
    outer loop
      vertex -44.5056 40.4783 0
      vertex -44.6673 40.435 4
      vertex -44.5056 40.4783 4
    endloop
  endfacet
  facet normal -0.258666 0.965967 0
    outer loop
      vertex -44.6673 40.435 4
      vertex -44.5056 40.4783 0
      vertex -44.6673 40.435 0
    endloop
  endfacet
  facet normal -0.62949 0.777008 0
    outer loop
      vertex -43.9294 40.811 0
      vertex -44.0595 40.7056 4
      vertex -43.9294 40.811 4
    endloop
  endfacet
  facet normal -0.62949 0.777008 0
    outer loop
      vertex -44.0595 40.7056 4
      vertex -43.9294 40.811 0
      vertex -44.0595 40.7056 0
    endloop
  endfacet
  facet normal 0.258666 0.965967 -0
    outer loop
      vertex -45.3327 40.435 0
      vertex -45.4944 40.4783 4
      vertex -45.3327 40.435 4
    endloop
  endfacet
  facet normal 0.258666 0.965967 0
    outer loop
      vertex -45.4944 40.4783 4
      vertex -45.3327 40.435 0
      vertex -45.4944 40.4783 0
    endloop
  endfacet
  facet normal 0.998618 0.0525588 0
    outer loop
      vertex -46.5912 41.8328 4
      vertex -46.6 42 0
      vertex -46.6 42 4
    endloop
  endfacet
  facet normal 0.998618 0.0525588 0
    outer loop
      vertex -46.6 42 0
      vertex -46.5912 41.8328 4
      vertex -46.5912 41.8328 0
    endloop
  endfacet
  facet normal 0.777008 0.62949 0
    outer loop
      vertex -46.189 40.9294 4
      vertex -46.2944 41.0595 0
      vertex -46.2944 41.0595 4
    endloop
  endfacet
  facet normal 0.777008 0.62949 0
    outer loop
      vertex -46.2944 41.0595 0
      vertex -46.189 40.9294 4
      vertex -46.189 40.9294 0
    endloop
  endfacet
  facet normal 0.965967 -0.258666 0
    outer loop
      vertex -46.565 42.3327 4
      vertex -46.5217 42.4944 0
      vertex -46.5217 42.4944 4
    endloop
  endfacet
  facet normal 0.965967 -0.258666 0
    outer loop
      vertex -46.5217 42.4944 0
      vertex -46.565 42.3327 4
      vertex -46.565 42.3327 0
    endloop
  endfacet
  facet normal 0.707107 0.707107 0
    outer loop
      vertex -46.0706 40.811 4
      vertex -46.189 40.9294 0
      vertex -46.189 40.9294 4
    endloop
  endfacet
  facet normal 0.707107 0.707107 0
    outer loop
      vertex -46.189 40.9294 0
      vertex -46.0706 40.811 4
      vertex -46.0706 40.811 0
    endloop
  endfacet
  facet normal -0.544464 0.838784 0
    outer loop
      vertex -44.0595 40.7056 0
      vertex -44.2 40.6144 4
      vertex -44.0595 40.7056 4
    endloop
  endfacet
  facet normal -0.544464 0.838784 0
    outer loop
      vertex -44.2 40.6144 4
      vertex -44.0595 40.7056 0
      vertex -44.2 40.6144 0
    endloop
  endfacet
  facet normal 0.358179 0.933653 -0
    outer loop
      vertex -45.4944 40.4783 0
      vertex -45.6508 40.5383 4
      vertex -45.4944 40.4783 4
    endloop
  endfacet
  facet normal 0.358179 0.933653 0
    outer loop
      vertex -45.6508 40.5383 4
      vertex -45.4944 40.4783 0
      vertex -45.6508 40.5383 0
    endloop
  endfacet
  facet normal 0.0525588 0.998618 -0
    outer loop
      vertex -45 40.4 0
      vertex -45.1672 40.4088 4
      vertex -45 40.4 4
    endloop
  endfacet
  facet normal 0.0525588 0.998618 0
    outer loop
      vertex -45.1672 40.4088 4
      vertex -45 40.4 0
      vertex -45.1672 40.4088 0
    endloop
  endfacet
  facet normal 0.998618 -0.0525588 0
    outer loop
      vertex -46.6 42 4
      vertex -46.5912 42.1672 0
      vertex -46.5912 42.1672 4
    endloop
  endfacet
  facet normal 0.998618 -0.0525588 0
    outer loop
      vertex -46.5912 42.1672 0
      vertex -46.6 42 4
      vertex -46.6 42 0
    endloop
  endfacet
  facet normal 0.544464 0.838784 -0
    outer loop
      vertex -45.8 40.6144 0
      vertex -45.9405 40.7056 4
      vertex -45.8 40.6144 4
    endloop
  endfacet
  facet normal 0.544464 0.838784 0
    outer loop
      vertex -45.9405 40.7056 4
      vertex -45.8 40.6144 0
      vertex -45.9405 40.7056 0
    endloop
  endfacet
  facet normal -0.707107 0.707107 0
    outer loop
      vertex -43.9294 40.811 0
      vertex -43.811 40.9294 4
      vertex -43.811 40.9294 0
    endloop
  endfacet
  facet normal -0.707107 0.707107 0
    outer loop
      vertex -43.811 40.9294 4
      vertex -43.9294 40.811 0
      vertex -43.9294 40.811 4
    endloop
  endfacet
  facet normal 0.707107 0.707107 0
    outer loop
      vertex 47.3037 -39.9257 8
      vertex 47.0743 -39.6963 0
      vertex 47.0743 -39.6963 8
    endloop
  endfacet
  facet normal 0.707107 0.707107 0
    outer loop
      vertex 47.0743 -39.6963 0
      vertex 47.3037 -39.9257 8
      vertex 47.3037 -39.9257 0
    endloop
  endfacet
  facet normal 0.987718 0.156247 0
    outer loop
      vertex 48.083 -41.676 8
      vertex 48.0323 -41.3555 0
      vertex 48.0323 -41.3555 8
    endloop
  endfacet
  facet normal 0.987718 0.156247 0
    outer loop
      vertex 48.0323 -41.3555 0
      vertex 48.083 -41.676 8
      vertex 48.083 -41.676 0
    endloop
  endfacet
  facet normal 0.998626 0.0523971 0
    outer loop
      vertex 48.1 -42 8
      vertex 48.083 -41.676 0
      vertex 48.083 -41.676 8
    endloop
  endfacet
  facet normal 0.998626 0.0523971 0
    outer loop
      vertex 48.083 -41.676 0
      vertex 48.1 -42 8
      vertex 48.1 -42 0
    endloop
  endfacet
  facet normal 0.965927 0.258813 0
    outer loop
      vertex 48.0323 -41.3555 8
      vertex 47.9483 -41.042 0
      vertex 47.9483 -41.042 8
    endloop
  endfacet
  facet normal 0.965927 0.258813 0
    outer loop
      vertex 47.9483 -41.042 0
      vertex 48.0323 -41.3555 8
      vertex 48.0323 -41.3555 0
    endloop
  endfacet
  facet normal -0.965927 -0.258813 0
    outer loop
      vertex 42.0517 -42.958 0
      vertex 41.9677 -42.6445 8
      vertex 41.9677 -42.6445 0
    endloop
  endfacet
  facet normal -0.965927 -0.258813 0
    outer loop
      vertex 41.9677 -42.6445 8
      vertex 42.0517 -42.958 0
      vertex 42.0517 -42.958 8
    endloop
  endfacet
  facet normal -0.987718 0.156247 0
    outer loop
      vertex 41.917 -41.676 0
      vertex 41.9677 -41.3555 8
      vertex 41.9677 -41.3555 0
    endloop
  endfacet
  facet normal -0.987718 0.156247 0
    outer loop
      vertex 41.9677 -41.3555 8
      vertex 41.917 -41.676 0
      vertex 41.917 -41.676 8
    endloop
  endfacet
  facet normal 0.258813 0.965927 -0
    outer loop
      vertex 45.958 -39.0517 0
      vertex 45.6445 -38.9677 8
      vertex 45.958 -39.0517 8
    endloop
  endfacet
  facet normal 0.258813 0.965927 0
    outer loop
      vertex 45.6445 -38.9677 8
      vertex 45.958 -39.0517 0
      vertex 45.6445 -38.9677 0
    endloop
  endfacet
  facet normal 0.965927 -0.258813 0
    outer loop
      vertex 47.9483 -42.958 8
      vertex 48.0323 -42.6445 0
      vertex 48.0323 -42.6445 8
    endloop
  endfacet
  facet normal 0.965927 -0.258813 0
    outer loop
      vertex 48.0323 -42.6445 0
      vertex 47.9483 -42.958 8
      vertex 47.9483 -42.958 0
    endloop
  endfacet
  facet normal -0.838535 -0.544848 0
    outer loop
      vertex 42.4921 -43.8221 0
      vertex 42.3153 -43.55 8
      vertex 42.3153 -43.55 0
    endloop
  endfacet
  facet normal -0.838535 -0.544848 0
    outer loop
      vertex 42.3153 -43.55 8
      vertex 42.4921 -43.8221 0
      vertex 42.4921 -43.8221 8
    endloop
  endfacet
  facet normal -0.987718 -0.156247 0
    outer loop
      vertex 41.9677 -42.6445 0
      vertex 41.917 -42.324 8
      vertex 41.917 -42.324 0
    endloop
  endfacet
  facet normal -0.987718 -0.156247 0
    outer loop
      vertex 41.917 -42.324 8
      vertex 41.9677 -42.6445 0
      vertex 41.9677 -42.6445 8
    endloop
  endfacet
  facet normal -0.258813 0.965927 0
    outer loop
      vertex 44.3555 -38.9677 0
      vertex 44.042 -39.0517 8
      vertex 44.3555 -38.9677 8
    endloop
  endfacet
  facet normal -0.258813 0.965927 0
    outer loop
      vertex 44.042 -39.0517 8
      vertex 44.3555 -38.9677 0
      vertex 44.042 -39.0517 0
    endloop
  endfacet
  facet normal 0.777187 0.629269 0
    outer loop
      vertex 47.5079 -40.1779 8
      vertex 47.3037 -39.9257 0
      vertex 47.3037 -39.9257 8
    endloop
  endfacet
  facet normal 0.777187 0.629269 0
    outer loop
      vertex 47.3037 -39.9257 0
      vertex 47.5079 -40.1779 8
      vertex 47.5079 -40.1779 0
    endloop
  endfacet
  facet normal -0.544848 0.838535 0
    outer loop
      vertex 43.45 -39.3153 0
      vertex 43.1779 -39.4921 8
      vertex 43.45 -39.3153 8
    endloop
  endfacet
  facet normal -0.544848 0.838535 0
    outer loop
      vertex 43.1779 -39.4921 8
      vertex 43.45 -39.3153 0
      vertex 43.1779 -39.4921 0
    endloop
  endfacet
  facet normal 0.933552 0.358442 0
    outer loop
      vertex 47.9483 -41.042 8
      vertex 47.832 -40.7391 0
      vertex 47.832 -40.7391 8
    endloop
  endfacet
  facet normal 0.933552 0.358442 0
    outer loop
      vertex 47.832 -40.7391 0
      vertex 47.9483 -41.042 8
      vertex 47.9483 -41.042 0
    endloop
  endfacet
  facet normal -0.838535 0.544848 0
    outer loop
      vertex 42.3153 -40.45 0
      vertex 42.4921 -40.1779 8
      vertex 42.4921 -40.1779 0
    endloop
  endfacet
  facet normal -0.838535 0.544848 0
    outer loop
      vertex 42.4921 -40.1779 8
      vertex 42.3153 -40.45 0
      vertex 42.3153 -40.45 8
    endloop
  endfacet
  facet normal 0.0523971 0.998626 -0
    outer loop
      vertex 45.324 -38.917 0
      vertex 45 -38.9 8
      vertex 45.324 -38.917 8
    endloop
  endfacet
  facet normal 0.0523971 0.998626 0
    outer loop
      vertex 45 -38.9 8
      vertex 45.324 -38.917 0
      vertex 45 -38.9 0
    endloop
  endfacet
  facet normal -0.777187 0.629269 0
    outer loop
      vertex 42.4921 -40.1779 0
      vertex 42.6963 -39.9257 8
      vertex 42.6963 -39.9257 0
    endloop
  endfacet
  facet normal -0.777187 0.629269 0
    outer loop
      vertex 42.6963 -39.9257 8
      vertex 42.4921 -40.1779 0
      vertex 42.4921 -40.1779 8
    endloop
  endfacet
  facet normal 0.358212 -0.93364 0
    outer loop
      vertex 46 -44.9321 0
      vertex 46.2609 -44.832 8
      vertex 46 -44.9321 8
    endloop
  endfacet
  facet normal 0.358212 -0.93364 0
    outer loop
      vertex 46.2609 -44.832 8
      vertex 46 -44.9321 0
      vertex 46.2609 -44.832 0
    endloop
  endfacet
  facet normal 0.629269 0.777187 -0
    outer loop
      vertex 47.0743 -39.6963 0
      vertex 46.8221 -39.4921 8
      vertex 47.0743 -39.6963 8
    endloop
  endfacet
  facet normal 0.629269 0.777187 0
    outer loop
      vertex 46.8221 -39.4921 8
      vertex 47.0743 -39.6963 0
      vertex 46.8221 -39.4921 0
    endloop
  endfacet
  facet normal 0 0 1
    outer loop
      vertex 48.083 -41.676 8
      vertex 48.083 -42.324 8
      vertex 48.1 -42 8
    endloop
  endfacet
  facet normal 0 0 1
    outer loop
      vertex 48.0323 -41.3555 8
      vertex 48.083 -42.324 8
      vertex 48.083 -41.676 8
    endloop
  endfacet
  facet normal 0 0 1
    outer loop
      vertex 48.0323 -41.3555 8
      vertex 48.0323 -42.6445 8
      vertex 48.083 -42.324 8
    endloop
  endfacet
  facet normal 0 0 1
    outer loop
      vertex 47.9483 -41.042 8
      vertex 48.0323 -42.6445 8
      vertex 48.0323 -41.3555 8
    endloop
  endfacet
  facet normal 0 0 1
    outer loop
      vertex 47.9483 -41.042 8
      vertex 47.9483 -42.958 8
      vertex 48.0323 -42.6445 8
    endloop
  endfacet
  facet normal 0 0 1
    outer loop
      vertex 47.832 -40.7391 8
      vertex 47.9483 -42.958 8
      vertex 47.9483 -41.042 8
    endloop
  endfacet
  facet normal 0 0 1
    outer loop
      vertex 47.832 -40.7391 8
      vertex 47.832 -43.2609 8
      vertex 47.9483 -42.958 8
    endloop
  endfacet
  facet normal 0 0 1
    outer loop
      vertex 47.6847 -40.45 8
      vertex 47.832 -43.2609 8
      vertex 47.832 -40.7391 8
    endloop
  endfacet
  facet normal 0 0 1
    outer loop
      vertex 47.6847 -40.45 8
      vertex 47.6847 -43.55 8
      vertex 47.832 -43.2609 8
    endloop
  endfacet
  facet normal 0 0 1
    outer loop
      vertex 47.5079 -40.1779 8
      vertex 47.6847 -43.55 8
      vertex 47.6847 -40.45 8
    endloop
  endfacet
  facet normal 0 0 1
    outer loop
      vertex 47.5079 -40.1779 8
      vertex 47.5079 -43.8221 8
      vertex 47.6847 -43.55 8
    endloop
  endfacet
  facet normal 0 0 1
    outer loop
      vertex 47.3037 -39.9257 8
      vertex 47.5079 -43.8221 8
      vertex 47.5079 -40.1779 8
    endloop
  endfacet
  facet normal 0 0 1
    outer loop
      vertex 47.3037 -39.9257 8
      vertex 47.3037 -44.0743 8
      vertex 47.5079 -43.8221 8
    endloop
  endfacet
  facet normal 0 0 1
    outer loop
      vertex 47.0743 -39.6963 8
      vertex 47.3037 -44.0743 8
      vertex 47.3037 -39.9257 8
    endloop
  endfacet
  facet normal 0 0 1
    outer loop
      vertex 47.0743 -39.6963 8
      vertex 47.0743 -44.3037 8
      vertex 47.3037 -44.0743 8
    endloop
  endfacet
  facet normal 0 0 1
    outer loop
      vertex 46.8221 -39.4921 8
      vertex 47.0743 -44.3037 8
      vertex 47.0743 -39.6963 8
    endloop
  endfacet
  facet normal 0 0 1
    outer loop
      vertex 46.8221 -39.4921 8
      vertex 46.8221 -44.5079 8
      vertex 47.0743 -44.3037 8
    endloop
  endfacet
  facet normal 0 0 1
    outer loop
      vertex 46.55 -39.3153 8
      vertex 46.8221 -44.5079 8
      vertex 46.8221 -39.4921 8
    endloop
  endfacet
  facet normal 0 0 1
    outer loop
      vertex 46.55 -39.3153 8
      vertex 46.55 -44.6847 8
      vertex 46.8221 -44.5079 8
    endloop
  endfacet
  facet normal 0 0 1
    outer loop
      vertex 46.2609 -39.168 8
      vertex 46.55 -44.6847 8
      vertex 46.55 -39.3153 8
    endloop
  endfacet
  facet normal 0 0 1
    outer loop
      vertex 46.2609 -39.168 8
      vertex 46.2609 -44.832 8
      vertex 46.55 -44.6847 8
    endloop
  endfacet
  facet normal 0 0 1
    outer loop
      vertex 46.2609 -39.168 8
      vertex 46 -44.9321 8
      vertex 46.2609 -44.832 8
    endloop
  endfacet
  facet normal 0 0 1
    outer loop
      vertex 44 -48 8
      vertex 46 -48 8
      vertex 46 -44.9321 8
    endloop
  endfacet
  facet normal 0 0 1
    outer loop
      vertex 46 -48 8
      vertex 44 -48 8
      vertex 45.9945 -48.1045 8
    endloop
  endfacet
  facet normal 0 0 1
    outer loop
      vertex 45.958 -39.0517 8
      vertex 46 -44.9321 8
      vertex 46.2609 -39.168 8
    endloop
  endfacet
  facet normal 0 0 1
    outer loop
      vertex 44 -44.9321 8
      vertex 46 -44.9321 8
      vertex 45.958 -39.0517 8
    endloop
  endfacet
  facet normal 0 0 1
    outer loop
      vertex 44 -48 8
      vertex 46 -44.9321 8
      vertex 44 -44.9321 8
    endloop
  endfacet
  facet normal 0 0 1
    outer loop
      vertex 45.9945 -48.1045 8
      vertex 44 -48 8
      vertex 45.9781 -48.2079 8
    endloop
  endfacet
  facet normal 0 0 1
    outer loop
      vertex 45.9781 -48.2079 8
      vertex 44 -48 8
      vertex 45.9511 -48.309 8
    endloop
  endfacet
  facet normal 0 0 1
    outer loop
      vertex 45.9511 -48.309 8
      vertex 44 -48 8
      vertex 45.9135 -48.4067 8
    endloop
  endfacet
  facet normal 0 0 1
    outer loop
      vertex 45.9135 -48.4067 8
      vertex 44 -48 8
      vertex 45.866 -48.5 8
    endloop
  endfacet
  facet normal 0 0 1
    outer loop
      vertex 44 -44.9321 8
      vertex 45.958 -39.0517 8
      vertex 45.6445 -38.9677 8
    endloop
  endfacet
  facet normal 0 0 1
    outer loop
      vertex 44 -44.9321 8
      vertex 45.6445 -38.9677 8
      vertex 45.324 -38.917 8
    endloop
  endfacet
  facet normal 0 0 1
    outer loop
      vertex 44 -44.9321 8
      vertex 45.324 -38.917 8
      vertex 45 -38.9 8
    endloop
  endfacet
  facet normal 0 0 1
    outer loop
      vertex 44 -44.9321 8
      vertex 45 -38.9 8
      vertex 44.676 -38.917 8
    endloop
  endfacet
  facet normal 0 0 1
    outer loop
      vertex 44 -44.9321 8
      vertex 44.676 -38.917 8
      vertex 44.3555 -38.9677 8
    endloop
  endfacet
  facet normal 0 0 1
    outer loop
      vertex 45.866 -48.5 8
      vertex 44 -48 8
      vertex 45.809 -48.5878 8
    endloop
  endfacet
  facet normal 0 0 1
    outer loop
      vertex 45.809 -48.5878 8
      vertex 44 -48 8
      vertex 45.7451 -48.6667 8
    endloop
  endfacet
  facet normal 0 0 1
    outer loop
      vertex 45.7451 -48.6667 8
      vertex 44 -48 8
      vertex 44.2549 -48.6667 8
    endloop
  endfacet
  facet normal 0 0 1
    outer loop
      vertex 44.2549 -48.6667 8
      vertex 44 -48 8
      vertex 44.191 -48.5878 8
    endloop
  endfacet
  facet normal 0 0 1
    outer loop
      vertex 44.191 -48.5878 8
      vertex 44 -48 8
      vertex 44.134 -48.5 8
    endloop
  endfacet
  facet normal 0 0 1
    outer loop
      vertex 44 -44.9321 8
      vertex 44.3555 -38.9677 8
      vertex 44.042 -39.0517 8
    endloop
  endfacet
  facet normal 0 0 1
    outer loop
      vertex 44.134 -48.5 8
      vertex 44 -48 8
      vertex 44.0865 -48.4067 8
    endloop
  endfacet
  facet normal 0 0 1
    outer loop
      vertex 44.0865 -48.4067 8
      vertex 44 -48 8
      vertex 44.0489 -48.309 8
    endloop
  endfacet
  facet normal 0 0 1
    outer loop
      vertex 44.0489 -48.309 8
      vertex 44 -48 8
      vertex 44.0219 -48.2079 8
    endloop
  endfacet
  facet normal -0 0 1
    outer loop
      vertex 43.7391 -39.168 8
      vertex 44 -44.9321 8
      vertex 44.042 -39.0517 8
    endloop
  endfacet
  facet normal 0 0 1
    outer loop
      vertex 43.7391 -39.168 8
      vertex 43.7391 -44.832 8
      vertex 44 -44.9321 8
    endloop
  endfacet
  facet normal -0 0 1
    outer loop
      vertex 43.45 -39.3153 8
      vertex 43.7391 -44.832 8
      vertex 43.7391 -39.168 8
    endloop
  endfacet
  facet normal 0 0 1
    outer loop
      vertex 43.45 -39.3153 8
      vertex 43.45 -44.6847 8
      vertex 43.7391 -44.832 8
    endloop
  endfacet
  facet normal -0 0 1
    outer loop
      vertex 43.1779 -39.4921 8
      vertex 43.45 -44.6847 8
      vertex 43.45 -39.3153 8
    endloop
  endfacet
  facet normal 0 0 1
    outer loop
      vertex 43.1779 -39.4921 8
      vertex 43.1779 -44.5079 8
      vertex 43.45 -44.6847 8
    endloop
  endfacet
  facet normal -0 0 1
    outer loop
      vertex 42.9257 -39.6963 8
      vertex 43.1779 -44.5079 8
      vertex 43.1779 -39.4921 8
    endloop
  endfacet
  facet normal 0 0 1
    outer loop
      vertex 42.9257 -39.6963 8
      vertex 42.9257 -44.3037 8
      vertex 43.1779 -44.5079 8
    endloop
  endfacet
  facet normal -0 0 1
    outer loop
      vertex 42.6963 -39.9257 8
      vertex 42.9257 -44.3037 8
      vertex 42.9257 -39.6963 8
    endloop
  endfacet
  facet normal 0 0 1
    outer loop
      vertex 42.6963 -39.9257 8
      vertex 42.6963 -44.0743 8
      vertex 42.9257 -44.3037 8
    endloop
  endfacet
  facet normal -0 0 1
    outer loop
      vertex 42.4921 -40.1779 8
      vertex 42.6963 -44.0743 8
      vertex 42.6963 -39.9257 8
    endloop
  endfacet
  facet normal 0 0 1
    outer loop
      vertex 42.4921 -40.1779 8
      vertex 42.4921 -43.8221 8
      vertex 42.6963 -44.0743 8
    endloop
  endfacet
  facet normal -0 0 1
    outer loop
      vertex 42.3153 -40.45 8
      vertex 42.4921 -43.8221 8
      vertex 42.4921 -40.1779 8
    endloop
  endfacet
  facet normal 0 0 1
    outer loop
      vertex 42.3153 -40.45 8
      vertex 42.3153 -43.55 8
      vertex 42.4921 -43.8221 8
    endloop
  endfacet
  facet normal -0 0 1
    outer loop
      vertex 42.168 -40.7391 8
      vertex 42.3153 -43.55 8
      vertex 42.3153 -40.45 8
    endloop
  endfacet
  facet normal 0 0 1
    outer loop
      vertex 42.168 -40.7391 8
      vertex 42.168 -43.2609 8
      vertex 42.3153 -43.55 8
    endloop
  endfacet
  facet normal -0 0 1
    outer loop
      vertex 42.0517 -41.042 8
      vertex 42.168 -43.2609 8
      vertex 42.168 -40.7391 8
    endloop
  endfacet
  facet normal 0 0 1
    outer loop
      vertex 42.0517 -41.042 8
      vertex 42.0517 -42.958 8
      vertex 42.168 -43.2609 8
    endloop
  endfacet
  facet normal -0 0 1
    outer loop
      vertex 41.9677 -41.3555 8
      vertex 42.0517 -42.958 8
      vertex 42.0517 -41.042 8
    endloop
  endfacet
  facet normal 0 0 1
    outer loop
      vertex 41.9677 -41.3555 8
      vertex 41.9677 -42.6445 8
      vertex 42.0517 -42.958 8
    endloop
  endfacet
  facet normal -0 0 1
    outer loop
      vertex 41.917 -41.676 8
      vertex 41.9677 -42.6445 8
      vertex 41.9677 -41.3555 8
    endloop
  endfacet
  facet normal 0 0 1
    outer loop
      vertex 41.917 -41.676 8
      vertex 41.917 -42.324 8
      vertex 41.9677 -42.6445 8
    endloop
  endfacet
  facet normal 0 -0 1
    outer loop
      vertex 41.917 -42.324 8
      vertex 41.917 -41.676 8
      vertex 41.9 -42 8
    endloop
  endfacet
  facet normal 0 0 1
    outer loop
      vertex 44.0219 -48.2079 8
      vertex 44 -48 8
      vertex 44.0055 -48.1045 8
    endloop
  endfacet
  facet normal -0.453981 -0.891011 0
    outer loop
      vertex 43.45 -44.6847 0
      vertex 43.7391 -44.832 8
      vertex 43.45 -44.6847 8
    endloop
  endfacet
  facet normal -0.453981 -0.891011 -0
    outer loop
      vertex 43.7391 -44.832 8
      vertex 43.45 -44.6847 0
      vertex 43.7391 -44.832 0
    endloop
  endfacet
  facet normal 0.453981 0.891011 -0
    outer loop
      vertex 46.55 -39.3153 0
      vertex 46.2609 -39.168 8
      vertex 46.55 -39.3153 8
    endloop
  endfacet
  facet normal 0.453981 0.891011 0
    outer loop
      vertex 46.2609 -39.168 8
      vertex 46.55 -39.3153 0
      vertex 46.2609 -39.168 0
    endloop
  endfacet
  facet normal -0.156247 0.987718 0
    outer loop
      vertex 44.676 -38.917 0
      vertex 44.3555 -38.9677 8
      vertex 44.676 -38.917 8
    endloop
  endfacet
  facet normal -0.156247 0.987718 0
    outer loop
      vertex 44.3555 -38.9677 8
      vertex 44.676 -38.917 0
      vertex 44.3555 -38.9677 0
    endloop
  endfacet
  facet normal 0.777187 -0.629269 0
    outer loop
      vertex 47.3037 -44.0743 8
      vertex 47.5079 -43.8221 0
      vertex 47.5079 -43.8221 8
    endloop
  endfacet
  facet normal 0.777187 -0.629269 0
    outer loop
      vertex 47.5079 -43.8221 0
      vertex 47.3037 -44.0743 8
      vertex 47.3037 -44.0743 0
    endloop
  endfacet
  facet normal 0.156247 0.987718 -0
    outer loop
      vertex 45.6445 -38.9677 0
      vertex 45.324 -38.917 8
      vertex 45.6445 -38.9677 8
    endloop
  endfacet
  facet normal 0.156247 0.987718 0
    outer loop
      vertex 45.324 -38.917 8
      vertex 45.6445 -38.9677 0
      vertex 45.324 -38.917 0
    endloop
  endfacet
  facet normal -0.629269 -0.777187 0
    outer loop
      vertex 42.9257 -44.3037 0
      vertex 43.1779 -44.5079 8
      vertex 42.9257 -44.3037 8
    endloop
  endfacet
  facet normal -0.629269 -0.777187 -0
    outer loop
      vertex 43.1779 -44.5079 8
      vertex 42.9257 -44.3037 0
      vertex 43.1779 -44.5079 0
    endloop
  endfacet
  facet normal -0.0523971 0.998626 0
    outer loop
      vertex 45 -38.9 0
      vertex 44.676 -38.917 8
      vertex 45 -38.9 8
    endloop
  endfacet
  facet normal -0.0523971 0.998626 0
    outer loop
      vertex 44.676 -38.917 8
      vertex 45 -38.9 0
      vertex 44.676 -38.917 0
    endloop
  endfacet
  facet normal 0.891011 0.453981 0
    outer loop
      vertex 47.832 -40.7391 8
      vertex 47.6847 -40.45 0
      vertex 47.6847 -40.45 8
    endloop
  endfacet
  facet normal 0.891011 0.453981 0
    outer loop
      vertex 47.6847 -40.45 0
      vertex 47.832 -40.7391 8
      vertex 47.832 -40.7391 0
    endloop
  endfacet
  facet normal -0.891011 0.453981 0
    outer loop
      vertex 42.168 -40.7391 0
      vertex 42.3153 -40.45 8
      vertex 42.3153 -40.45 0
    endloop
  endfacet
  facet normal -0.891011 0.453981 0
    outer loop
      vertex 42.3153 -40.45 8
      vertex 42.168 -40.7391 0
      vertex 42.168 -40.7391 8
    endloop
  endfacet
  facet normal 0.544848 0.838535 -0
    outer loop
      vertex 46.8221 -39.4921 0
      vertex 46.55 -39.3153 8
      vertex 46.8221 -39.4921 8
    endloop
  endfacet
  facet normal 0.544848 0.838535 0
    outer loop
      vertex 46.55 -39.3153 8
      vertex 46.8221 -39.4921 0
      vertex 46.55 -39.3153 0
    endloop
  endfacet
  facet normal 0.891011 -0.453981 0
    outer loop
      vertex 47.6847 -43.55 8
      vertex 47.832 -43.2609 0
      vertex 47.832 -43.2609 8
    endloop
  endfacet
  facet normal 0.891011 -0.453981 0
    outer loop
      vertex 47.832 -43.2609 0
      vertex 47.6847 -43.55 8
      vertex 47.6847 -43.55 0
    endloop
  endfacet
  facet normal -0.358442 0.933552 0
    outer loop
      vertex 44.042 -39.0517 0
      vertex 43.7391 -39.168 8
      vertex 44.042 -39.0517 8
    endloop
  endfacet
  facet normal -0.358442 0.933552 0
    outer loop
      vertex 43.7391 -39.168 8
      vertex 44.042 -39.0517 0
      vertex 43.7391 -39.168 0
    endloop
  endfacet
  facet normal 0.933552 -0.358442 0
    outer loop
      vertex 47.832 -43.2609 8
      vertex 47.9483 -42.958 0
      vertex 47.9483 -42.958 8
    endloop
  endfacet
  facet normal 0.933552 -0.358442 0
    outer loop
      vertex 47.9483 -42.958 0
      vertex 47.832 -43.2609 8
      vertex 47.832 -43.2609 0
    endloop
  endfacet
  facet normal 0.998626 -0.0523971 0
    outer loop
      vertex 48.083 -42.324 8
      vertex 48.1 -42 0
      vertex 48.1 -42 8
    endloop
  endfacet
  facet normal 0.998626 -0.0523971 0
    outer loop
      vertex 48.1 -42 0
      vertex 48.083 -42.324 8
      vertex 48.083 -42.324 0
    endloop
  endfacet
  facet normal 0.453981 -0.891011 0
    outer loop
      vertex 46.2609 -44.832 0
      vertex 46.55 -44.6847 8
      vertex 46.2609 -44.832 8
    endloop
  endfacet
  facet normal 0.453981 -0.891011 0
    outer loop
      vertex 46.55 -44.6847 8
      vertex 46.2609 -44.832 0
      vertex 46.55 -44.6847 0
    endloop
  endfacet
  facet normal -0.629269 0.777187 0
    outer loop
      vertex 43.1779 -39.4921 0
      vertex 42.9257 -39.6963 8
      vertex 43.1779 -39.4921 8
    endloop
  endfacet
  facet normal -0.629269 0.777187 0
    outer loop
      vertex 42.9257 -39.6963 8
      vertex 43.1779 -39.4921 0
      vertex 42.9257 -39.6963 0
    endloop
  endfacet
  facet normal -0.707107 0.707107 0
    outer loop
      vertex 42.6963 -39.9257 0
      vertex 42.9257 -39.6963 8
      vertex 42.9257 -39.6963 0
    endloop
  endfacet
  facet normal -0.707107 0.707107 0
    outer loop
      vertex 42.9257 -39.6963 8
      vertex 42.6963 -39.9257 0
      vertex 42.6963 -39.9257 8
    endloop
  endfacet
  facet normal 0.838535 -0.544848 0
    outer loop
      vertex 47.5079 -43.8221 8
      vertex 47.6847 -43.55 0
      vertex 47.6847 -43.55 8
    endloop
  endfacet
  facet normal 0.838535 -0.544848 0
    outer loop
      vertex 47.6847 -43.55 0
      vertex 47.5079 -43.8221 8
      vertex 47.5079 -43.8221 0
    endloop
  endfacet
  facet normal 0.838535 0.544848 0
    outer loop
      vertex 47.6847 -40.45 8
      vertex 47.5079 -40.1779 0
      vertex 47.5079 -40.1779 8
    endloop
  endfacet
  facet normal 0.838535 0.544848 0
    outer loop
      vertex 47.5079 -40.1779 0
      vertex 47.6847 -40.45 8
      vertex 47.6847 -40.45 0
    endloop
  endfacet
  facet normal 0.629269 -0.777187 0
    outer loop
      vertex 46.8221 -44.5079 0
      vertex 47.0743 -44.3037 8
      vertex 46.8221 -44.5079 8
    endloop
  endfacet
  facet normal 0.629269 -0.777187 0
    outer loop
      vertex 47.0743 -44.3037 8
      vertex 46.8221 -44.5079 0
      vertex 47.0743 -44.3037 0
    endloop
  endfacet
  facet normal 0.358442 0.933552 -0
    outer loop
      vertex 46.2609 -39.168 0
      vertex 45.958 -39.0517 8
      vertex 46.2609 -39.168 8
    endloop
  endfacet
  facet normal 0.358442 0.933552 0
    outer loop
      vertex 45.958 -39.0517 8
      vertex 46.2609 -39.168 0
      vertex 45.958 -39.0517 0
    endloop
  endfacet
  facet normal 0.987718 -0.156247 0
    outer loop
      vertex 48.0323 -42.6445 8
      vertex 48.083 -42.324 0
      vertex 48.083 -42.324 8
    endloop
  endfacet
  facet normal 0.987718 -0.156247 0
    outer loop
      vertex 48.083 -42.324 0
      vertex 48.0323 -42.6445 8
      vertex 48.0323 -42.6445 0
    endloop
  endfacet
  facet normal -0.933552 -0.358442 0
    outer loop
      vertex 42.168 -43.2609 0
      vertex 42.0517 -42.958 8
      vertex 42.0517 -42.958 0
    endloop
  endfacet
  facet normal -0.933552 -0.358442 0
    outer loop
      vertex 42.0517 -42.958 8
      vertex 42.168 -43.2609 0
      vertex 42.168 -43.2609 8
    endloop
  endfacet
  facet normal -0.453981 0.891011 0
    outer loop
      vertex 43.7391 -39.168 0
      vertex 43.45 -39.3153 8
      vertex 43.7391 -39.168 8
    endloop
  endfacet
  facet normal -0.453981 0.891011 0
    outer loop
      vertex 43.45 -39.3153 8
      vertex 43.7391 -39.168 0
      vertex 43.45 -39.3153 0
    endloop
  endfacet
  facet normal -0.891011 -0.453981 0
    outer loop
      vertex 42.3153 -43.55 0
      vertex 42.168 -43.2609 8
      vertex 42.168 -43.2609 0
    endloop
  endfacet
  facet normal -0.891011 -0.453981 0
    outer loop
      vertex 42.168 -43.2609 8
      vertex 42.3153 -43.55 0
      vertex 42.3153 -43.55 8
    endloop
  endfacet
  facet normal -0.998626 -0.0523971 0
    outer loop
      vertex 41.917 -42.324 0
      vertex 41.9 -42 8
      vertex 41.9 -42 0
    endloop
  endfacet
  facet normal -0.998626 -0.0523971 0
    outer loop
      vertex 41.9 -42 8
      vertex 41.917 -42.324 0
      vertex 41.917 -42.324 8
    endloop
  endfacet
  facet normal -0.933552 0.358442 0
    outer loop
      vertex 42.0517 -41.042 0
      vertex 42.168 -40.7391 8
      vertex 42.168 -40.7391 0
    endloop
  endfacet
  facet normal -0.933552 0.358442 0
    outer loop
      vertex 42.168 -40.7391 8
      vertex 42.0517 -41.042 0
      vertex 42.0517 -41.042 8
    endloop
  endfacet
  facet normal -0.777187 -0.629269 0
    outer loop
      vertex 42.6963 -44.0743 0
      vertex 42.4921 -43.8221 8
      vertex 42.4921 -43.8221 0
    endloop
  endfacet
  facet normal -0.777187 -0.629269 0
    outer loop
      vertex 42.4921 -43.8221 8
      vertex 42.6963 -44.0743 0
      vertex 42.6963 -44.0743 8
    endloop
  endfacet
  facet normal -0.965927 0.258813 0
    outer loop
      vertex 41.9677 -41.3555 0
      vertex 42.0517 -41.042 8
      vertex 42.0517 -41.042 0
    endloop
  endfacet
  facet normal -0.965927 0.258813 0
    outer loop
      vertex 42.0517 -41.042 8
      vertex 41.9677 -41.3555 0
      vertex 41.9677 -41.3555 8
    endloop
  endfacet
  facet normal -0.707107 -0.707107 0
    outer loop
      vertex 42.9257 -44.3037 0
      vertex 42.6963 -44.0743 8
      vertex 42.6963 -44.0743 0
    endloop
  endfacet
  facet normal -0.707107 -0.707107 0
    outer loop
      vertex 42.6963 -44.0743 8
      vertex 42.9257 -44.3037 0
      vertex 42.9257 -44.3037 8
    endloop
  endfacet
  facet normal 0.544848 -0.838535 0
    outer loop
      vertex 46.55 -44.6847 0
      vertex 46.8221 -44.5079 8
      vertex 46.55 -44.6847 8
    endloop
  endfacet
  facet normal 0.544848 -0.838535 0
    outer loop
      vertex 46.8221 -44.5079 8
      vertex 46.55 -44.6847 0
      vertex 46.8221 -44.5079 0
    endloop
  endfacet
  facet normal -0.998626 0.0523971 0
    outer loop
      vertex 41.9 -42 0
      vertex 41.917 -41.676 8
      vertex 41.917 -41.676 0
    endloop
  endfacet
  facet normal -0.998626 0.0523971 0
    outer loop
      vertex 41.917 -41.676 8
      vertex 41.9 -42 0
      vertex 41.9 -42 8
    endloop
  endfacet
  facet normal -0.358212 -0.93364 0
    outer loop
      vertex 43.7391 -44.832 0
      vertex 44 -44.9321 8
      vertex 43.7391 -44.832 8
    endloop
  endfacet
  facet normal -0.358212 -0.93364 -0
    outer loop
      vertex 44 -44.9321 8
      vertex 43.7391 -44.832 0
      vertex 44 -44.9321 0
    endloop
  endfacet
  facet normal -0.544848 -0.838535 0
    outer loop
      vertex 43.1779 -44.5079 0
      vertex 43.45 -44.6847 8
      vertex 43.1779 -44.5079 8
    endloop
  endfacet
  facet normal -0.544848 -0.838535 -0
    outer loop
      vertex 43.45 -44.6847 8
      vertex 43.1779 -44.5079 0
      vertex 43.45 -44.6847 0
    endloop
  endfacet
  facet normal 0.707107 -0.707107 0
    outer loop
      vertex 47.0743 -44.3037 8
      vertex 47.3037 -44.0743 0
      vertex 47.3037 -44.0743 8
    endloop
  endfacet
  facet normal 0.707107 -0.707107 0
    outer loop
      vertex 47.3037 -44.0743 0
      vertex 47.0743 -44.3037 8
      vertex 47.0743 -44.3037 0
    endloop
  endfacet
  facet normal -0.9877 0.156361 0
    outer loop
      vertex 46.565 -42.3327 0
      vertex 46.5912 -42.1672 4
      vertex 46.5912 -42.1672 0
    endloop
  endfacet
  facet normal -0.9877 0.156361 0
    outer loop
      vertex 46.5912 -42.1672 4
      vertex 46.565 -42.3327 0
      vertex 46.565 -42.3327 4
    endloop
  endfacet
  facet normal -0.9877 -0.156361 0
    outer loop
      vertex 46.5912 -41.8328 0
      vertex 46.565 -41.6673 4
      vertex 46.565 -41.6673 0
    endloop
  endfacet
  facet normal -0.9877 -0.156361 0
    outer loop
      vertex 46.565 -41.6673 4
      vertex 46.5912 -41.8328 0
      vertex 46.5912 -41.8328 4
    endloop
  endfacet
  facet normal -0.998618 -0.0525588 0
    outer loop
      vertex 46.6 -42 0
      vertex 46.5912 -41.8328 4
      vertex 46.5912 -41.8328 0
    endloop
  endfacet
  facet normal -0.998618 -0.0525588 0
    outer loop
      vertex 46.5912 -41.8328 4
      vertex 46.6 -42 0
      vertex 46.6 -42 4
    endloop
  endfacet
  facet normal -0.965967 -0.258666 0
    outer loop
      vertex 46.565 -41.6673 0
      vertex 46.5217 -41.5056 4
      vertex 46.5217 -41.5056 0
    endloop
  endfacet
  facet normal -0.965967 -0.258666 0
    outer loop
      vertex 46.5217 -41.5056 4
      vertex 46.565 -41.6673 0
      vertex 46.565 -41.6673 4
    endloop
  endfacet
  facet normal -0.838784 -0.544464 0
    outer loop
      vertex 46.3856 -41.2 0
      vertex 46.2944 -41.0595 4
      vertex 46.2944 -41.0595 0
    endloop
  endfacet
  facet normal -0.838784 -0.544464 0
    outer loop
      vertex 46.2944 -41.0595 4
      vertex 46.3856 -41.2 0
      vertex 46.3856 -41.2 4
    endloop
  endfacet
  facet normal 0.0525588 -0.998618 0
    outer loop
      vertex 44.8328 -40.4088 0
      vertex 45 -40.4 4
      vertex 44.8328 -40.4088 4
    endloop
  endfacet
  facet normal 0.0525588 -0.998618 0
    outer loop
      vertex 45 -40.4 4
      vertex 44.8328 -40.4088 0
      vertex 45 -40.4 0
    endloop
  endfacet
  facet normal -0.998618 0.0525588 0
    outer loop
      vertex 46.5912 -42.1672 0
      vertex 46.6 -42 4
      vertex 46.6 -42 0
    endloop
  endfacet
  facet normal -0.998618 0.0525588 0
    outer loop
      vertex 46.6 -42 4
      vertex 46.5912 -42.1672 0
      vertex 46.5912 -42.1672 4
    endloop
  endfacet
  facet normal -0.777008 -0.62949 0
    outer loop
      vertex 46.2944 -41.0595 0
      vertex 46.189 -40.9294 4
      vertex 46.189 -40.9294 0
    endloop
  endfacet
  facet normal -0.777008 -0.62949 0
    outer loop
      vertex 46.189 -40.9294 4
      vertex 46.2944 -41.0595 0
      vertex 46.2944 -41.0595 4
    endloop
  endfacet
  facet normal 0.9877 0.156361 0
    outer loop
      vertex 43.435 -42.3327 4
      vertex 43.4088 -42.1672 0
      vertex 43.4088 -42.1672 4
    endloop
  endfacet
  facet normal 0.9877 0.156361 0
    outer loop
      vertex 43.4088 -42.1672 0
      vertex 43.435 -42.3327 4
      vertex 43.435 -42.3327 0
    endloop
  endfacet
  facet normal 0.890816 -0.454364 0
    outer loop
      vertex 43.5383 -41.3492 4
      vertex 43.6144 -41.2 0
      vertex 43.6144 -41.2 4
    endloop
  endfacet
  facet normal 0.890816 -0.454364 0
    outer loop
      vertex 43.6144 -41.2 0
      vertex 43.5383 -41.3492 4
      vertex 43.5383 -41.3492 0
    endloop
  endfacet
  facet normal -0.258666 -0.965967 0
    outer loop
      vertex 45.3327 -40.435 0
      vertex 45.4944 -40.4783 4
      vertex 45.3327 -40.435 4
    endloop
  endfacet
  facet normal -0.258666 -0.965967 -0
    outer loop
      vertex 45.4944 -40.4783 4
      vertex 45.3327 -40.435 0
      vertex 45.4944 -40.4783 0
    endloop
  endfacet
  facet normal -0.358179 -0.933653 0
    outer loop
      vertex 45.4944 -40.4783 0
      vertex 45.6508 -40.5383 4
      vertex 45.4944 -40.4783 4
    endloop
  endfacet
  facet normal -0.358179 -0.933653 -0
    outer loop
      vertex 45.6508 -40.5383 4
      vertex 45.4944 -40.4783 0
      vertex 45.6508 -40.5383 0
    endloop
  endfacet
  facet normal 0.965967 0.258666 0
    outer loop
      vertex 43.4783 -42.4944 4
      vertex 43.435 -42.3327 0
      vertex 43.435 -42.3327 4
    endloop
  endfacet
  facet normal 0.965967 0.258666 0
    outer loop
      vertex 43.435 -42.3327 0
      vertex 43.4783 -42.4944 4
      vertex 43.4783 -42.4944 0
    endloop
  endfacet
  facet normal -0.62949 -0.777008 0
    outer loop
      vertex 45.9405 -40.7056 0
      vertex 46.0706 -40.811 4
      vertex 45.9405 -40.7056 4
    endloop
  endfacet
  facet normal -0.62949 -0.777008 -0
    outer loop
      vertex 46.0706 -40.811 4
      vertex 45.9405 -40.7056 0
      vertex 46.0706 -40.811 0
    endloop
  endfacet
  facet normal 0.777008 -0.62949 0
    outer loop
      vertex 43.7056 -41.0595 4
      vertex 43.811 -40.9294 0
      vertex 43.811 -40.9294 4
    endloop
  endfacet
  facet normal 0.777008 -0.62949 0
    outer loop
      vertex 43.811 -40.9294 0
      vertex 43.7056 -41.0595 4
      vertex 43.7056 -41.0595 0
    endloop
  endfacet
  facet normal 0.258666 -0.965967 0
    outer loop
      vertex 44.5056 -40.4783 0
      vertex 44.6673 -40.435 4
      vertex 44.5056 -40.4783 4
    endloop
  endfacet
  facet normal 0.258666 -0.965967 0
    outer loop
      vertex 44.6673 -40.435 4
      vertex 44.5056 -40.4783 0
      vertex 44.6673 -40.435 0
    endloop
  endfacet
  facet normal 0.707107 -0.707107 0
    outer loop
      vertex 43.811 -40.9294 4
      vertex 43.9294 -40.811 0
      vertex 43.9294 -40.811 4
    endloop
  endfacet
  facet normal 0.707107 -0.707107 0
    outer loop
      vertex 43.9294 -40.811 0
      vertex 43.811 -40.9294 4
      vertex 43.811 -40.9294 0
    endloop
  endfacet
  facet normal 0.544464 -0.838784 0
    outer loop
      vertex 44.0595 -40.7056 0
      vertex 44.2 -40.6144 4
      vertex 44.0595 -40.7056 4
    endloop
  endfacet
  facet normal 0.544464 -0.838784 0
    outer loop
      vertex 44.2 -40.6144 4
      vertex 44.0595 -40.7056 0
      vertex 44.2 -40.6144 0
    endloop
  endfacet
  facet normal -0.965967 0.258666 0
    outer loop
      vertex 46.5217 -42.4944 0
      vertex 46.565 -42.3327 4
      vertex 46.565 -42.3327 0
    endloop
  endfacet
  facet normal -0.965967 0.258666 0
    outer loop
      vertex 46.565 -42.3327 4
      vertex 46.5217 -42.4944 0
      vertex 46.5217 -42.4944 4
    endloop
  endfacet
  facet normal -0.544464 -0.838784 0
    outer loop
      vertex 45.8 -40.6144 0
      vertex 45.9405 -40.7056 4
      vertex 45.8 -40.6144 4
    endloop
  endfacet
  facet normal -0.544464 -0.838784 -0
    outer loop
      vertex 45.9405 -40.7056 4
      vertex 45.8 -40.6144 0
      vertex 45.9405 -40.7056 0
    endloop
  endfacet
  facet normal 0.838784 0.544464 0
    outer loop
      vertex 43.7056 -42.9405 4
      vertex 43.6144 -42.8 0
      vertex 43.6144 -42.8 4
    endloop
  endfacet
  facet normal 0.838784 0.544464 0
    outer loop
      vertex 43.6144 -42.8 0
      vertex 43.7056 -42.9405 4
      vertex 43.7056 -42.9405 0
    endloop
  endfacet
  facet normal 0.454364 -0.890816 0
    outer loop
      vertex 44.2 -40.6144 0
      vertex 44.3492 -40.5383 4
      vertex 44.2 -40.6144 4
    endloop
  endfacet
  facet normal 0.454364 -0.890816 0
    outer loop
      vertex 44.3492 -40.5383 4
      vertex 44.2 -40.6144 0
      vertex 44.3492 -40.5383 0
    endloop
  endfacet
  facet normal 0 0 -1
    outer loop
      vertex 44 -43.2462 4
      vertex 43.9294 -43.189 4
      vertex 44 -42 4
    endloop
  endfacet
  facet normal 0 0 -1
    outer loop
      vertex 46 -42 4
      vertex 46.6 -42 4
      vertex 46.5912 -42.1672 4
    endloop
  endfacet
  facet normal 0 0 -1
    outer loop
      vertex 46 -42 4
      vertex 46.5912 -42.1672 4
      vertex 46.565 -42.3327 4
    endloop
  endfacet
  facet normal 0 0 -1
    outer loop
      vertex 46.6 -42 4
      vertex 46 -42 4
      vertex 46.5912 -41.8328 4
    endloop
  endfacet
  facet normal 0 0 -1
    outer loop
      vertex 46 -42 4
      vertex 46.565 -42.3327 4
      vertex 46.5217 -42.4944 4
    endloop
  endfacet
  facet normal 0 0 -1
    outer loop
      vertex 45.9945 -41.8955 4
      vertex 46.5912 -41.8328 4
      vertex 46 -42 4
    endloop
  endfacet
  facet normal 0 0 -1
    outer loop
      vertex 46 -42 4
      vertex 46.5217 -42.4944 4
      vertex 46.4617 -42.6508 4
    endloop
  endfacet
  facet normal -0 0 -1
    outer loop
      vertex 46.5912 -41.8328 4
      vertex 45.9945 -41.8955 4
      vertex 46.565 -41.6673 4
    endloop
  endfacet
  facet normal 0 0 -1
    outer loop
      vertex 46 -42 4
      vertex 46.4617 -42.6508 4
      vertex 46.3856 -42.8 4
    endloop
  endfacet
  facet normal 0 0 -1
    outer loop
      vertex 45.9781 -41.7921 4
      vertex 46.565 -41.6673 4
      vertex 45.9945 -41.8955 4
    endloop
  endfacet
  facet normal 0 0 -1
    outer loop
      vertex 46 -42 4
      vertex 46.3856 -42.8 4
      vertex 46.2944 -42.9405 4
    endloop
  endfacet
  facet normal -0 0 -1
    outer loop
      vertex 46.565 -41.6673 4
      vertex 45.9781 -41.7921 4
      vertex 46.5217 -41.5056 4
    endloop
  endfacet
  facet normal 0 0 -1
    outer loop
      vertex 46 -42 4
      vertex 46.2944 -42.9405 4
      vertex 46.189 -43.0706 4
    endloop
  endfacet
  facet normal 0 0 -1
    outer loop
      vertex 45.9511 -41.691 4
      vertex 46.5217 -41.5056 4
      vertex 45.9781 -41.7921 4
    endloop
  endfacet
  facet normal 0 0 -1
    outer loop
      vertex 46 -42 4
      vertex 46.189 -43.0706 4
      vertex 46.0706 -43.189 4
    endloop
  endfacet
  facet normal -0 0 -1
    outer loop
      vertex 46.5217 -41.5056 4
      vertex 45.9511 -41.691 4
      vertex 46.4617 -41.3492 4
    endloop
  endfacet
  facet normal 0 0 -1
    outer loop
      vertex 46 -42 4
      vertex 46.0706 -43.189 4
      vertex 46 -43.2462 4
    endloop
  endfacet
  facet normal 0 0 -1
    outer loop
      vertex 45.9135 -41.5933 4
      vertex 46.4617 -41.3492 4
      vertex 45.9511 -41.691 4
    endloop
  endfacet
  facet normal -0 0 -1
    outer loop
      vertex 46.4617 -41.3492 4
      vertex 45.9135 -41.5933 4
      vertex 46.3856 -41.2 4
    endloop
  endfacet
  facet normal 0 0 -1
    outer loop
      vertex 45.866 -41.5 4
      vertex 46.3856 -41.2 4
      vertex 45.9135 -41.5933 4
    endloop
  endfacet
  facet normal -0 0 -1
    outer loop
      vertex 46.3856 -41.2 4
      vertex 45.866 -41.5 4
      vertex 46.2944 -41.0595 4
    endloop
  endfacet
  facet normal 0 0 -1
    outer loop
      vertex 45.809 -41.4122 4
      vertex 46.2944 -41.0595 4
      vertex 45.866 -41.5 4
    endloop
  endfacet
  facet normal -0 0 -1
    outer loop
      vertex 46.2944 -41.0595 4
      vertex 45.809 -41.4122 4
      vertex 46.189 -40.9294 4
    endloop
  endfacet
  facet normal 0 0 -1
    outer loop
      vertex 45.7431 -41.3309 4
      vertex 46.189 -40.9294 4
      vertex 45.809 -41.4122 4
    endloop
  endfacet
  facet normal -0 0 -1
    outer loop
      vertex 46.189 -40.9294 4
      vertex 45.7431 -41.3309 4
      vertex 46.0706 -40.811 4
    endloop
  endfacet
  facet normal 0 0 -1
    outer loop
      vertex 45.6691 -41.2569 4
      vertex 46.0706 -40.811 4
      vertex 45.7431 -41.3309 4
    endloop
  endfacet
  facet normal -0 0 -1
    outer loop
      vertex 46.0706 -40.811 4
      vertex 45.6691 -41.2569 4
      vertex 45.9405 -40.7056 4
    endloop
  endfacet
  facet normal 0 0 -1
    outer loop
      vertex 45.5878 -41.191 4
      vertex 45.9405 -40.7056 4
      vertex 45.6691 -41.2569 4
    endloop
  endfacet
  facet normal -0 0 -1
    outer loop
      vertex 45.9405 -40.7056 4
      vertex 45.5878 -41.191 4
      vertex 45.8 -40.6144 4
    endloop
  endfacet
  facet normal 0 0 -1
    outer loop
      vertex 45.5 -41.134 4
      vertex 45.8 -40.6144 4
      vertex 45.5878 -41.191 4
    endloop
  endfacet
  facet normal -0 0 -1
    outer loop
      vertex 45.8 -40.6144 4
      vertex 45.5 -41.134 4
      vertex 45.6508 -40.5383 4
    endloop
  endfacet
  facet normal 0 0 -1
    outer loop
      vertex 45.4067 -41.0865 4
      vertex 45.6508 -40.5383 4
      vertex 45.5 -41.134 4
    endloop
  endfacet
  facet normal -0 0 -1
    outer loop
      vertex 45.6508 -40.5383 4
      vertex 45.4067 -41.0865 4
      vertex 45.4944 -40.4783 4
    endloop
  endfacet
  facet normal 0 0 -1
    outer loop
      vertex 45.309 -41.0489 4
      vertex 45.4944 -40.4783 4
      vertex 45.4067 -41.0865 4
    endloop
  endfacet
  facet normal -0 0 -1
    outer loop
      vertex 45.4944 -40.4783 4
      vertex 45.309 -41.0489 4
      vertex 45.3327 -40.435 4
    endloop
  endfacet
  facet normal 0 0 -1
    outer loop
      vertex 45.2079 -41.0219 4
      vertex 45.3327 -40.435 4
      vertex 45.309 -41.0489 4
    endloop
  endfacet
  facet normal 0 0 -1
    outer loop
      vertex 45.2079 -41.0219 4
      vertex 45.1672 -40.4088 4
      vertex 45.3327 -40.435 4
    endloop
  endfacet
  facet normal 0 0 -1
    outer loop
      vertex 45.1045 -41.0055 4
      vertex 45.1672 -40.4088 4
      vertex 45.2079 -41.0219 4
    endloop
  endfacet
  facet normal 0 0 -1
    outer loop
      vertex 45 -41 4
      vertex 45.1672 -40.4088 4
      vertex 45.1045 -41.0055 4
    endloop
  endfacet
  facet normal 0 0 -1
    outer loop
      vertex 45 -41 4
      vertex 45 -40.4 4
      vertex 45.1672 -40.4088 4
    endloop
  endfacet
  facet normal 0 0 -1
    outer loop
      vertex 44.8955 -41.0055 4
      vertex 45 -40.4 4
      vertex 45 -41 4
    endloop
  endfacet
  facet normal 0 0 -1
    outer loop
      vertex 44.8955 -41.0055 4
      vertex 44.8328 -40.4088 4
      vertex 45 -40.4 4
    endloop
  endfacet
  facet normal 0 0 -1
    outer loop
      vertex 44.7921 -41.0219 4
      vertex 44.8328 -40.4088 4
      vertex 44.8955 -41.0055 4
    endloop
  endfacet
  facet normal 0 0 -1
    outer loop
      vertex 44.6673 -40.435 4
      vertex 44.7921 -41.0219 4
      vertex 44.691 -41.0489 4
    endloop
  endfacet
  facet normal 0 0 -1
    outer loop
      vertex 44.7921 -41.0219 4
      vertex 44.6673 -40.435 4
      vertex 44.8328 -40.4088 4
    endloop
  endfacet
  facet normal 0 0 -1
    outer loop
      vertex 44.5056 -40.4783 4
      vertex 44.691 -41.0489 4
      vertex 44.5933 -41.0865 4
    endloop
  endfacet
  facet normal 0 0 -1
    outer loop
      vertex 44.691 -41.0489 4
      vertex 44.5056 -40.4783 4
      vertex 44.6673 -40.435 4
    endloop
  endfacet
  facet normal 0 0 -1
    outer loop
      vertex 44.3492 -40.5383 4
      vertex 44.5933 -41.0865 4
      vertex 44.5 -41.134 4
    endloop
  endfacet
  facet normal 0 0 -1
    outer loop
      vertex 44.2 -40.6144 4
      vertex 44.5 -41.134 4
      vertex 44.4122 -41.191 4
    endloop
  endfacet
  facet normal 0 0 -1
    outer loop
      vertex 44.5933 -41.0865 4
      vertex 44.3492 -40.5383 4
      vertex 44.5056 -40.4783 4
    endloop
  endfacet
  facet normal 0 0 -1
    outer loop
      vertex 44.0595 -40.7056 4
      vertex 44.4122 -41.191 4
      vertex 44.3309 -41.2569 4
    endloop
  endfacet
  facet normal 0 0 -1
    outer loop
      vertex 43.9294 -40.811 4
      vertex 44.3309 -41.2569 4
      vertex 44.2569 -41.3309 4
    endloop
  endfacet
  facet normal 0 0 -1
    outer loop
      vertex 44.5 -41.134 4
      vertex 44.2 -40.6144 4
      vertex 44.3492 -40.5383 4
    endloop
  endfacet
  facet normal 0 0 -1
    outer loop
      vertex 43.811 -40.9294 4
      vertex 44.2569 -41.3309 4
      vertex 44.191 -41.4122 4
    endloop
  endfacet
  facet normal 0 0 -1
    outer loop
      vertex 43.7056 -41.0595 4
      vertex 44.191 -41.4122 4
      vertex 44.134 -41.5 4
    endloop
  endfacet
  facet normal 0 0 -1
    outer loop
      vertex 43.6144 -41.2 4
      vertex 44.134 -41.5 4
      vertex 44.0865 -41.5933 4
    endloop
  endfacet
  facet normal 0 0 -1
    outer loop
      vertex 44.4122 -41.191 4
      vertex 44.0595 -40.7056 4
      vertex 44.2 -40.6144 4
    endloop
  endfacet
  facet normal 0 0 -1
    outer loop
      vertex 43.5383 -41.3492 4
      vertex 44.0865 -41.5933 4
      vertex 44.0489 -41.691 4
    endloop
  endfacet
  facet normal 0 0 -1
    outer loop
      vertex 43.4783 -41.5056 4
      vertex 44.0489 -41.691 4
      vertex 44.0219 -41.7921 4
    endloop
  endfacet
  facet normal 0 0 -1
    outer loop
      vertex 43.435 -41.6673 4
      vertex 44.0219 -41.7921 4
      vertex 44.0055 -41.8955 4
    endloop
  endfacet
  facet normal 0 0 -1
    outer loop
      vertex 43.4088 -41.8328 4
      vertex 44.0055 -41.8955 4
      vertex 44 -42 4
    endloop
  endfacet
  facet normal 0 0 -1
    outer loop
      vertex 43.811 -43.0706 4
      vertex 44 -42 4
      vertex 43.9294 -43.189 4
    endloop
  endfacet
  facet normal 0 0 -1
    outer loop
      vertex 44.3309 -41.2569 4
      vertex 43.9294 -40.811 4
      vertex 44.0595 -40.7056 4
    endloop
  endfacet
  facet normal 0 0 -1
    outer loop
      vertex 43.7056 -42.9405 4
      vertex 44 -42 4
      vertex 43.811 -43.0706 4
    endloop
  endfacet
  facet normal 0 0 -1
    outer loop
      vertex 44.2569 -41.3309 4
      vertex 43.811 -40.9294 4
      vertex 43.9294 -40.811 4
    endloop
  endfacet
  facet normal 0 0 -1
    outer loop
      vertex 43.6144 -42.8 4
      vertex 44 -42 4
      vertex 43.7056 -42.9405 4
    endloop
  endfacet
  facet normal 0 0 -1
    outer loop
      vertex 44.191 -41.4122 4
      vertex 43.7056 -41.0595 4
      vertex 43.811 -40.9294 4
    endloop
  endfacet
  facet normal 0 0 -1
    outer loop
      vertex 43.5383 -42.6508 4
      vertex 44 -42 4
      vertex 43.6144 -42.8 4
    endloop
  endfacet
  facet normal 0 0 -1
    outer loop
      vertex 44.134 -41.5 4
      vertex 43.6144 -41.2 4
      vertex 43.7056 -41.0595 4
    endloop
  endfacet
  facet normal 0 0 -1
    outer loop
      vertex 43.4783 -42.4944 4
      vertex 44 -42 4
      vertex 43.5383 -42.6508 4
    endloop
  endfacet
  facet normal 0 0 -1
    outer loop
      vertex 44.0865 -41.5933 4
      vertex 43.5383 -41.3492 4
      vertex 43.6144 -41.2 4
    endloop
  endfacet
  facet normal 0 0 -1
    outer loop
      vertex 43.435 -42.3327 4
      vertex 44 -42 4
      vertex 43.4783 -42.4944 4
    endloop
  endfacet
  facet normal 0 0 -1
    outer loop
      vertex 44.0489 -41.691 4
      vertex 43.4783 -41.5056 4
      vertex 43.5383 -41.3492 4
    endloop
  endfacet
  facet normal 0 0 -1
    outer loop
      vertex 43.4088 -42.1672 4
      vertex 44 -42 4
      vertex 43.435 -42.3327 4
    endloop
  endfacet
  facet normal 0 0 -1
    outer loop
      vertex 44.0219 -41.7921 4
      vertex 43.435 -41.6673 4
      vertex 43.4783 -41.5056 4
    endloop
  endfacet
  facet normal 0 0 -1
    outer loop
      vertex 43.4 -42 4
      vertex 44 -42 4
      vertex 43.4088 -42.1672 4
    endloop
  endfacet
  facet normal 0 0 -1
    outer loop
      vertex 44.0055 -41.8955 4
      vertex 43.4088 -41.8328 4
      vertex 43.435 -41.6673 4
    endloop
  endfacet
  facet normal 0 0 -1
    outer loop
      vertex 44 -42 4
      vertex 43.4 -42 4
      vertex 43.4088 -41.8328 4
    endloop
  endfacet
  facet normal 0.358179 -0.933653 0
    outer loop
      vertex 44.3492 -40.5383 0
      vertex 44.5056 -40.4783 4
      vertex 44.3492 -40.5383 4
    endloop
  endfacet
  facet normal 0.358179 -0.933653 0
    outer loop
      vertex 44.5056 -40.4783 4
      vertex 44.3492 -40.5383 0
      vertex 44.5056 -40.4783 0
    endloop
  endfacet
  facet normal -0.454364 -0.890816 0
    outer loop
      vertex 45.6508 -40.5383 0
      vertex 45.8 -40.6144 4
      vertex 45.6508 -40.5383 4
    endloop
  endfacet
  facet normal -0.454364 -0.890816 -0
    outer loop
      vertex 45.8 -40.6144 4
      vertex 45.6508 -40.5383 0
      vertex 45.8 -40.6144 0
    endloop
  endfacet
  facet normal -0.890816 0.454364 0
    outer loop
      vertex 46.3856 -42.8 0
      vertex 46.4617 -42.6508 4
      vertex 46.4617 -42.6508 0
    endloop
  endfacet
  facet normal -0.890816 0.454364 0
    outer loop
      vertex 46.4617 -42.6508 4
      vertex 46.3856 -42.8 0
      vertex 46.3856 -42.8 4
    endloop
  endfacet
  facet normal -0.707107 -0.707107 0
    outer loop
      vertex 46.189 -40.9294 0
      vertex 46.0706 -40.811 4
      vertex 46.0706 -40.811 0
    endloop
  endfacet
  facet normal -0.707107 -0.707107 0
    outer loop
      vertex 46.0706 -40.811 4
      vertex 46.189 -40.9294 0
      vertex 46.189 -40.9294 4
    endloop
  endfacet
  facet normal 0.629515 0.776989 -0
    outer loop
      vertex 44 -43.2462 0
      vertex 43.9294 -43.189 4
      vertex 44 -43.2462 4
    endloop
  endfacet
  facet normal 0.629515 0.776989 0
    outer loop
      vertex 43.9294 -43.189 4
      vertex 44 -43.2462 0
      vertex 43.9294 -43.189 0
    endloop
  endfacet
  facet normal -0.838784 0.544464 0
    outer loop
      vertex 46.2944 -42.9405 0
      vertex 46.3856 -42.8 4
      vertex 46.3856 -42.8 0
    endloop
  endfacet
  facet normal -0.838784 0.544464 0
    outer loop
      vertex 46.3856 -42.8 4
      vertex 46.2944 -42.9405 0
      vertex 46.2944 -42.9405 4
    endloop
  endfacet
  facet normal 0.156361 -0.9877 0
    outer loop
      vertex 44.6673 -40.435 0
      vertex 44.8328 -40.4088 4
      vertex 44.6673 -40.435 4
    endloop
  endfacet
  facet normal 0.156361 -0.9877 0
    outer loop
      vertex 44.8328 -40.4088 4
      vertex 44.6673 -40.435 0
      vertex 44.8328 -40.4088 0
    endloop
  endfacet
  facet normal -0.933653 -0.358179 0
    outer loop
      vertex 46.5217 -41.5056 0
      vertex 46.4617 -41.3492 4
      vertex 46.4617 -41.3492 0
    endloop
  endfacet
  facet normal -0.933653 -0.358179 0
    outer loop
      vertex 46.4617 -41.3492 4
      vertex 46.5217 -41.5056 0
      vertex 46.5217 -41.5056 4
    endloop
  endfacet
  facet normal -0.777008 0.62949 0
    outer loop
      vertex 46.189 -43.0706 0
      vertex 46.2944 -42.9405 4
      vertex 46.2944 -42.9405 0
    endloop
  endfacet
  facet normal -0.777008 0.62949 0
    outer loop
      vertex 46.2944 -42.9405 4
      vertex 46.189 -43.0706 0
      vertex 46.189 -43.0706 4
    endloop
  endfacet
  facet normal -0.933653 0.358179 0
    outer loop
      vertex 46.4617 -42.6508 0
      vertex 46.5217 -42.4944 4
      vertex 46.5217 -42.4944 0
    endloop
  endfacet
  facet normal -0.933653 0.358179 0
    outer loop
      vertex 46.5217 -42.4944 4
      vertex 46.4617 -42.6508 0
      vertex 46.4617 -42.6508 4
    endloop
  endfacet
  facet normal 0.9877 -0.156361 0
    outer loop
      vertex 43.4088 -41.8328 4
      vertex 43.435 -41.6673 0
      vertex 43.435 -41.6673 4
    endloop
  endfacet
  facet normal 0.9877 -0.156361 0
    outer loop
      vertex 43.435 -41.6673 0
      vertex 43.4088 -41.8328 4
      vertex 43.4088 -41.8328 0
    endloop
  endfacet
  facet normal -0.0525588 -0.998618 0
    outer loop
      vertex 45 -40.4 0
      vertex 45.1672 -40.4088 4
      vertex 45 -40.4 4
    endloop
  endfacet
  facet normal -0.0525588 -0.998618 -0
    outer loop
      vertex 45.1672 -40.4088 4
      vertex 45 -40.4 0
      vertex 45.1672 -40.4088 0
    endloop
  endfacet
  facet normal -0.890816 -0.454364 0
    outer loop
      vertex 46.4617 -41.3492 0
      vertex 46.3856 -41.2 4
      vertex 46.3856 -41.2 0
    endloop
  endfacet
  facet normal -0.890816 -0.454364 0
    outer loop
      vertex 46.3856 -41.2 4
      vertex 46.4617 -41.3492 0
      vertex 46.4617 -41.3492 4
    endloop
  endfacet
  facet normal 0.838784 -0.544464 0
    outer loop
      vertex 43.6144 -41.2 4
      vertex 43.7056 -41.0595 0
      vertex 43.7056 -41.0595 4
    endloop
  endfacet
  facet normal 0.838784 -0.544464 0
    outer loop
      vertex 43.7056 -41.0595 0
      vertex 43.6144 -41.2 4
      vertex 43.6144 -41.2 0
    endloop
  endfacet
  facet normal 0.62949 -0.777008 0
    outer loop
      vertex 43.9294 -40.811 0
      vertex 44.0595 -40.7056 4
      vertex 43.9294 -40.811 4
    endloop
  endfacet
  facet normal 0.62949 -0.777008 0
    outer loop
      vertex 44.0595 -40.7056 4
      vertex 43.9294 -40.811 0
      vertex 44.0595 -40.7056 0
    endloop
  endfacet
  facet normal 0.933653 0.358179 0
    outer loop
      vertex 43.5383 -42.6508 4
      vertex 43.4783 -42.4944 0
      vertex 43.4783 -42.4944 4
    endloop
  endfacet
  facet normal 0.933653 0.358179 0
    outer loop
      vertex 43.4783 -42.4944 0
      vertex 43.5383 -42.6508 4
      vertex 43.5383 -42.6508 0
    endloop
  endfacet
  facet normal 0.933653 -0.358179 0
    outer loop
      vertex 43.4783 -41.5056 4
      vertex 43.5383 -41.3492 0
      vertex 43.5383 -41.3492 4
    endloop
  endfacet
  facet normal 0.933653 -0.358179 0
    outer loop
      vertex 43.5383 -41.3492 0
      vertex 43.4783 -41.5056 4
      vertex 43.4783 -41.5056 0
    endloop
  endfacet
  facet normal 0.890816 0.454364 0
    outer loop
      vertex 43.6144 -42.8 4
      vertex 43.5383 -42.6508 0
      vertex 43.5383 -42.6508 4
    endloop
  endfacet
  facet normal 0.890816 0.454364 0
    outer loop
      vertex 43.5383 -42.6508 0
      vertex 43.6144 -42.8 4
      vertex 43.6144 -42.8 0
    endloop
  endfacet
  facet normal -0.629515 0.776989 0
    outer loop
      vertex 46.0706 -43.189 0
      vertex 46 -43.2462 4
      vertex 46.0706 -43.189 4
    endloop
  endfacet
  facet normal -0.629515 0.776989 0
    outer loop
      vertex 46 -43.2462 4
      vertex 46.0706 -43.189 0
      vertex 46 -43.2462 0
    endloop
  endfacet
  facet normal 0.998618 0.0525588 0
    outer loop
      vertex 43.4088 -42.1672 4
      vertex 43.4 -42 0
      vertex 43.4 -42 4
    endloop
  endfacet
  facet normal 0.998618 0.0525588 0
    outer loop
      vertex 43.4 -42 0
      vertex 43.4088 -42.1672 4
      vertex 43.4088 -42.1672 0
    endloop
  endfacet
  facet normal -0.156361 -0.9877 0
    outer loop
      vertex 45.1672 -40.4088 0
      vertex 45.3327 -40.435 4
      vertex 45.1672 -40.4088 4
    endloop
  endfacet
  facet normal -0.156361 -0.9877 -0
    outer loop
      vertex 45.3327 -40.435 4
      vertex 45.1672 -40.4088 0
      vertex 45.3327 -40.435 0
    endloop
  endfacet
  facet normal 0.777008 0.62949 0
    outer loop
      vertex 43.811 -43.0706 4
      vertex 43.7056 -42.9405 0
      vertex 43.7056 -42.9405 4
    endloop
  endfacet
  facet normal 0.777008 0.62949 0
    outer loop
      vertex 43.7056 -42.9405 0
      vertex 43.811 -43.0706 4
      vertex 43.811 -43.0706 0
    endloop
  endfacet
  facet normal 0.965967 -0.258666 0
    outer loop
      vertex 43.435 -41.6673 4
      vertex 43.4783 -41.5056 0
      vertex 43.4783 -41.5056 4
    endloop
  endfacet
  facet normal 0.965967 -0.258666 0
    outer loop
      vertex 43.4783 -41.5056 0
      vertex 43.435 -41.6673 4
      vertex 43.435 -41.6673 0
    endloop
  endfacet
  facet normal 0.707107 0.707107 0
    outer loop
      vertex 43.9294 -43.189 4
      vertex 43.811 -43.0706 0
      vertex 43.811 -43.0706 4
    endloop
  endfacet
  facet normal 0.707107 0.707107 0
    outer loop
      vertex 43.811 -43.0706 0
      vertex 43.9294 -43.189 4
      vertex 43.9294 -43.189 0
    endloop
  endfacet
  facet normal 0.998618 -0.0525588 0
    outer loop
      vertex 43.4 -42 4
      vertex 43.4088 -41.8328 0
      vertex 43.4088 -41.8328 4
    endloop
  endfacet
  facet normal 0.998618 -0.0525588 0
    outer loop
      vertex 43.4088 -41.8328 0
      vertex 43.4 -42 4
      vertex 43.4 -42 0
    endloop
  endfacet
  facet normal -0.707107 0.707107 0
    outer loop
      vertex 46.0706 -43.189 0
      vertex 46.189 -43.0706 4
      vertex 46.189 -43.0706 0
    endloop
  endfacet
  facet normal -0.707107 0.707107 0
    outer loop
      vertex 46.189 -43.0706 4
      vertex 46.0706 -43.189 0
      vertex 46.0706 -43.189 4
    endloop
  endfacet
  facet normal 0.707107 0.707107 0
    outer loop
      vertex -42.6963 -39.9257 8
      vertex -42.9257 -39.6963 0
      vertex -42.9257 -39.6963 8
    endloop
  endfacet
  facet normal 0.707107 0.707107 0
    outer loop
      vertex -42.9257 -39.6963 0
      vertex -42.6963 -39.9257 8
      vertex -42.6963 -39.9257 0
    endloop
  endfacet
  facet normal 0.987718 0.156247 0
    outer loop
      vertex -41.917 -41.676 8
      vertex -41.9677 -41.3555 0
      vertex -41.9677 -41.3555 8
    endloop
  endfacet
  facet normal 0.987718 0.156247 0
    outer loop
      vertex -41.9677 -41.3555 0
      vertex -41.917 -41.676 8
      vertex -41.917 -41.676 0
    endloop
  endfacet
  facet normal 0.998626 0.0523971 0
    outer loop
      vertex -41.9 -42 8
      vertex -41.917 -41.676 0
      vertex -41.917 -41.676 8
    endloop
  endfacet
  facet normal 0.998626 0.0523971 0
    outer loop
      vertex -41.917 -41.676 0
      vertex -41.9 -42 8
      vertex -41.9 -42 0
    endloop
  endfacet
  facet normal 0.965927 0.258813 0
    outer loop
      vertex -41.9677 -41.3555 8
      vertex -42.0517 -41.042 0
      vertex -42.0517 -41.042 8
    endloop
  endfacet
  facet normal 0.965927 0.258813 0
    outer loop
      vertex -42.0517 -41.042 0
      vertex -41.9677 -41.3555 8
      vertex -41.9677 -41.3555 0
    endloop
  endfacet
  facet normal -0.965927 -0.258813 0
    outer loop
      vertex -47.9483 -42.958 0
      vertex -48.0323 -42.6445 8
      vertex -48.0323 -42.6445 0
    endloop
  endfacet
  facet normal -0.965927 -0.258813 0
    outer loop
      vertex -48.0323 -42.6445 8
      vertex -47.9483 -42.958 0
      vertex -47.9483 -42.958 8
    endloop
  endfacet
  facet normal -0.987718 0.156247 0
    outer loop
      vertex -48.083 -41.676 0
      vertex -48.0323 -41.3555 8
      vertex -48.0323 -41.3555 0
    endloop
  endfacet
  facet normal -0.987718 0.156247 0
    outer loop
      vertex -48.0323 -41.3555 8
      vertex -48.083 -41.676 0
      vertex -48.083 -41.676 8
    endloop
  endfacet
  facet normal 0.258813 0.965927 -0
    outer loop
      vertex -44.042 -39.0517 0
      vertex -44.3555 -38.9677 8
      vertex -44.042 -39.0517 8
    endloop
  endfacet
  facet normal 0.258813 0.965927 0
    outer loop
      vertex -44.3555 -38.9677 8
      vertex -44.042 -39.0517 0
      vertex -44.3555 -38.9677 0
    endloop
  endfacet
  facet normal 0.965927 -0.258813 0
    outer loop
      vertex -42.0517 -42.958 8
      vertex -41.9677 -42.6445 0
      vertex -41.9677 -42.6445 8
    endloop
  endfacet
  facet normal 0.965927 -0.258813 0
    outer loop
      vertex -41.9677 -42.6445 0
      vertex -42.0517 -42.958 8
      vertex -42.0517 -42.958 0
    endloop
  endfacet
  facet normal -0.838535 -0.544848 0
    outer loop
      vertex -47.5079 -43.8221 0
      vertex -47.6847 -43.55 8
      vertex -47.6847 -43.55 0
    endloop
  endfacet
  facet normal -0.838535 -0.544848 0
    outer loop
      vertex -47.6847 -43.55 8
      vertex -47.5079 -43.8221 0
      vertex -47.5079 -43.8221 8
    endloop
  endfacet
  facet normal -0.987718 -0.156247 0
    outer loop
      vertex -48.0323 -42.6445 0
      vertex -48.083 -42.324 8
      vertex -48.083 -42.324 0
    endloop
  endfacet
  facet normal -0.987718 -0.156247 0
    outer loop
      vertex -48.083 -42.324 8
      vertex -48.0323 -42.6445 0
      vertex -48.0323 -42.6445 8
    endloop
  endfacet
  facet normal -0.258813 0.965927 0
    outer loop
      vertex -45.6445 -38.9677 0
      vertex -45.958 -39.0517 8
      vertex -45.6445 -38.9677 8
    endloop
  endfacet
  facet normal -0.258813 0.965927 0
    outer loop
      vertex -45.958 -39.0517 8
      vertex -45.6445 -38.9677 0
      vertex -45.958 -39.0517 0
    endloop
  endfacet
  facet normal 0.777187 0.629269 0
    outer loop
      vertex -42.4921 -40.1779 8
      vertex -42.6963 -39.9257 0
      vertex -42.6963 -39.9257 8
    endloop
  endfacet
  facet normal 0.777187 0.629269 0
    outer loop
      vertex -42.6963 -39.9257 0
      vertex -42.4921 -40.1779 8
      vertex -42.4921 -40.1779 0
    endloop
  endfacet
  facet normal -0.544848 0.838535 0
    outer loop
      vertex -46.55 -39.3153 0
      vertex -46.8221 -39.4921 8
      vertex -46.55 -39.3153 8
    endloop
  endfacet
  facet normal -0.544848 0.838535 0
    outer loop
      vertex -46.8221 -39.4921 8
      vertex -46.55 -39.3153 0
      vertex -46.8221 -39.4921 0
    endloop
  endfacet
  facet normal 0.933552 0.358442 0
    outer loop
      vertex -42.0517 -41.042 8
      vertex -42.168 -40.7391 0
      vertex -42.168 -40.7391 8
    endloop
  endfacet
  facet normal 0.933552 0.358442 0
    outer loop
      vertex -42.168 -40.7391 0
      vertex -42.0517 -41.042 8
      vertex -42.0517 -41.042 0
    endloop
  endfacet
  facet normal -0.838535 0.544848 0
    outer loop
      vertex -47.6847 -40.45 0
      vertex -47.5079 -40.1779 8
      vertex -47.5079 -40.1779 0
    endloop
  endfacet
  facet normal -0.838535 0.544848 0
    outer loop
      vertex -47.5079 -40.1779 8
      vertex -47.6847 -40.45 0
      vertex -47.6847 -40.45 8
    endloop
  endfacet
  facet normal 0.0523971 0.998626 -0
    outer loop
      vertex -44.676 -38.917 0
      vertex -45 -38.9 8
      vertex -44.676 -38.917 8
    endloop
  endfacet
  facet normal 0.0523971 0.998626 0
    outer loop
      vertex -45 -38.9 8
      vertex -44.676 -38.917 0
      vertex -45 -38.9 0
    endloop
  endfacet
  facet normal -0.777187 0.629269 0
    outer loop
      vertex -47.5079 -40.1779 0
      vertex -47.3037 -39.9257 8
      vertex -47.3037 -39.9257 0
    endloop
  endfacet
  facet normal -0.777187 0.629269 0
    outer loop
      vertex -47.3037 -39.9257 8
      vertex -47.5079 -40.1779 0
      vertex -47.5079 -40.1779 8
    endloop
  endfacet
  facet normal 0.358212 -0.93364 0
    outer loop
      vertex -44 -44.9321 0
      vertex -43.7391 -44.832 8
      vertex -44 -44.9321 8
    endloop
  endfacet
  facet normal 0.358212 -0.93364 0
    outer loop
      vertex -43.7391 -44.832 8
      vertex -44 -44.9321 0
      vertex -43.7391 -44.832 0
    endloop
  endfacet
  facet normal 0.629269 0.777187 -0
    outer loop
      vertex -42.9257 -39.6963 0
      vertex -43.1779 -39.4921 8
      vertex -42.9257 -39.6963 8
    endloop
  endfacet
  facet normal 0.629269 0.777187 0
    outer loop
      vertex -43.1779 -39.4921 8
      vertex -42.9257 -39.6963 0
      vertex -43.1779 -39.4921 0
    endloop
  endfacet
  facet normal 0 0 1
    outer loop
      vertex -41.917 -41.676 8
      vertex -41.917 -42.324 8
      vertex -41.9 -42 8
    endloop
  endfacet
  facet normal 0 0 1
    outer loop
      vertex -41.9677 -41.3555 8
      vertex -41.917 -42.324 8
      vertex -41.917 -41.676 8
    endloop
  endfacet
  facet normal 0 0 1
    outer loop
      vertex -41.9677 -41.3555 8
      vertex -41.9677 -42.6445 8
      vertex -41.917 -42.324 8
    endloop
  endfacet
  facet normal 0 0 1
    outer loop
      vertex -42.0517 -41.042 8
      vertex -41.9677 -42.6445 8
      vertex -41.9677 -41.3555 8
    endloop
  endfacet
  facet normal 0 0 1
    outer loop
      vertex -42.0517 -41.042 8
      vertex -42.0517 -42.958 8
      vertex -41.9677 -42.6445 8
    endloop
  endfacet
  facet normal 0 0 1
    outer loop
      vertex -42.168 -40.7391 8
      vertex -42.0517 -42.958 8
      vertex -42.0517 -41.042 8
    endloop
  endfacet
  facet normal 0 0 1
    outer loop
      vertex -42.168 -40.7391 8
      vertex -42.168 -43.2609 8
      vertex -42.0517 -42.958 8
    endloop
  endfacet
  facet normal 0 0 1
    outer loop
      vertex -42.3153 -40.45 8
      vertex -42.168 -43.2609 8
      vertex -42.168 -40.7391 8
    endloop
  endfacet
  facet normal 0 0 1
    outer loop
      vertex -42.3153 -40.45 8
      vertex -42.3153 -43.55 8
      vertex -42.168 -43.2609 8
    endloop
  endfacet
  facet normal 0 0 1
    outer loop
      vertex -42.4921 -40.1779 8
      vertex -42.3153 -43.55 8
      vertex -42.3153 -40.45 8
    endloop
  endfacet
  facet normal 0 0 1
    outer loop
      vertex -42.4921 -40.1779 8
      vertex -42.4921 -43.8221 8
      vertex -42.3153 -43.55 8
    endloop
  endfacet
  facet normal 0 0 1
    outer loop
      vertex -42.6963 -39.9257 8
      vertex -42.4921 -43.8221 8
      vertex -42.4921 -40.1779 8
    endloop
  endfacet
  facet normal 0 0 1
    outer loop
      vertex -42.6963 -39.9257 8
      vertex -42.6963 -44.0743 8
      vertex -42.4921 -43.8221 8
    endloop
  endfacet
  facet normal 0 0 1
    outer loop
      vertex -42.9257 -39.6963 8
      vertex -42.6963 -44.0743 8
      vertex -42.6963 -39.9257 8
    endloop
  endfacet
  facet normal 0 0 1
    outer loop
      vertex -42.9257 -39.6963 8
      vertex -42.9257 -44.3037 8
      vertex -42.6963 -44.0743 8
    endloop
  endfacet
  facet normal 0 0 1
    outer loop
      vertex -43.1779 -39.4921 8
      vertex -42.9257 -44.3037 8
      vertex -42.9257 -39.6963 8
    endloop
  endfacet
  facet normal 0 0 1
    outer loop
      vertex -43.1779 -39.4921 8
      vertex -43.1779 -44.5079 8
      vertex -42.9257 -44.3037 8
    endloop
  endfacet
  facet normal 0 0 1
    outer loop
      vertex -43.45 -39.3153 8
      vertex -43.1779 -44.5079 8
      vertex -43.1779 -39.4921 8
    endloop
  endfacet
  facet normal 0 0 1
    outer loop
      vertex -43.45 -39.3153 8
      vertex -43.45 -44.6847 8
      vertex -43.1779 -44.5079 8
    endloop
  endfacet
  facet normal 0 0 1
    outer loop
      vertex -43.7391 -39.168 8
      vertex -43.45 -44.6847 8
      vertex -43.45 -39.3153 8
    endloop
  endfacet
  facet normal 0 0 1
    outer loop
      vertex -43.7391 -39.168 8
      vertex -43.7391 -44.832 8
      vertex -43.45 -44.6847 8
    endloop
  endfacet
  facet normal 0 0 1
    outer loop
      vertex -43.7391 -39.168 8
      vertex -44 -44.9321 8
      vertex -43.7391 -44.832 8
    endloop
  endfacet
  facet normal 0 0 1
    outer loop
      vertex -46 -48 8
      vertex -44 -48 8
      vertex -44 -44.9321 8
    endloop
  endfacet
  facet normal 0 0 1
    outer loop
      vertex -44 -48 8
      vertex -46 -48 8
      vertex -44.0055 -48.1045 8
    endloop
  endfacet
  facet normal 0 0 1
    outer loop
      vertex -44.042 -39.0517 8
      vertex -44 -44.9321 8
      vertex -43.7391 -39.168 8
    endloop
  endfacet
  facet normal 0 0 1
    outer loop
      vertex -46 -44.9321 8
      vertex -44 -44.9321 8
      vertex -44.042 -39.0517 8
    endloop
  endfacet
  facet normal 0 0 1
    outer loop
      vertex -46 -48 8
      vertex -44 -44.9321 8
      vertex -46 -44.9321 8
    endloop
  endfacet
  facet normal 0 0 1
    outer loop
      vertex -44.0055 -48.1045 8
      vertex -46 -48 8
      vertex -44.0219 -48.2079 8
    endloop
  endfacet
  facet normal 0 0 1
    outer loop
      vertex -44.0219 -48.2079 8
      vertex -46 -48 8
      vertex -44.0489 -48.309 8
    endloop
  endfacet
  facet normal 0 0 1
    outer loop
      vertex -44.0489 -48.309 8
      vertex -46 -48 8
      vertex -44.0865 -48.4067 8
    endloop
  endfacet
  facet normal 0 0 1
    outer loop
      vertex -44.0865 -48.4067 8
      vertex -46 -48 8
      vertex -44.134 -48.5 8
    endloop
  endfacet
  facet normal 0 0 1
    outer loop
      vertex -46 -44.9321 8
      vertex -44.042 -39.0517 8
      vertex -44.3555 -38.9677 8
    endloop
  endfacet
  facet normal 0 0 1
    outer loop
      vertex -46 -44.9321 8
      vertex -44.3555 -38.9677 8
      vertex -44.676 -38.917 8
    endloop
  endfacet
  facet normal 0 0 1
    outer loop
      vertex -46 -44.9321 8
      vertex -44.676 -38.917 8
      vertex -45 -38.9 8
    endloop
  endfacet
  facet normal 0 0 1
    outer loop
      vertex -46 -44.9321 8
      vertex -45 -38.9 8
      vertex -45.324 -38.917 8
    endloop
  endfacet
  facet normal 0 0 1
    outer loop
      vertex -46 -44.9321 8
      vertex -45.324 -38.917 8
      vertex -45.6445 -38.9677 8
    endloop
  endfacet
  facet normal 0 0 1
    outer loop
      vertex -44.134 -48.5 8
      vertex -46 -48 8
      vertex -44.191 -48.5878 8
    endloop
  endfacet
  facet normal 0 0 1
    outer loop
      vertex -44.191 -48.5878 8
      vertex -46 -48 8
      vertex -44.2549 -48.6667 8
    endloop
  endfacet
  facet normal 0 0 1
    outer loop
      vertex -44.2549 -48.6667 8
      vertex -46 -48 8
      vertex -45.7451 -48.6667 8
    endloop
  endfacet
  facet normal 0 0 1
    outer loop
      vertex -45.7451 -48.6667 8
      vertex -46 -48 8
      vertex -45.809 -48.5878 8
    endloop
  endfacet
  facet normal 0 0 1
    outer loop
      vertex -45.809 -48.5878 8
      vertex -46 -48 8
      vertex -45.866 -48.5 8
    endloop
  endfacet
  facet normal 0 0 1
    outer loop
      vertex -46 -44.9321 8
      vertex -45.6445 -38.9677 8
      vertex -45.958 -39.0517 8
    endloop
  endfacet
  facet normal 0 0 1
    outer loop
      vertex -45.866 -48.5 8
      vertex -46 -48 8
      vertex -45.9135 -48.4067 8
    endloop
  endfacet
  facet normal 0 0 1
    outer loop
      vertex -45.9135 -48.4067 8
      vertex -46 -48 8
      vertex -45.9511 -48.309 8
    endloop
  endfacet
  facet normal 0 0 1
    outer loop
      vertex -45.9511 -48.309 8
      vertex -46 -48 8
      vertex -45.9781 -48.2079 8
    endloop
  endfacet
  facet normal -0 0 1
    outer loop
      vertex -46.2609 -39.168 8
      vertex -46 -44.9321 8
      vertex -45.958 -39.0517 8
    endloop
  endfacet
  facet normal 0 0 1
    outer loop
      vertex -46.2609 -39.168 8
      vertex -46.2609 -44.832 8
      vertex -46 -44.9321 8
    endloop
  endfacet
  facet normal -0 0 1
    outer loop
      vertex -46.55 -39.3153 8
      vertex -46.2609 -44.832 8
      vertex -46.2609 -39.168 8
    endloop
  endfacet
  facet normal 0 0 1
    outer loop
      vertex -46.55 -39.3153 8
      vertex -46.55 -44.6847 8
      vertex -46.2609 -44.832 8
    endloop
  endfacet
  facet normal -0 0 1
    outer loop
      vertex -46.8221 -39.4921 8
      vertex -46.55 -44.6847 8
      vertex -46.55 -39.3153 8
    endloop
  endfacet
  facet normal 0 0 1
    outer loop
      vertex -46.8221 -39.4921 8
      vertex -46.8221 -44.5079 8
      vertex -46.55 -44.6847 8
    endloop
  endfacet
  facet normal -0 0 1
    outer loop
      vertex -47.0743 -39.6963 8
      vertex -46.8221 -44.5079 8
      vertex -46.8221 -39.4921 8
    endloop
  endfacet
  facet normal 0 0 1
    outer loop
      vertex -47.0743 -39.6963 8
      vertex -47.0743 -44.3037 8
      vertex -46.8221 -44.5079 8
    endloop
  endfacet
  facet normal -0 0 1
    outer loop
      vertex -47.3037 -39.9257 8
      vertex -47.0743 -44.3037 8
      vertex -47.0743 -39.6963 8
    endloop
  endfacet
  facet normal 0 0 1
    outer loop
      vertex -47.3037 -39.9257 8
      vertex -47.3037 -44.0743 8
      vertex -47.0743 -44.3037 8
    endloop
  endfacet
  facet normal -0 0 1
    outer loop
      vertex -47.5079 -40.1779 8
      vertex -47.3037 -44.0743 8
      vertex -47.3037 -39.9257 8
    endloop
  endfacet
  facet normal 0 0 1
    outer loop
      vertex -47.5079 -40.1779 8
      vertex -47.5079 -43.8221 8
      vertex -47.3037 -44.0743 8
    endloop
  endfacet
  facet normal -0 0 1
    outer loop
      vertex -47.6847 -40.45 8
      vertex -47.5079 -43.8221 8
      vertex -47.5079 -40.1779 8
    endloop
  endfacet
  facet normal 0 0 1
    outer loop
      vertex -47.6847 -40.45 8
      vertex -47.6847 -43.55 8
      vertex -47.5079 -43.8221 8
    endloop
  endfacet
  facet normal -0 0 1
    outer loop
      vertex -47.832 -40.7391 8
      vertex -47.6847 -43.55 8
      vertex -47.6847 -40.45 8
    endloop
  endfacet
  facet normal 0 0 1
    outer loop
      vertex -47.832 -40.7391 8
      vertex -47.832 -43.2609 8
      vertex -47.6847 -43.55 8
    endloop
  endfacet
  facet normal -0 0 1
    outer loop
      vertex -47.9483 -41.042 8
      vertex -47.832 -43.2609 8
      vertex -47.832 -40.7391 8
    endloop
  endfacet
  facet normal 0 0 1
    outer loop
      vertex -47.9483 -41.042 8
      vertex -47.9483 -42.958 8
      vertex -47.832 -43.2609 8
    endloop
  endfacet
  facet normal -0 0 1
    outer loop
      vertex -48.0323 -41.3555 8
      vertex -47.9483 -42.958 8
      vertex -47.9483 -41.042 8
    endloop
  endfacet
  facet normal 0 0 1
    outer loop
      vertex -48.0323 -41.3555 8
      vertex -48.0323 -42.6445 8
      vertex -47.9483 -42.958 8
    endloop
  endfacet
  facet normal -0 0 1
    outer loop
      vertex -48.083 -41.676 8
      vertex -48.0323 -42.6445 8
      vertex -48.0323 -41.3555 8
    endloop
  endfacet
  facet normal 0 0 1
    outer loop
      vertex -48.083 -41.676 8
      vertex -48.083 -42.324 8
      vertex -48.0323 -42.6445 8
    endloop
  endfacet
  facet normal 0 -0 1
    outer loop
      vertex -48.083 -42.324 8
      vertex -48.083 -41.676 8
      vertex -48.1 -42 8
    endloop
  endfacet
  facet normal 0 0 1
    outer loop
      vertex -45.9781 -48.2079 8
      vertex -46 -48 8
      vertex -45.9945 -48.1045 8
    endloop
  endfacet
  facet normal -0.453981 -0.891011 0
    outer loop
      vertex -46.55 -44.6847 0
      vertex -46.2609 -44.832 8
      vertex -46.55 -44.6847 8
    endloop
  endfacet
  facet normal -0.453981 -0.891011 -0
    outer loop
      vertex -46.2609 -44.832 8
      vertex -46.55 -44.6847 0
      vertex -46.2609 -44.832 0
    endloop
  endfacet
  facet normal 0.453981 0.891011 -0
    outer loop
      vertex -43.45 -39.3153 0
      vertex -43.7391 -39.168 8
      vertex -43.45 -39.3153 8
    endloop
  endfacet
  facet normal 0.453981 0.891011 0
    outer loop
      vertex -43.7391 -39.168 8
      vertex -43.45 -39.3153 0
      vertex -43.7391 -39.168 0
    endloop
  endfacet
  facet normal -0.156247 0.987718 0
    outer loop
      vertex -45.324 -38.917 0
      vertex -45.6445 -38.9677 8
      vertex -45.324 -38.917 8
    endloop
  endfacet
  facet normal -0.156247 0.987718 0
    outer loop
      vertex -45.6445 -38.9677 8
      vertex -45.324 -38.917 0
      vertex -45.6445 -38.9677 0
    endloop
  endfacet
  facet normal 0.777187 -0.629269 0
    outer loop
      vertex -42.6963 -44.0743 8
      vertex -42.4921 -43.8221 0
      vertex -42.4921 -43.8221 8
    endloop
  endfacet
  facet normal 0.777187 -0.629269 0
    outer loop
      vertex -42.4921 -43.8221 0
      vertex -42.6963 -44.0743 8
      vertex -42.6963 -44.0743 0
    endloop
  endfacet
  facet normal 0.156247 0.987718 -0
    outer loop
      vertex -44.3555 -38.9677 0
      vertex -44.676 -38.917 8
      vertex -44.3555 -38.9677 8
    endloop
  endfacet
  facet normal 0.156247 0.987718 0
    outer loop
      vertex -44.676 -38.917 8
      vertex -44.3555 -38.9677 0
      vertex -44.676 -38.917 0
    endloop
  endfacet
  facet normal -0.629269 -0.777187 0
    outer loop
      vertex -47.0743 -44.3037 0
      vertex -46.8221 -44.5079 8
      vertex -47.0743 -44.3037 8
    endloop
  endfacet
  facet normal -0.629269 -0.777187 -0
    outer loop
      vertex -46.8221 -44.5079 8
      vertex -47.0743 -44.3037 0
      vertex -46.8221 -44.5079 0
    endloop
  endfacet
  facet normal -0.0523971 0.998626 0
    outer loop
      vertex -45 -38.9 0
      vertex -45.324 -38.917 8
      vertex -45 -38.9 8
    endloop
  endfacet
  facet normal -0.0523971 0.998626 0
    outer loop
      vertex -45.324 -38.917 8
      vertex -45 -38.9 0
      vertex -45.324 -38.917 0
    endloop
  endfacet
  facet normal 0.891011 0.453981 0
    outer loop
      vertex -42.168 -40.7391 8
      vertex -42.3153 -40.45 0
      vertex -42.3153 -40.45 8
    endloop
  endfacet
  facet normal 0.891011 0.453981 0
    outer loop
      vertex -42.3153 -40.45 0
      vertex -42.168 -40.7391 8
      vertex -42.168 -40.7391 0
    endloop
  endfacet
  facet normal -0.891011 0.453981 0
    outer loop
      vertex -47.832 -40.7391 0
      vertex -47.6847 -40.45 8
      vertex -47.6847 -40.45 0
    endloop
  endfacet
  facet normal -0.891011 0.453981 0
    outer loop
      vertex -47.6847 -40.45 8
      vertex -47.832 -40.7391 0
      vertex -47.832 -40.7391 8
    endloop
  endfacet
  facet normal 0.544848 0.838535 -0
    outer loop
      vertex -43.1779 -39.4921 0
      vertex -43.45 -39.3153 8
      vertex -43.1779 -39.4921 8
    endloop
  endfacet
  facet normal 0.544848 0.838535 0
    outer loop
      vertex -43.45 -39.3153 8
      vertex -43.1779 -39.4921 0
      vertex -43.45 -39.3153 0
    endloop
  endfacet
  facet normal 0.891011 -0.453981 0
    outer loop
      vertex -42.3153 -43.55 8
      vertex -42.168 -43.2609 0
      vertex -42.168 -43.2609 8
    endloop
  endfacet
  facet normal 0.891011 -0.453981 0
    outer loop
      vertex -42.168 -43.2609 0
      vertex -42.3153 -43.55 8
      vertex -42.3153 -43.55 0
    endloop
  endfacet
  facet normal -0.358442 0.933552 0
    outer loop
      vertex -45.958 -39.0517 0
      vertex -46.2609 -39.168 8
      vertex -45.958 -39.0517 8
    endloop
  endfacet
  facet normal -0.358442 0.933552 0
    outer loop
      vertex -46.2609 -39.168 8
      vertex -45.958 -39.0517 0
      vertex -46.2609 -39.168 0
    endloop
  endfacet
  facet normal 0.933552 -0.358442 0
    outer loop
      vertex -42.168 -43.2609 8
      vertex -42.0517 -42.958 0
      vertex -42.0517 -42.958 8
    endloop
  endfacet
  facet normal 0.933552 -0.358442 0
    outer loop
      vertex -42.0517 -42.958 0
      vertex -42.168 -43.2609 8
      vertex -42.168 -43.2609 0
    endloop
  endfacet
  facet normal 0.998626 -0.0523971 0
    outer loop
      vertex -41.917 -42.324 8
      vertex -41.9 -42 0
      vertex -41.9 -42 8
    endloop
  endfacet
  facet normal 0.998626 -0.0523971 0
    outer loop
      vertex -41.9 -42 0
      vertex -41.917 -42.324 8
      vertex -41.917 -42.324 0
    endloop
  endfacet
  facet normal 0.453981 -0.891011 0
    outer loop
      vertex -43.7391 -44.832 0
      vertex -43.45 -44.6847 8
      vertex -43.7391 -44.832 8
    endloop
  endfacet
  facet normal 0.453981 -0.891011 0
    outer loop
      vertex -43.45 -44.6847 8
      vertex -43.7391 -44.832 0
      vertex -43.45 -44.6847 0
    endloop
  endfacet
  facet normal -0.629269 0.777187 0
    outer loop
      vertex -46.8221 -39.4921 0
      vertex -47.0743 -39.6963 8
      vertex -46.8221 -39.4921 8
    endloop
  endfacet
  facet normal -0.629269 0.777187 0
    outer loop
      vertex -47.0743 -39.6963 8
      vertex -46.8221 -39.4921 0
      vertex -47.0743 -39.6963 0
    endloop
  endfacet
  facet normal -0.707107 0.707107 0
    outer loop
      vertex -47.3037 -39.9257 0
      vertex -47.0743 -39.6963 8
      vertex -47.0743 -39.6963 0
    endloop
  endfacet
  facet normal -0.707107 0.707107 0
    outer loop
      vertex -47.0743 -39.6963 8
      vertex -47.3037 -39.9257 0
      vertex -47.3037 -39.9257 8
    endloop
  endfacet
  facet normal 0.838535 -0.544848 0
    outer loop
      vertex -42.4921 -43.8221 8
      vertex -42.3153 -43.55 0
      vertex -42.3153 -43.55 8
    endloop
  endfacet
  facet normal 0.838535 -0.544848 0
    outer loop
      vertex -42.3153 -43.55 0
      vertex -42.4921 -43.8221 8
      vertex -42.4921 -43.8221 0
    endloop
  endfacet
  facet normal 0.838535 0.544848 0
    outer loop
      vertex -42.3153 -40.45 8
      vertex -42.4921 -40.1779 0
      vertex -42.4921 -40.1779 8
    endloop
  endfacet
  facet normal 0.838535 0.544848 0
    outer loop
      vertex -42.4921 -40.1779 0
      vertex -42.3153 -40.45 8
      vertex -42.3153 -40.45 0
    endloop
  endfacet
  facet normal 0.629269 -0.777187 0
    outer loop
      vertex -43.1779 -44.5079 0
      vertex -42.9257 -44.3037 8
      vertex -43.1779 -44.5079 8
    endloop
  endfacet
  facet normal 0.629269 -0.777187 0
    outer loop
      vertex -42.9257 -44.3037 8
      vertex -43.1779 -44.5079 0
      vertex -42.9257 -44.3037 0
    endloop
  endfacet
  facet normal 0.358442 0.933552 -0
    outer loop
      vertex -43.7391 -39.168 0
      vertex -44.042 -39.0517 8
      vertex -43.7391 -39.168 8
    endloop
  endfacet
  facet normal 0.358442 0.933552 0
    outer loop
      vertex -44.042 -39.0517 8
      vertex -43.7391 -39.168 0
      vertex -44.042 -39.0517 0
    endloop
  endfacet
  facet normal 0.987718 -0.156247 0
    outer loop
      vertex -41.9677 -42.6445 8
      vertex -41.917 -42.324 0
      vertex -41.917 -42.324 8
    endloop
  endfacet
  facet normal 0.987718 -0.156247 0
    outer loop
      vertex -41.917 -42.324 0
      vertex -41.9677 -42.6445 8
      vertex -41.9677 -42.6445 0
    endloop
  endfacet
  facet normal -0.933552 -0.358442 0
    outer loop
      vertex -47.832 -43.2609 0
      vertex -47.9483 -42.958 8
      vertex -47.9483 -42.958 0
    endloop
  endfacet
  facet normal -0.933552 -0.358442 0
    outer loop
      vertex -47.9483 -42.958 8
      vertex -47.832 -43.2609 0
      vertex -47.832 -43.2609 8
    endloop
  endfacet
  facet normal -0.453981 0.891011 0
    outer loop
      vertex -46.2609 -39.168 0
      vertex -46.55 -39.3153 8
      vertex -46.2609 -39.168 8
    endloop
  endfacet
  facet normal -0.453981 0.891011 0
    outer loop
      vertex -46.55 -39.3153 8
      vertex -46.2609 -39.168 0
      vertex -46.55 -39.3153 0
    endloop
  endfacet
  facet normal -0.891011 -0.453981 0
    outer loop
      vertex -47.6847 -43.55 0
      vertex -47.832 -43.2609 8
      vertex -47.832 -43.2609 0
    endloop
  endfacet
  facet normal -0.891011 -0.453981 0
    outer loop
      vertex -47.832 -43.2609 8
      vertex -47.6847 -43.55 0
      vertex -47.6847 -43.55 8
    endloop
  endfacet
  facet normal -0.998626 -0.0523971 0
    outer loop
      vertex -48.083 -42.324 0
      vertex -48.1 -42 8
      vertex -48.1 -42 0
    endloop
  endfacet
  facet normal -0.998626 -0.0523971 0
    outer loop
      vertex -48.1 -42 8
      vertex -48.083 -42.324 0
      vertex -48.083 -42.324 8
    endloop
  endfacet
  facet normal -0.933552 0.358442 0
    outer loop
      vertex -47.9483 -41.042 0
      vertex -47.832 -40.7391 8
      vertex -47.832 -40.7391 0
    endloop
  endfacet
  facet normal -0.933552 0.358442 0
    outer loop
      vertex -47.832 -40.7391 8
      vertex -47.9483 -41.042 0
      vertex -47.9483 -41.042 8
    endloop
  endfacet
  facet normal -0.777187 -0.629269 0
    outer loop
      vertex -47.3037 -44.0743 0
      vertex -47.5079 -43.8221 8
      vertex -47.5079 -43.8221 0
    endloop
  endfacet
  facet normal -0.777187 -0.629269 0
    outer loop
      vertex -47.5079 -43.8221 8
      vertex -47.3037 -44.0743 0
      vertex -47.3037 -44.0743 8
    endloop
  endfacet
  facet normal -0.965927 0.258813 0
    outer loop
      vertex -48.0323 -41.3555 0
      vertex -47.9483 -41.042 8
      vertex -47.9483 -41.042 0
    endloop
  endfacet
  facet normal -0.965927 0.258813 0
    outer loop
      vertex -47.9483 -41.042 8
      vertex -48.0323 -41.3555 0
      vertex -48.0323 -41.3555 8
    endloop
  endfacet
  facet normal -0.707107 -0.707107 0
    outer loop
      vertex -47.0743 -44.3037 0
      vertex -47.3037 -44.0743 8
      vertex -47.3037 -44.0743 0
    endloop
  endfacet
  facet normal -0.707107 -0.707107 0
    outer loop
      vertex -47.3037 -44.0743 8
      vertex -47.0743 -44.3037 0
      vertex -47.0743 -44.3037 8
    endloop
  endfacet
  facet normal 0.544848 -0.838535 0
    outer loop
      vertex -43.45 -44.6847 0
      vertex -43.1779 -44.5079 8
      vertex -43.45 -44.6847 8
    endloop
  endfacet
  facet normal 0.544848 -0.838535 0
    outer loop
      vertex -43.1779 -44.5079 8
      vertex -43.45 -44.6847 0
      vertex -43.1779 -44.5079 0
    endloop
  endfacet
  facet normal -0.998626 0.0523971 0
    outer loop
      vertex -48.1 -42 0
      vertex -48.083 -41.676 8
      vertex -48.083 -41.676 0
    endloop
  endfacet
  facet normal -0.998626 0.0523971 0
    outer loop
      vertex -48.083 -41.676 8
      vertex -48.1 -42 0
      vertex -48.1 -42 8
    endloop
  endfacet
  facet normal -0.358212 -0.93364 0
    outer loop
      vertex -46.2609 -44.832 0
      vertex -46 -44.9321 8
      vertex -46.2609 -44.832 8
    endloop
  endfacet
  facet normal -0.358212 -0.93364 -0
    outer loop
      vertex -46 -44.9321 8
      vertex -46.2609 -44.832 0
      vertex -46 -44.9321 0
    endloop
  endfacet
  facet normal -0.544848 -0.838535 0
    outer loop
      vertex -46.8221 -44.5079 0
      vertex -46.55 -44.6847 8
      vertex -46.8221 -44.5079 8
    endloop
  endfacet
  facet normal -0.544848 -0.838535 -0
    outer loop
      vertex -46.55 -44.6847 8
      vertex -46.8221 -44.5079 0
      vertex -46.55 -44.6847 0
    endloop
  endfacet
  facet normal 0.707107 -0.707107 0
    outer loop
      vertex -42.9257 -44.3037 8
      vertex -42.6963 -44.0743 0
      vertex -42.6963 -44.0743 8
    endloop
  endfacet
  facet normal 0.707107 -0.707107 0
    outer loop
      vertex -42.6963 -44.0743 0
      vertex -42.9257 -44.3037 8
      vertex -42.9257 -44.3037 0
    endloop
  endfacet
  facet normal -0.9877 0.156361 0
    outer loop
      vertex -43.435 -42.3327 0
      vertex -43.4088 -42.1672 4
      vertex -43.4088 -42.1672 0
    endloop
  endfacet
  facet normal -0.9877 0.156361 0
    outer loop
      vertex -43.4088 -42.1672 4
      vertex -43.435 -42.3327 0
      vertex -43.435 -42.3327 4
    endloop
  endfacet
  facet normal -0.9877 -0.156361 0
    outer loop
      vertex -43.4088 -41.8328 0
      vertex -43.435 -41.6673 4
      vertex -43.435 -41.6673 0
    endloop
  endfacet
  facet normal -0.9877 -0.156361 0
    outer loop
      vertex -43.435 -41.6673 4
      vertex -43.4088 -41.8328 0
      vertex -43.4088 -41.8328 4
    endloop
  endfacet
  facet normal -0.998618 -0.0525588 0
    outer loop
      vertex -43.4 -42 0
      vertex -43.4088 -41.8328 4
      vertex -43.4088 -41.8328 0
    endloop
  endfacet
  facet normal -0.998618 -0.0525588 0
    outer loop
      vertex -43.4088 -41.8328 4
      vertex -43.4 -42 0
      vertex -43.4 -42 4
    endloop
  endfacet
  facet normal -0.965967 -0.258666 0
    outer loop
      vertex -43.435 -41.6673 0
      vertex -43.4783 -41.5056 4
      vertex -43.4783 -41.5056 0
    endloop
  endfacet
  facet normal -0.965967 -0.258666 0
    outer loop
      vertex -43.4783 -41.5056 4
      vertex -43.435 -41.6673 0
      vertex -43.435 -41.6673 4
    endloop
  endfacet
  facet normal -0.838784 -0.544464 0
    outer loop
      vertex -43.6144 -41.2 0
      vertex -43.7056 -41.0595 4
      vertex -43.7056 -41.0595 0
    endloop
  endfacet
  facet normal -0.838784 -0.544464 0
    outer loop
      vertex -43.7056 -41.0595 4
      vertex -43.6144 -41.2 0
      vertex -43.6144 -41.2 4
    endloop
  endfacet
  facet normal 0.0525588 -0.998618 0
    outer loop
      vertex -45.1672 -40.4088 0
      vertex -45 -40.4 4
      vertex -45.1672 -40.4088 4
    endloop
  endfacet
  facet normal 0.0525588 -0.998618 0
    outer loop
      vertex -45 -40.4 4
      vertex -45.1672 -40.4088 0
      vertex -45 -40.4 0
    endloop
  endfacet
  facet normal -0.998618 0.0525588 0
    outer loop
      vertex -43.4088 -42.1672 0
      vertex -43.4 -42 4
      vertex -43.4 -42 0
    endloop
  endfacet
  facet normal -0.998618 0.0525588 0
    outer loop
      vertex -43.4 -42 4
      vertex -43.4088 -42.1672 0
      vertex -43.4088 -42.1672 4
    endloop
  endfacet
  facet normal -0.777008 -0.62949 0
    outer loop
      vertex -43.7056 -41.0595 0
      vertex -43.811 -40.9294 4
      vertex -43.811 -40.9294 0
    endloop
  endfacet
  facet normal -0.777008 -0.62949 0
    outer loop
      vertex -43.811 -40.9294 4
      vertex -43.7056 -41.0595 0
      vertex -43.7056 -41.0595 4
    endloop
  endfacet
  facet normal 0.9877 0.156361 0
    outer loop
      vertex -46.565 -42.3327 4
      vertex -46.5912 -42.1672 0
      vertex -46.5912 -42.1672 4
    endloop
  endfacet
  facet normal 0.9877 0.156361 0
    outer loop
      vertex -46.5912 -42.1672 0
      vertex -46.565 -42.3327 4
      vertex -46.565 -42.3327 0
    endloop
  endfacet
  facet normal 0.890816 -0.454364 0
    outer loop
      vertex -46.4617 -41.3492 4
      vertex -46.3856 -41.2 0
      vertex -46.3856 -41.2 4
    endloop
  endfacet
  facet normal 0.890816 -0.454364 0
    outer loop
      vertex -46.3856 -41.2 0
      vertex -46.4617 -41.3492 4
      vertex -46.4617 -41.3492 0
    endloop
  endfacet
  facet normal -0.258666 -0.965967 0
    outer loop
      vertex -44.6673 -40.435 0
      vertex -44.5056 -40.4783 4
      vertex -44.6673 -40.435 4
    endloop
  endfacet
  facet normal -0.258666 -0.965967 -0
    outer loop
      vertex -44.5056 -40.4783 4
      vertex -44.6673 -40.435 0
      vertex -44.5056 -40.4783 0
    endloop
  endfacet
  facet normal -0.358179 -0.933653 0
    outer loop
      vertex -44.5056 -40.4783 0
      vertex -44.3492 -40.5383 4
      vertex -44.5056 -40.4783 4
    endloop
  endfacet
  facet normal -0.358179 -0.933653 -0
    outer loop
      vertex -44.3492 -40.5383 4
      vertex -44.5056 -40.4783 0
      vertex -44.3492 -40.5383 0
    endloop
  endfacet
  facet normal 0.965967 0.258666 0
    outer loop
      vertex -46.5217 -42.4944 4
      vertex -46.565 -42.3327 0
      vertex -46.565 -42.3327 4
    endloop
  endfacet
  facet normal 0.965967 0.258666 0
    outer loop
      vertex -46.565 -42.3327 0
      vertex -46.5217 -42.4944 4
      vertex -46.5217 -42.4944 0
    endloop
  endfacet
  facet normal -0.62949 -0.777008 0
    outer loop
      vertex -44.0595 -40.7056 0
      vertex -43.9294 -40.811 4
      vertex -44.0595 -40.7056 4
    endloop
  endfacet
  facet normal -0.62949 -0.777008 -0
    outer loop
      vertex -43.9294 -40.811 4
      vertex -44.0595 -40.7056 0
      vertex -43.9294 -40.811 0
    endloop
  endfacet
  facet normal 0.777008 -0.62949 0
    outer loop
      vertex -46.2944 -41.0595 4
      vertex -46.189 -40.9294 0
      vertex -46.189 -40.9294 4
    endloop
  endfacet
  facet normal 0.777008 -0.62949 0
    outer loop
      vertex -46.189 -40.9294 0
      vertex -46.2944 -41.0595 4
      vertex -46.2944 -41.0595 0
    endloop
  endfacet
  facet normal 0.258666 -0.965967 0
    outer loop
      vertex -45.4944 -40.4783 0
      vertex -45.3327 -40.435 4
      vertex -45.4944 -40.4783 4
    endloop
  endfacet
  facet normal 0.258666 -0.965967 0
    outer loop
      vertex -45.3327 -40.435 4
      vertex -45.4944 -40.4783 0
      vertex -45.3327 -40.435 0
    endloop
  endfacet
  facet normal 0.707107 -0.707107 0
    outer loop
      vertex -46.189 -40.9294 4
      vertex -46.0706 -40.811 0
      vertex -46.0706 -40.811 4
    endloop
  endfacet
  facet normal 0.707107 -0.707107 0
    outer loop
      vertex -46.0706 -40.811 0
      vertex -46.189 -40.9294 4
      vertex -46.189 -40.9294 0
    endloop
  endfacet
  facet normal 0.544464 -0.838784 0
    outer loop
      vertex -45.9405 -40.7056 0
      vertex -45.8 -40.6144 4
      vertex -45.9405 -40.7056 4
    endloop
  endfacet
  facet normal 0.544464 -0.838784 0
    outer loop
      vertex -45.8 -40.6144 4
      vertex -45.9405 -40.7056 0
      vertex -45.8 -40.6144 0
    endloop
  endfacet
  facet normal -0.965967 0.258666 0
    outer loop
      vertex -43.4783 -42.4944 0
      vertex -43.435 -42.3327 4
      vertex -43.435 -42.3327 0
    endloop
  endfacet
  facet normal -0.965967 0.258666 0
    outer loop
      vertex -43.435 -42.3327 4
      vertex -43.4783 -42.4944 0
      vertex -43.4783 -42.4944 4
    endloop
  endfacet
  facet normal -0.544464 -0.838784 0
    outer loop
      vertex -44.2 -40.6144 0
      vertex -44.0595 -40.7056 4
      vertex -44.2 -40.6144 4
    endloop
  endfacet
  facet normal -0.544464 -0.838784 -0
    outer loop
      vertex -44.0595 -40.7056 4
      vertex -44.2 -40.6144 0
      vertex -44.0595 -40.7056 0
    endloop
  endfacet
  facet normal 0.838784 0.544464 0
    outer loop
      vertex -46.2944 -42.9405 4
      vertex -46.3856 -42.8 0
      vertex -46.3856 -42.8 4
    endloop
  endfacet
  facet normal 0.838784 0.544464 0
    outer loop
      vertex -46.3856 -42.8 0
      vertex -46.2944 -42.9405 4
      vertex -46.2944 -42.9405 0
    endloop
  endfacet
  facet normal 0.454364 -0.890816 0
    outer loop
      vertex -45.8 -40.6144 0
      vertex -45.6508 -40.5383 4
      vertex -45.8 -40.6144 4
    endloop
  endfacet
  facet normal 0.454364 -0.890816 0
    outer loop
      vertex -45.6508 -40.5383 4
      vertex -45.8 -40.6144 0
      vertex -45.6508 -40.5383 0
    endloop
  endfacet
  facet normal 0 0 -1
    outer loop
      vertex -46 -43.2462 4
      vertex -46.0706 -43.189 4
      vertex -46 -42 4
    endloop
  endfacet
  facet normal 0 0 -1
    outer loop
      vertex -44 -42 4
      vertex -43.4 -42 4
      vertex -43.4088 -42.1672 4
    endloop
  endfacet
  facet normal 0 0 -1
    outer loop
      vertex -44 -42 4
      vertex -43.4088 -42.1672 4
      vertex -43.435 -42.3327 4
    endloop
  endfacet
  facet normal 0 0 -1
    outer loop
      vertex -43.4 -42 4
      vertex -44 -42 4
      vertex -43.4088 -41.8328 4
    endloop
  endfacet
  facet normal 0 0 -1
    outer loop
      vertex -44 -42 4
      vertex -43.435 -42.3327 4
      vertex -43.4783 -42.4944 4
    endloop
  endfacet
  facet normal 0 0 -1
    outer loop
      vertex -44.0055 -41.8955 4
      vertex -43.4088 -41.8328 4
      vertex -44 -42 4
    endloop
  endfacet
  facet normal 0 0 -1
    outer loop
      vertex -44 -42 4
      vertex -43.4783 -42.4944 4
      vertex -43.5383 -42.6508 4
    endloop
  endfacet
  facet normal -0 0 -1
    outer loop
      vertex -43.4088 -41.8328 4
      vertex -44.0055 -41.8955 4
      vertex -43.435 -41.6673 4
    endloop
  endfacet
  facet normal 0 0 -1
    outer loop
      vertex -44 -42 4
      vertex -43.5383 -42.6508 4
      vertex -43.6144 -42.8 4
    endloop
  endfacet
  facet normal 0 0 -1
    outer loop
      vertex -44.0219 -41.7921 4
      vertex -43.435 -41.6673 4
      vertex -44.0055 -41.8955 4
    endloop
  endfacet
  facet normal 0 0 -1
    outer loop
      vertex -44 -42 4
      vertex -43.6144 -42.8 4
      vertex -43.7056 -42.9405 4
    endloop
  endfacet
  facet normal -0 0 -1
    outer loop
      vertex -43.435 -41.6673 4
      vertex -44.0219 -41.7921 4
      vertex -43.4783 -41.5056 4
    endloop
  endfacet
  facet normal 0 0 -1
    outer loop
      vertex -44 -42 4
      vertex -43.7056 -42.9405 4
      vertex -43.811 -43.0706 4
    endloop
  endfacet
  facet normal 0 0 -1
    outer loop
      vertex -44.0489 -41.691 4
      vertex -43.4783 -41.5056 4
      vertex -44.0219 -41.7921 4
    endloop
  endfacet
  facet normal 0 0 -1
    outer loop
      vertex -44 -42 4
      vertex -43.811 -43.0706 4
      vertex -43.9294 -43.189 4
    endloop
  endfacet
  facet normal -0 0 -1
    outer loop
      vertex -43.4783 -41.5056 4
      vertex -44.0489 -41.691 4
      vertex -43.5383 -41.3492 4
    endloop
  endfacet
  facet normal 0 0 -1
    outer loop
      vertex -44 -42 4
      vertex -43.9294 -43.189 4
      vertex -44 -43.2462 4
    endloop
  endfacet
  facet normal 0 0 -1
    outer loop
      vertex -44.0865 -41.5933 4
      vertex -43.5383 -41.3492 4
      vertex -44.0489 -41.691 4
    endloop
  endfacet
  facet normal -0 0 -1
    outer loop
      vertex -43.5383 -41.3492 4
      vertex -44.0865 -41.5933 4
      vertex -43.6144 -41.2 4
    endloop
  endfacet
  facet normal 0 0 -1
    outer loop
      vertex -44.134 -41.5 4
      vertex -43.6144 -41.2 4
      vertex -44.0865 -41.5933 4
    endloop
  endfacet
  facet normal -0 0 -1
    outer loop
      vertex -43.6144 -41.2 4
      vertex -44.134 -41.5 4
      vertex -43.7056 -41.0595 4
    endloop
  endfacet
  facet normal 0 0 -1
    outer loop
      vertex -44.191 -41.4122 4
      vertex -43.7056 -41.0595 4
      vertex -44.134 -41.5 4
    endloop
  endfacet
  facet normal -0 0 -1
    outer loop
      vertex -43.7056 -41.0595 4
      vertex -44.191 -41.4122 4
      vertex -43.811 -40.9294 4
    endloop
  endfacet
  facet normal 0 0 -1
    outer loop
      vertex -44.2569 -41.3309 4
      vertex -43.811 -40.9294 4
      vertex -44.191 -41.4122 4
    endloop
  endfacet
  facet normal -0 0 -1
    outer loop
      vertex -43.811 -40.9294 4
      vertex -44.2569 -41.3309 4
      vertex -43.9294 -40.811 4
    endloop
  endfacet
  facet normal 0 0 -1
    outer loop
      vertex -44.3309 -41.2569 4
      vertex -43.9294 -40.811 4
      vertex -44.2569 -41.3309 4
    endloop
  endfacet
  facet normal -0 0 -1
    outer loop
      vertex -43.9294 -40.811 4
      vertex -44.3309 -41.2569 4
      vertex -44.0595 -40.7056 4
    endloop
  endfacet
  facet normal 0 0 -1
    outer loop
      vertex -44.4122 -41.191 4
      vertex -44.0595 -40.7056 4
      vertex -44.3309 -41.2569 4
    endloop
  endfacet
  facet normal -0 0 -1
    outer loop
      vertex -44.0595 -40.7056 4
      vertex -44.4122 -41.191 4
      vertex -44.2 -40.6144 4
    endloop
  endfacet
  facet normal 0 0 -1
    outer loop
      vertex -44.5 -41.134 4
      vertex -44.2 -40.6144 4
      vertex -44.4122 -41.191 4
    endloop
  endfacet
  facet normal -0 0 -1
    outer loop
      vertex -44.2 -40.6144 4
      vertex -44.5 -41.134 4
      vertex -44.3492 -40.5383 4
    endloop
  endfacet
  facet normal 0 0 -1
    outer loop
      vertex -44.5933 -41.0865 4
      vertex -44.3492 -40.5383 4
      vertex -44.5 -41.134 4
    endloop
  endfacet
  facet normal -0 0 -1
    outer loop
      vertex -44.3492 -40.5383 4
      vertex -44.5933 -41.0865 4
      vertex -44.5056 -40.4783 4
    endloop
  endfacet
  facet normal 0 0 -1
    outer loop
      vertex -44.691 -41.0489 4
      vertex -44.5056 -40.4783 4
      vertex -44.5933 -41.0865 4
    endloop
  endfacet
  facet normal -0 0 -1
    outer loop
      vertex -44.5056 -40.4783 4
      vertex -44.691 -41.0489 4
      vertex -44.6673 -40.435 4
    endloop
  endfacet
  facet normal 0 0 -1
    outer loop
      vertex -44.7921 -41.0219 4
      vertex -44.6673 -40.435 4
      vertex -44.691 -41.0489 4
    endloop
  endfacet
  facet normal 0 0 -1
    outer loop
      vertex -44.7921 -41.0219 4
      vertex -44.8328 -40.4088 4
      vertex -44.6673 -40.435 4
    endloop
  endfacet
  facet normal 0 0 -1
    outer loop
      vertex -44.8955 -41.0055 4
      vertex -44.8328 -40.4088 4
      vertex -44.7921 -41.0219 4
    endloop
  endfacet
  facet normal 0 0 -1
    outer loop
      vertex -45 -41 4
      vertex -44.8328 -40.4088 4
      vertex -44.8955 -41.0055 4
    endloop
  endfacet
  facet normal 0 0 -1
    outer loop
      vertex -45 -41 4
      vertex -45 -40.4 4
      vertex -44.8328 -40.4088 4
    endloop
  endfacet
  facet normal 0 0 -1
    outer loop
      vertex -45.1045 -41.0055 4
      vertex -45 -40.4 4
      vertex -45 -41 4
    endloop
  endfacet
  facet normal 0 0 -1
    outer loop
      vertex -45.1045 -41.0055 4
      vertex -45.1672 -40.4088 4
      vertex -45 -40.4 4
    endloop
  endfacet
  facet normal 0 0 -1
    outer loop
      vertex -45.2079 -41.0219 4
      vertex -45.1672 -40.4088 4
      vertex -45.1045 -41.0055 4
    endloop
  endfacet
  facet normal 0 0 -1
    outer loop
      vertex -45.3327 -40.435 4
      vertex -45.2079 -41.0219 4
      vertex -45.309 -41.0489 4
    endloop
  endfacet
  facet normal 0 0 -1
    outer loop
      vertex -45.2079 -41.0219 4
      vertex -45.3327 -40.435 4
      vertex -45.1672 -40.4088 4
    endloop
  endfacet
  facet normal 0 0 -1
    outer loop
      vertex -45.4944 -40.4783 4
      vertex -45.309 -41.0489 4
      vertex -45.4067 -41.0865 4
    endloop
  endfacet
  facet normal 0 0 -1
    outer loop
      vertex -45.309 -41.0489 4
      vertex -45.4944 -40.4783 4
      vertex -45.3327 -40.435 4
    endloop
  endfacet
  facet normal 0 0 -1
    outer loop
      vertex -45.6508 -40.5383 4
      vertex -45.4067 -41.0865 4
      vertex -45.5 -41.134 4
    endloop
  endfacet
  facet normal 0 0 -1
    outer loop
      vertex -45.8 -40.6144 4
      vertex -45.5 -41.134 4
      vertex -45.5878 -41.191 4
    endloop
  endfacet
  facet normal 0 0 -1
    outer loop
      vertex -45.4067 -41.0865 4
      vertex -45.6508 -40.5383 4
      vertex -45.4944 -40.4783 4
    endloop
  endfacet
  facet normal 0 0 -1
    outer loop
      vertex -45.9405 -40.7056 4
      vertex -45.5878 -41.191 4
      vertex -45.6691 -41.2569 4
    endloop
  endfacet
  facet normal 0 0 -1
    outer loop
      vertex -46.0706 -40.811 4
      vertex -45.6691 -41.2569 4
      vertex -45.7431 -41.3309 4
    endloop
  endfacet
  facet normal 0 0 -1
    outer loop
      vertex -45.5 -41.134 4
      vertex -45.8 -40.6144 4
      vertex -45.6508 -40.5383 4
    endloop
  endfacet
  facet normal 0 0 -1
    outer loop
      vertex -46.189 -40.9294 4
      vertex -45.7431 -41.3309 4
      vertex -45.809 -41.4122 4
    endloop
  endfacet
  facet normal 0 0 -1
    outer loop
      vertex -46.2944 -41.0595 4
      vertex -45.809 -41.4122 4
      vertex -45.866 -41.5 4
    endloop
  endfacet
  facet normal 0 0 -1
    outer loop
      vertex -46.3856 -41.2 4
      vertex -45.866 -41.5 4
      vertex -45.9135 -41.5933 4
    endloop
  endfacet
  facet normal 0 0 -1
    outer loop
      vertex -45.5878 -41.191 4
      vertex -45.9405 -40.7056 4
      vertex -45.8 -40.6144 4
    endloop
  endfacet
  facet normal 0 0 -1
    outer loop
      vertex -46.4617 -41.3492 4
      vertex -45.9135 -41.5933 4
      vertex -45.9511 -41.691 4
    endloop
  endfacet
  facet normal 0 0 -1
    outer loop
      vertex -46.5217 -41.5056 4
      vertex -45.9511 -41.691 4
      vertex -45.9781 -41.7921 4
    endloop
  endfacet
  facet normal 0 0 -1
    outer loop
      vertex -46.565 -41.6673 4
      vertex -45.9781 -41.7921 4
      vertex -45.9945 -41.8955 4
    endloop
  endfacet
  facet normal 0 0 -1
    outer loop
      vertex -46.5912 -41.8328 4
      vertex -45.9945 -41.8955 4
      vertex -46 -42 4
    endloop
  endfacet
  facet normal 0 0 -1
    outer loop
      vertex -46.189 -43.0706 4
      vertex -46 -42 4
      vertex -46.0706 -43.189 4
    endloop
  endfacet
  facet normal 0 0 -1
    outer loop
      vertex -45.6691 -41.2569 4
      vertex -46.0706 -40.811 4
      vertex -45.9405 -40.7056 4
    endloop
  endfacet
  facet normal 0 0 -1
    outer loop
      vertex -46.2944 -42.9405 4
      vertex -46 -42 4
      vertex -46.189 -43.0706 4
    endloop
  endfacet
  facet normal 0 0 -1
    outer loop
      vertex -45.7431 -41.3309 4
      vertex -46.189 -40.9294 4
      vertex -46.0706 -40.811 4
    endloop
  endfacet
  facet normal 0 0 -1
    outer loop
      vertex -46.3856 -42.8 4
      vertex -46 -42 4
      vertex -46.2944 -42.9405 4
    endloop
  endfacet
  facet normal 0 0 -1
    outer loop
      vertex -45.809 -41.4122 4
      vertex -46.2944 -41.0595 4
      vertex -46.189 -40.9294 4
    endloop
  endfacet
  facet normal 0 0 -1
    outer loop
      vertex -46.4617 -42.6508 4
      vertex -46 -42 4
      vertex -46.3856 -42.8 4
    endloop
  endfacet
  facet normal 0 0 -1
    outer loop
      vertex -45.866 -41.5 4
      vertex -46.3856 -41.2 4
      vertex -46.2944 -41.0595 4
    endloop
  endfacet
  facet normal 0 0 -1
    outer loop
      vertex -46.5217 -42.4944 4
      vertex -46 -42 4
      vertex -46.4617 -42.6508 4
    endloop
  endfacet
  facet normal 0 0 -1
    outer loop
      vertex -45.9135 -41.5933 4
      vertex -46.4617 -41.3492 4
      vertex -46.3856 -41.2 4
    endloop
  endfacet
  facet normal 0 0 -1
    outer loop
      vertex -46.565 -42.3327 4
      vertex -46 -42 4
      vertex -46.5217 -42.4944 4
    endloop
  endfacet
  facet normal 0 0 -1
    outer loop
      vertex -45.9511 -41.691 4
      vertex -46.5217 -41.5056 4
      vertex -46.4617 -41.3492 4
    endloop
  endfacet
  facet normal 0 0 -1
    outer loop
      vertex -46.5912 -42.1672 4
      vertex -46 -42 4
      vertex -46.565 -42.3327 4
    endloop
  endfacet
  facet normal 0 0 -1
    outer loop
      vertex -45.9781 -41.7921 4
      vertex -46.565 -41.6673 4
      vertex -46.5217 -41.5056 4
    endloop
  endfacet
  facet normal 0 0 -1
    outer loop
      vertex -46.6 -42 4
      vertex -46 -42 4
      vertex -46.5912 -42.1672 4
    endloop
  endfacet
  facet normal 0 0 -1
    outer loop
      vertex -45.9945 -41.8955 4
      vertex -46.5912 -41.8328 4
      vertex -46.565 -41.6673 4
    endloop
  endfacet
  facet normal 0 0 -1
    outer loop
      vertex -46 -42 4
      vertex -46.6 -42 4
      vertex -46.5912 -41.8328 4
    endloop
  endfacet
  facet normal 0.358179 -0.933653 0
    outer loop
      vertex -45.6508 -40.5383 0
      vertex -45.4944 -40.4783 4
      vertex -45.6508 -40.5383 4
    endloop
  endfacet
  facet normal 0.358179 -0.933653 0
    outer loop
      vertex -45.4944 -40.4783 4
      vertex -45.6508 -40.5383 0
      vertex -45.4944 -40.4783 0
    endloop
  endfacet
  facet normal -0.454364 -0.890816 0
    outer loop
      vertex -44.3492 -40.5383 0
      vertex -44.2 -40.6144 4
      vertex -44.3492 -40.5383 4
    endloop
  endfacet
  facet normal -0.454364 -0.890816 -0
    outer loop
      vertex -44.2 -40.6144 4
      vertex -44.3492 -40.5383 0
      vertex -44.2 -40.6144 0
    endloop
  endfacet
  facet normal -0.890816 0.454364 0
    outer loop
      vertex -43.6144 -42.8 0
      vertex -43.5383 -42.6508 4
      vertex -43.5383 -42.6508 0
    endloop
  endfacet
  facet normal -0.890816 0.454364 0
    outer loop
      vertex -43.5383 -42.6508 4
      vertex -43.6144 -42.8 0
      vertex -43.6144 -42.8 4
    endloop
  endfacet
  facet normal -0.707107 -0.707107 0
    outer loop
      vertex -43.811 -40.9294 0
      vertex -43.9294 -40.811 4
      vertex -43.9294 -40.811 0
    endloop
  endfacet
  facet normal -0.707107 -0.707107 0
    outer loop
      vertex -43.9294 -40.811 4
      vertex -43.811 -40.9294 0
      vertex -43.811 -40.9294 4
    endloop
  endfacet
  facet normal 0.629515 0.776989 -0
    outer loop
      vertex -46 -43.2462 0
      vertex -46.0706 -43.189 4
      vertex -46 -43.2462 4
    endloop
  endfacet
  facet normal 0.629515 0.776989 0
    outer loop
      vertex -46.0706 -43.189 4
      vertex -46 -43.2462 0
      vertex -46.0706 -43.189 0
    endloop
  endfacet
  facet normal -0.838784 0.544464 0
    outer loop
      vertex -43.7056 -42.9405 0
      vertex -43.6144 -42.8 4
      vertex -43.6144 -42.8 0
    endloop
  endfacet
  facet normal -0.838784 0.544464 0
    outer loop
      vertex -43.6144 -42.8 4
      vertex -43.7056 -42.9405 0
      vertex -43.7056 -42.9405 4
    endloop
  endfacet
  facet normal 0.156361 -0.9877 0
    outer loop
      vertex -45.3327 -40.435 0
      vertex -45.1672 -40.4088 4
      vertex -45.3327 -40.435 4
    endloop
  endfacet
  facet normal 0.156361 -0.9877 0
    outer loop
      vertex -45.1672 -40.4088 4
      vertex -45.3327 -40.435 0
      vertex -45.1672 -40.4088 0
    endloop
  endfacet
  facet normal -0.933653 -0.358179 0
    outer loop
      vertex -43.4783 -41.5056 0
      vertex -43.5383 -41.3492 4
      vertex -43.5383 -41.3492 0
    endloop
  endfacet
  facet normal -0.933653 -0.358179 0
    outer loop
      vertex -43.5383 -41.3492 4
      vertex -43.4783 -41.5056 0
      vertex -43.4783 -41.5056 4
    endloop
  endfacet
  facet normal -0.777008 0.62949 0
    outer loop
      vertex -43.811 -43.0706 0
      vertex -43.7056 -42.9405 4
      vertex -43.7056 -42.9405 0
    endloop
  endfacet
  facet normal -0.777008 0.62949 0
    outer loop
      vertex -43.7056 -42.9405 4
      vertex -43.811 -43.0706 0
      vertex -43.811 -43.0706 4
    endloop
  endfacet
  facet normal -0.933653 0.358179 0
    outer loop
      vertex -43.5383 -42.6508 0
      vertex -43.4783 -42.4944 4
      vertex -43.4783 -42.4944 0
    endloop
  endfacet
  facet normal -0.933653 0.358179 0
    outer loop
      vertex -43.4783 -42.4944 4
      vertex -43.5383 -42.6508 0
      vertex -43.5383 -42.6508 4
    endloop
  endfacet
  facet normal 0.9877 -0.156361 0
    outer loop
      vertex -46.5912 -41.8328 4
      vertex -46.565 -41.6673 0
      vertex -46.565 -41.6673 4
    endloop
  endfacet
  facet normal 0.9877 -0.156361 0
    outer loop
      vertex -46.565 -41.6673 0
      vertex -46.5912 -41.8328 4
      vertex -46.5912 -41.8328 0
    endloop
  endfacet
  facet normal -0.0525588 -0.998618 0
    outer loop
      vertex -45 -40.4 0
      vertex -44.8328 -40.4088 4
      vertex -45 -40.4 4
    endloop
  endfacet
  facet normal -0.0525588 -0.998618 -0
    outer loop
      vertex -44.8328 -40.4088 4
      vertex -45 -40.4 0
      vertex -44.8328 -40.4088 0
    endloop
  endfacet
  facet normal -0.890816 -0.454364 0
    outer loop
      vertex -43.5383 -41.3492 0
      vertex -43.6144 -41.2 4
      vertex -43.6144 -41.2 0
    endloop
  endfacet
  facet normal -0.890816 -0.454364 0
    outer loop
      vertex -43.6144 -41.2 4
      vertex -43.5383 -41.3492 0
      vertex -43.5383 -41.3492 4
    endloop
  endfacet
  facet normal 0.838784 -0.544464 0
    outer loop
      vertex -46.3856 -41.2 4
      vertex -46.2944 -41.0595 0
      vertex -46.2944 -41.0595 4
    endloop
  endfacet
  facet normal 0.838784 -0.544464 0
    outer loop
      vertex -46.2944 -41.0595 0
      vertex -46.3856 -41.2 4
      vertex -46.3856 -41.2 0
    endloop
  endfacet
  facet normal 0.62949 -0.777008 0
    outer loop
      vertex -46.0706 -40.811 0
      vertex -45.9405 -40.7056 4
      vertex -46.0706 -40.811 4
    endloop
  endfacet
  facet normal 0.62949 -0.777008 0
    outer loop
      vertex -45.9405 -40.7056 4
      vertex -46.0706 -40.811 0
      vertex -45.9405 -40.7056 0
    endloop
  endfacet
  facet normal 0.933653 0.358179 0
    outer loop
      vertex -46.4617 -42.6508 4
      vertex -46.5217 -42.4944 0
      vertex -46.5217 -42.4944 4
    endloop
  endfacet
  facet normal 0.933653 0.358179 0
    outer loop
      vertex -46.5217 -42.4944 0
      vertex -46.4617 -42.6508 4
      vertex -46.4617 -42.6508 0
    endloop
  endfacet
  facet normal 0.933653 -0.358179 0
    outer loop
      vertex -46.5217 -41.5056 4
      vertex -46.4617 -41.3492 0
      vertex -46.4617 -41.3492 4
    endloop
  endfacet
  facet normal 0.933653 -0.358179 0
    outer loop
      vertex -46.4617 -41.3492 0
      vertex -46.5217 -41.5056 4
      vertex -46.5217 -41.5056 0
    endloop
  endfacet
  facet normal 0.890816 0.454364 0
    outer loop
      vertex -46.3856 -42.8 4
      vertex -46.4617 -42.6508 0
      vertex -46.4617 -42.6508 4
    endloop
  endfacet
  facet normal 0.890816 0.454364 0
    outer loop
      vertex -46.4617 -42.6508 0
      vertex -46.3856 -42.8 4
      vertex -46.3856 -42.8 0
    endloop
  endfacet
  facet normal -0.629515 0.776989 0
    outer loop
      vertex -43.9294 -43.189 0
      vertex -44 -43.2462 4
      vertex -43.9294 -43.189 4
    endloop
  endfacet
  facet normal -0.629515 0.776989 0
    outer loop
      vertex -44 -43.2462 4
      vertex -43.9294 -43.189 0
      vertex -44 -43.2462 0
    endloop
  endfacet
  facet normal 0.998618 0.0525588 0
    outer loop
      vertex -46.5912 -42.1672 4
      vertex -46.6 -42 0
      vertex -46.6 -42 4
    endloop
  endfacet
  facet normal 0.998618 0.0525588 0
    outer loop
      vertex -46.6 -42 0
      vertex -46.5912 -42.1672 4
      vertex -46.5912 -42.1672 0
    endloop
  endfacet
  facet normal -0.156361 -0.9877 0
    outer loop
      vertex -44.8328 -40.4088 0
      vertex -44.6673 -40.435 4
      vertex -44.8328 -40.4088 4
    endloop
  endfacet
  facet normal -0.156361 -0.9877 -0
    outer loop
      vertex -44.6673 -40.435 4
      vertex -44.8328 -40.4088 0
      vertex -44.6673 -40.435 0
    endloop
  endfacet
  facet normal 0.777008 0.62949 0
    outer loop
      vertex -46.189 -43.0706 4
      vertex -46.2944 -42.9405 0
      vertex -46.2944 -42.9405 4
    endloop
  endfacet
  facet normal 0.777008 0.62949 0
    outer loop
      vertex -46.2944 -42.9405 0
      vertex -46.189 -43.0706 4
      vertex -46.189 -43.0706 0
    endloop
  endfacet
  facet normal 0.965967 -0.258666 0
    outer loop
      vertex -46.565 -41.6673 4
      vertex -46.5217 -41.5056 0
      vertex -46.5217 -41.5056 4
    endloop
  endfacet
  facet normal 0.965967 -0.258666 0
    outer loop
      vertex -46.5217 -41.5056 0
      vertex -46.565 -41.6673 4
      vertex -46.565 -41.6673 0
    endloop
  endfacet
  facet normal 0.707107 0.707107 0
    outer loop
      vertex -46.0706 -43.189 4
      vertex -46.189 -43.0706 0
      vertex -46.189 -43.0706 4
    endloop
  endfacet
  facet normal 0.707107 0.707107 0
    outer loop
      vertex -46.189 -43.0706 0
      vertex -46.0706 -43.189 4
      vertex -46.0706 -43.189 0
    endloop
  endfacet
  facet normal 0.998618 -0.0525588 0
    outer loop
      vertex -46.6 -42 4
      vertex -46.5912 -41.8328 0
      vertex -46.5912 -41.8328 4
    endloop
  endfacet
  facet normal 0.998618 -0.0525588 0
    outer loop
      vertex -46.5912 -41.8328 0
      vertex -46.6 -42 4
      vertex -46.6 -42 0
    endloop
  endfacet
  facet normal -0.707107 0.707107 0
    outer loop
      vertex -43.9294 -43.189 0
      vertex -43.811 -43.0706 4
      vertex -43.811 -43.0706 0
    endloop
  endfacet
  facet normal -0.707107 0.707107 0
    outer loop
      vertex -43.811 -43.0706 4
      vertex -43.9294 -43.189 0
      vertex -43.9294 -43.189 4
    endloop
  endfacet
  facet normal -0.629693 -0.776844 0
    outer loop
      vertex 44.3309 41.2569 0
      vertex 44.4122 41.191 4
      vertex 44.3309 41.2569 4
    endloop
  endfacet
  facet normal -0.629693 -0.776844 -0
    outer loop
      vertex 44.4122 41.191 4
      vertex 44.3309 41.2569 0
      vertex 44.4122 41.191 0
    endloop
  endfacet
  facet normal 0.453697 0.891156 -0
    outer loop
      vertex 45.5 48.866 1.41747
      vertex 45.4067 48.9135 8
      vertex 45.5 48.866 8
    endloop
  endfacet
  facet normal 0.453697 0.891156 0
    outer loop
      vertex 45.4067 48.9135 8
      vertex 45.5 48.866 1.41747
      vertex 45.4067 48.9135 1.35807
    endloop
  endfacet
  facet normal -0.156649 0.987654 0
    outer loop
      vertex 44.8955 48.9945 8
      vertex 44.7921 48.9781 1.27732
      vertex 44.7921 48.9781 8
    endloop
  endfacet
  facet normal -0.156649 0.987654 0
    outer loop
      vertex 44.7921 48.9781 1.27732
      vertex 44.8955 48.9945 8
      vertex 44.8955 48.9945 1.25685
    endloop
  endfacet
  facet normal -0.707107 -0.707107 0
    outer loop
      vertex 44.3309 41.2569 0
      vertex 44.2569 41.3309 4
      vertex 44.2569 41.3309 0
    endloop
  endfacet
  facet normal -0.707107 -0.707107 0
    outer loop
      vertex 44.2569 41.3309 4
      vertex 44.3309 41.2569 0
      vertex 44.3309 41.2569 4
    endloop
  endfacet
  facet normal -1 0 0
    outer loop
      vertex 44 46 5
      vertex 44 48 8
      vertex 44 48 2.5
    endloop
  endfacet
  facet normal -1 -0 0
    outer loop
      vertex 44 48 8
      vertex 44 46 5
      vertex 44 45.0769 8
    endloop
  endfacet
  facet normal -1 0 0
    outer loop
      vertex 44 42 0
      vertex 44 43.2462 3.44224
      vertex 44 43.2462 0
    endloop
  endfacet
  facet normal -1 0 0
    outer loop
      vertex 44 42 4
      vertex 44 43.2462 3.44224
      vertex 44 42 0
    endloop
  endfacet
  facet normal -1 0 0
    outer loop
      vertex 44 43.2462 3.44224
      vertex 44 42 4
      vertex 44 42.8 4
    endloop
  endfacet
  facet normal -1 0 0
    outer loop
      vertex 44 46 0
      vertex 44 44.9321 0
      vertex 44 44.9321 1.33483
    endloop
  endfacet
  facet normal -0.998618 -0.0525588 0
    outer loop
      vertex 44.0055 41.8955 0
      vertex 44 42 4
      vertex 44 42 0
    endloop
  endfacet
  facet normal -0.998618 -0.0525588 0
    outer loop
      vertex 44 42 4
      vertex 44.0055 41.8955 0
      vertex 44.0055 41.8955 4
    endloop
  endfacet
  facet normal -0.359171 -0.933272 0
    outer loop
      vertex 44.5933 41.0865 0
      vertex 44.691 41.0489 4
      vertex 44.5933 41.0865 4
    endloop
  endfacet
  facet normal -0.359171 -0.933272 -0
    outer loop
      vertex 44.691 41.0489 4
      vertex 44.5933 41.0865 0
      vertex 44.691 41.0489 0
    endloop
  endfacet
  facet normal -0.776844 -0.629693 0
    outer loop
      vertex 44.2569 41.3309 0
      vertex 44.191 41.4122 4
      vertex 44.191 41.4122 0
    endloop
  endfacet
  facet normal -0.776844 -0.629693 0
    outer loop
      vertex 44.191 41.4122 4
      vertex 44.2569 41.3309 0
      vertex 44.2569 41.3309 4
    endloop
  endfacet
  facet normal 0.0525588 -0.998618 0
    outer loop
      vertex 45 41 0
      vertex 45.1045 41.0055 4
      vertex 45 41 4
    endloop
  endfacet
  facet normal 0.0525588 -0.998618 0
    outer loop
      vertex 45.1045 41.0055 4
      vertex 45 41 0
      vertex 45.1045 41.0055 0
    endloop
  endfacet
  facet normal -0.25802 -0.96614 0
    outer loop
      vertex 44.691 41.0489 0
      vertex 44.7921 41.0219 4
      vertex 44.691 41.0489 4
    endloop
  endfacet
  facet normal -0.25802 -0.96614 -0
    outer loop
      vertex 44.7921 41.0219 4
      vertex 44.691 41.0489 0
      vertex 44.7921 41.0219 0
    endloop
  endfacet
  facet normal 0.96614 0.25802 -0
    outer loop
      vertex 45.9781 48.2079 2.24011
      vertex 45.9511 48.309 8
      vertex 45.9781 48.2079 8
    endloop
  endfacet
  facet normal 0.96614 0.25802 0
    outer loop
      vertex 45.9511 48.309 8
      vertex 45.9781 48.2079 2.24011
      vertex 45.9511 48.309 2.11373
    endloop
  endfacet
  facet normal -0.987654 0.156649 0
    outer loop
      vertex 44.0055 48.1045 2.36934
      vertex 44.0219 48.2079 8
      vertex 44.0219 48.2079 2.24011
    endloop
  endfacet
  facet normal -0.987654 0.156649 0
    outer loop
      vertex 44.0219 48.2079 8
      vertex 44.0055 48.1045 2.36934
      vertex 44.0055 48.1045 8
    endloop
  endfacet
  facet normal 0.776844 -0.629693 0
    outer loop
      vertex 45.7431 41.3309 4
      vertex 45.809 41.4122 0
      vertex 45.809 41.4122 4
    endloop
  endfacet
  facet normal 0.776844 -0.629693 0
    outer loop
      vertex 45.809 41.4122 0
      vertex 45.7431 41.3309 4
      vertex 45.7431 41.3309 0
    endloop
  endfacet
  facet normal -0.0525588 0.998618 0
    outer loop
      vertex 45 49 8
      vertex 44.8955 48.9945 1.25685
      vertex 44.8955 48.9945 8
    endloop
  endfacet
  facet normal -0.0525588 0.998618 0
    outer loop
      vertex 44.8955 48.9945 1.25685
      vertex 45 49 8
      vertex 45 49 1.25
    endloop
  endfacet
  facet normal 0.891156 0.453697 -0
    outer loop
      vertex 45.9135 48.4067 1.99158
      vertex 45.866 48.5 8
      vertex 45.9135 48.4067 8
    endloop
  endfacet
  facet normal 0.891156 0.453697 0
    outer loop
      vertex 45.866 48.5 8
      vertex 45.9135 48.4067 1.99158
      vertex 45.866 48.5 1.875
    endloop
  endfacet
  facet normal 0.838749 0.544518 -0
    outer loop
      vertex 45.866 48.5 1.875
      vertex 45.809 48.5878 8
      vertex 45.866 48.5 8
    endloop
  endfacet
  facet normal 0.838749 0.544518 0
    outer loop
      vertex 45.809 48.5878 8
      vertex 45.866 48.5 1.875
      vertex 45.809 48.5878 1.76527
    endloop
  endfacet
  facet normal -0.891156 -0.453697 0
    outer loop
      vertex 44.134 41.5 0
      vertex 44.0865 41.5933 4
      vertex 44.0865 41.5933 0
    endloop
  endfacet
  facet normal -0.891156 -0.453697 0
    outer loop
      vertex 44.0865 41.5933 4
      vertex 44.134 41.5 0
      vertex 44.134 41.5 4
    endloop
  endfacet
  facet normal -0.156649 -0.987654 0
    outer loop
      vertex 44.7921 41.0219 0
      vertex 44.8955 41.0055 4
      vertex 44.7921 41.0219 4
    endloop
  endfacet
  facet normal -0.156649 -0.987654 -0
    outer loop
      vertex 44.8955 41.0055 4
      vertex 44.7921 41.0219 0
      vertex 44.8955 41.0055 0
    endloop
  endfacet
  facet normal -0.987654 -0.156649 0
    outer loop
      vertex 44.0219 41.7921 0
      vertex 44.0055 41.8955 4
      vertex 44.0055 41.8955 0
    endloop
  endfacet
  facet normal -0.987654 -0.156649 0
    outer loop
      vertex 44.0055 41.8955 4
      vertex 44.0219 41.7921 0
      vertex 44.0219 41.7921 4
    endloop
  endfacet
  facet normal -0.707107 0.707107 0
    outer loop
      vertex 44.2569 48.6691 1.66359
      vertex 44.3309 48.7431 8
      vertex 44.3309 48.7431 1.57107
    endloop
  endfacet
  facet normal -0.707107 0.707107 0
    outer loop
      vertex 44.3309 48.7431 8
      vertex 44.2569 48.6691 1.66359
      vertex 44.2569 48.6691 8
    endloop
  endfacet
  facet normal -0.838749 0.544518 0
    outer loop
      vertex 44.134 48.5 1.875
      vertex 44.191 48.5878 8
      vertex 44.191 48.5878 1.76527
    endloop
  endfacet
  facet normal -0.838749 0.544518 0
    outer loop
      vertex 44.191 48.5878 8
      vertex 44.134 48.5 1.875
      vertex 44.134 48.5 8
    endloop
  endfacet
  facet normal 0.629693 0.776844 -0
    outer loop
      vertex 45.6691 48.7431 1.57107
      vertex 45.5878 48.809 8
      vertex 45.6691 48.7431 8
    endloop
  endfacet
  facet normal 0.629693 0.776844 0
    outer loop
      vertex 45.5878 48.809 8
      vertex 45.6691 48.7431 1.57107
      vertex 45.5878 48.809 1.48873
    endloop
  endfacet
  facet normal 0.838749 -0.544518 0
    outer loop
      vertex 45.809 41.4122 4
      vertex 45.866 41.5 0
      vertex 45.866 41.5 4
    endloop
  endfacet
  facet normal 0.838749 -0.544518 0
    outer loop
      vertex 45.866 41.5 0
      vertex 45.809 41.4122 4
      vertex 45.809 41.4122 0
    endloop
  endfacet
  facet normal -0.933272 -0.359171 0
    outer loop
      vertex 44.0865 41.5933 0
      vertex 44.0489 41.691 4
      vertex 44.0489 41.691 0
    endloop
  endfacet
  facet normal -0.933272 -0.359171 0
    outer loop
      vertex 44.0489 41.691 4
      vertex 44.0865 41.5933 0
      vertex 44.0865 41.5933 4
    endloop
  endfacet
  facet normal 1 0 0
    outer loop
      vertex 46 48 8
      vertex 46 46 5
      vertex 46 48 2.5
    endloop
  endfacet
  facet normal 1 0 -0
    outer loop
      vertex 46 46 5
      vertex 46 48 8
      vertex 46 45.0769 8
    endloop
  endfacet
  facet normal 1 -0 0
    outer loop
      vertex 46 42 4
      vertex 46 43.2462 3.44224
      vertex 46 42.8 4
    endloop
  endfacet
  facet normal 1 0 0
    outer loop
      vertex 46 43.2462 3.44224
      vertex 46 42 4
      vertex 46 42 0
    endloop
  endfacet
  facet normal 1 0 0
    outer loop
      vertex 46 43.2462 3.44224
      vertex 46 42 0
      vertex 46 43.2462 0
    endloop
  endfacet
  facet normal 1 0 0
    outer loop
      vertex 46 44.9321 1.33483
      vertex 46 44.9321 0
      vertex 46 46 0
    endloop
  endfacet
  facet normal -0.96614 -0.25802 0
    outer loop
      vertex 44.0489 41.691 0
      vertex 44.0219 41.7921 4
      vertex 44.0219 41.7921 0
    endloop
  endfacet
  facet normal -0.96614 -0.25802 0
    outer loop
      vertex 44.0219 41.7921 4
      vertex 44.0489 41.691 0
      vertex 44.0489 41.691 4
    endloop
  endfacet
  facet normal -0.544518 0.838749 0
    outer loop
      vertex 44.5 48.866 8
      vertex 44.4122 48.809 1.48873
      vertex 44.4122 48.809 8
    endloop
  endfacet
  facet normal -0.544518 0.838749 0
    outer loop
      vertex 44.4122 48.809 1.48873
      vertex 44.5 48.866 8
      vertex 44.5 48.866 1.41747
    endloop
  endfacet
  facet normal 0.933272 0.359171 -0
    outer loop
      vertex 45.9511 48.309 2.11373
      vertex 45.9135 48.4067 8
      vertex 45.9511 48.309 8
    endloop
  endfacet
  facet normal 0.933272 0.359171 0
    outer loop
      vertex 45.9135 48.4067 8
      vertex 45.9511 48.309 2.11373
      vertex 45.9135 48.4067 1.99158
    endloop
  endfacet
  facet normal -0.838749 -0.544518 0
    outer loop
      vertex 44.191 41.4122 0
      vertex 44.134 41.5 4
      vertex 44.134 41.5 0
    endloop
  endfacet
  facet normal -0.838749 -0.544518 0
    outer loop
      vertex 44.134 41.5 4
      vertex 44.191 41.4122 0
      vertex 44.191 41.4122 4
    endloop
  endfacet
  facet normal 0.998618 -0.0525588 0
    outer loop
      vertex 45.9945 41.8955 4
      vertex 46 42 0
      vertex 46 42 4
    endloop
  endfacet
  facet normal 0.998618 -0.0525588 0
    outer loop
      vertex 46 42 0
      vertex 45.9945 41.8955 4
      vertex 45.9945 41.8955 0
    endloop
  endfacet
  facet normal -0.998618 0.0525588 0
    outer loop
      vertex 44 48 2.5
      vertex 44.0055 48.1045 8
      vertex 44.0055 48.1045 2.36934
    endloop
  endfacet
  facet normal -0.998618 0.0525588 0
    outer loop
      vertex 44.0055 48.1045 8
      vertex 44 48 2.5
      vertex 44 48 8
    endloop
  endfacet
  facet normal 0.707107 -0.707107 0
    outer loop
      vertex 45.6691 41.2569 0
      vertex 45.7431 41.3309 4
      vertex 45.6691 41.2569 4
    endloop
  endfacet
  facet normal 0.707107 -0.707107 0
    outer loop
      vertex 45.7431 41.3309 4
      vertex 45.6691 41.2569 0
      vertex 45.7431 41.3309 0
    endloop
  endfacet
  facet normal 0.998618 0.0525588 -0
    outer loop
      vertex 46 48 2.5
      vertex 45.9945 48.1045 8
      vertex 46 48 8
    endloop
  endfacet
  facet normal 0.998618 0.0525588 0
    outer loop
      vertex 45.9945 48.1045 8
      vertex 46 48 2.5
      vertex 45.9945 48.1045 2.36934
    endloop
  endfacet
  facet normal 0.453697 -0.891156 0
    outer loop
      vertex 45.4067 41.0865 0
      vertex 45.5 41.134 4
      vertex 45.4067 41.0865 4
    endloop
  endfacet
  facet normal 0.453697 -0.891156 0
    outer loop
      vertex 45.5 41.134 4
      vertex 45.4067 41.0865 0
      vertex 45.5 41.134 0
    endloop
  endfacet
  facet normal 0.987654 -0.156649 0
    outer loop
      vertex 45.9781 41.7921 4
      vertex 45.9945 41.8955 0
      vertex 45.9945 41.8955 4
    endloop
  endfacet
  facet normal 0.987654 -0.156649 0
    outer loop
      vertex 45.9945 41.8955 0
      vertex 45.9781 41.7921 4
      vertex 45.9781 41.7921 0
    endloop
  endfacet
  facet normal -0.96614 0.25802 0
    outer loop
      vertex 44.0219 48.2079 2.24011
      vertex 44.0489 48.309 8
      vertex 44.0489 48.309 2.11373
    endloop
  endfacet
  facet normal -0.96614 0.25802 0
    outer loop
      vertex 44.0489 48.309 8
      vertex 44.0219 48.2079 2.24011
      vertex 44.0219 48.2079 8
    endloop
  endfacet
  facet normal 0.359171 -0.933272 0
    outer loop
      vertex 45.309 41.0489 0
      vertex 45.4067 41.0865 4
      vertex 45.309 41.0489 4
    endloop
  endfacet
  facet normal 0.359171 -0.933272 0
    outer loop
      vertex 45.4067 41.0865 4
      vertex 45.309 41.0489 0
      vertex 45.4067 41.0865 0
    endloop
  endfacet
  facet normal 0.544518 0.838749 -0
    outer loop
      vertex 45.5878 48.809 1.48873
      vertex 45.5 48.866 8
      vertex 45.5878 48.809 8
    endloop
  endfacet
  facet normal 0.544518 0.838749 0
    outer loop
      vertex 45.5 48.866 8
      vertex 45.5878 48.809 1.48873
      vertex 45.5 48.866 1.41747
    endloop
  endfacet
  facet normal 0.96614 -0.25802 0
    outer loop
      vertex 45.9511 41.691 4
      vertex 45.9781 41.7921 0
      vertex 45.9781 41.7921 4
    endloop
  endfacet
  facet normal 0.96614 -0.25802 0
    outer loop
      vertex 45.9781 41.7921 0
      vertex 45.9511 41.691 4
      vertex 45.9511 41.691 0
    endloop
  endfacet
  facet normal -0.776844 0.629693 0
    outer loop
      vertex 44.191 48.5878 1.76527
      vertex 44.2569 48.6691 8
      vertex 44.2569 48.6691 1.66359
    endloop
  endfacet
  facet normal -0.776844 0.629693 0
    outer loop
      vertex 44.2569 48.6691 8
      vertex 44.191 48.5878 1.76527
      vertex 44.191 48.5878 8
    endloop
  endfacet
  facet normal 0.359171 0.933272 -0
    outer loop
      vertex 45.4067 48.9135 1.35807
      vertex 45.309 48.9511 8
      vertex 45.4067 48.9135 8
    endloop
  endfacet
  facet normal 0.359171 0.933272 0
    outer loop
      vertex 45.309 48.9511 8
      vertex 45.4067 48.9135 1.35807
      vertex 45.309 48.9511 1.31118
    endloop
  endfacet
  facet normal -0.25802 0.96614 0
    outer loop
      vertex 44.7921 48.9781 8
      vertex 44.691 48.9511 1.31118
      vertex 44.691 48.9511 8
    endloop
  endfacet
  facet normal -0.25802 0.96614 0
    outer loop
      vertex 44.691 48.9511 1.31118
      vertex 44.7921 48.9781 8
      vertex 44.7921 48.9781 1.27732
    endloop
  endfacet
  facet normal 0.776844 0.629693 -0
    outer loop
      vertex 45.809 48.5878 1.76527
      vertex 45.7431 48.6691 8
      vertex 45.809 48.5878 8
    endloop
  endfacet
  facet normal 0.776844 0.629693 0
    outer loop
      vertex 45.7431 48.6691 8
      vertex 45.809 48.5878 1.76527
      vertex 45.7431 48.6691 1.66359
    endloop
  endfacet
  facet normal 0.987654 0.156649 -0
    outer loop
      vertex 45.9945 48.1045 2.36934
      vertex 45.9781 48.2079 8
      vertex 45.9945 48.1045 8
    endloop
  endfacet
  facet normal 0.987654 0.156649 0
    outer loop
      vertex 45.9781 48.2079 8
      vertex 45.9945 48.1045 2.36934
      vertex 45.9781 48.2079 2.24011
    endloop
  endfacet
  facet normal -0.629693 0.776844 0
    outer loop
      vertex 44.4122 48.809 8
      vertex 44.3309 48.7431 1.57107
      vertex 44.3309 48.7431 8
    endloop
  endfacet
  facet normal -0.629693 0.776844 0
    outer loop
      vertex 44.3309 48.7431 1.57107
      vertex 44.4122 48.809 8
      vertex 44.4122 48.809 1.48873
    endloop
  endfacet
  facet normal 0.25802 0.96614 -0
    outer loop
      vertex 45.309 48.9511 1.31118
      vertex 45.2079 48.9781 8
      vertex 45.309 48.9511 8
    endloop
  endfacet
  facet normal 0.25802 0.96614 0
    outer loop
      vertex 45.2079 48.9781 8
      vertex 45.309 48.9511 1.31118
      vertex 45.2079 48.9781 1.27732
    endloop
  endfacet
  facet normal 0.0525588 0.998618 -0
    outer loop
      vertex 45.1045 48.9945 1.25685
      vertex 45 49 8
      vertex 45.1045 48.9945 8
    endloop
  endfacet
  facet normal 0.0525588 0.998618 0
    outer loop
      vertex 45 49 8
      vertex 45.1045 48.9945 1.25685
      vertex 45 49 1.25
    endloop
  endfacet
  facet normal -0.453697 -0.891156 0
    outer loop
      vertex 44.5 41.134 0
      vertex 44.5933 41.0865 4
      vertex 44.5 41.134 4
    endloop
  endfacet
  facet normal -0.453697 -0.891156 -0
    outer loop
      vertex 44.5933 41.0865 4
      vertex 44.5 41.134 0
      vertex 44.5933 41.0865 0
    endloop
  endfacet
  facet normal 0.156649 0.987654 -0
    outer loop
      vertex 45.2079 48.9781 1.27732
      vertex 45.1045 48.9945 8
      vertex 45.2079 48.9781 8
    endloop
  endfacet
  facet normal 0.156649 0.987654 0
    outer loop
      vertex 45.1045 48.9945 8
      vertex 45.2079 48.9781 1.27732
      vertex 45.1045 48.9945 1.25685
    endloop
  endfacet
  facet normal 0.891156 -0.453697 0
    outer loop
      vertex 45.866 41.5 4
      vertex 45.9135 41.5933 0
      vertex 45.9135 41.5933 4
    endloop
  endfacet
  facet normal 0.891156 -0.453697 0
    outer loop
      vertex 45.9135 41.5933 0
      vertex 45.866 41.5 4
      vertex 45.866 41.5 0
    endloop
  endfacet
  facet normal 0.707107 0.707107 -0
    outer loop
      vertex 45.7431 48.6691 1.66359
      vertex 45.6691 48.7431 8
      vertex 45.7431 48.6691 8
    endloop
  endfacet
  facet normal 0.707107 0.707107 0
    outer loop
      vertex 45.6691 48.7431 8
      vertex 45.7431 48.6691 1.66359
      vertex 45.6691 48.7431 1.57107
    endloop
  endfacet
  facet normal -0.933272 0.359171 0
    outer loop
      vertex 44.0489 48.309 2.11373
      vertex 44.0865 48.4067 8
      vertex 44.0865 48.4067 1.99158
    endloop
  endfacet
  facet normal -0.933272 0.359171 0
    outer loop
      vertex 44.0865 48.4067 8
      vertex 44.0489 48.309 2.11373
      vertex 44.0489 48.309 8
    endloop
  endfacet
  facet normal 0.629693 -0.776844 0
    outer loop
      vertex 45.5878 41.191 0
      vertex 45.6691 41.2569 4
      vertex 45.5878 41.191 4
    endloop
  endfacet
  facet normal 0.629693 -0.776844 0
    outer loop
      vertex 45.6691 41.2569 4
      vertex 45.5878 41.191 0
      vertex 45.6691 41.2569 0
    endloop
  endfacet
  facet normal 0.544518 -0.838749 0
    outer loop
      vertex 45.5 41.134 0
      vertex 45.5878 41.191 4
      vertex 45.5 41.134 4
    endloop
  endfacet
  facet normal 0.544518 -0.838749 0
    outer loop
      vertex 45.5878 41.191 4
      vertex 45.5 41.134 0
      vertex 45.5878 41.191 0
    endloop
  endfacet
  facet normal -0.891156 0.453697 0
    outer loop
      vertex 44.0865 48.4067 1.99158
      vertex 44.134 48.5 8
      vertex 44.134 48.5 1.875
    endloop
  endfacet
  facet normal -0.891156 0.453697 0
    outer loop
      vertex 44.134 48.5 8
      vertex 44.0865 48.4067 1.99158
      vertex 44.0865 48.4067 8
    endloop
  endfacet
  facet normal -0.453697 0.891156 0
    outer loop
      vertex 44.5933 48.9135 8
      vertex 44.5 48.866 1.41747
      vertex 44.5 48.866 8
    endloop
  endfacet
  facet normal -0.453697 0.891156 0
    outer loop
      vertex 44.5 48.866 1.41747
      vertex 44.5933 48.9135 8
      vertex 44.5933 48.9135 1.35807
    endloop
  endfacet
  facet normal 0.933272 -0.359171 0
    outer loop
      vertex 45.9135 41.5933 4
      vertex 45.9511 41.691 0
      vertex 45.9511 41.691 4
    endloop
  endfacet
  facet normal 0.933272 -0.359171 0
    outer loop
      vertex 45.9511 41.691 0
      vertex 45.9135 41.5933 4
      vertex 45.9135 41.5933 0
    endloop
  endfacet
  facet normal -0.359171 0.933272 0
    outer loop
      vertex 44.691 48.9511 8
      vertex 44.5933 48.9135 1.35807
      vertex 44.5933 48.9135 8
    endloop
  endfacet
  facet normal -0.359171 0.933272 0
    outer loop
      vertex 44.5933 48.9135 1.35807
      vertex 44.691 48.9511 8
      vertex 44.691 48.9511 1.31118
    endloop
  endfacet
  facet normal -0.0525588 -0.998618 0
    outer loop
      vertex 44.8955 41.0055 0
      vertex 45 41 4
      vertex 44.8955 41.0055 4
    endloop
  endfacet
  facet normal -0.0525588 -0.998618 -0
    outer loop
      vertex 45 41 4
      vertex 44.8955 41.0055 0
      vertex 45 41 0
    endloop
  endfacet
  facet normal 0.156649 -0.987654 0
    outer loop
      vertex 45.1045 41.0055 0
      vertex 45.2079 41.0219 4
      vertex 45.1045 41.0055 4
    endloop
  endfacet
  facet normal 0.156649 -0.987654 0
    outer loop
      vertex 45.2079 41.0219 4
      vertex 45.1045 41.0055 0
      vertex 45.2079 41.0219 0
    endloop
  endfacet
  facet normal 0.25802 -0.96614 0
    outer loop
      vertex 45.2079 41.0219 0
      vertex 45.309 41.0489 4
      vertex 45.2079 41.0219 4
    endloop
  endfacet
  facet normal 0.25802 -0.96614 0
    outer loop
      vertex 45.309 41.0489 4
      vertex 45.2079 41.0219 0
      vertex 45.309 41.0489 0
    endloop
  endfacet
  facet normal -0.544518 -0.838749 0
    outer loop
      vertex 44.4122 41.191 0
      vertex 44.5 41.134 4
      vertex 44.4122 41.191 4
    endloop
  endfacet
  facet normal -0.544518 -0.838749 -0
    outer loop
      vertex 44.5 41.134 4
      vertex 44.4122 41.191 0
      vertex 44.5 41.134 0
    endloop
  endfacet
  facet normal 0.707107 -0.707107 0
    outer loop
      vertex -44.3309 41.2569 4
      vertex -44.2569 41.3309 0
      vertex -44.2569 41.3309 4
    endloop
  endfacet
  facet normal 0.707107 -0.707107 0
    outer loop
      vertex -44.2569 41.3309 0
      vertex -44.3309 41.2569 4
      vertex -44.3309 41.2569 0
    endloop
  endfacet
  facet normal 0.987654 0.156649 -0
    outer loop
      vertex -44.0055 48.1045 2.36934
      vertex -44.0219 48.2079 8
      vertex -44.0055 48.1045 8
    endloop
  endfacet
  facet normal 0.987654 0.156649 0
    outer loop
      vertex -44.0219 48.2079 8
      vertex -44.0055 48.1045 2.36934
      vertex -44.0219 48.2079 2.24011
    endloop
  endfacet
  facet normal -0.891156 -0.453697 0
    outer loop
      vertex -45.866 41.5 0
      vertex -45.9135 41.5933 4
      vertex -45.9135 41.5933 0
    endloop
  endfacet
  facet normal -0.891156 -0.453697 0
    outer loop
      vertex -45.9135 41.5933 4
      vertex -45.866 41.5 0
      vertex -45.866 41.5 4
    endloop
  endfacet
  facet normal -0.453697 -0.891156 0
    outer loop
      vertex -45.5 41.134 0
      vertex -45.4067 41.0865 4
      vertex -45.5 41.134 4
    endloop
  endfacet
  facet normal -0.453697 -0.891156 -0
    outer loop
      vertex -45.4067 41.0865 4
      vertex -45.5 41.134 0
      vertex -45.4067 41.0865 0
    endloop
  endfacet
  facet normal -0.25802 -0.96614 0
    outer loop
      vertex -45.309 41.0489 0
      vertex -45.2079 41.0219 4
      vertex -45.309 41.0489 4
    endloop
  endfacet
  facet normal -0.25802 -0.96614 -0
    outer loop
      vertex -45.2079 41.0219 4
      vertex -45.309 41.0489 0
      vertex -45.2079 41.0219 0
    endloop
  endfacet
  facet normal -0.629693 -0.776844 0
    outer loop
      vertex -45.6691 41.2569 0
      vertex -45.5878 41.191 4
      vertex -45.6691 41.2569 4
    endloop
  endfacet
  facet normal -0.629693 -0.776844 -0
    outer loop
      vertex -45.5878 41.191 4
      vertex -45.6691 41.2569 0
      vertex -45.5878 41.191 0
    endloop
  endfacet
  facet normal -0.0525588 0.998618 0
    outer loop
      vertex -45 49 8
      vertex -45.1045 48.9945 1.25685
      vertex -45.1045 48.9945 8
    endloop
  endfacet
  facet normal -0.0525588 0.998618 0
    outer loop
      vertex -45.1045 48.9945 1.25685
      vertex -45 49 8
      vertex -45 49 1.25
    endloop
  endfacet
  facet normal 0.96614 0.25802 -0
    outer loop
      vertex -44.0219 48.2079 2.24011
      vertex -44.0489 48.309 8
      vertex -44.0219 48.2079 8
    endloop
  endfacet
  facet normal 0.96614 0.25802 0
    outer loop
      vertex -44.0489 48.309 8
      vertex -44.0219 48.2079 2.24011
      vertex -44.0489 48.309 2.11373
    endloop
  endfacet
  facet normal -0.987654 -0.156649 0
    outer loop
      vertex -45.9781 41.7921 0
      vertex -45.9945 41.8955 4
      vertex -45.9945 41.8955 0
    endloop
  endfacet
  facet normal -0.987654 -0.156649 0
    outer loop
      vertex -45.9945 41.8955 4
      vertex -45.9781 41.7921 0
      vertex -45.9781 41.7921 4
    endloop
  endfacet
  facet normal -0.998618 -0.0525588 0
    outer loop
      vertex -45.9945 41.8955 0
      vertex -46 42 4
      vertex -46 42 0
    endloop
  endfacet
  facet normal -0.998618 -0.0525588 0
    outer loop
      vertex -46 42 4
      vertex -45.9945 41.8955 0
      vertex -45.9945 41.8955 4
    endloop
  endfacet
  facet normal 0.707107 0.707107 -0
    outer loop
      vertex -44.2569 48.6691 1.66359
      vertex -44.3309 48.7431 8
      vertex -44.2569 48.6691 8
    endloop
  endfacet
  facet normal 0.707107 0.707107 0
    outer loop
      vertex -44.3309 48.7431 8
      vertex -44.2569 48.6691 1.66359
      vertex -44.3309 48.7431 1.57107
    endloop
  endfacet
  facet normal -0.933272 -0.359171 0
    outer loop
      vertex -45.9135 41.5933 0
      vertex -45.9511 41.691 4
      vertex -45.9511 41.691 0
    endloop
  endfacet
  facet normal -0.933272 -0.359171 0
    outer loop
      vertex -45.9511 41.691 4
      vertex -45.9135 41.5933 0
      vertex -45.9135 41.5933 4
    endloop
  endfacet
  facet normal -1 0 0
    outer loop
      vertex -46 46 5
      vertex -46 48 8
      vertex -46 48 2.5
    endloop
  endfacet
  facet normal -1 -0 0
    outer loop
      vertex -46 48 8
      vertex -46 46 5
      vertex -46 45.0769 8
    endloop
  endfacet
  facet normal -1 0 0
    outer loop
      vertex -46 42 0
      vertex -46 43.2462 3.44224
      vertex -46 43.2462 0
    endloop
  endfacet
  facet normal -1 0 0
    outer loop
      vertex -46 42 4
      vertex -46 43.2462 3.44224
      vertex -46 42 0
    endloop
  endfacet
  facet normal -1 0 0
    outer loop
      vertex -46 43.2462 3.44224
      vertex -46 42 4
      vertex -46 42.8 4
    endloop
  endfacet
  facet normal -1 0 0
    outer loop
      vertex -46 46 0
      vertex -46 44.9321 0
      vertex -46 44.9321 1.33483
    endloop
  endfacet
  facet normal 0.933272 -0.359171 0
    outer loop
      vertex -44.0865 41.5933 4
      vertex -44.0489 41.691 0
      vertex -44.0489 41.691 4
    endloop
  endfacet
  facet normal 0.933272 -0.359171 0
    outer loop
      vertex -44.0489 41.691 0
      vertex -44.0865 41.5933 4
      vertex -44.0865 41.5933 0
    endloop
  endfacet
  facet normal 0.156649 0.987654 -0
    outer loop
      vertex -44.7921 48.9781 1.27732
      vertex -44.8955 48.9945 8
      vertex -44.7921 48.9781 8
    endloop
  endfacet
  facet normal 0.156649 0.987654 0
    outer loop
      vertex -44.8955 48.9945 8
      vertex -44.7921 48.9781 1.27732
      vertex -44.8955 48.9945 1.25685
    endloop
  endfacet
  facet normal 0.96614 -0.25802 0
    outer loop
      vertex -44.0489 41.691 4
      vertex -44.0219 41.7921 0
      vertex -44.0219 41.7921 4
    endloop
  endfacet
  facet normal 0.96614 -0.25802 0
    outer loop
      vertex -44.0219 41.7921 0
      vertex -44.0489 41.691 4
      vertex -44.0489 41.691 0
    endloop
  endfacet
  facet normal 0.987654 -0.156649 0
    outer loop
      vertex -44.0219 41.7921 4
      vertex -44.0055 41.8955 0
      vertex -44.0055 41.8955 4
    endloop
  endfacet
  facet normal 0.987654 -0.156649 0
    outer loop
      vertex -44.0055 41.8955 0
      vertex -44.0219 41.7921 4
      vertex -44.0219 41.7921 0
    endloop
  endfacet
  facet normal -0.707107 -0.707107 0
    outer loop
      vertex -45.7431 41.3309 0
      vertex -45.6691 41.2569 4
      vertex -45.7431 41.3309 4
    endloop
  endfacet
  facet normal -0.707107 -0.707107 -0
    outer loop
      vertex -45.6691 41.2569 4
      vertex -45.7431 41.3309 0
      vertex -45.6691 41.2569 0
    endloop
  endfacet
  facet normal -0.838749 -0.544518 0
    outer loop
      vertex -45.809 41.4122 0
      vertex -45.866 41.5 4
      vertex -45.866 41.5 0
    endloop
  endfacet
  facet normal -0.838749 -0.544518 0
    outer loop
      vertex -45.866 41.5 4
      vertex -45.809 41.4122 0
      vertex -45.809 41.4122 4
    endloop
  endfacet
  facet normal 0.776844 -0.629693 0
    outer loop
      vertex -44.2569 41.3309 4
      vertex -44.191 41.4122 0
      vertex -44.191 41.4122 4
    endloop
  endfacet
  facet normal 0.776844 -0.629693 0
    outer loop
      vertex -44.191 41.4122 0
      vertex -44.2569 41.3309 4
      vertex -44.2569 41.3309 0
    endloop
  endfacet
  facet normal -0.96614 0.25802 0
    outer loop
      vertex -45.9781 48.2079 2.24011
      vertex -45.9511 48.309 8
      vertex -45.9511 48.309 2.11373
    endloop
  endfacet
  facet normal -0.96614 0.25802 0
    outer loop
      vertex -45.9511 48.309 8
      vertex -45.9781 48.2079 2.24011
      vertex -45.9781 48.2079 8
    endloop
  endfacet
  facet normal -0.776844 -0.629693 0
    outer loop
      vertex -45.7431 41.3309 0
      vertex -45.809 41.4122 4
      vertex -45.809 41.4122 0
    endloop
  endfacet
  facet normal -0.776844 -0.629693 0
    outer loop
      vertex -45.809 41.4122 4
      vertex -45.7431 41.3309 0
      vertex -45.7431 41.3309 4
    endloop
  endfacet
  facet normal 0.838749 -0.544518 0
    outer loop
      vertex -44.191 41.4122 4
      vertex -44.134 41.5 0
      vertex -44.134 41.5 4
    endloop
  endfacet
  facet normal 0.838749 -0.544518 0
    outer loop
      vertex -44.134 41.5 0
      vertex -44.191 41.4122 4
      vertex -44.191 41.4122 0
    endloop
  endfacet
  facet normal -0.453697 0.891156 0
    outer loop
      vertex -45.4067 48.9135 8
      vertex -45.5 48.866 1.41747
      vertex -45.5 48.866 8
    endloop
  endfacet
  facet normal -0.453697 0.891156 0
    outer loop
      vertex -45.5 48.866 1.41747
      vertex -45.4067 48.9135 8
      vertex -45.4067 48.9135 1.35807
    endloop
  endfacet
  facet normal 0.933272 0.359171 -0
    outer loop
      vertex -44.0489 48.309 2.11373
      vertex -44.0865 48.4067 8
      vertex -44.0489 48.309 8
    endloop
  endfacet
  facet normal 0.933272 0.359171 0
    outer loop
      vertex -44.0865 48.4067 8
      vertex -44.0489 48.309 2.11373
      vertex -44.0865 48.4067 1.99158
    endloop
  endfacet
  facet normal -0.544518 0.838749 0
    outer loop
      vertex -45.5 48.866 8
      vertex -45.5878 48.809 1.48873
      vertex -45.5878 48.809 8
    endloop
  endfacet
  facet normal -0.544518 0.838749 0
    outer loop
      vertex -45.5878 48.809 1.48873
      vertex -45.5 48.866 8
      vertex -45.5 48.866 1.41747
    endloop
  endfacet
  facet normal -0.359171 -0.933272 0
    outer loop
      vertex -45.4067 41.0865 0
      vertex -45.309 41.0489 4
      vertex -45.4067 41.0865 4
    endloop
  endfacet
  facet normal -0.359171 -0.933272 -0
    outer loop
      vertex -45.309 41.0489 4
      vertex -45.4067 41.0865 0
      vertex -45.309 41.0489 0
    endloop
  endfacet
  facet normal 0.998618 -0.0525588 0
    outer loop
      vertex -44.0055 41.8955 4
      vertex -44 42 0
      vertex -44 42 4
    endloop
  endfacet
  facet normal 0.998618 -0.0525588 0
    outer loop
      vertex -44 42 0
      vertex -44.0055 41.8955 4
      vertex -44.0055 41.8955 0
    endloop
  endfacet
  facet normal -0.707107 0.707107 0
    outer loop
      vertex -45.7431 48.6691 1.66359
      vertex -45.6691 48.7431 8
      vertex -45.6691 48.7431 1.57107
    endloop
  endfacet
  facet normal -0.707107 0.707107 0
    outer loop
      vertex -45.6691 48.7431 8
      vertex -45.7431 48.6691 1.66359
      vertex -45.7431 48.6691 8
    endloop
  endfacet
  facet normal -0.838749 0.544518 0
    outer loop
      vertex -45.866 48.5 1.875
      vertex -45.809 48.5878 8
      vertex -45.809 48.5878 1.76527
    endloop
  endfacet
  facet normal -0.838749 0.544518 0
    outer loop
      vertex -45.809 48.5878 8
      vertex -45.866 48.5 1.875
      vertex -45.866 48.5 8
    endloop
  endfacet
  facet normal -0.96614 -0.25802 0
    outer loop
      vertex -45.9511 41.691 0
      vertex -45.9781 41.7921 4
      vertex -45.9781 41.7921 0
    endloop
  endfacet
  facet normal -0.96614 -0.25802 0
    outer loop
      vertex -45.9781 41.7921 4
      vertex -45.9511 41.691 0
      vertex -45.9511 41.691 4
    endloop
  endfacet
  facet normal 1 0 0
    outer loop
      vertex -44 48 8
      vertex -44 46 5
      vertex -44 48 2.5
    endloop
  endfacet
  facet normal 1 0 -0
    outer loop
      vertex -44 46 5
      vertex -44 48 8
      vertex -44 45.0769 8
    endloop
  endfacet
  facet normal 1 -0 0
    outer loop
      vertex -44 42 4
      vertex -44 43.2462 3.44224
      vertex -44 42.8 4
    endloop
  endfacet
  facet normal 1 0 0
    outer loop
      vertex -44 43.2462 3.44224
      vertex -44 42 4
      vertex -44 42 0
    endloop
  endfacet
  facet normal 1 0 0
    outer loop
      vertex -44 43.2462 3.44224
      vertex -44 42 0
      vertex -44 43.2462 0
    endloop
  endfacet
  facet normal 1 0 0
    outer loop
      vertex -44 44.9321 1.33483
      vertex -44 44.9321 0
      vertex -44 46 0
    endloop
  endfacet
  facet normal 0.25802 0.96614 -0
    outer loop
      vertex -44.691 48.9511 1.31118
      vertex -44.7921 48.9781 8
      vertex -44.691 48.9511 8
    endloop
  endfacet
  facet normal 0.25802 0.96614 0
    outer loop
      vertex -44.7921 48.9781 8
      vertex -44.691 48.9511 1.31118
      vertex -44.7921 48.9781 1.27732
    endloop
  endfacet
  facet normal -0.998618 0.0525588 0
    outer loop
      vertex -46 48 2.5
      vertex -45.9945 48.1045 8
      vertex -45.9945 48.1045 2.36934
    endloop
  endfacet
  facet normal -0.998618 0.0525588 0
    outer loop
      vertex -45.9945 48.1045 8
      vertex -46 48 2.5
      vertex -46 48 8
    endloop
  endfacet
  facet normal 0.998618 0.0525588 -0
    outer loop
      vertex -44 48 2.5
      vertex -44.0055 48.1045 8
      vertex -44 48 8
    endloop
  endfacet
  facet normal 0.998618 0.0525588 0
    outer loop
      vertex -44.0055 48.1045 8
      vertex -44 48 2.5
      vertex -44.0055 48.1045 2.36934
    endloop
  endfacet
  facet normal 0.891156 -0.453697 0
    outer loop
      vertex -44.134 41.5 4
      vertex -44.0865 41.5933 0
      vertex -44.0865 41.5933 4
    endloop
  endfacet
  facet normal 0.891156 -0.453697 0
    outer loop
      vertex -44.0865 41.5933 0
      vertex -44.134 41.5 4
      vertex -44.134 41.5 0
    endloop
  endfacet
  facet normal 0.544518 -0.838749 0
    outer loop
      vertex -44.5 41.134 0
      vertex -44.4122 41.191 4
      vertex -44.5 41.134 4
    endloop
  endfacet
  facet normal 0.544518 -0.838749 0
    outer loop
      vertex -44.4122 41.191 4
      vertex -44.5 41.134 0
      vertex -44.4122 41.191 0
    endloop
  endfacet
  facet normal -0.987654 0.156649 0
    outer loop
      vertex -45.9945 48.1045 2.36934
      vertex -45.9781 48.2079 8
      vertex -45.9781 48.2079 2.24011
    endloop
  endfacet
  facet normal -0.987654 0.156649 0
    outer loop
      vertex -45.9781 48.2079 8
      vertex -45.9945 48.1045 2.36934
      vertex -45.9945 48.1045 8
    endloop
  endfacet
  facet normal 0.629693 -0.776844 0
    outer loop
      vertex -44.4122 41.191 0
      vertex -44.3309 41.2569 4
      vertex -44.4122 41.191 4
    endloop
  endfacet
  facet normal 0.629693 -0.776844 0
    outer loop
      vertex -44.3309 41.2569 4
      vertex -44.4122 41.191 0
      vertex -44.3309 41.2569 0
    endloop
  endfacet
  facet normal 0.453697 0.891156 -0
    outer loop
      vertex -44.5 48.866 1.41747
      vertex -44.5933 48.9135 8
      vertex -44.5 48.866 8
    endloop
  endfacet
  facet normal 0.453697 0.891156 0
    outer loop
      vertex -44.5933 48.9135 8
      vertex -44.5 48.866 1.41747
      vertex -44.5933 48.9135 1.35807
    endloop
  endfacet
  facet normal 0.359171 0.933272 -0
    outer loop
      vertex -44.5933 48.9135 1.35807
      vertex -44.691 48.9511 8
      vertex -44.5933 48.9135 8
    endloop
  endfacet
  facet normal 0.359171 0.933272 0
    outer loop
      vertex -44.691 48.9511 8
      vertex -44.5933 48.9135 1.35807
      vertex -44.691 48.9511 1.31118
    endloop
  endfacet
  facet normal 0.544518 0.838749 -0
    outer loop
      vertex -44.4122 48.809 1.48873
      vertex -44.5 48.866 8
      vertex -44.4122 48.809 8
    endloop
  endfacet
  facet normal 0.544518 0.838749 0
    outer loop
      vertex -44.5 48.866 8
      vertex -44.4122 48.809 1.48873
      vertex -44.5 48.866 1.41747
    endloop
  endfacet
  facet normal -0.156649 0.987654 0
    outer loop
      vertex -45.1045 48.9945 8
      vertex -45.2079 48.9781 1.27732
      vertex -45.2079 48.9781 8
    endloop
  endfacet
  facet normal -0.156649 0.987654 0
    outer loop
      vertex -45.2079 48.9781 1.27732
      vertex -45.1045 48.9945 8
      vertex -45.1045 48.9945 1.25685
    endloop
  endfacet
  facet normal -0.25802 0.96614 0
    outer loop
      vertex -45.2079 48.9781 8
      vertex -45.309 48.9511 1.31118
      vertex -45.309 48.9511 8
    endloop
  endfacet
  facet normal -0.25802 0.96614 0
    outer loop
      vertex -45.309 48.9511 1.31118
      vertex -45.2079 48.9781 8
      vertex -45.2079 48.9781 1.27732
    endloop
  endfacet
  facet normal 0.0525588 0.998618 -0
    outer loop
      vertex -44.8955 48.9945 1.25685
      vertex -45 49 8
      vertex -44.8955 48.9945 8
    endloop
  endfacet
  facet normal 0.0525588 0.998618 0
    outer loop
      vertex -45 49 8
      vertex -44.8955 48.9945 1.25685
      vertex -45 49 1.25
    endloop
  endfacet
  facet normal -0.629693 0.776844 0
    outer loop
      vertex -45.5878 48.809 8
      vertex -45.6691 48.7431 1.57107
      vertex -45.6691 48.7431 8
    endloop
  endfacet
  facet normal -0.629693 0.776844 0
    outer loop
      vertex -45.6691 48.7431 1.57107
      vertex -45.5878 48.809 8
      vertex -45.5878 48.809 1.48873
    endloop
  endfacet
  facet normal 0.838749 0.544518 -0
    outer loop
      vertex -44.134 48.5 1.875
      vertex -44.191 48.5878 8
      vertex -44.134 48.5 8
    endloop
  endfacet
  facet normal 0.838749 0.544518 0
    outer loop
      vertex -44.191 48.5878 8
      vertex -44.134 48.5 1.875
      vertex -44.191 48.5878 1.76527
    endloop
  endfacet
  facet normal -0.776844 0.629693 0
    outer loop
      vertex -45.809 48.5878 1.76527
      vertex -45.7431 48.6691 8
      vertex -45.7431 48.6691 1.66359
    endloop
  endfacet
  facet normal -0.776844 0.629693 0
    outer loop
      vertex -45.7431 48.6691 8
      vertex -45.809 48.5878 1.76527
      vertex -45.809 48.5878 8
    endloop
  endfacet
  facet normal 0.629693 0.776844 -0
    outer loop
      vertex -44.3309 48.7431 1.57107
      vertex -44.4122 48.809 8
      vertex -44.3309 48.7431 8
    endloop
  endfacet
  facet normal 0.629693 0.776844 0
    outer loop
      vertex -44.4122 48.809 8
      vertex -44.3309 48.7431 1.57107
      vertex -44.4122 48.809 1.48873
    endloop
  endfacet
  facet normal 0.891156 0.453697 -0
    outer loop
      vertex -44.0865 48.4067 1.99158
      vertex -44.134 48.5 8
      vertex -44.0865 48.4067 8
    endloop
  endfacet
  facet normal 0.891156 0.453697 0
    outer loop
      vertex -44.134 48.5 8
      vertex -44.0865 48.4067 1.99158
      vertex -44.134 48.5 1.875
    endloop
  endfacet
  facet normal 0.776844 0.629693 -0
    outer loop
      vertex -44.191 48.5878 1.76527
      vertex -44.2569 48.6691 8
      vertex -44.191 48.5878 8
    endloop
  endfacet
  facet normal 0.776844 0.629693 0
    outer loop
      vertex -44.2569 48.6691 8
      vertex -44.191 48.5878 1.76527
      vertex -44.2569 48.6691 1.66359
    endloop
  endfacet
  facet normal -0.933272 0.359171 0
    outer loop
      vertex -45.9511 48.309 2.11373
      vertex -45.9135 48.4067 8
      vertex -45.9135 48.4067 1.99158
    endloop
  endfacet
  facet normal -0.933272 0.359171 0
    outer loop
      vertex -45.9135 48.4067 8
      vertex -45.9511 48.309 2.11373
      vertex -45.9511 48.309 8
    endloop
  endfacet
  facet normal 0.0525588 -0.998618 0
    outer loop
      vertex -45 41 0
      vertex -44.8955 41.0055 4
      vertex -45 41 4
    endloop
  endfacet
  facet normal 0.0525588 -0.998618 0
    outer loop
      vertex -44.8955 41.0055 4
      vertex -45 41 0
      vertex -44.8955 41.0055 0
    endloop
  endfacet
  facet normal -0.0525588 -0.998618 0
    outer loop
      vertex -45.1045 41.0055 0
      vertex -45 41 4
      vertex -45.1045 41.0055 4
    endloop
  endfacet
  facet normal -0.0525588 -0.998618 -0
    outer loop
      vertex -45 41 4
      vertex -45.1045 41.0055 0
      vertex -45 41 0
    endloop
  endfacet
  facet normal -0.891156 0.453697 0
    outer loop
      vertex -45.9135 48.4067 1.99158
      vertex -45.866 48.5 8
      vertex -45.866 48.5 1.875
    endloop
  endfacet
  facet normal -0.891156 0.453697 0
    outer loop
      vertex -45.866 48.5 8
      vertex -45.9135 48.4067 1.99158
      vertex -45.9135 48.4067 8
    endloop
  endfacet
  facet normal 0.453697 -0.891156 0
    outer loop
      vertex -44.5933 41.0865 0
      vertex -44.5 41.134 4
      vertex -44.5933 41.0865 4
    endloop
  endfacet
  facet normal 0.453697 -0.891156 0
    outer loop
      vertex -44.5 41.134 4
      vertex -44.5933 41.0865 0
      vertex -44.5 41.134 0
    endloop
  endfacet
  facet normal 0.359171 -0.933272 0
    outer loop
      vertex -44.691 41.0489 0
      vertex -44.5933 41.0865 4
      vertex -44.691 41.0489 4
    endloop
  endfacet
  facet normal 0.359171 -0.933272 0
    outer loop
      vertex -44.5933 41.0865 4
      vertex -44.691 41.0489 0
      vertex -44.5933 41.0865 0
    endloop
  endfacet
  facet normal -0.359171 0.933272 0
    outer loop
      vertex -45.309 48.9511 8
      vertex -45.4067 48.9135 1.35807
      vertex -45.4067 48.9135 8
    endloop
  endfacet
  facet normal -0.359171 0.933272 0
    outer loop
      vertex -45.4067 48.9135 1.35807
      vertex -45.309 48.9511 8
      vertex -45.309 48.9511 1.31118
    endloop
  endfacet
  facet normal 0.156649 -0.987654 0
    outer loop
      vertex -44.8955 41.0055 0
      vertex -44.7921 41.0219 4
      vertex -44.8955 41.0055 4
    endloop
  endfacet
  facet normal 0.156649 -0.987654 0
    outer loop
      vertex -44.7921 41.0219 4
      vertex -44.8955 41.0055 0
      vertex -44.7921 41.0219 0
    endloop
  endfacet
  facet normal 0.25802 -0.96614 0
    outer loop
      vertex -44.7921 41.0219 0
      vertex -44.691 41.0489 4
      vertex -44.7921 41.0219 4
    endloop
  endfacet
  facet normal 0.25802 -0.96614 0
    outer loop
      vertex -44.691 41.0489 4
      vertex -44.7921 41.0219 0
      vertex -44.691 41.0489 0
    endloop
  endfacet
  facet normal -0.156649 -0.987654 0
    outer loop
      vertex -45.2079 41.0219 0
      vertex -45.1045 41.0055 4
      vertex -45.2079 41.0219 4
    endloop
  endfacet
  facet normal -0.156649 -0.987654 -0
    outer loop
      vertex -45.1045 41.0055 4
      vertex -45.2079 41.0219 0
      vertex -45.1045 41.0055 0
    endloop
  endfacet
  facet normal -0.544518 -0.838749 0
    outer loop
      vertex -45.5878 41.191 0
      vertex -45.5 41.134 4
      vertex -45.5878 41.191 4
    endloop
  endfacet
  facet normal -0.544518 -0.838749 -0
    outer loop
      vertex -45.5 41.134 4
      vertex -45.5878 41.191 0
      vertex -45.5 41.134 0
    endloop
  endfacet
  facet normal 0.838749 -0.544518 0
    outer loop
      vertex 45.809 -48.5878 7.76335
      vertex 45.866 -48.5 8
      vertex 45.809 -48.5878 8
    endloop
  endfacet
  facet normal 0.838749 -0.544518 0
    outer loop
      vertex 45.866 -48.5 8
      vertex 45.809 -48.5878 7.76335
      vertex 45.866 -48.5 7.5
    endloop
  endfacet
  facet normal -0.777107 -0.629368 -0
    outer loop
      vertex 44.191 -48.5878 8
      vertex 44.191 -48.5878 7.76335
      vertex 44.2549 -48.6667 8
    endloop
  endfacet
  facet normal -0.838749 0.544518 0
    outer loop
      vertex 44.134 -41.5 0
      vertex 44.191 -41.4122 4
      vertex 44.191 -41.4122 0
    endloop
  endfacet
  facet normal -0.838749 0.544518 0
    outer loop
      vertex 44.191 -41.4122 4
      vertex 44.134 -41.5 0
      vertex 44.134 -41.5 4
    endloop
  endfacet
  facet normal -0.987654 0.156649 0
    outer loop
      vertex 44.0055 -41.8955 0
      vertex 44.0219 -41.7921 4
      vertex 44.0219 -41.7921 0
    endloop
  endfacet
  facet normal -0.987654 0.156649 0
    outer loop
      vertex 44.0219 -41.7921 4
      vertex 44.0055 -41.8955 0
      vertex 44.0055 -41.8955 4
    endloop
  endfacet
  facet normal -1 0 0
    outer loop
      vertex 44 -48 6
      vertex 44 -44.9321 0
      vertex 44 -46 0
    endloop
  endfacet
  facet normal -1 0 0
    outer loop
      vertex 44 -44.9321 0
      vertex 44 -48 6
      vertex 44 -44.9321 8
    endloop
  endfacet
  facet normal -1 -0 0
    outer loop
      vertex 44 -44.9321 8
      vertex 44 -48 6
      vertex 44 -48 8
    endloop
  endfacet
  facet normal -1 0 0
    outer loop
      vertex 44 -43.2462 0
      vertex 44 -42 4
      vertex 44 -42 0
    endloop
  endfacet
  facet normal -1 -0 0
    outer loop
      vertex 44 -42 4
      vertex 44 -43.2462 0
      vertex 44 -43.2462 4
    endloop
  endfacet
  facet normal -0.998618 0.0525588 0
    outer loop
      vertex 44 -42 0
      vertex 44.0055 -41.8955 4
      vertex 44.0055 -41.8955 0
    endloop
  endfacet
  facet normal -0.998618 0.0525588 0
    outer loop
      vertex 44.0055 -41.8955 4
      vertex 44 -42 0
      vertex 44 -42 4
    endloop
  endfacet
  facet normal 1 -0 0
    outer loop
      vertex 46 -48 6
      vertex 46 -44.9321 0
      vertex 46 -44.9321 8
    endloop
  endfacet
  facet normal 1 0 0
    outer loop
      vertex 46 -48 6
      vertex 46 -44.9321 8
      vertex 46 -48 8
    endloop
  endfacet
  facet normal 1 0 0
    outer loop
      vertex 46 -44.9321 0
      vertex 46 -48 6
      vertex 46 -46 0
    endloop
  endfacet
  facet normal 1 -0 0
    outer loop
      vertex 46 -43.2462 4
      vertex 46 -42 0
      vertex 46 -42 4
    endloop
  endfacet
  facet normal 1 0 0
    outer loop
      vertex 46 -42 0
      vertex 46 -43.2462 4
      vertex 46 -43.2462 0
    endloop
  endfacet
  facet normal 0.96614 -0.25802 0
    outer loop
      vertex 45.9511 -48.309 6.92705
      vertex 45.9781 -48.2079 8
      vertex 45.9511 -48.309 8
    endloop
  endfacet
  facet normal 0.96614 -0.25802 0
    outer loop
      vertex 45.9781 -48.2079 8
      vertex 45.9511 -48.309 6.92705
      vertex 45.9781 -48.2079 6.62373
    endloop
  endfacet
  facet normal -0.776844 0.629693 0
    outer loop
      vertex 44.191 -41.4122 0
      vertex 44.2569 -41.3309 4
      vertex 44.2569 -41.3309 0
    endloop
  endfacet
  facet normal -0.776844 0.629693 0
    outer loop
      vertex 44.2569 -41.3309 4
      vertex 44.191 -41.4122 0
      vertex 44.191 -41.4122 4
    endloop
  endfacet
  facet normal -0.707107 0.707107 0
    outer loop
      vertex 44.2569 -41.3309 0
      vertex 44.3309 -41.2569 4
      vertex 44.3309 -41.2569 0
    endloop
  endfacet
  facet normal -0.707107 0.707107 0
    outer loop
      vertex 44.3309 -41.2569 4
      vertex 44.2569 -41.3309 0
      vertex 44.2569 -41.3309 4
    endloop
  endfacet
  facet normal -0.453697 0.891156 0
    outer loop
      vertex 44.5933 -41.0865 0
      vertex 44.5 -41.134 4
      vertex 44.5933 -41.0865 4
    endloop
  endfacet
  facet normal -0.453697 0.891156 0
    outer loop
      vertex 44.5 -41.134 4
      vertex 44.5933 -41.0865 0
      vertex 44.5 -41.134 0
    endloop
  endfacet
  facet normal 0.891156 0.453697 0
    outer loop
      vertex 45.9135 -41.5933 4
      vertex 45.866 -41.5 0
      vertex 45.866 -41.5 4
    endloop
  endfacet
  facet normal 0.891156 0.453697 0
    outer loop
      vertex 45.866 -41.5 0
      vertex 45.9135 -41.5933 4
      vertex 45.9135 -41.5933 0
    endloop
  endfacet
  facet normal 0.544518 0.838749 -0
    outer loop
      vertex 45.5878 -41.191 0
      vertex 45.5 -41.134 4
      vertex 45.5878 -41.191 4
    endloop
  endfacet
  facet normal 0.544518 0.838749 0
    outer loop
      vertex 45.5 -41.134 4
      vertex 45.5878 -41.191 0
      vertex 45.5 -41.134 0
    endloop
  endfacet
  facet normal 0.156649 0.987654 -0
    outer loop
      vertex 45.2079 -41.0219 0
      vertex 45.1045 -41.0055 4
      vertex 45.2079 -41.0219 4
    endloop
  endfacet
  facet normal 0.156649 0.987654 0
    outer loop
      vertex 45.1045 -41.0055 4
      vertex 45.2079 -41.0219 0
      vertex 45.1045 -41.0055 0
    endloop
  endfacet
  facet normal 0.987654 -0.156649 0
    outer loop
      vertex 45.9781 -48.2079 6.62373
      vertex 45.9945 -48.1045 8
      vertex 45.9781 -48.2079 8
    endloop
  endfacet
  facet normal 0.987654 -0.156649 0
    outer loop
      vertex 45.9945 -48.1045 8
      vertex 45.9781 -48.2079 6.62373
      vertex 45.9945 -48.1045 6.31359
    endloop
  endfacet
  facet normal -0.933272 0.359171 0
    outer loop
      vertex 44.0489 -41.691 0
      vertex 44.0865 -41.5933 4
      vertex 44.0865 -41.5933 0
    endloop
  endfacet
  facet normal -0.933272 0.359171 0
    outer loop
      vertex 44.0865 -41.5933 4
      vertex 44.0489 -41.691 0
      vertex 44.0489 -41.691 4
    endloop
  endfacet
  facet normal -0.156649 0.987654 0
    outer loop
      vertex 44.8955 -41.0055 0
      vertex 44.7921 -41.0219 4
      vertex 44.8955 -41.0055 4
    endloop
  endfacet
  facet normal -0.156649 0.987654 0
    outer loop
      vertex 44.7921 -41.0219 4
      vertex 44.8955 -41.0055 0
      vertex 44.7921 -41.0219 0
    endloop
  endfacet
  facet normal -0.544518 0.838749 0
    outer loop
      vertex 44.5 -41.134 0
      vertex 44.4122 -41.191 4
      vertex 44.5 -41.134 4
    endloop
  endfacet
  facet normal -0.544518 0.838749 0
    outer loop
      vertex 44.4122 -41.191 4
      vertex 44.5 -41.134 0
      vertex 44.4122 -41.191 0
    endloop
  endfacet
  facet normal -0.0525588 0.998618 0
    outer loop
      vertex 45 -41 0
      vertex 44.8955 -41.0055 4
      vertex 45 -41 4
    endloop
  endfacet
  facet normal -0.0525588 0.998618 0
    outer loop
      vertex 44.8955 -41.0055 4
      vertex 45 -41 0
      vertex 44.8955 -41.0055 0
    endloop
  endfacet
  facet normal 0.453697 0.891156 -0
    outer loop
      vertex 45.5 -41.134 0
      vertex 45.4067 -41.0865 4
      vertex 45.5 -41.134 4
    endloop
  endfacet
  facet normal 0.453697 0.891156 0
    outer loop
      vertex 45.4067 -41.0865 4
      vertex 45.5 -41.134 0
      vertex 45.4067 -41.0865 0
    endloop
  endfacet
  facet normal 0.707107 0.707107 -0
    outer loop
      vertex 45.7431 -41.3309 0
      vertex 45.6691 -41.2569 4
      vertex 45.7431 -41.3309 4
    endloop
  endfacet
  facet normal 0.707107 0.707107 0
    outer loop
      vertex 45.6691 -41.2569 4
      vertex 45.7431 -41.3309 0
      vertex 45.6691 -41.2569 0
    endloop
  endfacet
  facet normal -0.359171 0.933272 0
    outer loop
      vertex 44.691 -41.0489 0
      vertex 44.5933 -41.0865 4
      vertex 44.691 -41.0489 4
    endloop
  endfacet
  facet normal -0.359171 0.933272 0
    outer loop
      vertex 44.5933 -41.0865 4
      vertex 44.691 -41.0489 0
      vertex 44.5933 -41.0865 0
    endloop
  endfacet
  facet normal 0.25802 0.96614 -0
    outer loop
      vertex 45.309 -41.0489 0
      vertex 45.2079 -41.0219 4
      vertex 45.309 -41.0489 4
    endloop
  endfacet
  facet normal 0.25802 0.96614 0
    outer loop
      vertex 45.2079 -41.0219 4
      vertex 45.309 -41.0489 0
      vertex 45.2079 -41.0219 0
    endloop
  endfacet
  facet normal 0.998618 -0.0525588 0
    outer loop
      vertex 45.9945 -48.1045 6.31359
      vertex 46 -48 8
      vertex 45.9945 -48.1045 8
    endloop
  endfacet
  facet normal 0.998618 -0.0525588 0
    outer loop
      vertex 46 -48 8
      vertex 45.9945 -48.1045 6.31359
      vertex 46 -48 6
    endloop
  endfacet
  facet normal -0.96614 0.25802 0
    outer loop
      vertex 44.0219 -41.7921 0
      vertex 44.0489 -41.691 4
      vertex 44.0489 -41.691 0
    endloop
  endfacet
  facet normal -0.96614 0.25802 0
    outer loop
      vertex 44.0489 -41.691 4
      vertex 44.0219 -41.7921 0
      vertex 44.0219 -41.7921 4
    endloop
  endfacet
  facet normal -0.998618 -0.0525588 0
    outer loop
      vertex 44.0055 -48.1045 6.31359
      vertex 44 -48 8
      vertex 44 -48 6
    endloop
  endfacet
  facet normal -0.998618 -0.0525588 0
    outer loop
      vertex 44 -48 8
      vertex 44.0055 -48.1045 6.31359
      vertex 44.0055 -48.1045 8
    endloop
  endfacet
  facet normal -0.987654 -0.156649 0
    outer loop
      vertex 44.0219 -48.2079 6.62373
      vertex 44.0055 -48.1045 8
      vertex 44.0055 -48.1045 6.31359
    endloop
  endfacet
  facet normal -0.987654 -0.156649 0
    outer loop
      vertex 44.0055 -48.1045 8
      vertex 44.0219 -48.2079 6.62373
      vertex 44.0219 -48.2079 8
    endloop
  endfacet
  facet normal -0.629693 0.776844 0
    outer loop
      vertex 44.4122 -41.191 0
      vertex 44.3309 -41.2569 4
      vertex 44.4122 -41.191 4
    endloop
  endfacet
  facet normal -0.629693 0.776844 0
    outer loop
      vertex 44.3309 -41.2569 4
      vertex 44.4122 -41.191 0
      vertex 44.3309 -41.2569 0
    endloop
  endfacet
  facet normal -0.891156 0.453697 0
    outer loop
      vertex 44.0865 -41.5933 0
      vertex 44.134 -41.5 4
      vertex 44.134 -41.5 0
    endloop
  endfacet
  facet normal -0.891156 0.453697 0
    outer loop
      vertex 44.134 -41.5 4
      vertex 44.0865 -41.5933 0
      vertex 44.0865 -41.5933 4
    endloop
  endfacet
  facet normal 0.96614 0.25802 0
    outer loop
      vertex 45.9781 -41.7921 4
      vertex 45.9511 -41.691 0
      vertex 45.9511 -41.691 4
    endloop
  endfacet
  facet normal 0.96614 0.25802 0
    outer loop
      vertex 45.9511 -41.691 0
      vertex 45.9781 -41.7921 4
      vertex 45.9781 -41.7921 0
    endloop
  endfacet
  facet normal -0.96614 -0.25802 0
    outer loop
      vertex 44.0489 -48.309 6.92705
      vertex 44.0219 -48.2079 8
      vertex 44.0219 -48.2079 6.62373
    endloop
  endfacet
  facet normal -0.96614 -0.25802 0
    outer loop
      vertex 44.0219 -48.2079 8
      vertex 44.0489 -48.309 6.92705
      vertex 44.0489 -48.309 8
    endloop
  endfacet
  facet normal 0.359171 0.933272 -0
    outer loop
      vertex 45.4067 -41.0865 0
      vertex 45.309 -41.0489 4
      vertex 45.4067 -41.0865 4
    endloop
  endfacet
  facet normal 0.359171 0.933272 0
    outer loop
      vertex 45.309 -41.0489 4
      vertex 45.4067 -41.0865 0
      vertex 45.309 -41.0489 0
    endloop
  endfacet
  facet normal 0.629693 0.776844 -0
    outer loop
      vertex 45.6691 -41.2569 0
      vertex 45.5878 -41.191 4
      vertex 45.6691 -41.2569 4
    endloop
  endfacet
  facet normal 0.629693 0.776844 0
    outer loop
      vertex 45.5878 -41.191 4
      vertex 45.6691 -41.2569 0
      vertex 45.5878 -41.191 0
    endloop
  endfacet
  facet normal 0.777107 -0.629368 0
    outer loop
      vertex 45.809 -48.5878 8
      vertex 45.7451 -48.6667 8
      vertex 45.809 -48.5878 7.76335
    endloop
  endfacet
  facet normal -0.25802 0.96614 0
    outer loop
      vertex 44.7921 -41.0219 0
      vertex 44.691 -41.0489 4
      vertex 44.7921 -41.0219 4
    endloop
  endfacet
  facet normal -0.25802 0.96614 0
    outer loop
      vertex 44.691 -41.0489 4
      vertex 44.7921 -41.0219 0
      vertex 44.691 -41.0489 0
    endloop
  endfacet
  facet normal 0.998618 0.0525588 0
    outer loop
      vertex 46 -42 4
      vertex 45.9945 -41.8955 0
      vertex 45.9945 -41.8955 4
    endloop
  endfacet
  facet normal 0.998618 0.0525588 0
    outer loop
      vertex 45.9945 -41.8955 0
      vertex 46 -42 4
      vertex 46 -42 0
    endloop
  endfacet
  facet normal 0.933272 0.359171 0
    outer loop
      vertex 45.9511 -41.691 4
      vertex 45.9135 -41.5933 0
      vertex 45.9135 -41.5933 4
    endloop
  endfacet
  facet normal 0.933272 0.359171 0
    outer loop
      vertex 45.9135 -41.5933 0
      vertex 45.9511 -41.691 4
      vertex 45.9511 -41.691 0
    endloop
  endfacet
  facet normal 0.776844 0.629693 0
    outer loop
      vertex 45.809 -41.4122 4
      vertex 45.7431 -41.3309 0
      vertex 45.7431 -41.3309 4
    endloop
  endfacet
  facet normal 0.776844 0.629693 0
    outer loop
      vertex 45.7431 -41.3309 0
      vertex 45.809 -41.4122 4
      vertex 45.809 -41.4122 0
    endloop
  endfacet
  facet normal 0.838749 0.544518 0
    outer loop
      vertex 45.866 -41.5 4
      vertex 45.809 -41.4122 0
      vertex 45.809 -41.4122 4
    endloop
  endfacet
  facet normal 0.838749 0.544518 0
    outer loop
      vertex 45.809 -41.4122 0
      vertex 45.866 -41.5 4
      vertex 45.866 -41.5 0
    endloop
  endfacet
  facet normal 0.987654 0.156649 0
    outer loop
      vertex 45.9945 -41.8955 4
      vertex 45.9781 -41.7921 0
      vertex 45.9781 -41.7921 4
    endloop
  endfacet
  facet normal 0.987654 0.156649 0
    outer loop
      vertex 45.9781 -41.7921 0
      vertex 45.9945 -41.8955 4
      vertex 45.9945 -41.8955 0
    endloop
  endfacet
  facet normal -0.933272 -0.359171 0
    outer loop
      vertex 44.0865 -48.4067 7.22021
      vertex 44.0489 -48.309 8
      vertex 44.0489 -48.309 6.92705
    endloop
  endfacet
  facet normal -0.933272 -0.359171 0
    outer loop
      vertex 44.0489 -48.309 8
      vertex 44.0865 -48.4067 7.22021
      vertex 44.0865 -48.4067 8
    endloop
  endfacet
  facet normal 0.0525588 0.998618 -0
    outer loop
      vertex 45.1045 -41.0055 0
      vertex 45 -41 4
      vertex 45.1045 -41.0055 4
    endloop
  endfacet
  facet normal 0.0525588 0.998618 0
    outer loop
      vertex 45 -41 4
      vertex 45.1045 -41.0055 0
      vertex 45 -41 0
    endloop
  endfacet
  facet normal 0.933272 -0.359171 0
    outer loop
      vertex 45.9135 -48.4067 7.22021
      vertex 45.9511 -48.309 8
      vertex 45.9135 -48.4067 8
    endloop
  endfacet
  facet normal 0.933272 -0.359171 0
    outer loop
      vertex 45.9511 -48.309 8
      vertex 45.9135 -48.4067 7.22021
      vertex 45.9511 -48.309 6.92705
    endloop
  endfacet
  facet normal -0.838749 -0.544518 0
    outer loop
      vertex 44.191 -48.5878 7.76335
      vertex 44.134 -48.5 8
      vertex 44.134 -48.5 7.5
    endloop
  endfacet
  facet normal -0.838749 -0.544518 0
    outer loop
      vertex 44.134 -48.5 8
      vertex 44.191 -48.5878 7.76335
      vertex 44.191 -48.5878 8
    endloop
  endfacet
  facet normal -0.891156 -0.453697 0
    outer loop
      vertex 44.134 -48.5 7.5
      vertex 44.0865 -48.4067 8
      vertex 44.0865 -48.4067 7.22021
    endloop
  endfacet
  facet normal -0.891156 -0.453697 0
    outer loop
      vertex 44.0865 -48.4067 8
      vertex 44.134 -48.5 7.5
      vertex 44.134 -48.5 8
    endloop
  endfacet
  facet normal 0.891156 -0.453697 0
    outer loop
      vertex 45.866 -48.5 7.5
      vertex 45.9135 -48.4067 8
      vertex 45.866 -48.5 8
    endloop
  endfacet
  facet normal 0.891156 -0.453697 0
    outer loop
      vertex 45.9135 -48.4067 8
      vertex 45.866 -48.5 7.5
      vertex 45.9135 -48.4067 7.22021
    endloop
  endfacet
  facet normal 0.25802 0.96614 -0
    outer loop
      vertex -44.691 -41.0489 0
      vertex -44.7921 -41.0219 4
      vertex -44.691 -41.0489 4
    endloop
  endfacet
  facet normal 0.25802 0.96614 0
    outer loop
      vertex -44.7921 -41.0219 4
      vertex -44.691 -41.0489 0
      vertex -44.7921 -41.0219 0
    endloop
  endfacet
  facet normal 0.987654 -0.156649 0
    outer loop
      vertex -44.0219 -48.2079 6.62373
      vertex -44.0055 -48.1045 8
      vertex -44.0219 -48.2079 8
    endloop
  endfacet
  facet normal 0.987654 -0.156649 0
    outer loop
      vertex -44.0055 -48.1045 8
      vertex -44.0219 -48.2079 6.62373
      vertex -44.0055 -48.1045 6.31359
    endloop
  endfacet
  facet normal -0.25802 0.96614 0
    outer loop
      vertex -45.2079 -41.0219 0
      vertex -45.309 -41.0489 4
      vertex -45.2079 -41.0219 4
    endloop
  endfacet
  facet normal -0.25802 0.96614 0
    outer loop
      vertex -45.309 -41.0489 4
      vertex -45.2079 -41.0219 0
      vertex -45.309 -41.0489 0
    endloop
  endfacet
  facet normal -0.629693 0.776844 0
    outer loop
      vertex -45.5878 -41.191 0
      vertex -45.6691 -41.2569 4
      vertex -45.5878 -41.191 4
    endloop
  endfacet
  facet normal -0.629693 0.776844 0
    outer loop
      vertex -45.6691 -41.2569 4
      vertex -45.5878 -41.191 0
      vertex -45.6691 -41.2569 0
    endloop
  endfacet
  facet normal 0.891156 0.453697 0
    outer loop
      vertex -44.0865 -41.5933 4
      vertex -44.134 -41.5 0
      vertex -44.134 -41.5 4
    endloop
  endfacet
  facet normal 0.891156 0.453697 0
    outer loop
      vertex -44.134 -41.5 0
      vertex -44.0865 -41.5933 4
      vertex -44.0865 -41.5933 0
    endloop
  endfacet
  facet normal -0.156649 0.987654 0
    outer loop
      vertex -45.1045 -41.0055 0
      vertex -45.2079 -41.0219 4
      vertex -45.1045 -41.0055 4
    endloop
  endfacet
  facet normal -0.156649 0.987654 0
    outer loop
      vertex -45.2079 -41.0219 4
      vertex -45.1045 -41.0055 0
      vertex -45.2079 -41.0219 0
    endloop
  endfacet
  facet normal -0.453697 0.891156 0
    outer loop
      vertex -45.4067 -41.0865 0
      vertex -45.5 -41.134 4
      vertex -45.4067 -41.0865 4
    endloop
  endfacet
  facet normal -0.453697 0.891156 0
    outer loop
      vertex -45.5 -41.134 4
      vertex -45.4067 -41.0865 0
      vertex -45.5 -41.134 0
    endloop
  endfacet
  facet normal 0.96614 -0.25802 0
    outer loop
      vertex -44.0489 -48.309 6.92705
      vertex -44.0219 -48.2079 8
      vertex -44.0489 -48.309 8
    endloop
  endfacet
  facet normal 0.96614 -0.25802 0
    outer loop
      vertex -44.0219 -48.2079 8
      vertex -44.0489 -48.309 6.92705
      vertex -44.0219 -48.2079 6.62373
    endloop
  endfacet
  facet normal -0.987654 0.156649 0
    outer loop
      vertex -45.9945 -41.8955 0
      vertex -45.9781 -41.7921 4
      vertex -45.9781 -41.7921 0
    endloop
  endfacet
  facet normal -0.987654 0.156649 0
    outer loop
      vertex -45.9781 -41.7921 4
      vertex -45.9945 -41.8955 0
      vertex -45.9945 -41.8955 4
    endloop
  endfacet
  facet normal 0.776844 0.629693 0
    outer loop
      vertex -44.191 -41.4122 4
      vertex -44.2569 -41.3309 0
      vertex -44.2569 -41.3309 4
    endloop
  endfacet
  facet normal 0.776844 0.629693 0
    outer loop
      vertex -44.2569 -41.3309 0
      vertex -44.191 -41.4122 4
      vertex -44.191 -41.4122 0
    endloop
  endfacet
  facet normal -1 0 0
    outer loop
      vertex -46 -43.2462 0
      vertex -46 -42 4
      vertex -46 -42 0
    endloop
  endfacet
  facet normal -1 -0 0
    outer loop
      vertex -46 -42 4
      vertex -46 -43.2462 0
      vertex -46 -43.2462 4
    endloop
  endfacet
  facet normal -1 0 0
    outer loop
      vertex -46 -48 6
      vertex -46 -44.9321 0
      vertex -46 -46 0
    endloop
  endfacet
  facet normal -1 0 0
    outer loop
      vertex -46 -44.9321 0
      vertex -46 -48 6
      vertex -46 -44.9321 8
    endloop
  endfacet
  facet normal -1 -0 0
    outer loop
      vertex -46 -44.9321 8
      vertex -46 -48 6
      vertex -46 -48 8
    endloop
  endfacet
  facet normal -0.998618 0.0525588 0
    outer loop
      vertex -46 -42 0
      vertex -45.9945 -41.8955 4
      vertex -45.9945 -41.8955 0
    endloop
  endfacet
  facet normal -0.998618 0.0525588 0
    outer loop
      vertex -45.9945 -41.8955 4
      vertex -46 -42 0
      vertex -46 -42 4
    endloop
  endfacet
  facet normal -0.933272 0.359171 0
    outer loop
      vertex -45.9511 -41.691 0
      vertex -45.9135 -41.5933 4
      vertex -45.9135 -41.5933 0
    endloop
  endfacet
  facet normal -0.933272 0.359171 0
    outer loop
      vertex -45.9135 -41.5933 4
      vertex -45.9511 -41.691 0
      vertex -45.9511 -41.691 4
    endloop
  endfacet
  facet normal -0.359171 0.933272 0
    outer loop
      vertex -45.309 -41.0489 0
      vertex -45.4067 -41.0865 4
      vertex -45.309 -41.0489 4
    endloop
  endfacet
  facet normal -0.359171 0.933272 0
    outer loop
      vertex -45.4067 -41.0865 4
      vertex -45.309 -41.0489 0
      vertex -45.4067 -41.0865 0
    endloop
  endfacet
  facet normal 0.838749 -0.544518 0
    outer loop
      vertex -44.191 -48.5878 7.76335
      vertex -44.134 -48.5 8
      vertex -44.191 -48.5878 8
    endloop
  endfacet
  facet normal 0.838749 -0.544518 0
    outer loop
      vertex -44.134 -48.5 8
      vertex -44.191 -48.5878 7.76335
      vertex -44.134 -48.5 7.5
    endloop
  endfacet
  facet normal -0.891156 0.453697 0
    outer loop
      vertex -45.9135 -41.5933 0
      vertex -45.866 -41.5 4
      vertex -45.866 -41.5 0
    endloop
  endfacet
  facet normal -0.891156 0.453697 0
    outer loop
      vertex -45.866 -41.5 4
      vertex -45.9135 -41.5933 0
      vertex -45.9135 -41.5933 4
    endloop
  endfacet
  facet normal -0.776844 0.629693 0
    outer loop
      vertex -45.809 -41.4122 0
      vertex -45.7431 -41.3309 4
      vertex -45.7431 -41.3309 0
    endloop
  endfacet
  facet normal -0.776844 0.629693 0
    outer loop
      vertex -45.7431 -41.3309 4
      vertex -45.809 -41.4122 0
      vertex -45.809 -41.4122 4
    endloop
  endfacet
  facet normal 0.891156 -0.453697 0
    outer loop
      vertex -44.134 -48.5 7.5
      vertex -44.0865 -48.4067 8
      vertex -44.134 -48.5 8
    endloop
  endfacet
  facet normal 0.891156 -0.453697 0
    outer loop
      vertex -44.0865 -48.4067 8
      vertex -44.134 -48.5 7.5
      vertex -44.0865 -48.4067 7.22021
    endloop
  endfacet
  facet normal -0.838749 0.544518 0
    outer loop
      vertex -45.866 -41.5 0
      vertex -45.809 -41.4122 4
      vertex -45.809 -41.4122 0
    endloop
  endfacet
  facet normal -0.838749 0.544518 0
    outer loop
      vertex -45.809 -41.4122 4
      vertex -45.866 -41.5 0
      vertex -45.866 -41.5 4
    endloop
  endfacet
  facet normal -0.707107 0.707107 0
    outer loop
      vertex -45.6691 -41.2569 0
      vertex -45.7431 -41.3309 4
      vertex -45.6691 -41.2569 4
    endloop
  endfacet
  facet normal -0.707107 0.707107 0
    outer loop
      vertex -45.7431 -41.3309 4
      vertex -45.6691 -41.2569 0
      vertex -45.7431 -41.3309 0
    endloop
  endfacet
  facet normal 0.998618 -0.0525588 0
    outer loop
      vertex -44.0055 -48.1045 6.31359
      vertex -44 -48 8
      vertex -44.0055 -48.1045 8
    endloop
  endfacet
  facet normal 0.998618 -0.0525588 0
    outer loop
      vertex -44 -48 8
      vertex -44.0055 -48.1045 6.31359
      vertex -44 -48 6
    endloop
  endfacet
  facet normal 0.453697 0.891156 -0
    outer loop
      vertex -44.5 -41.134 0
      vertex -44.5933 -41.0865 4
      vertex -44.5 -41.134 4
    endloop
  endfacet
  facet normal 0.453697 0.891156 0
    outer loop
      vertex -44.5933 -41.0865 4
      vertex -44.5 -41.134 0
      vertex -44.5933 -41.0865 0
    endloop
  endfacet
  facet normal 0.96614 0.25802 0
    outer loop
      vertex -44.0219 -41.7921 4
      vertex -44.0489 -41.691 0
      vertex -44.0489 -41.691 4
    endloop
  endfacet
  facet normal 0.96614 0.25802 0
    outer loop
      vertex -44.0489 -41.691 0
      vertex -44.0219 -41.7921 4
      vertex -44.0219 -41.7921 0
    endloop
  endfacet
  facet normal 0.987654 0.156649 0
    outer loop
      vertex -44.0055 -41.8955 4
      vertex -44.0219 -41.7921 0
      vertex -44.0219 -41.7921 4
    endloop
  endfacet
  facet normal 0.987654 0.156649 0
    outer loop
      vertex -44.0219 -41.7921 0
      vertex -44.0055 -41.8955 4
      vertex -44.0055 -41.8955 0
    endloop
  endfacet
  facet normal 0.359171 0.933272 -0
    outer loop
      vertex -44.5933 -41.0865 0
      vertex -44.691 -41.0489 4
      vertex -44.5933 -41.0865 4
    endloop
  endfacet
  facet normal 0.359171 0.933272 0
    outer loop
      vertex -44.691 -41.0489 4
      vertex -44.5933 -41.0865 0
      vertex -44.691 -41.0489 0
    endloop
  endfacet
  facet normal 0.0525588 0.998618 -0
    outer loop
      vertex -44.8955 -41.0055 0
      vertex -45 -41 4
      vertex -44.8955 -41.0055 4
    endloop
  endfacet
  facet normal 0.0525588 0.998618 0
    outer loop
      vertex -45 -41 4
      vertex -44.8955 -41.0055 0
      vertex -45 -41 0
    endloop
  endfacet
  facet normal 0.629693 0.776844 -0
    outer loop
      vertex -44.3309 -41.2569 0
      vertex -44.4122 -41.191 4
      vertex -44.3309 -41.2569 4
    endloop
  endfacet
  facet normal 0.629693 0.776844 0
    outer loop
      vertex -44.4122 -41.191 4
      vertex -44.3309 -41.2569 0
      vertex -44.4122 -41.191 0
    endloop
  endfacet
  facet normal 0.707107 0.707107 0
    outer loop
      vertex -44.2569 -41.3309 4
      vertex -44.3309 -41.2569 0
      vertex -44.3309 -41.2569 4
    endloop
  endfacet
  facet normal 0.707107 0.707107 0
    outer loop
      vertex -44.3309 -41.2569 0
      vertex -44.2569 -41.3309 4
      vertex -44.2569 -41.3309 0
    endloop
  endfacet
  facet normal 0.933272 -0.359171 0
    outer loop
      vertex -44.0865 -48.4067 7.22021
      vertex -44.0489 -48.309 8
      vertex -44.0865 -48.4067 8
    endloop
  endfacet
  facet normal 0.933272 -0.359171 0
    outer loop
      vertex -44.0489 -48.309 8
      vertex -44.0865 -48.4067 7.22021
      vertex -44.0489 -48.309 6.92705
    endloop
  endfacet
  facet normal -0.96614 0.25802 0
    outer loop
      vertex -45.9781 -41.7921 0
      vertex -45.9511 -41.691 4
      vertex -45.9511 -41.691 0
    endloop
  endfacet
  facet normal -0.96614 0.25802 0
    outer loop
      vertex -45.9511 -41.691 4
      vertex -45.9781 -41.7921 0
      vertex -45.9781 -41.7921 4
    endloop
  endfacet
  facet normal 0.998618 0.0525588 0
    outer loop
      vertex -44 -42 4
      vertex -44.0055 -41.8955 0
      vertex -44.0055 -41.8955 4
    endloop
  endfacet
  facet normal 0.998618 0.0525588 0
    outer loop
      vertex -44.0055 -41.8955 0
      vertex -44 -42 4
      vertex -44 -42 0
    endloop
  endfacet
  facet normal -0.998618 -0.0525588 0
    outer loop
      vertex -45.9945 -48.1045 6.31359
      vertex -46 -48 8
      vertex -46 -48 6
    endloop
  endfacet
  facet normal -0.998618 -0.0525588 0
    outer loop
      vertex -46 -48 8
      vertex -45.9945 -48.1045 6.31359
      vertex -45.9945 -48.1045 8
    endloop
  endfacet
  facet normal -0.544518 0.838749 0
    outer loop
      vertex -45.5 -41.134 0
      vertex -45.5878 -41.191 4
      vertex -45.5 -41.134 4
    endloop
  endfacet
  facet normal -0.544518 0.838749 0
    outer loop
      vertex -45.5878 -41.191 4
      vertex -45.5 -41.134 0
      vertex -45.5878 -41.191 0
    endloop
  endfacet
  facet normal 1 -0 0
    outer loop
      vertex -44 -43.2462 4
      vertex -44 -42 0
      vertex -44 -42 4
    endloop
  endfacet
  facet normal 1 0 0
    outer loop
      vertex -44 -42 0
      vertex -44 -43.2462 4
      vertex -44 -43.2462 0
    endloop
  endfacet
  facet normal 1 -0 0
    outer loop
      vertex -44 -48 6
      vertex -44 -44.9321 0
      vertex -44 -44.9321 8
    endloop
  endfacet
  facet normal 1 0 0
    outer loop
      vertex -44 -48 6
      vertex -44 -44.9321 8
      vertex -44 -48 8
    endloop
  endfacet
  facet normal 1 0 0
    outer loop
      vertex -44 -44.9321 0
      vertex -44 -48 6
      vertex -44 -46 0
    endloop
  endfacet
  facet normal -0.0525588 0.998618 0
    outer loop
      vertex -45 -41 0
      vertex -45.1045 -41.0055 4
      vertex -45 -41 4
    endloop
  endfacet
  facet normal -0.0525588 0.998618 0
    outer loop
      vertex -45.1045 -41.0055 4
      vertex -45 -41 0
      vertex -45.1045 -41.0055 0
    endloop
  endfacet
  facet normal -0.777107 -0.629368 -0
    outer loop
      vertex -45.809 -48.5878 8
      vertex -45.809 -48.5878 7.76335
      vertex -45.7451 -48.6667 8
    endloop
  endfacet
  facet normal 0.777107 -0.629368 0
    outer loop
      vertex -44.191 -48.5878 8
      vertex -44.2549 -48.6667 8
      vertex -44.191 -48.5878 7.76335
    endloop
  endfacet
  facet normal 0.933272 0.359171 0
    outer loop
      vertex -44.0489 -41.691 4
      vertex -44.0865 -41.5933 0
      vertex -44.0865 -41.5933 4
    endloop
  endfacet
  facet normal 0.933272 0.359171 0
    outer loop
      vertex -44.0865 -41.5933 0
      vertex -44.0489 -41.691 4
      vertex -44.0489 -41.691 0
    endloop
  endfacet
  facet normal 0.156649 0.987654 -0
    outer loop
      vertex -44.7921 -41.0219 0
      vertex -44.8955 -41.0055 4
      vertex -44.7921 -41.0219 4
    endloop
  endfacet
  facet normal 0.156649 0.987654 0
    outer loop
      vertex -44.8955 -41.0055 4
      vertex -44.7921 -41.0219 0
      vertex -44.8955 -41.0055 0
    endloop
  endfacet
  facet normal -0.933272 -0.359171 0
    outer loop
      vertex -45.9135 -48.4067 7.22021
      vertex -45.9511 -48.309 8
      vertex -45.9511 -48.309 6.92705
    endloop
  endfacet
  facet normal -0.933272 -0.359171 0
    outer loop
      vertex -45.9511 -48.309 8
      vertex -45.9135 -48.4067 7.22021
      vertex -45.9135 -48.4067 8
    endloop
  endfacet
  facet normal 0.544518 0.838749 -0
    outer loop
      vertex -44.4122 -41.191 0
      vertex -44.5 -41.134 4
      vertex -44.4122 -41.191 4
    endloop
  endfacet
  facet normal 0.544518 0.838749 0
    outer loop
      vertex -44.5 -41.134 4
      vertex -44.4122 -41.191 0
      vertex -44.5 -41.134 0
    endloop
  endfacet
  facet normal -0.838749 -0.544518 0
    outer loop
      vertex -45.809 -48.5878 7.76335
      vertex -45.866 -48.5 8
      vertex -45.866 -48.5 7.5
    endloop
  endfacet
  facet normal -0.838749 -0.544518 0
    outer loop
      vertex -45.866 -48.5 8
      vertex -45.809 -48.5878 7.76335
      vertex -45.809 -48.5878 8
    endloop
  endfacet
  facet normal 0.838749 0.544518 0
    outer loop
      vertex -44.134 -41.5 4
      vertex -44.191 -41.4122 0
      vertex -44.191 -41.4122 4
    endloop
  endfacet
  facet normal 0.838749 0.544518 0
    outer loop
      vertex -44.191 -41.4122 0
      vertex -44.134 -41.5 4
      vertex -44.134 -41.5 0
    endloop
  endfacet
  facet normal -0.96614 -0.25802 0
    outer loop
      vertex -45.9511 -48.309 6.92705
      vertex -45.9781 -48.2079 8
      vertex -45.9781 -48.2079 6.62373
    endloop
  endfacet
  facet normal -0.96614 -0.25802 0
    outer loop
      vertex -45.9781 -48.2079 8
      vertex -45.9511 -48.309 6.92705
      vertex -45.9511 -48.309 8
    endloop
  endfacet
  facet normal -0.891156 -0.453697 0
    outer loop
      vertex -45.866 -48.5 7.5
      vertex -45.9135 -48.4067 8
      vertex -45.9135 -48.4067 7.22021
    endloop
  endfacet
  facet normal -0.891156 -0.453697 0
    outer loop
      vertex -45.9135 -48.4067 8
      vertex -45.866 -48.5 7.5
      vertex -45.866 -48.5 8
    endloop
  endfacet
  facet normal -0.987654 -0.156649 0
    outer loop
      vertex -45.9781 -48.2079 6.62373
      vertex -45.9945 -48.1045 8
      vertex -45.9945 -48.1045 6.31359
    endloop
  endfacet
  facet normal -0.987654 -0.156649 0
    outer loop
      vertex -45.9945 -48.1045 8
      vertex -45.9781 -48.2079 6.62373
      vertex -45.9781 -48.2079 8
    endloop
  endfacet
  facet normal -0.958314 -0.131803 -0.253501
    outer loop
      vertex 45.407 -12.3399 49.0488
      vertex 44.2463 -9.73549 52.0825
      vertex 44.2581 -9.62299 51.9794
    endloop
  endfacet
  facet normal -0.958334 -0.132051 -0.253295
    outer loop
      vertex 44.2463 -9.73549 52.0825
      vertex 45.407 -12.3399 49.0488
      vertex 45.3496 -12.8897 49.5526
    endloop
  endfacet
  facet normal -0.958325 -0.132 -0.253355
    outer loop
      vertex 45.3496 -12.8897 49.5526
      vertex 44.2067 -10.1142 52.4296
      vertex 44.2463 -9.73549 52.0825
    endloop
  endfacet
  facet normal -0.958274 -0.131524 -0.253795
    outer loop
      vertex 44.2067 -10.1142 52.4296
      vertex 45.3496 -12.8897 49.5526
      vertex 45.3418 -12.9637 49.6204
    endloop
  endfacet
  facet normal -0.502324 -0.788362 0.355184
    outer loop
      vertex 42.5604 -9.05485 45.3728
      vertex 42.13 -7.01866 49.2836
      vertex 41.9625 -6.9514 49.196
    endloop
  endfacet
  facet normal -0.502224 -0.78841 0.35522
    outer loop
      vertex 42.13 -7.01866 49.2836
      vertex 42.5604 -9.05485 45.3728
      vertex 42.3806 -7.12567 49.4004
    endloop
  endfacet
  facet normal -0.502461 -0.7883 0.355129
    outer loop
      vertex 42.5604 -9.05485 45.3728
      vertex 41.9625 -6.9514 49.196
      vertex 42.5157 -9.0369 45.3494
    endloop
  endfacet
  facet normal -0.224364 -0.872797 0.433458
    outer loop
      vertex 40.8701 -6.70993 48.8813
      vertex 41.7177 -8.82137 45.0685
      vertex 41.3399 -6.78327 48.9768
    endloop
  endfacet
  facet normal -0.223952 -0.872845 0.433576
    outer loop
      vertex 41.7177 -8.82137 45.0685
      vertex 40.8701 -6.70993 48.8813
      vertex 41.6728 -8.81437 45.0594
    endloop
  endfacet
  facet normal 0.93474 -0.351869 -0.0494976
    outer loop
      vertex 34.6849 -11.6436 48.4108
      vertex 35.9087 -8.78679 51.2132
      vertex 35.7955 -9.132 51.5295
    endloop
  endfacet
  facet normal 0.93511 -0.350689 -0.0508624
    outer loop
      vertex 35.9087 -8.78679 51.2132
      vertex 34.6849 -11.6436 48.4108
      vertex 35.9158 -8.76429 51.1886
    endloop
  endfacet
  facet normal 0.934762 -0.351802 -0.049559
    outer loop
      vertex 34.6849 -11.6436 48.4108
      vertex 35.7955 -9.132 51.5295
      vertex 34.661 -11.7165 48.4775
    endloop
  endfacet
  facet normal 0.502536 0.413645 -0.759181
    outer loop
      vertex 37.4394 -16.2583 52.0441
      vertex 38.0369 -12.6047 54.4303
      vertex 37.4836 -16.283 52.0599
    endloop
  endfacet
  facet normal 0.502285 0.413755 -0.759287
    outer loop
      vertex 38.0369 -12.6047 54.4303
      vertex 37.4394 -16.2583 52.0441
      vertex 37.6189 -12.394 54.2686
    endloop
  endfacet
  facet normal -0.224487 -0.87278 0.433428
    outer loop
      vertex 40.6796 -6.6802 48.8425
      vertex 41.6728 -8.81437 45.0594
      vertex 40.8701 -6.70993 48.8813
    endloop
  endfacet
  facet normal -0.224426 -0.872787 0.433447
    outer loop
      vertex 40.6796 -6.6802 48.8425
      vertex 40.9532 -8.70204 44.913
      vertex 41.6728 -8.81437 45.0594
    endloop
  endfacet
  facet normal -0.224503 -0.872773 0.433435
    outer loop
      vertex 40.9532 -8.70204 44.913
      vertex 40.6796 -6.6802 48.8425
      vertex 40.8713 -8.69021 44.8944
    endloop
  endfacet
  facet normal 0.888087 -0.457152 0.0481018
    outer loop
      vertex 35.1201 -10.6642 47.3469
      vertex 36.1909 -8.23998 50.6165
      vertex 36.0045 -8.5648 50.9709
    endloop
  endfacet
  facet normal 0.888074 -0.457175 0.0481233
    outer loop
      vertex 36.1909 -8.23998 50.6165
      vertex 35.1201 -10.6642 47.3469
      vertex 35.1527 -10.6074 47.2849
    endloop
  endfacet
  facet normal 0.887984 0.082733 -0.452372
    outer loop
      vertex 36.007 -10.6987 52.9651
      vertex 34.8457 -13.5979 50.1553
      vertex 35.9482 -10.5936 52.8689
    endloop
  endfacet
  facet normal 0.888121 0.0824634 -0.452151
    outer loop
      vertex 34.8457 -13.5979 50.1553
      vertex 36.007 -10.6987 52.9651
      vertex 35.1198 -14.1648 50.5903
    endloop
  endfacet
  facet normal -0.934716 -0.0226517 -0.354672
    outer loop
      vertex 45.2371 -13.2875 49.9171
      vertex 44.0875 -10.4832 52.7677
      vertex 45.3185 -13.0358 49.6865
    endloop
  endfacet
  facet normal -0.934749 -0.0227605 -0.354578
    outer loop
      vertex 44.0875 -10.4832 52.7677
      vertex 45.2371 -13.2875 49.9171
      vertex 44.0518 -10.5936 52.8689
    endloop
  endfacet
  facet normal -0.934748 -0.0227575 -0.354581
    outer loop
      vertex 44.0518 -10.5936 52.8689
      vertex 45.2371 -13.2875 49.9171
      vertex 45.1543 -13.5979 50.1553
    endloop
  endfacet
  facet normal 0.624298 -0.723377 0.29492
    outer loop
      vertex 36.1182 -9.68877 46.1989
      vertex 37.3313 -7.27163 49.5597
      vertex 36.9588 -7.49412 49.8025
    endloop
  endfacet
  facet normal 0.624122 -0.723474 0.295053
    outer loop
      vertex 37.3313 -7.27163 49.5597
      vertex 36.1182 -9.68877 46.1989
      vertex 36.1702 -9.65949 46.1607
    endloop
  endfacet
  facet normal -0.93511 -0.350689 -0.0508624
    outer loop
      vertex 45.3151 -11.6436 48.4108
      vertex 44.0913 -8.78679 51.2132
      vertex 44.0842 -8.76429 51.1886
    endloop
  endfacet
  facet normal -0.93474 -0.351869 -0.0494976
    outer loop
      vertex 44.0913 -8.78679 51.2132
      vertex 45.3151 -11.6436 48.4108
      vertex 44.2045 -9.132 51.5295
    endloop
  endfacet
  facet normal -0.934762 -0.351802 -0.049559
    outer loop
      vertex 44.2045 -9.132 51.5295
      vertex 45.3151 -11.6436 48.4108
      vertex 45.339 -11.7165 48.4775
    endloop
  endfacet
  facet normal -0.958331 -0.242612 -0.150799
    outer loop
      vertex 45.407 -12.3399 49.0488
      vertex 44.2458 -9.51069 51.8765
      vertex 45.3472 -11.7911 48.5459
    endloop
  endfacet
  facet normal -0.958307 -0.242882 -0.150519
    outer loop
      vertex 44.2458 -9.51069 51.8765
      vertex 45.407 -12.3399 49.0488
      vertex 44.2581 -9.62299 51.9794
    endloop
  endfacet
  facet normal -0.075393 -0.890097 0.449492
    outer loop
      vertex 40 -6.64547 48.7973
      vertex 40.0405 -8.65094 44.8328
      vertex 40.4824 -6.67012 48.8294
    endloop
  endfacet
  facet normal -0.0752738 -0.890105 0.449497
    outer loop
      vertex 40.0405 -8.65094 44.8328
      vertex 40 -6.64547 48.7973
      vertex 40 -8.64903 44.8298
    endloop
  endfacet
  facet normal -0.224463 0.498146 -0.837536
    outer loop
      vertex 40.6791 -12.963 54.6831
      vertex 41.6747 -16.5929 52.2573
      vertex 40.8717 -16.7676 52.3686
    endloop
  endfacet
  facet normal -0.224518 0.498128 -0.837532
    outer loop
      vertex 41.6747 -16.5929 52.2573
      vertex 40.6791 -12.963 54.6831
      vertex 40.8678 -12.922 54.6569
    endloop
  endfacet
  facet normal 0.075358 -0.890098 0.449497
    outer loop
      vertex 39.1287 -8.69021 44.8944
      vertex 39.5176 -6.67012 48.8294
      vertex 39.3204 -6.6802 48.8425
    endloop
  endfacet
  facet normal 0.0754006 -0.890096 0.449492
    outer loop
      vertex 39.5176 -6.67012 48.8294
      vertex 39.1287 -8.69021 44.8944
      vertex 39.9595 -8.65094 44.8328
    endloop
  endfacet
  facet normal -0.934723 -0.351921 -0.0494377
    outer loop
      vertex 45.3058 -11.6152 48.3848
      vertex 44.0519 -8.66315 51.0783
      vertex 45.1562 -11.1459 47.8726
    endloop
  endfacet
  facet normal -0.934659 -0.352128 -0.0491814
    outer loop
      vertex 44.0519 -8.66315 51.0783
      vertex 45.3058 -11.6152 48.3848
      vertex 44.0842 -8.76429 51.1886
    endloop
  endfacet
  facet normal -0.93481 -0.351649 -0.0497343
    outer loop
      vertex 44.0842 -8.76429 51.1886
      vertex 45.3058 -11.6152 48.3848
      vertex 45.3151 -11.6436 48.4108
    endloop
  endfacet
  facet normal -0.888152 -0.457034 0.0480178
    outer loop
      vertex 45.1562 -11.1459 47.8726
      vertex 43.9955 -8.5648 50.9709
      vertex 44.8799 -10.6642 47.3469
    endloop
  endfacet
  facet normal -0.888186 -0.456974 0.0479546
    outer loop
      vertex 43.9955 -8.5648 50.9709
      vertex 45.1562 -11.1459 47.8726
      vertex 44.0519 -8.66315 51.0783
    endloop
  endfacet
  facet normal -0.624298 -0.723377 0.29492
    outer loop
      vertex 42.6687 -7.27163 49.5597
      vertex 43.8818 -9.68877 46.1989
      vertex 43.0412 -7.49412 49.8025
    endloop
  endfacet
  facet normal -0.624122 -0.723474 0.295053
    outer loop
      vertex 43.8818 -9.68877 46.1989
      vertex 42.6687 -7.27163 49.5597
      vertex 43.8298 -9.65949 46.1607
    endloop
  endfacet
  facet normal 0.224463 0.498146 -0.837536
    outer loop
      vertex 38.3253 -16.5929 52.2573
      vertex 39.3209 -12.963 54.6831
      vertex 39.1283 -16.7676 52.3686
    endloop
  endfacet
  facet normal 0.224518 0.498128 -0.837532
    outer loop
      vertex 39.3209 -12.963 54.6831
      vertex 38.3253 -16.5929 52.2573
      vertex 39.1322 -12.922 54.6569
    endloop
  endfacet
  facet normal 0.502224 -0.78841 0.35522
    outer loop
      vertex 37.4396 -9.05485 45.3728
      vertex 37.87 -7.01866 49.2836
      vertex 37.6194 -7.12567 49.4004
    endloop
  endfacet
  facet normal 0.502324 -0.788362 0.355184
    outer loop
      vertex 37.87 -7.01866 49.2836
      vertex 37.4396 -9.05485 45.3728
      vertex 38.0375 -6.9514 49.196
    endloop
  endfacet
  facet normal 0.502461 -0.7883 0.355129
    outer loop
      vertex 38.0375 -6.9514 49.196
      vertex 37.4396 -9.05485 45.3728
      vertex 37.4843 -9.0369 45.3494
    endloop
  endfacet
  facet normal 0.224672 0.498084 -0.837517
    outer loop
      vertex 38.2815 -16.5834 52.2512
      vertex 39.1322 -12.922 54.6569
      vertex 38.3253 -16.5929 52.2573
    endloop
  endfacet
  facet normal 0.224564 0.498116 -0.837527
    outer loop
      vertex 39.1322 -12.922 54.6569
      vertex 38.2815 -16.5834 52.2512
      vertex 38.6613 -12.8195 54.5916
    endloop
  endfacet
  facet normal -0.934771 -0.0228647 -0.354516
    outer loop
      vertex 45.3418 -12.9637 49.6204
      vertex 44.0875 -10.4832 52.7677
      vertex 44.2067 -10.1142 52.4296
    endloop
  endfacet
  facet normal -0.93478 -0.0229034 -0.354489
    outer loop
      vertex 44.0875 -10.4832 52.7677
      vertex 45.3418 -12.9637 49.6204
      vertex 45.3185 -13.0358 49.6865
    endloop
  endfacet
  facet normal -0.81981 0.180802 -0.543344
    outer loop
      vertex 44.8479 -14.2317 50.6416
      vertex 43.7256 -11.1921 53.3464
      vertex 43.8071 -11.0804 53.2606
    endloop
  endfacet
  facet normal -0.819661 0.180998 -0.543503
    outer loop
      vertex 43.7256 -11.1921 53.3464
      vertex 44.8479 -14.2317 50.6416
      vertex 44.4594 -14.7641 51.0502
    endloop
  endfacet
  facet normal -0.731004 -0.64512 0.222381
    outer loop
      vertex 44.3858 -10.0828 46.7125
      vertex 43.3615 -7.7578 50.0902
      vertex 43.9268 -9.72395 46.2447
    endloop
  endfacet
  facet normal -0.730766 -0.645318 0.22259
    outer loop
      vertex 44.4153 -10.1071 46.7389
      vertex 43.3615 -7.7578 50.0902
      vertex 44.3858 -10.0828 46.7125
    endloop
  endfacet
  facet normal -0.731135 -0.645013 0.22226
    outer loop
      vertex 43.3615 -7.7578 50.0902
      vertex 44.4153 -10.1071 46.7389
      vertex 43.4696 -7.84684 50.1874
    endloop
  endfacet
  facet normal -0.50228 -0.788384 0.355198
    outer loop
      vertex 42.3806 -7.12567 49.4004
      vertex 43.2435 -9.32904 45.7301
      vertex 42.5342 -7.19127 49.472
    endloop
  endfacet
  facet normal -0.502251 -0.788396 0.355212
    outer loop
      vertex 43.2435 -9.32904 45.7301
      vertex 42.3806 -7.12567 49.4004
      vertex 42.5604 -9.05485 45.3728
    endloop
  endfacet
  facet normal -0.624409 -0.723313 0.294842
    outer loop
      vertex 42.5342 -7.19127 49.472
      vertex 43.8298 -9.65949 46.1607
      vertex 42.6687 -7.27163 49.5597
    endloop
  endfacet
  facet normal -0.624307 -0.723368 0.294923
    outer loop
      vertex 43.8298 -9.65949 46.1607
      vertex 42.5342 -7.19127 49.472
      vertex 43.2435 -9.32904 45.7301
    endloop
  endfacet
  facet normal -0.367921 -0.838591 0.401744
    outer loop
      vertex 41.5155 -6.83069 49.0386
      vertex 42.5157 -9.0369 45.3494
      vertex 41.9625 -6.9514 49.196
    endloop
  endfacet
  facet normal -0.368077 -0.838554 0.401679
    outer loop
      vertex 42.5157 -9.0369 45.3494
      vertex 41.5155 -6.83069 49.0386
      vertex 42.4678 -9.02397 45.3325
    endloop
  endfacet
  facet normal -0.367859 -0.838608 0.401767
    outer loop
      vertex 41.3399 -6.78327 48.9768
      vertex 42.4678 -9.02397 45.3325
      vertex 41.5155 -6.83069 49.0386
    endloop
  endfacet
  facet normal -0.3679 -0.838599 0.401749
    outer loop
      vertex 42.4678 -9.02397 45.3325
      vertex 41.3399 -6.78327 48.9768
      vertex 41.7177 -8.82137 45.0685
    endloop
  endfacet
  facet normal 0.888115 0.0824707 -0.452162
    outer loop
      vertex 35.1198 -14.1648 50.5903
      vertex 36.0169 -10.7164 52.9813
      vertex 36.1929 -11.0804 53.2606
    endloop
  endfacet
  facet normal 0.887994 0.082644 -0.452367
    outer loop
      vertex 36.0169 -10.7164 52.9813
      vertex 35.1198 -14.1648 50.5903
      vertex 36.007 -10.6987 52.9651
    endloop
  endfacet
  facet normal 0.88823 0.0822666 -0.451973
    outer loop
      vertex 35.1198 -14.1648 50.5903
      vertex 36.1929 -11.0804 53.2606
      vertex 35.1521 -14.2317 50.6416
    endloop
  endfacet
  facet normal 0.81981 0.180802 -0.543344
    outer loop
      vertex 36.2744 -11.1921 53.3464
      vertex 35.1521 -14.2317 50.6416
      vertex 36.1929 -11.0804 53.2606
    endloop
  endfacet
  facet normal 0.819661 0.180998 -0.543503
    outer loop
      vertex 35.1521 -14.2317 50.6416
      vertex 36.2744 -11.1921 53.3464
      vertex 35.5406 -14.7641 51.0502
    endloop
  endfacet
  facet normal 0.958314 -0.131803 -0.253501
    outer loop
      vertex 35.7537 -9.73549 52.0825
      vertex 34.593 -12.3399 49.0488
      vertex 35.7419 -9.62299 51.9794
    endloop
  endfacet
  facet normal 0.958334 -0.132051 -0.253295
    outer loop
      vertex 34.593 -12.3399 49.0488
      vertex 35.7537 -9.73549 52.0825
      vertex 34.6504 -12.8897 49.5526
    endloop
  endfacet
  facet normal 0.958307 -0.242882 -0.150519
    outer loop
      vertex 34.593 -12.3399 49.0488
      vertex 35.7542 -9.51069 51.8765
      vertex 35.7419 -9.62299 51.9794
    endloop
  endfacet
  facet normal 0.958331 -0.242612 -0.150799
    outer loop
      vertex 35.7542 -9.51069 51.8765
      vertex 34.593 -12.3399 49.0488
      vertex 34.6528 -11.7911 48.5459
    endloop
  endfacet
  facet normal 0.819715 -0.555564 0.13934
    outer loop
      vertex 35.1527 -10.6074 47.2849
      vertex 36.4458 -7.94472 50.2942
      vertex 36.1909 -8.23998 50.6165
    endloop
  endfacet
  facet normal 0.819836 -0.555428 0.139168
    outer loop
      vertex 36.4458 -7.94472 50.2942
      vertex 35.1527 -10.6074 47.2849
      vertex 35.1973 -10.5557 47.2285
    endloop
  endfacet
  facet normal 0.50228 -0.788384 0.355198
    outer loop
      vertex 36.7565 -9.32904 45.7301
      vertex 37.6194 -7.12567 49.4004
      vertex 37.4658 -7.19127 49.472
    endloop
  endfacet
  facet normal 0.502251 -0.788396 0.355212
    outer loop
      vertex 37.6194 -7.12567 49.4004
      vertex 36.7565 -9.32904 45.7301
      vertex 37.4396 -9.05485 45.3728
    endloop
  endfacet
  facet normal 0.075393 -0.890097 0.449492
    outer loop
      vertex 39.9595 -8.65094 44.8328
      vertex 40 -6.64547 48.7973
      vertex 39.5176 -6.67012 48.8294
    endloop
  endfacet
  facet normal 0.0752738 -0.890105 0.449497
    outer loop
      vertex 40 -6.64547 48.7973
      vertex 39.9595 -8.65094 44.8328
      vertex 40 -8.64903 44.8298
    endloop
  endfacet
  facet normal 0.502227 0.413774 -0.759315
    outer loop
      vertex 36.7566 -15.8762 51.8007
      vertex 37.6189 -12.394 54.2686
      vertex 37.4394 -16.2583 52.0441
    endloop
  endfacet
  facet normal 0.502244 0.413765 -0.759308
    outer loop
      vertex 37.6189 -12.394 54.2686
      vertex 36.7566 -15.8762 51.8007
      vertex 37.464 -12.3159 54.2087
    endloop
  endfacet
  facet normal 0.624308 0.348734 -0.699017
    outer loop
      vertex 36.1722 -15.4167 51.508
      vertex 37.464 -12.3159 54.2087
      vertex 36.7566 -15.8762 51.8007
    endloop
  endfacet
  facet normal 0.624181 0.348839 -0.699077
    outer loop
      vertex 37.464 -12.3159 54.2087
      vertex 36.1722 -15.4167 51.508
      vertex 37.3287 -12.2205 54.1355
    endloop
  endfacet
  facet normal 0.366775 0.46448 -0.806061
    outer loop
      vertex 37.5309 -16.3008 52.0712
      vertex 38.59 -12.7927 54.5746
      vertex 38.6613 -12.8195 54.5916
    endloop
  endfacet
  facet normal 0.367924 0.463949 -0.805843
    outer loop
      vertex 37.5309 -16.3008 52.0712
      vertex 38.6613 -12.8195 54.5916
      vertex 38.2815 -16.5834 52.2512
    endloop
  endfacet
  facet normal 0.368512 0.463708 -0.805714
    outer loop
      vertex 38.59 -12.7927 54.5746
      vertex 37.5309 -16.3008 52.0712
      vertex 38.4868 -12.7576 54.5476
    endloop
  endfacet
  facet normal 0.367252 0.464236 -0.805984
    outer loop
      vertex 37.4836 -16.283 52.0599
      vertex 38.4868 -12.7576 54.5476
      vertex 37.5309 -16.3008 52.0712
    endloop
  endfacet
  facet normal 0.367802 0.463999 -0.80587
    outer loop
      vertex 38.4868 -12.7576 54.5476
      vertex 37.4836 -16.283 52.0599
      vertex 38.0369 -12.6047 54.4303
    endloop
  endfacet
  facet normal 0.075382 0.515448 -0.853599
    outer loop
      vertex 39.1283 -16.7676 52.3686
      vertex 39.5164 -12.9769 54.6919
      vertex 39.96 -16.8268 52.4063
    endloop
  endfacet
  facet normal 0.0750739 0.515483 -0.853605
    outer loop
      vertex 39.5164 -12.9769 54.6919
      vertex 39.1283 -16.7676 52.3686
      vertex 39.3209 -12.963 54.6831
    endloop
  endfacet
  facet normal -0.0750739 0.515483 -0.853605
    outer loop
      vertex 40.8717 -16.7676 52.3686
      vertex 40.4836 -12.9769 54.6919
      vertex 40.6791 -12.963 54.6831
    endloop
  endfacet
  facet normal -0.075382 0.515448 -0.853599
    outer loop
      vertex 40.4836 -12.9769 54.6919
      vertex 40.8717 -16.7676 52.3686
      vertex 40.04 -16.8268 52.4063
    endloop
  endfacet
  facet normal -0.502227 0.413774 -0.759315
    outer loop
      vertex 42.3811 -12.394 54.2686
      vertex 43.2434 -15.8762 51.8007
      vertex 42.5606 -16.2583 52.0441
    endloop
  endfacet
  facet normal -0.502244 0.413765 -0.759308
    outer loop
      vertex 43.2434 -15.8762 51.8007
      vertex 42.3811 -12.394 54.2686
      vertex 42.536 -12.3159 54.2087
    endloop
  endfacet
  facet normal -0.224672 0.498084 -0.837517
    outer loop
      vertex 40.8678 -12.922 54.6569
      vertex 41.7185 -16.5834 52.2512
      vertex 41.6747 -16.5929 52.2573
    endloop
  endfacet
  facet normal -0.224564 0.498116 -0.837527
    outer loop
      vertex 41.7185 -16.5834 52.2512
      vertex 40.8678 -12.922 54.6569
      vertex 41.3387 -12.8195 54.5916
    endloop
  endfacet
  facet normal -0.731114 0.270365 -0.626398
    outer loop
      vertex 44.3666 -14.8709 51.1321
      vertex 43.0423 -11.9588 53.9347
      vertex 43.1527 -11.8514 53.8522
    endloop
  endfacet
  facet normal -0.730945 0.270554 -0.626515
    outer loop
      vertex 44.1445 -15.087 51.2979
      vertex 43.0423 -11.9588 53.9347
      vertex 44.3666 -14.8709 51.1321
    endloop
  endfacet
  facet normal -0.731065 0.270436 -0.626425
    outer loop
      vertex 43.0423 -11.9588 53.9347
      vertex 44.1445 -15.087 51.2979
      vertex 43.8802 -15.3755 51.4818
    endloop
  endfacet
  facet normal -0.623986 0.348991 -0.699176
    outer loop
      vertex 42.6713 -12.2205 54.1355
      vertex 43.8802 -15.3755 51.4818
      vertex 43.8278 -15.4167 51.508
    endloop
  endfacet
  facet normal -0.62432 0.348724 -0.699011
    outer loop
      vertex 43.8802 -15.3755 51.4818
      vertex 42.6713 -12.2205 54.1355
      vertex 43.0423 -11.9588 53.9347
    endloop
  endfacet
  facet normal -0.887984 0.082733 -0.452372
    outer loop
      vertex 45.1543 -13.5979 50.1553
      vertex 43.993 -10.6987 52.9651
      vertex 44.0518 -10.5936 52.8689
    endloop
  endfacet
  facet normal -0.888121 0.0824634 -0.452151
    outer loop
      vertex 43.993 -10.6987 52.9651
      vertex 45.1543 -13.5979 50.1553
      vertex 44.8802 -14.1648 50.5903
    endloop
  endfacet
  facet normal -0.887994 0.082644 -0.452367
    outer loop
      vertex 44.8802 -14.1648 50.5903
      vertex 43.9831 -10.7164 52.9813
      vertex 43.993 -10.6987 52.9651
    endloop
  endfacet
  facet normal -0.888115 0.0824707 -0.452162
    outer loop
      vertex 43.9831 -10.7164 52.9813
      vertex 44.8802 -14.1648 50.5903
      vertex 43.8071 -11.0804 53.2606
    endloop
  endfacet
  facet normal -0.88823 0.0822666 -0.451973
    outer loop
      vertex 43.8071 -11.0804 53.2606
      vertex 44.8802 -14.1648 50.5903
      vertex 44.8479 -14.2317 50.6416
    endloop
  endfacet
  facet normal -0.819639 -0.555656 0.139421
    outer loop
      vertex 44.8027 -10.5557 47.2285
      vertex 43.4696 -7.84684 50.1874
      vertex 44.4153 -10.1071 46.7389
    endloop
  endfacet
  facet normal -0.819457 -0.555858 0.139688
    outer loop
      vertex 43.4696 -7.84684 50.1874
      vertex 44.8027 -10.5557 47.2285
      vertex 43.5542 -7.94472 50.2942
    endloop
  endfacet
  facet normal -0.730867 -0.645242 0.222476
    outer loop
      vertex 43.9268 -9.72395 46.2447
      vertex 43.0412 -7.49412 49.8025
      vertex 43.8818 -9.68877 46.1989
    endloop
  endfacet
  facet normal -0.730928 -0.64519 0.222428
    outer loop
      vertex 43.0412 -7.49412 49.8025
      vertex 43.9268 -9.72395 46.2447
      vertex 43.3615 -7.7578 50.0902
    endloop
  endfacet
  facet normal -0.958272 -0.243149 -0.150308
    outer loop
      vertex 45.3472 -11.7911 48.5459
      vertex 44.2045 -9.132 51.5295
      vertex 45.339 -11.7165 48.4775
    endloop
  endfacet
  facet normal -0.958325 -0.242662 -0.150763
    outer loop
      vertex 44.2045 -9.132 51.5295
      vertex 45.3472 -11.7911 48.5459
      vertex 44.2458 -9.51069 51.8765
    endloop
  endfacet
  facet normal -0.819836 -0.555428 0.139168
    outer loop
      vertex 44.8473 -10.6074 47.2849
      vertex 43.5542 -7.94472 50.2942
      vertex 44.8027 -10.5557 47.2285
    endloop
  endfacet
  facet normal -0.819715 -0.555564 0.13934
    outer loop
      vertex 43.5542 -7.94472 50.2942
      vertex 44.8473 -10.6074 47.2849
      vertex 43.8091 -8.23998 50.6165
    endloop
  endfacet
  facet normal -0.888074 -0.457175 0.0481233
    outer loop
      vertex 44.8799 -10.6642 47.3469
      vertex 43.8091 -8.23998 50.6165
      vertex 44.8473 -10.6074 47.2849
    endloop
  endfacet
  facet normal -0.888087 -0.457152 0.0481018
    outer loop
      vertex 43.8091 -8.23998 50.6165
      vertex 44.8799 -10.6642 47.3469
      vertex 43.9955 -8.5648 50.9709
    endloop
  endfacet
  facet normal 0.730945 0.270542 -0.62652
    outer loop
      vertex 36.8473 -11.8514 53.8522
      vertex 35.5821 -14.821 51.0938
      vertex 36.5306 -11.5432 53.6158
    endloop
  endfacet
  facet normal 0.730932 0.270556 -0.626529
    outer loop
      vertex 35.5821 -14.821 51.0938
      vertex 36.8473 -11.8514 53.8522
      vertex 35.6334 -14.8709 51.1321
    endloop
  endfacet
  facet normal 0.934659 -0.352128 -0.0491814
    outer loop
      vertex 34.6942 -11.6152 48.3848
      vertex 35.9481 -8.66315 51.0783
      vertex 35.9158 -8.76429 51.1886
    endloop
  endfacet
  facet normal 0.934723 -0.351921 -0.0494377
    outer loop
      vertex 35.9481 -8.66315 51.0783
      vertex 34.6942 -11.6152 48.3848
      vertex 34.8438 -11.1459 47.8726
    endloop
  endfacet
  facet normal 0.93481 -0.351649 -0.0497343
    outer loop
      vertex 34.6942 -11.6152 48.3848
      vertex 35.9158 -8.76429 51.1886
      vertex 34.6849 -11.6436 48.4108
    endloop
  endfacet
  facet normal 0.888186 -0.456974 0.0479546
    outer loop
      vertex 34.8438 -11.1459 47.8726
      vertex 36.0045 -8.5648 50.9709
      vertex 35.9481 -8.66315 51.0783
    endloop
  endfacet
  facet normal 0.888152 -0.457034 0.0480178
    outer loop
      vertex 36.0045 -8.5648 50.9709
      vertex 34.8438 -11.1459 47.8726
      vertex 35.1201 -10.6642 47.3469
    endloop
  endfacet
  facet normal 0.958325 -0.242662 -0.150763
    outer loop
      vertex 34.6528 -11.7911 48.5459
      vertex 35.7955 -9.132 51.5295
      vertex 35.7542 -9.51069 51.8765
    endloop
  endfacet
  facet normal 0.958272 -0.243149 -0.150308
    outer loop
      vertex 35.7955 -9.132 51.5295
      vertex 34.6528 -11.7911 48.5459
      vertex 34.661 -11.7165 48.4775
    endloop
  endfacet
  facet normal 0.934749 -0.0227605 -0.354578
    outer loop
      vertex 34.7629 -13.2875 49.9171
      vertex 35.9125 -10.4832 52.7677
      vertex 35.9482 -10.5936 52.8689
    endloop
  endfacet
  facet normal 0.934716 -0.0226517 -0.354672
    outer loop
      vertex 35.9125 -10.4832 52.7677
      vertex 34.7629 -13.2875 49.9171
      vertex 34.6815 -13.0358 49.6865
    endloop
  endfacet
  facet normal 0.934748 -0.0227575 -0.354581
    outer loop
      vertex 34.7629 -13.2875 49.9171
      vertex 35.9482 -10.5936 52.8689
      vertex 34.8457 -13.5979 50.1553
    endloop
  endfacet
  facet normal 0.224364 -0.872797 0.433458
    outer loop
      vertex 38.2823 -8.82137 45.0685
      vertex 39.1299 -6.70993 48.8813
      vertex 38.6601 -6.78327 48.9768
    endloop
  endfacet
  facet normal 0.223952 -0.872845 0.433576
    outer loop
      vertex 39.1299 -6.70993 48.8813
      vertex 38.2823 -8.82137 45.0685
      vertex 38.3272 -8.81437 45.0594
    endloop
  endfacet
  facet normal 0.224487 -0.87278 0.433428
    outer loop
      vertex 38.3272 -8.81437 45.0594
      vertex 39.3204 -6.6802 48.8425
      vertex 39.1299 -6.70993 48.8813
    endloop
  endfacet
  facet normal 0.224426 -0.872787 0.433447
    outer loop
      vertex 39.0468 -8.70204 44.913
      vertex 39.3204 -6.6802 48.8425
      vertex 38.3272 -8.81437 45.0594
    endloop
  endfacet
  facet normal 0.224503 -0.872773 0.433435
    outer loop
      vertex 39.3204 -6.6802 48.8425
      vertex 39.0468 -8.70204 44.913
      vertex 39.1287 -8.69021 44.8944
    endloop
  endfacet
  facet normal -0.075358 -0.890098 0.449497
    outer loop
      vertex 40.4824 -6.67012 48.8294
      vertex 40.8713 -8.69021 44.8944
      vertex 40.6796 -6.6802 48.8425
    endloop
  endfacet
  facet normal -0.0754006 -0.890096 0.449492
    outer loop
      vertex 40.8713 -8.69021 44.8944
      vertex 40.4824 -6.67012 48.8294
      vertex 40.0405 -8.65094 44.8328
    endloop
  endfacet
  facet normal 0.0744994 0.51551 -0.853639
    outer loop
      vertex 39.96 -16.8268 52.4063
      vertex 40 -13.0114 54.7139
      vertex 40 -16.8296 52.4081
    endloop
  endfacet
  facet normal 0.0756036 0.515459 -0.853573
    outer loop
      vertex 40 -13.0114 54.7139
      vertex 39.96 -16.8268 52.4063
      vertex 39.5164 -12.9769 54.6919
    endloop
  endfacet
  facet normal -0.0744994 0.51551 -0.853639
    outer loop
      vertex 40 -13.0114 54.7139
      vertex 40.04 -16.8268 52.4063
      vertex 40 -16.8296 52.4081
    endloop
  endfacet
  facet normal -0.0756036 0.515459 -0.853573
    outer loop
      vertex 40.04 -16.8268 52.4063
      vertex 40 -13.0114 54.7139
      vertex 40.4836 -12.9769 54.6919
    endloop
  endfacet
  facet normal -0.502536 0.413645 -0.759181
    outer loop
      vertex 41.9631 -12.6047 54.4303
      vertex 42.5606 -16.2583 52.0441
      vertex 42.5164 -16.283 52.0599
    endloop
  endfacet
  facet normal -0.502285 0.413755 -0.759287
    outer loop
      vertex 42.5606 -16.2583 52.0441
      vertex 41.9631 -12.6047 54.4303
      vertex 42.3811 -12.394 54.2686
    endloop
  endfacet
  facet normal -0.730945 0.270542 -0.62652
    outer loop
      vertex 44.4179 -14.821 51.0938
      vertex 43.1527 -11.8514 53.8522
      vertex 43.4694 -11.5432 53.6158
    endloop
  endfacet
  facet normal -0.730932 0.270556 -0.626529
    outer loop
      vertex 43.1527 -11.8514 53.8522
      vertex 44.4179 -14.821 51.0938
      vertex 44.3666 -14.8709 51.1321
    endloop
  endfacet
  facet normal -0.819629 0.181029 -0.543541
    outer loop
      vertex 44.4594 -14.7641 51.0502
      vertex 43.4694 -11.5432 53.6158
      vertex 43.7256 -11.1921 53.3464
    endloop
  endfacet
  facet normal -0.81953 0.181147 -0.543651
    outer loop
      vertex 43.4694 -11.5432 53.6158
      vertex 44.4594 -14.7641 51.0502
      vertex 44.4179 -14.821 51.0938
    endloop
  endfacet
  facet normal -0.624308 0.348734 -0.699017
    outer loop
      vertex 42.536 -12.3159 54.2087
      vertex 43.8278 -15.4167 51.508
      vertex 43.2434 -15.8762 51.8007
    endloop
  endfacet
  facet normal -0.624181 0.348839 -0.699077
    outer loop
      vertex 43.8278 -15.4167 51.508
      vertex 42.536 -12.3159 54.2087
      vertex 42.6713 -12.2205 54.1355
    endloop
  endfacet
  facet normal 0.623986 0.348991 -0.699176
    outer loop
      vertex 36.1198 -15.3755 51.4818
      vertex 37.3287 -12.2205 54.1355
      vertex 36.1722 -15.4167 51.508
    endloop
  endfacet
  facet normal 0.62432 0.348724 -0.699011
    outer loop
      vertex 37.3287 -12.2205 54.1355
      vertex 36.1198 -15.3755 51.4818
      vertex 36.9577 -11.9588 53.9347
    endloop
  endfacet
  facet normal 0.731114 0.270365 -0.626398
    outer loop
      vertex 36.9577 -11.9588 53.9347
      vertex 35.6334 -14.8709 51.1321
      vertex 36.8473 -11.8514 53.8522
    endloop
  endfacet
  facet normal 0.730945 0.270554 -0.626515
    outer loop
      vertex 36.9577 -11.9588 53.9347
      vertex 35.8555 -15.087 51.2979
      vertex 35.6334 -14.8709 51.1321
    endloop
  endfacet
  facet normal 0.731065 0.270436 -0.626425
    outer loop
      vertex 35.8555 -15.087 51.2979
      vertex 36.9577 -11.9588 53.9347
      vertex 36.1198 -15.3755 51.4818
    endloop
  endfacet
  facet normal 0.819629 0.181029 -0.543541
    outer loop
      vertex 36.5306 -11.5432 53.6158
      vertex 35.5406 -14.7641 51.0502
      vertex 36.2744 -11.1921 53.3464
    endloop
  endfacet
  facet normal 0.81953 0.181147 -0.543651
    outer loop
      vertex 35.5406 -14.7641 51.0502
      vertex 36.5306 -11.5432 53.6158
      vertex 35.5821 -14.821 51.0938
    endloop
  endfacet
  facet normal 0.958325 -0.132 -0.253355
    outer loop
      vertex 35.7933 -10.1142 52.4296
      vertex 34.6504 -12.8897 49.5526
      vertex 35.7537 -9.73549 52.0825
    endloop
  endfacet
  facet normal 0.958274 -0.131524 -0.253795
    outer loop
      vertex 34.6504 -12.8897 49.5526
      vertex 35.7933 -10.1142 52.4296
      vertex 34.6582 -12.9637 49.6204
    endloop
  endfacet
  facet normal -0.367252 0.464236 -0.805984
    outer loop
      vertex 41.5132 -12.7576 54.5476
      vertex 42.5164 -16.283 52.0599
      vertex 42.4691 -16.3008 52.0712
    endloop
  endfacet
  facet normal -0.367802 0.463999 -0.80587
    outer loop
      vertex 42.5164 -16.283 52.0599
      vertex 41.5132 -12.7576 54.5476
      vertex 41.9631 -12.6047 54.4303
    endloop
  endfacet
  facet normal -0.367924 0.463949 -0.805843
    outer loop
      vertex 41.3387 -12.8195 54.5916
      vertex 42.4691 -16.3008 52.0712
      vertex 41.7185 -16.5834 52.2512
    endloop
  endfacet
  facet normal -0.368512 0.463708 -0.805714
    outer loop
      vertex 42.4691 -16.3008 52.0712
      vertex 41.41 -12.7927 54.5746
      vertex 41.5132 -12.7576 54.5476
    endloop
  endfacet
  facet normal -0.366775 0.46448 -0.806061
    outer loop
      vertex 42.4691 -16.3008 52.0712
      vertex 41.3387 -12.8195 54.5916
      vertex 41.41 -12.7927 54.5746
    endloop
  endfacet
  facet normal 0.934771 -0.0228647 -0.354516
    outer loop
      vertex 35.9125 -10.4832 52.7677
      vertex 34.6582 -12.9637 49.6204
      vertex 35.7933 -10.1142 52.4296
    endloop
  endfacet
  facet normal 0.93478 -0.0229034 -0.354489
    outer loop
      vertex 34.6582 -12.9637 49.6204
      vertex 35.9125 -10.4832 52.7677
      vertex 34.6815 -13.0358 49.6865
    endloop
  endfacet
  facet normal 0.367859 -0.838608 0.401767
    outer loop
      vertex 37.5322 -9.02397 45.3325
      vertex 38.6601 -6.78327 48.9768
      vertex 38.4845 -6.83069 49.0386
    endloop
  endfacet
  facet normal 0.3679 -0.838599 0.401749
    outer loop
      vertex 38.6601 -6.78327 48.9768
      vertex 37.5322 -9.02397 45.3325
      vertex 38.2823 -8.82137 45.0685
    endloop
  endfacet
  facet normal 0.367921 -0.838591 0.401744
    outer loop
      vertex 37.4843 -9.0369 45.3494
      vertex 38.4845 -6.83069 49.0386
      vertex 38.0375 -6.9514 49.196
    endloop
  endfacet
  facet normal 0.368077 -0.838554 0.401679
    outer loop
      vertex 38.4845 -6.83069 49.0386
      vertex 37.4843 -9.0369 45.3494
      vertex 37.5322 -9.02397 45.3325
    endloop
  endfacet
  facet normal 0.624409 -0.723313 0.294842
    outer loop
      vertex 36.1702 -9.65949 46.1607
      vertex 37.4658 -7.19127 49.472
      vertex 37.3313 -7.27163 49.5597
    endloop
  endfacet
  facet normal 0.624307 -0.723368 0.294923
    outer loop
      vertex 37.4658 -7.19127 49.472
      vertex 36.1702 -9.65949 46.1607
      vertex 36.7565 -9.32904 45.7301
    endloop
  endfacet
  facet normal 0.819457 -0.555858 0.139688
    outer loop
      vertex 35.1973 -10.5557 47.2285
      vertex 36.5304 -7.84684 50.1874
      vertex 36.4458 -7.94472 50.2942
    endloop
  endfacet
  facet normal 0.819639 -0.555656 0.139421
    outer loop
      vertex 36.5304 -7.84684 50.1874
      vertex 35.1973 -10.5557 47.2285
      vertex 35.5847 -10.1071 46.7389
    endloop
  endfacet
  facet normal 0.731135 -0.645013 0.22226
    outer loop
      vertex 35.5847 -10.1071 46.7389
      vertex 36.6385 -7.7578 50.0902
      vertex 36.5304 -7.84684 50.1874
    endloop
  endfacet
  facet normal 0.731004 -0.64512 0.222381
    outer loop
      vertex 36.6385 -7.7578 50.0902
      vertex 35.6142 -10.0828 46.7125
      vertex 36.0732 -9.72395 46.2447
    endloop
  endfacet
  facet normal 0.730766 -0.645318 0.22259
    outer loop
      vertex 36.6385 -7.7578 50.0902
      vertex 35.5847 -10.1071 46.7389
      vertex 35.6142 -10.0828 46.7125
    endloop
  endfacet
  facet normal 0.730928 -0.64519 0.222428
    outer loop
      vertex 36.0732 -9.72395 46.2447
      vertex 36.9588 -7.49412 49.8025
      vertex 36.6385 -7.7578 50.0902
    endloop
  endfacet
  facet normal 0.730867 -0.645242 0.222476
    outer loop
      vertex 36.9588 -7.49412 49.8025
      vertex 36.0732 -9.72395 46.2447
      vertex 36.1182 -9.68877 46.1989
    endloop
  endfacet
  facet normal -0.0759167 -0.338765 0.937803
    outer loop
      vertex 10 -3.13699 26.548
      vertex 10.0862 0.625741 27.9142
      vertex 10 0.627618 27.9079
    endloop
  endfacet
  facet normal -0.0753946 -0.338789 0.937837
    outer loop
      vertex 10.0862 0.625741 27.9142
      vertex 10 -3.13699 26.548
      vertex 10.6578 -3.14912 26.5965
    endloop
  endfacet
  facet normal 0.731133 -0.233329 -0.641094
    outer loop
      vertex 6.96187 -0.4309 35.0206
      vertex 5.63159 -4.49903 34.9841
      vertex 6.85217 -0.413609 34.8892
    endloop
  endfacet
  facet normal 0.730994 -0.233282 -0.64127
    outer loop
      vertex 5.63159 -4.49903 34.9841
      vertex 6.96187 -0.4309 35.0206
      vertex 6.11727 -4.63253 35.5863
    endloop
  endfacet
  facet normal -0.958319 -0.26986 -0.0938153
    outer loop
      vertex 15.4051 -4.07562 31.7321
      vertex 14.243 -0.0938359 32.1493
      vertex 14.2559 -0.087256 31.9986
    endloop
  endfacet
  facet normal -0.95833 -0.269883 -0.0936283
    outer loop
      vertex 15.3595 -4.09892 32.266
      vertex 14.243 -0.0938359 32.1493
      vertex 15.4051 -4.07562 31.7321
    endloop
  endfacet
  facet normal -0.958355 -0.269882 -0.0933825
    outer loop
      vertex 14.243 -0.0938359 32.1493
      vertex 15.3595 -4.09892 32.266
      vertex 15.3469 -4.12639 32.4747
    endloop
  endfacet
  facet normal -0.958338 -0.26989 -0.09353
    outer loop
      vertex 15.3469 -4.12639 32.4747
      vertex 14.2033 -0.114151 32.6147
      vertex 14.243 -0.0938359 32.1493
    endloop
  endfacet
  facet normal -0.958394 -0.26993 -0.0928366
    outer loop
      vertex 14.2033 -0.114151 32.6147
      vertex 15.3469 -4.12639 32.4747
      vertex 14.2004 -0.120535 32.6632
    endloop
  endfacet
  facet normal -0.958344 -0.269885 -0.0934853
    outer loop
      vertex 14.2004 -0.120535 32.6632
      vertex 15.3469 -4.12639 32.4747
      vertex 15.3408 -4.13968 32.5756
    endloop
  endfacet
  facet normal -0.0752627 -0.338786 0.937848
    outer loop
      vertex 10.6464 0.613546 27.9548
      vertex 10.6578 -3.14912 26.5965
      vertex 10.8195 -3.1521 26.6084
    endloop
  endfacet
  facet normal -0.0753443 -0.338784 0.937843
    outer loop
      vertex 10.6578 -3.14912 26.5965
      vertex 10.6464 0.613546 27.9548
      vertex 10.0862 0.625741 27.9142
    endloop
  endfacet
  facet normal 0.0753403 -0.338782 0.937843
    outer loop
      vertex 9.35355 0.613546 27.9548
      vertex 9.34224 -3.14912 26.5965
      vertex 9.91378 0.625741 27.9142
    endloop
  endfacet
  facet normal 0.0752581 -0.338784 0.937849
    outer loop
      vertex 9.34224 -3.14912 26.5965
      vertex 9.35355 0.613546 27.9548
      vertex 9.18053 -3.1521 26.6084
    endloop
  endfacet
  facet normal -0.730925 -0.31654 0.604608
    outer loop
      vertex 14.3232 -3.6531 28.6124
      vertex 13.3324 0.174455 29.4185
      vertex 13.8464 -3.52567 28.1027
    endloop
  endfacet
  facet normal -0.730706 -0.316539 0.604874
    outer loop
      vertex 13.3324 0.174455 29.4185
      vertex 14.3232 -3.6531 28.6124
      vertex 13.4278 0.144557 29.5181
    endloop
  endfacet
  facet normal -0.0746418 -0.211021 -0.974627
    outer loop
      vertex 10 -0.701209 36.3166
      vertex 10.0389 -5.05186 37.2556
      vertex 10 -5.05288 37.2588
    endloop
  endfacet
  facet normal -0.075538 -0.211014 -0.97456
    outer loop
      vertex 10.0389 -5.05186 37.2556
      vertex 10 -0.701209 36.3166
      vertex 10.4815 -0.692531 36.2774
    endloop
  endfacet
  facet normal -0.62436 -0.323639 0.710937
    outer loop
      vertex 12.5455 0.386157 28.7128
      vertex 13.1064 -3.37348 27.4939
      vertex 13.6487 -3.48037 27.9215
    endloop
  endfacet
  facet normal -0.624086 -0.323671 0.711164
    outer loop
      vertex 13.1064 -3.37348 27.4939
      vertex 12.5455 0.386157 28.7128
      vertex 12.456 0.406901 28.6437
    endloop
  endfacet
  facet normal 0.730808 -0.316533 0.604753
    outer loop
      vertex 5.67684 -3.6531 28.6124
      vertex 6.6676 0.174455 29.4185
      vertex 6.57223 0.144557 29.5181
    endloop
  endfacet
  facet normal 0.730946 -0.316533 0.604586
    outer loop
      vertex 6.6676 0.174455 29.4185
      vertex 5.67684 -3.6531 28.6124
      vertex 6.15361 -3.52567 28.1027
    endloop
  endfacet
  facet normal 0.622708 -0.232108 -0.747235
    outer loop
      vertex 7.46577 -0.512652 35.466
      vertex 7.09263 -0.44587 35.1343
      vertex 7.17906 -0.455765 35.2094
    endloop
  endfacet
  facet normal 0.623957 -0.226171 -0.748013
    outer loop
      vertex 6.7112 -4.75037 36.1179
      vertex 7.46577 -0.512652 35.466
      vertex 6.7575 -4.75956 36.1593
    endloop
  endfacet
  facet normal 0.624244 -0.226185 -0.74777
    outer loop
      vertex 7.46577 -0.512652 35.466
      vertex 6.7112 -4.75037 36.1179
      vertex 7.09263 -0.44587 35.1343
    endloop
  endfacet
  facet normal 0.624347 -0.226175 -0.747687
    outer loop
      vertex 6.11727 -4.63253 35.5863
      vertex 7.09263 -0.44587 35.1343
      vertex 6.7112 -4.75037 36.1179
    endloop
  endfacet
  facet normal 0.624289 -0.226167 -0.747738
    outer loop
      vertex 7.09263 -0.44587 35.1343
      vertex 6.11727 -4.63253 35.5863
      vertex 6.96187 -0.4309 35.0206
    endloop
  endfacet
  facet normal -0.502261 -0.220272 -0.83619
    outer loop
      vertex 12.3809 -0.534334 35.5638
      vertex 13.2425 -4.75956 36.1593
      vertex 12.5598 -4.85611 36.5948
    endloop
  endfacet
  facet normal -0.502293 -0.220276 -0.83617
    outer loop
      vertex 13.2425 -4.75956 36.1593
      vertex 12.3809 -0.534334 35.5638
      vertex 12.5342 -0.512652 35.466
    endloop
  endfacet
  facet normal 0.958331 -0.279938 0.0568919
    outer loop
      vertex 4.64868 -4.04304 30.986
      vertex 5.79212 -0.0581795 31.3326
      vertex 5.75503 -0.0806308 31.8469
    endloop
  endfacet
  facet normal 0.958331 -0.279938 0.0568974
    outer loop
      vertex 5.79212 -0.0581795 31.3326
      vertex 4.64868 -4.04304 30.986
      vertex 4.65587 -4.03869 30.8863
    endloop
  endfacet
  facet normal -0.502262 -0.329564 0.79945
    outer loop
      vertex 12.456 0.406901 28.6437
      vertex 12.5205 -3.29004 27.1602
      vertex 13.1064 -3.37348 27.4939
    endloop
  endfacet
  facet normal -0.50249 -0.329518 0.799326
    outer loop
      vertex 12.5205 -3.29004 27.1602
      vertex 12.456 0.406901 28.6437
      vertex 12.3602 0.422969 28.5901
    endloop
  endfacet
  facet normal -0.730799 -0.316546 0.604758
    outer loop
      vertex 13.8464 -3.52567 28.1027
      vertex 12.9735 0.286958 29.0435
      vertex 13.756 -3.50152 28.0061
    endloop
  endfacet
  facet normal -0.730939 -0.316537 0.604593
    outer loop
      vertex 12.9735 0.286958 29.0435
      vertex 13.8464 -3.52567 28.1027
      vertex 13.3324 0.174455 29.4185
    endloop
  endfacet
  facet normal 0.958332 -0.269878 -0.0936264
    outer loop
      vertex 5.75696 -0.0938359 32.1493
      vertex 4.59488 -4.07562 31.7321
      vertex 5.74409 -0.087256 31.9986
    endloop
  endfacet
  facet normal 0.958333 -0.26988 -0.0936104
    outer loop
      vertex 5.75696 -0.0938359 32.1493
      vertex 4.64047 -4.09892 32.266
      vertex 4.59488 -4.07562 31.7321
    endloop
  endfacet
  facet normal 0.958333 -0.26988 -0.0936105
    outer loop
      vertex 4.64047 -4.09892 32.266
      vertex 5.75696 -0.0938359 32.1493
      vertex 4.65312 -4.12639 32.4747
    endloop
  endfacet
  facet normal -0.731132 -0.233332 -0.641094
    outer loop
      vertex 14.3684 -4.49903 34.9841
      vertex 13.0381 -0.4309 35.0206
      vertex 13.1478 -0.413609 34.8892
    endloop
  endfacet
  facet normal -0.730982 -0.233281 -0.641284
    outer loop
      vertex 13.0381 -0.4309 35.0206
      vertex 14.3684 -4.49903 34.9841
      vertex 13.8827 -4.63253 35.5863
    endloop
  endfacet
  facet normal 0.0754225 -0.211027 -0.974566
    outer loop
      vertex 9.12798 -5.03005 37.1864
      vertex 9.51849 -0.692531 36.2774
      vertex 9.96112 -5.05186 37.2556
    endloop
  endfacet
  facet normal 0.0752518 -0.211015 -0.974582
    outer loop
      vertex 9.51849 -0.692531 36.2774
      vertex 9.12798 -5.03005 37.1864
      vertex 9.32001 -0.688954 36.2613
    endloop
  endfacet
  facet normal -0.624366 -0.226169 -0.747673
    outer loop
      vertex 12.9074 -0.44587 35.1343
      vertex 13.8827 -4.63253 35.5863
      vertex 13.2888 -4.75037 36.1179
    endloop
  endfacet
  facet normal -0.624452 -0.226181 -0.747597
    outer loop
      vertex 13.8827 -4.63253 35.5863
      vertex 12.9074 -0.44587 35.1343
      vertex 13.0381 -0.4309 35.0206
    endloop
  endfacet
  facet normal 0.730966 -0.316528 0.604564
    outer loop
      vertex 6.15361 -3.52567 28.1027
      vertex 7.02647 0.286958 29.0435
      vertex 6.6676 0.174455 29.4185
    endloop
  endfacet
  facet normal 0.731013 -0.316526 0.604509
    outer loop
      vertex 7.02647 0.286958 29.0435
      vertex 6.15361 -3.52567 28.1027
      vertex 6.24395 -3.50152 28.0061
    endloop
  endfacet
  facet normal 0.624349 -0.323635 0.710949
    outer loop
      vertex 7.02647 0.286958 29.0435
      vertex 6.35128 -3.48037 27.9215
      vertex 7.45446 0.386157 28.7128
    endloop
  endfacet
  facet normal 0.624237 -0.323643 0.711044
    outer loop
      vertex 6.35128 -3.48037 27.9215
      vertex 7.02647 0.286958 29.0435
      vertex 6.24395 -3.50152 28.0061
    endloop
  endfacet
  facet normal 0.819775 -0.30837 0.482573
    outer loop
      vertex 6.48953 0.10921 29.636
      vertex 5.67684 -3.6531 28.6124
      vertex 6.57223 0.144557 29.5181
    endloop
  endfacet
  facet normal 0.819639 -0.308399 0.482785
    outer loop
      vertex 5.67684 -3.6531 28.6124
      vertex 6.48953 0.10921 29.636
      vertex 5.26965 -3.80213 29.2085
    endloop
  endfacet
  facet normal 0.934725 -0.289866 0.20559
    outer loop
      vertex 4.67847 -4.03446 30.7895
      vertex 5.94407 -0.0297607 30.6817
      vertex 5.90865 -0.0363841 30.8334
    endloop
  endfacet
  facet normal 0.934734 -0.28987 0.205542
    outer loop
      vertex 5.94407 -0.0297607 30.6817
      vertex 4.67847 -4.03446 30.7895
      vertex 4.84885 -4.0026 30.0596
    endloop
  endfacet
  facet normal 0.88814 -0.299432 0.348638
    outer loop
      vertex 4.84885 -4.0026 30.0596
      vertex 6.13691 -0.00909165 30.2082
      vertex 5.94407 -0.0297607 30.6817
    endloop
  endfacet
  facet normal 0.888115 -0.299427 0.348705
    outer loop
      vertex 6.13691 -0.00909165 30.2082
      vertex 4.84885 -4.0026 30.0596
      vertex 4.88758 -3.99242 29.9697
    endloop
  endfacet
  facet normal 0.887739 -0.300925 0.348373
    outer loop
      vertex 4.88758 -3.99242 29.9697
      vertex 4.84885 -4.0026 30.0596
      vertex 4.87312 -4 30
    endloop
  endfacet
  facet normal 0.223713 -0.337323 0.914421
    outer loop
      vertex 8.72013 0.571552 28.0948
      vertex 9.02349 -3.16092 26.6437
      vertex 8.81005 0.577513 28.075
    endloop
  endfacet
  facet normal 0.224427 -0.337213 0.914287
    outer loop
      vertex 9.02349 -3.16092 26.6437
      vertex 8.72013 0.571552 28.0948
      vertex 8.37831 -3.19717 26.7887
    endloop
  endfacet
  facet normal 0.0758992 -0.338766 0.937804
    outer loop
      vertex 9.91378 0.625741 27.9142
      vertex 10 -3.13699 26.548
      vertex 10 0.627618 27.9079
    endloop
  endfacet
  facet normal 0.0753992 -0.338789 0.937836
    outer loop
      vertex 10 -3.13699 26.548
      vertex 9.91378 0.625741 27.9142
      vertex 9.34224 -3.14912 26.5965
    endloop
  endfacet
  facet normal -0.368336 -0.334033 0.867612
    outer loop
      vertex 11.768 -3.21132 26.8453
      vertex 11.8873 0.502297 28.3257
      vertex 11.7943 0.5129 28.2903
    endloop
  endfacet
  facet normal -0.367781 -0.33413 0.86781
    outer loop
      vertex 11.8873 0.502297 28.3257
      vertex 11.768 -3.21132 26.8453
      vertex 12.3896 -3.27141 27.0856
    endloop
  endfacet
  facet normal -0.624341 -0.323637 0.710956
    outer loop
      vertex 12.9735 0.286958 29.0435
      vertex 13.6487 -3.48037 27.9215
      vertex 13.756 -3.50152 28.0061
    endloop
  endfacet
  facet normal -0.62434 -0.323637 0.710956
    outer loop
      vertex 13.6487 -3.48037 27.9215
      vertex 12.9735 0.286958 29.0435
      vertex 12.5455 0.386157 28.7128
    endloop
  endfacet
  facet normal -0.934729 -0.289868 0.205566
    outer loop
      vertex 15.3215 -4.03446 30.7895
      vertex 14.0559 -0.0297607 30.6817
      vertex 15.1511 -4.0026 30.0596
    endloop
  endfacet
  facet normal -0.934748 -0.289876 0.205472
    outer loop
      vertex 14.0559 -0.0297607 30.6817
      vertex 15.3215 -4.03446 30.7895
      vertex 14.0913 -0.0363841 30.8334
    endloop
  endfacet
  facet normal -0.368016 -0.334081 0.867729
    outer loop
      vertex 11.7943 0.5129 28.2903
      vertex 11.6217 -3.19717 26.7887
      vertex 11.768 -3.21132 26.8453
    endloop
  endfacet
  facet normal -0.367895 -0.334104 0.867772
    outer loop
      vertex 11.6217 -3.19717 26.7887
      vertex 11.7943 0.5129 28.2903
      vertex 11.2799 0.571552 28.0948
    endloop
  endfacet
  facet normal -0.223761 -0.337314 0.914413
    outer loop
      vertex 10.9765 -3.16092 26.6437
      vertex 11.2799 0.571552 28.0948
      vertex 11.19 0.577513 28.075
    endloop
  endfacet
  facet normal -0.22442 -0.337212 0.914289
    outer loop
      vertex 11.2799 0.571552 28.0948
      vertex 10.9765 -3.16092 26.6437
      vertex 11.6217 -3.19717 26.7887
    endloop
  endfacet
  facet normal -0.958326 -0.279935 0.0569932
    outer loop
      vertex 15.3513 -4.04304 30.986
      vertex 14.2079 -0.0581795 31.3326
      vertex 15.3441 -4.03869 30.8863
    endloop
  endfacet
  facet normal -0.958332 -0.27993 0.056911
    outer loop
      vertex 14.2079 -0.0581795 31.3326
      vertex 15.3513 -4.04304 30.986
      vertex 14.245 -0.0806308 31.8469
    endloop
  endfacet
  facet normal -0.888213 -0.299435 0.348449
    outer loop
      vertex 15.1511 -4.0026 30.0596
      vertex 13.8631 -0.00909165 30.2082
      vertex 15.1124 -3.99242 29.9697
    endloop
  endfacet
  facet normal -0.8853 -0.310791 0.345909
    outer loop
      vertex 15.1511 -4.0026 30.0596
      vertex 15.1124 -3.99242 29.9697
      vertex 15.1269 -4 30
    endloop
  endfacet
  facet normal -0.888167 -0.299425 0.348574
    outer loop
      vertex 13.8631 -0.00909165 30.2082
      vertex 15.1511 -4.0026 30.0596
      vertex 14.0559 -0.0297607 30.6817
    endloop
  endfacet
  facet normal -0.819637 -0.308383 0.482799
    outer loop
      vertex 14.7303 -3.80213 29.2085
      vertex 13.766 0 30
      vertex 13.5105 0.10921 29.636
    endloop
  endfacet
  facet normal -0.81958 -0.308388 0.482892
    outer loop
      vertex 14.7935 -3.82525 29.301
      vertex 13.766 0 30
      vertex 14.7303 -3.80213 29.2085
    endloop
  endfacet
  facet normal -0.819859 -0.308377 0.482425
    outer loop
      vertex 13.766 0 30
      vertex 14.7935 -3.82525 29.301
      vertex 13.8035 -0.00270563 30.062
    endloop
  endfacet
  facet normal -0.819774 -0.308372 0.482573
    outer loop
      vertex 14.3232 -3.6531 28.6124
      vertex 13.5105 0.10921 29.636
      vertex 13.4278 0.144557 29.5181
    endloop
  endfacet
  facet normal -0.819693 -0.308389 0.4827
    outer loop
      vertex 13.5105 0.10921 29.636
      vertex 14.3232 -3.6531 28.6124
      vertex 14.7303 -3.80213 29.2085
    endloop
  endfacet
  facet normal 0.958332 -0.279935 0.0568855
    outer loop
      vertex 4.59488 -4.07562 31.7321
      vertex 5.75503 -0.0806308 31.8469
      vertex 5.74409 -0.087256 31.9986
    endloop
  endfacet
  facet normal 0.958332 -0.279935 0.0568798
    outer loop
      vertex 5.75503 -0.0806308 31.8469
      vertex 4.59488 -4.07562 31.7321
      vertex 4.64868 -4.04304 30.986
    endloop
  endfacet
  facet normal 0.730972 -0.23329 -0.641292
    outer loop
      vertex 6.85217 -0.413609 34.8892
      vertex 5.58156 -4.48528 34.9221
      vertex 6.53175 -0.363107 34.5056
    endloop
  endfacet
  facet normal 0.730834 -0.233248 -0.641464
    outer loop
      vertex 5.58156 -4.48528 34.9221
      vertex 6.85217 -0.413609 34.8892
      vertex 5.63159 -4.49903 34.9841
    endloop
  endfacet
  facet normal 0.224618 -0.212591 -0.950974
    outer loop
      vertex 9.12798 -5.03005 37.1864
      vertex 9.12806 -0.678389 36.2136
      vertex 9.32001 -0.688954 36.2613
    endloop
  endfacet
  facet normal 0.224378 -0.212603 -0.951028
    outer loop
      vertex 9.12806 -0.678389 36.2136
      vertex 9.12798 -5.03005 37.1864
      vertex 8.32664 -4.96591 36.983
    endloop
  endfacet
  facet normal -0.502983 -0.220275 -0.835755
    outer loop
      vertex 11.9647 -0.593197 35.8294
      vertex 12.5598 -4.85611 36.5948
      vertex 12.5138 -4.86262 36.6242
    endloop
  endfacet
  facet normal -0.502412 -0.220258 -0.836103
    outer loop
      vertex 12.5598 -4.85611 36.5948
      vertex 11.9647 -0.593197 35.8294
      vertex 12.3809 -0.534334 35.5638
    endloop
  endfacet
  facet normal -0.934614 -0.259822 -0.242875
    outer loop
      vertex 15.3191 -4.15248 32.6729
      vertex 14.056 -0.205896 33.3115
      vertex 14.0896 -0.186076 33.161
    endloop
  endfacet
  facet normal -0.93474 -0.259966 -0.242236
    outer loop
      vertex 14.056 -0.205896 33.3115
      vertex 15.3191 -4.15248 32.6729
      vertex 15.1573 -4.24822 33.4
    endloop
  endfacet
  facet normal -0.934736 -0.259943 -0.242277
    outer loop
      vertex 15.3408 -4.13968 32.5756
      vertex 14.0896 -0.186076 33.161
      vertex 14.2004 -0.120535 32.6632
    endloop
  endfacet
  facet normal -0.934664 -0.259867 -0.242636
    outer loop
      vertex 14.0896 -0.186076 33.161
      vertex 15.3408 -4.13968 32.5756
      vertex 15.3191 -4.15248 32.6729
    endloop
  endfacet
  facet normal -0.224362 -0.212605 -0.951032
    outer loop
      vertex 10.872 -5.03005 37.1864
      vertex 10.8719 -0.678389 36.2136
      vertex 11.6734 -4.96591 36.983
    endloop
  endfacet
  facet normal -0.224674 -0.21259 -0.950961
    outer loop
      vertex 10.8719 -0.678389 36.2136
      vertex 10.872 -5.03005 37.1864
      vertex 10.68 -0.688954 36.2613
    endloop
  endfacet
  facet normal 0.07468 -0.21102 -0.974625
    outer loop
      vertex 9.96112 -5.05186 37.2556
      vertex 10 -0.701209 36.3166
      vertex 10 -5.05288 37.2588
    endloop
  endfacet
  facet normal 0.0755365 -0.211014 -0.97456
    outer loop
      vertex 10 -0.701209 36.3166
      vertex 9.96112 -5.05186 37.2556
      vertex 9.51849 -0.692531 36.2774
    endloop
  endfacet
  facet normal 0.368301 -0.334037 0.867625
    outer loop
      vertex 8.11267 0.502297 28.3257
      vertex 8.23199 -3.21132 26.8453
      vertex 8.20568 0.5129 28.2903
    endloop
  endfacet
  facet normal 0.367802 -0.334124 0.867803
    outer loop
      vertex 8.23199 -3.21132 26.8453
      vertex 8.11267 0.502297 28.3257
      vertex 7.61043 -3.27141 27.0856
    endloop
  endfacet
  facet normal 0.502252 -0.329559 0.799458
    outer loop
      vertex 7.63976 0.422969 28.5901
      vertex 7.61043 -3.27141 27.0856
      vertex 8.11267 0.502297 28.3257
    endloop
  endfacet
  facet normal 0.502478 -0.329511 0.799336
    outer loop
      vertex 7.61043 -3.27141 27.0856
      vertex 7.63976 0.422969 28.5901
      vertex 7.47954 -3.29004 27.1602
    endloop
  endfacet
  facet normal 0.502491 -0.329509 0.799329
    outer loop
      vertex 7.54396 0.406901 28.6437
      vertex 7.47954 -3.29004 27.1602
      vertex 7.63976 0.422969 28.5901
    endloop
  endfacet
  facet normal 0.502231 -0.329561 0.799471
    outer loop
      vertex 7.47954 -3.29004 27.1602
      vertex 7.54396 0.406901 28.6437
      vertex 6.89359 -3.37348 27.4939
    endloop
  endfacet
  facet normal 0.819617 -0.308396 0.482826
    outer loop
      vertex 6.23401 0 30
      vertex 5.26965 -3.80213 29.2085
      vertex 6.48953 0.10921 29.636
    endloop
  endfacet
  facet normal 0.819741 -0.30839 0.482618
    outer loop
      vertex 5.20647 -3.82525 29.301
      vertex 6.23401 0 30
      vertex 6.19649 -0.00270563 30.062
    endloop
  endfacet
  facet normal 0.819654 -0.308393 0.482764
    outer loop
      vertex 6.23401 0 30
      vertex 5.20647 -3.82525 29.301
      vertex 5.26965 -3.80213 29.2085
    endloop
  endfacet
  facet normal 0.934734 -0.289869 0.205542
    outer loop
      vertex 4.65587 -4.03869 30.8863
      vertex 5.90865 -0.0363841 30.8334
      vertex 5.79212 -0.0581795 31.3326
    endloop
  endfacet
  facet normal 0.93473 -0.289867 0.205566
    outer loop
      vertex 5.90865 -0.0363841 30.8334
      vertex 4.65587 -4.03869 30.8863
      vertex 4.67847 -4.03446 30.7895
    endloop
  endfacet
  facet normal 0.367864 -0.334107 0.867784
    outer loop
      vertex 8.20568 0.5129 28.2903
      vertex 8.37831 -3.19717 26.7887
      vertex 8.72013 0.571552 28.0948
    endloop
  endfacet
  facet normal 0.367972 -0.334086 0.867746
    outer loop
      vertex 8.37831 -3.19717 26.7887
      vertex 8.20568 0.5129 28.2903
      vertex 8.23199 -3.21132 26.8453
    endloop
  endfacet
  facet normal 0.224553 -0.337209 0.914257
    outer loop
      vertex 8.81005 0.577513 28.075
      vertex 9.18053 -3.1521 26.6084
      vertex 9.35355 0.613546 27.9548
    endloop
  endfacet
  facet normal 0.224454 -0.337225 0.914275
    outer loop
      vertex 9.18053 -3.1521 26.6084
      vertex 8.81005 0.577513 28.075
      vertex 9.02349 -3.16092 26.6437
    endloop
  endfacet
  facet normal -0.934729 -0.289871 0.205565
    outer loop
      vertex 15.3441 -4.03869 30.8863
      vertex 14.0913 -0.0363841 30.8334
      vertex 15.3215 -4.03446 30.7895
    endloop
  endfacet
  facet normal -0.934708 -0.289864 0.205668
    outer loop
      vertex 14.0913 -0.0363841 30.8334
      vertex 15.3441 -4.03869 30.8863
      vertex 14.2079 -0.0581795 31.3326
    endloop
  endfacet
  facet normal -0.958336 -0.279924 0.0568805
    outer loop
      vertex 15.4051 -4.07562 31.7321
      vertex 14.245 -0.0806308 31.8469
      vertex 15.3513 -4.04304 30.986
    endloop
  endfacet
  facet normal -0.958351 -0.279922 0.0566347
    outer loop
      vertex 14.245 -0.0806308 31.8469
      vertex 15.4051 -4.07562 31.7321
      vertex 14.2559 -0.087256 31.9986
    endloop
  endfacet
  facet normal -0.502448 -0.329526 0.799349
    outer loop
      vertex 12.3602 0.422969 28.5901
      vertex 12.3896 -3.27141 27.0856
      vertex 12.5205 -3.29004 27.1602
    endloop
  endfacet
  facet normal -0.50226 -0.329566 0.799451
    outer loop
      vertex 12.3896 -3.27141 27.0856
      vertex 12.3602 0.422969 28.5901
      vertex 11.8873 0.502297 28.3257
    endloop
  endfacet
  facet normal -0.224508 -0.337215 0.914266
    outer loop
      vertex 11.19 0.577513 28.075
      vertex 10.8195 -3.1521 26.6084
      vertex 10.9765 -3.16092 26.6437
    endloop
  endfacet
  facet normal -0.224513 -0.337214 0.914265
    outer loop
      vertex 10.8195 -3.1521 26.6084
      vertex 11.19 0.577513 28.075
      vertex 10.6464 0.613546 27.9548
    endloop
  endfacet
  facet normal 0.934719 -0.259933 -0.242354
    outer loop
      vertex 5.94395 -0.205896 33.3115
      vertex 4.68088 -4.15248 32.6729
      vertex 5.91044 -0.186076 33.161
    endloop
  endfacet
  facet normal 0.934728 -0.259944 -0.242308
    outer loop
      vertex 4.68088 -4.15248 32.6729
      vertex 5.94395 -0.205896 33.3115
      vertex 4.84274 -4.24822 33.4
    endloop
  endfacet
  facet normal -0.0752442 -0.211014 -0.974583
    outer loop
      vertex 10.872 -5.03005 37.1864
      vertex 10.4815 -0.692531 36.2774
      vertex 10.68 -0.688954 36.2613
    endloop
  endfacet
  facet normal -0.0754261 -0.211027 -0.974566
    outer loop
      vertex 10.4815 -0.692531 36.2774
      vertex 10.872 -5.03005 37.1864
      vertex 10.0389 -5.05186 37.2556
    endloop
  endfacet
  facet normal 0.934736 -0.259943 -0.242277
    outer loop
      vertex 5.91044 -0.186076 33.161
      vertex 4.65924 -4.13968 32.5756
      vertex 5.79964 -0.120535 32.6632
    endloop
  endfacet
  facet normal 0.934772 -0.259981 -0.242099
    outer loop
      vertex 4.65924 -4.13968 32.5756
      vertex 5.91044 -0.186076 33.161
      vertex 4.68088 -4.15248 32.6729
    endloop
  endfacet
  facet normal 0.958332 -0.26988 -0.0936167
    outer loop
      vertex 4.65312 -4.12639 32.4747
      vertex 5.7967 -0.114151 32.6147
      vertex 5.79964 -0.120535 32.6632
    endloop
  endfacet
  facet normal 0.958333 -0.26988 -0.0936115
    outer loop
      vertex 5.7967 -0.114151 32.6147
      vertex 4.65312 -4.12639 32.4747
      vertex 5.75696 -0.0938359 32.1493
    endloop
  endfacet
  facet normal 0.958328 -0.269876 -0.0936731
    outer loop
      vertex 4.65312 -4.12639 32.4747
      vertex 5.79964 -0.120535 32.6632
      vertex 4.65924 -4.13968 32.5756
    endloop
  endfacet
  facet normal 0.369239 -0.215709 -0.903954
    outer loop
      vertex 8.23935 -4.95641 36.9528
      vertex 8.65901 -0.652573 36.0972
      vertex 8.28215 -4.96235 36.9717
    endloop
  endfacet
  facet normal 0.367963 -0.215689 -0.904478
    outer loop
      vertex 8.65901 -0.652573 36.0972
      vertex 8.23935 -4.95641 36.9528
      vertex 8.20991 -0.609819 35.9043
    endloop
  endfacet
  facet normal -0.367808 -0.215695 -0.90454
    outer loop
      vertex 12.269 -4.88593 36.7293
      vertex 11.9647 -0.593197 35.8294
      vertex 12.5138 -4.86262 36.6242
    endloop
  endfacet
  facet normal -0.367542 -0.215698 -0.904648
    outer loop
      vertex 12.269 -4.88593 36.7293
      vertex 11.7901 -0.609819 35.9043
      vertex 11.9647 -0.593197 35.8294
    endloop
  endfacet
  facet normal -0.367754 -0.215705 -0.90456
    outer loop
      vertex 11.7901 -0.609819 35.9043
      vertex 12.269 -4.88593 36.7293
      vertex 11.7606 -4.95641 36.9528
    endloop
  endfacet
  facet normal -0.623956 -0.226175 -0.748013
    outer loop
      vertex 12.5342 -0.512652 35.466
      vertex 13.2888 -4.75037 36.1179
      vertex 13.2425 -4.75956 36.1593
    endloop
  endfacet
  facet normal -0.623713 -0.226231 -0.748199
    outer loop
      vertex 13.2888 -4.75037 36.1179
      vertex 12.8209 -0.455765 35.2094
      vertex 12.9074 -0.44587 35.1343
    endloop
  endfacet
  facet normal -0.624322 -0.226193 -0.747703
    outer loop
      vertex 13.2888 -4.75037 36.1179
      vertex 12.5342 -0.512652 35.466
      vertex 12.8209 -0.455765 35.2094
    endloop
  endfacet
  facet normal -0.888131 -0.250402 -0.385387
    outer loop
      vertex 15.1573 -4.24822 33.4
      vertex 13.8693 -0.267839 33.782
      vertex 14.056 -0.205896 33.3115
    endloop
  endfacet
  facet normal -0.888007 -0.25033 -0.385719
    outer loop
      vertex 13.8693 -0.267839 33.782
      vertex 15.1573 -4.24822 33.4
      vertex 15.1225 -4.25975 33.4876
    endloop
  endfacet
  facet normal -0.224958 -0.212613 -0.950889
    outer loop
      vertex 11.6734 -4.96591 36.983
      vertex 11.341 -0.652573 36.0972
      vertex 11.7178 -4.96235 36.9717
    endloop
  endfacet
  facet normal -0.224289 -0.212595 -0.951051
    outer loop
      vertex 11.341 -0.652573 36.0972
      vertex 11.6734 -4.96591 36.983
      vertex 10.8719 -0.678389 36.2136
    endloop
  endfacet
  facet normal 0.624086 -0.323667 0.711166
    outer loop
      vertex 7.45446 0.386157 28.7128
      vertex 6.89359 -3.37348 27.4939
      vertex 7.54396 0.406901 28.6437
    endloop
  endfacet
  facet normal 0.624354 -0.323635 0.710945
    outer loop
      vertex 6.89359 -3.37348 27.4939
      vertex 7.45446 0.386157 28.7128
      vertex 6.35128 -3.48037 27.9215
    endloop
  endfacet
  facet normal 0.88806 -0.299448 0.348826
    outer loop
      vertex 6.13691 -0.00909165 30.2082
      vertex 5.20647 -3.82525 29.301
      vertex 6.19649 -0.00270563 30.062
    endloop
  endfacet
  facet normal 0.888126 -0.299428 0.348675
    outer loop
      vertex 5.20647 -3.82525 29.301
      vertex 6.13691 -0.00909165 30.2082
      vertex 4.88758 -3.99242 29.9697
    endloop
  endfacet
  facet normal -0.888018 -0.299453 0.34893
    outer loop
      vertex 14.7935 -3.82525 29.301
      vertex 13.8631 -0.00909165 30.2082
      vertex 13.8035 -0.00270563 30.062
    endloop
  endfacet
  facet normal -0.888123 -0.299422 0.348689
    outer loop
      vertex 13.8631 -0.00909165 30.2082
      vertex 14.7935 -3.82525 29.301
      vertex 15.1124 -3.99242 29.9697
    endloop
  endfacet
  facet normal 0.888123 -0.250381 -0.385419
    outer loop
      vertex 6.13067 -0.267839 33.782
      vertex 4.84274 -4.24822 33.4
      vertex 5.94395 -0.205896 33.3115
    endloop
  endfacet
  facet normal 0.888172 -0.250409 -0.385287
    outer loop
      vertex 4.84274 -4.24822 33.4
      vertex 6.13067 -0.267839 33.782
      vertex 4.87749 -4.25975 33.4876
    endloop
  endfacet
  facet normal 0.502747 -0.220271 -0.835898
    outer loop
      vertex 7.44017 -4.85611 36.5948
      vertex 8.0353 -0.593197 35.8294
      vertex 7.4862 -4.86262 36.6242
    endloop
  endfacet
  facet normal 0.502394 -0.22026 -0.836113
    outer loop
      vertex 8.0353 -0.593197 35.8294
      vertex 7.44017 -4.85611 36.5948
      vertex 7.61908 -0.534334 35.5638
    endloop
  endfacet
  facet normal 0.224312 -0.212594 -0.951046
    outer loop
      vertex 8.32664 -4.96591 36.983
      vertex 8.65901 -0.652573 36.0972
      vertex 9.12806 -0.678389 36.2136
    endloop
  endfacet
  facet normal 0.22453 -0.2126 -0.950993
    outer loop
      vertex 8.65901 -0.652573 36.0972
      vertex 8.32664 -4.96591 36.983
      vertex 8.28215 -4.96235 36.9717
    endloop
  endfacet
  facet normal -0.81961 -0.241424 -0.519572
    outer loop
      vertex 14.8447 -4.35192 34.1877
      vertex 13.727 -0.30586 34.0708
      vertex 13.8102 -0.28745 33.931
    endloop
  endfacet
  facet normal -0.819577 -0.241417 -0.519626
    outer loop
      vertex 14.65 -4.39499 34.5148
      vertex 13.727 -0.30586 34.0708
      vertex 14.8447 -4.35192 34.1877
    endloop
  endfacet
  facet normal -0.819614 -0.241418 -0.519566
    outer loop
      vertex 13.727 -0.30586 34.0708
      vertex 14.65 -4.39499 34.5148
      vertex 14.459 -4.46945 34.8507
    endloop
  endfacet
  facet normal -0.36924 -0.215704 -0.903954
    outer loop
      vertex 11.341 -0.652573 36.0972
      vertex 11.7606 -4.95641 36.9528
      vertex 11.7178 -4.96235 36.9717
    endloop
  endfacet
  facet normal -0.367964 -0.215684 -0.904479
    outer loop
      vertex 11.7606 -4.95641 36.9528
      vertex 11.341 -0.652573 36.0972
      vertex 11.7901 -0.609819 35.9043
    endloop
  endfacet
  facet normal 0.502277 -0.220272 -0.836181
    outer loop
      vertex 6.7575 -4.75956 36.1593
      vertex 7.61908 -0.534334 35.5638
      vertex 7.44017 -4.85611 36.5948
    endloop
  endfacet
  facet normal 0.50227 -0.220271 -0.836185
    outer loop
      vertex 7.61908 -0.534334 35.5638
      vertex 6.7575 -4.75956 36.1593
      vertex 7.46577 -0.512652 35.466
    endloop
  endfacet
  facet normal 0.888146 -0.250396 -0.385354
    outer loop
      vertex 6.18979 -0.28745 33.931
      vertex 4.87749 -4.25975 33.4876
      vertex 6.13067 -0.267839 33.782
    endloop
  endfacet
  facet normal 0.88813 -0.250386 -0.3854
    outer loop
      vertex 4.87749 -4.25975 33.4876
      vertex 6.18979 -0.28745 33.931
      vertex 5.15531 -4.35192 34.1877
    endloop
  endfacet
  facet normal 0.819585 -0.241416 -0.519615
    outer loop
      vertex 6.273 -0.30586 34.0708
      vertex 5.15531 -4.35192 34.1877
      vertex 6.18979 -0.28745 33.931
    endloop
  endfacet
  facet normal 0.819589 -0.241417 -0.519607
    outer loop
      vertex 6.273 -0.30586 34.0708
      vertex 5.35 -4.39499 34.5148
      vertex 5.15531 -4.35192 34.1877
    endloop
  endfacet
  facet normal 0.819659 -0.241421 -0.519495
    outer loop
      vertex 5.35 -4.39499 34.5148
      vertex 6.273 -0.30586 34.0708
      vertex 5.54096 -4.46945 34.8507
    endloop
  endfacet
  facet normal 0.367791 -0.215706 -0.904545
    outer loop
      vertex 7.73101 -4.88593 36.7293
      vertex 8.20991 -0.609819 35.9043
      vertex 8.23935 -4.95641 36.9528
    endloop
  endfacet
  facet normal 0.367524 -0.215698 -0.904655
    outer loop
      vertex 8.20991 -0.609819 35.9043
      vertex 7.73101 -4.88593 36.7293
      vertex 8.0353 -0.593197 35.8294
    endloop
  endfacet
  facet normal 0.367795 -0.215694 -0.904546
    outer loop
      vertex 8.0353 -0.593197 35.8294
      vertex 7.73101 -4.88593 36.7293
      vertex 7.4862 -4.86262 36.6242
    endloop
  endfacet
  facet normal -0.819583 -0.241422 -0.519615
    outer loop
      vertex 14.459 -4.46945 34.8507
      vertex 13.4682 -0.363107 34.5056
      vertex 13.727 -0.30586 34.0708
    endloop
  endfacet
  facet normal -0.819606 -0.241424 -0.519577
    outer loop
      vertex 13.4682 -0.363107 34.5056
      vertex 14.459 -4.46945 34.8507
      vertex 14.4184 -4.48528 34.9221
    endloop
  endfacet
  facet normal -0.73099 -0.233293 -0.64127
    outer loop
      vertex 14.4184 -4.48528 34.9221
      vertex 13.1478 -0.413609 34.8892
      vertex 13.4682 -0.363107 34.5056
    endloop
  endfacet
  facet normal -0.731001 -0.233297 -0.641256
    outer loop
      vertex 13.1478 -0.413609 34.8892
      vertex 14.4184 -4.48528 34.9221
      vertex 14.3684 -4.49903 34.9841
    endloop
  endfacet
  facet normal 0.819625 -0.241425 -0.519547
    outer loop
      vertex 6.53175 -0.363107 34.5056
      vertex 5.54096 -4.46945 34.8507
      vertex 6.273 -0.30586 34.0708
    endloop
  endfacet
  facet normal 0.819607 -0.241423 -0.519576
    outer loop
      vertex 5.54096 -4.46945 34.8507
      vertex 6.53175 -0.363107 34.5056
      vertex 5.58156 -4.48528 34.9221
    endloop
  endfacet
  facet normal -0.888184 -0.25042 -0.385253
    outer loop
      vertex 15.1225 -4.25975 33.4876
      vertex 13.8102 -0.28745 33.931
      vertex 13.8693 -0.267839 33.782
    endloop
  endfacet
  facet normal -0.888138 -0.250391 -0.385378
    outer loop
      vertex 13.8102 -0.28745 33.931
      vertex 15.1225 -4.25975 33.4876
      vertex 14.8447 -4.35192 34.1877
    endloop
  endfacet
  facet normal 0.934736 -0.259943 -0.242277
    outer loop
      vertex -14.0896 -0.186076 33.161
      vertex -15.3408 -4.13968 32.5756
      vertex -14.2004 -0.120535 32.6632
    endloop
  endfacet
  facet normal 0.934664 -0.259867 -0.242636
    outer loop
      vertex -15.3408 -4.13968 32.5756
      vertex -14.0896 -0.186076 33.161
      vertex -15.3191 -4.15248 32.6729
    endloop
  endfacet
  facet normal 0.958319 -0.26986 -0.0938153
    outer loop
      vertex -14.243 -0.0938359 32.1493
      vertex -15.4051 -4.07562 31.7321
      vertex -14.2559 -0.087256 31.9986
    endloop
  endfacet
  facet normal 0.95833 -0.269883 -0.0936283
    outer loop
      vertex -14.243 -0.0938359 32.1493
      vertex -15.3595 -4.09892 32.266
      vertex -15.4051 -4.07562 31.7321
    endloop
  endfacet
  facet normal 0.958355 -0.269882 -0.0933825
    outer loop
      vertex -15.3595 -4.09892 32.266
      vertex -14.243 -0.0938359 32.1493
      vertex -15.3469 -4.12639 32.4747
    endloop
  endfacet
  facet normal -0.958332 -0.269878 -0.0936264
    outer loop
      vertex -4.59488 -4.07562 31.7321
      vertex -5.75696 -0.0938359 32.1493
      vertex -5.74409 -0.087256 31.9986
    endloop
  endfacet
  facet normal -0.958333 -0.26988 -0.0936104
    outer loop
      vertex -4.64047 -4.09892 32.266
      vertex -5.75696 -0.0938359 32.1493
      vertex -4.59488 -4.07562 31.7321
    endloop
  endfacet
  facet normal -0.958333 -0.26988 -0.0936105
    outer loop
      vertex -5.75696 -0.0938359 32.1493
      vertex -4.64047 -4.09892 32.266
      vertex -4.65312 -4.12639 32.4747
    endloop
  endfacet
  facet normal -0.958333 -0.26988 -0.0936115
    outer loop
      vertex -4.65312 -4.12639 32.4747
      vertex -5.7967 -0.114151 32.6147
      vertex -5.75696 -0.0938359 32.1493
    endloop
  endfacet
  facet normal -0.958332 -0.26988 -0.0936167
    outer loop
      vertex -5.7967 -0.114151 32.6147
      vertex -4.65312 -4.12639 32.4747
      vertex -5.79964 -0.120535 32.6632
    endloop
  endfacet
  facet normal -0.958328 -0.269876 -0.0936731
    outer loop
      vertex -5.79964 -0.120535 32.6632
      vertex -4.65312 -4.12639 32.4747
      vertex -4.65924 -4.13968 32.5756
    endloop
  endfacet
  facet normal 0.624086 -0.323671 0.711164
    outer loop
      vertex -12.5455 0.386157 28.7128
      vertex -13.1064 -3.37348 27.4939
      vertex -12.456 0.406901 28.6437
    endloop
  endfacet
  facet normal 0.62436 -0.323639 0.710937
    outer loop
      vertex -13.1064 -3.37348 27.4939
      vertex -12.5455 0.386157 28.7128
      vertex -13.6487 -3.48037 27.9215
    endloop
  endfacet
  facet normal -0.624237 -0.323643 0.711044
    outer loop
      vertex -7.02647 0.286958 29.0435
      vertex -6.35128 -3.48037 27.9215
      vertex -6.24395 -3.50152 28.0061
    endloop
  endfacet
  facet normal -0.624349 -0.323635 0.710949
    outer loop
      vertex -6.35128 -3.48037 27.9215
      vertex -7.02647 0.286958 29.0435
      vertex -7.45446 0.386157 28.7128
    endloop
  endfacet
  facet normal -0.731013 -0.316526 0.604509
    outer loop
      vertex -6.15361 -3.52567 28.1027
      vertex -7.02647 0.286958 29.0435
      vertex -6.24395 -3.50152 28.0061
    endloop
  endfacet
  facet normal -0.730966 -0.316528 0.604564
    outer loop
      vertex -7.02647 0.286958 29.0435
      vertex -6.15361 -3.52567 28.1027
      vertex -6.6676 0.174455 29.4185
    endloop
  endfacet
  facet normal 0.0746418 -0.211021 -0.974627
    outer loop
      vertex -10.0389 -5.05186 37.2556
      vertex -10 -0.701209 36.3166
      vertex -10 -5.05288 37.2588
    endloop
  endfacet
  facet normal 0.075538 -0.211014 -0.97456
    outer loop
      vertex -10 -0.701209 36.3166
      vertex -10.0389 -5.05186 37.2556
      vertex -10.4815 -0.692531 36.2774
    endloop
  endfacet
  facet normal -0.0758992 -0.338766 0.937804
    outer loop
      vertex -10 -3.13699 26.548
      vertex -9.91378 0.625741 27.9142
      vertex -10 0.627618 27.9079
    endloop
  endfacet
  facet normal -0.0753992 -0.338789 0.937836
    outer loop
      vertex -9.91378 0.625741 27.9142
      vertex -10 -3.13699 26.548
      vertex -9.34224 -3.14912 26.5965
    endloop
  endfacet
  facet normal 0.0759167 -0.338765 0.937803
    outer loop
      vertex -10.0862 0.625741 27.9142
      vertex -10 -3.13699 26.548
      vertex -10 0.627618 27.9079
    endloop
  endfacet
  facet normal 0.0753946 -0.338789 0.937837
    outer loop
      vertex -10 -3.13699 26.548
      vertex -10.0862 0.625741 27.9142
      vertex -10.6578 -3.14912 26.5965
    endloop
  endfacet
  facet normal 0.934748 -0.289876 0.205472
    outer loop
      vertex -15.3215 -4.03446 30.7895
      vertex -14.0559 -0.0297607 30.6817
      vertex -14.0913 -0.0363841 30.8334
    endloop
  endfacet
  facet normal 0.934729 -0.289868 0.205566
    outer loop
      vertex -14.0559 -0.0297607 30.6817
      vertex -15.3215 -4.03446 30.7895
      vertex -15.1511 -4.0026 30.0596
    endloop
  endfacet
  facet normal 0.0754261 -0.211027 -0.974566
    outer loop
      vertex -10.872 -5.03005 37.1864
      vertex -10.4815 -0.692531 36.2774
      vertex -10.0389 -5.05186 37.2556
    endloop
  endfacet
  facet normal 0.0752442 -0.211014 -0.974583
    outer loop
      vertex -10.4815 -0.692531 36.2774
      vertex -10.872 -5.03005 37.1864
      vertex -10.68 -0.688954 36.2613
    endloop
  endfacet
  facet normal 0.502261 -0.220272 -0.83619
    outer loop
      vertex -13.2425 -4.75956 36.1593
      vertex -12.3809 -0.534334 35.5638
      vertex -12.5598 -4.85611 36.5948
    endloop
  endfacet
  facet normal 0.502293 -0.220276 -0.83617
    outer loop
      vertex -12.3809 -0.534334 35.5638
      vertex -13.2425 -4.75956 36.1593
      vertex -12.5342 -0.512652 35.466
    endloop
  endfacet
  facet normal -0.731133 -0.233329 -0.641094
    outer loop
      vertex -5.63159 -4.49903 34.9841
      vertex -6.96187 -0.4309 35.0206
      vertex -6.85217 -0.413609 34.8892
    endloop
  endfacet
  facet normal -0.730994 -0.233282 -0.64127
    outer loop
      vertex -6.96187 -0.4309 35.0206
      vertex -5.63159 -4.49903 34.9841
      vertex -6.11727 -4.63253 35.5863
    endloop
  endfacet
  facet normal -0.624354 -0.323635 0.710945
    outer loop
      vertex -7.45446 0.386157 28.7128
      vertex -6.89359 -3.37348 27.4939
      vertex -6.35128 -3.48037 27.9215
    endloop
  endfacet
  facet normal -0.624086 -0.323667 0.711166
    outer loop
      vertex -6.89359 -3.37348 27.4939
      vertex -7.45446 0.386157 28.7128
      vertex -7.54396 0.406901 28.6437
    endloop
  endfacet
  facet normal -0.502231 -0.329561 0.799471
    outer loop
      vertex -7.54396 0.406901 28.6437
      vertex -7.47954 -3.29004 27.1602
      vertex -6.89359 -3.37348 27.4939
    endloop
  endfacet
  facet normal -0.502491 -0.329509 0.799329
    outer loop
      vertex -7.47954 -3.29004 27.1602
      vertex -7.54396 0.406901 28.6437
      vertex -7.63976 0.422969 28.5901
    endloop
  endfacet
  facet normal 0.62434 -0.323637 0.710956
    outer loop
      vertex -12.9735 0.286958 29.0435
      vertex -13.6487 -3.48037 27.9215
      vertex -12.5455 0.386157 28.7128
    endloop
  endfacet
  facet normal 0.624341 -0.323637 0.710956
    outer loop
      vertex -13.6487 -3.48037 27.9215
      vertex -12.9735 0.286958 29.0435
      vertex -13.756 -3.50152 28.0061
    endloop
  endfacet
  facet normal 0.958351 -0.279922 0.0566347
    outer loop
      vertex -15.4051 -4.07562 31.7321
      vertex -14.245 -0.0806308 31.8469
      vertex -14.2559 -0.087256 31.9986
    endloop
  endfacet
  facet normal 0.958336 -0.279924 0.0568805
    outer loop
      vertex -14.245 -0.0806308 31.8469
      vertex -15.4051 -4.07562 31.7321
      vertex -15.3513 -4.04304 30.986
    endloop
  endfacet
  facet normal 0.624366 -0.226169 -0.747673
    outer loop
      vertex -13.8827 -4.63253 35.5863
      vertex -12.9074 -0.44587 35.1343
      vertex -13.2888 -4.75037 36.1179
    endloop
  endfacet
  facet normal 0.624452 -0.226181 -0.747597
    outer loop
      vertex -12.9074 -0.44587 35.1343
      vertex -13.8827 -4.63253 35.5863
      vertex -13.0381 -0.4309 35.0206
    endloop
  endfacet
  facet normal -0.369239 -0.215709 -0.903954
    outer loop
      vertex -8.65901 -0.652573 36.0972
      vertex -8.23935 -4.95641 36.9528
      vertex -8.28215 -4.96235 36.9717
    endloop
  endfacet
  facet normal -0.367963 -0.215689 -0.904478
    outer loop
      vertex -8.23935 -4.95641 36.9528
      vertex -8.65901 -0.652573 36.0972
      vertex -8.20991 -0.609819 35.9043
    endloop
  endfacet
  facet normal -0.934719 -0.259933 -0.242354
    outer loop
      vertex -4.68088 -4.15248 32.6729
      vertex -5.94395 -0.205896 33.3115
      vertex -5.91044 -0.186076 33.161
    endloop
  endfacet
  facet normal -0.934728 -0.259944 -0.242308
    outer loop
      vertex -5.94395 -0.205896 33.3115
      vertex -4.68088 -4.15248 32.6729
      vertex -4.84274 -4.24822 33.4
    endloop
  endfacet
  facet normal -0.502277 -0.220272 -0.836181
    outer loop
      vertex -7.61908 -0.534334 35.5638
      vertex -6.7575 -4.75956 36.1593
      vertex -7.44017 -4.85611 36.5948
    endloop
  endfacet
  facet normal -0.50227 -0.220271 -0.836185
    outer loop
      vertex -6.7575 -4.75956 36.1593
      vertex -7.61908 -0.534334 35.5638
      vertex -7.46577 -0.512652 35.466
    endloop
  endfacet
  facet normal -0.22453 -0.2126 -0.950993
    outer loop
      vertex -8.32664 -4.96591 36.983
      vertex -8.65901 -0.652573 36.0972
      vertex -8.28215 -4.96235 36.9717
    endloop
  endfacet
  facet normal -0.224312 -0.212594 -0.951046
    outer loop
      vertex -8.65901 -0.652573 36.0972
      vertex -8.32664 -4.96591 36.983
      vertex -9.12806 -0.678389 36.2136
    endloop
  endfacet
  facet normal -0.958331 -0.279938 0.0568974
    outer loop
      vertex -4.64868 -4.04304 30.986
      vertex -5.79212 -0.0581795 31.3326
      vertex -4.65587 -4.03869 30.8863
    endloop
  endfacet
  facet normal -0.958331 -0.279938 0.0568919
    outer loop
      vertex -5.79212 -0.0581795 31.3326
      vertex -4.64868 -4.04304 30.986
      vertex -5.75503 -0.0806308 31.8469
    endloop
  endfacet
  facet normal -0.819617 -0.308396 0.482826
    outer loop
      vertex -5.26965 -3.80213 29.2085
      vertex -6.23401 0 30
      vertex -6.48953 0.10921 29.636
    endloop
  endfacet
  facet normal -0.819654 -0.308393 0.482764
    outer loop
      vertex -5.20647 -3.82525 29.301
      vertex -6.23401 0 30
      vertex -5.26965 -3.80213 29.2085
    endloop
  endfacet
  facet normal -0.819741 -0.30839 0.482618
    outer loop
      vertex -6.23401 0 30
      vertex -5.20647 -3.82525 29.301
      vertex -6.19649 -0.00270563 30.062
    endloop
  endfacet
  facet normal -0.502478 -0.329511 0.799336
    outer loop
      vertex -7.63976 0.422969 28.5901
      vertex -7.61043 -3.27141 27.0856
      vertex -7.47954 -3.29004 27.1602
    endloop
  endfacet
  facet normal -0.502252 -0.329559 0.799458
    outer loop
      vertex -7.61043 -3.27141 27.0856
      vertex -7.63976 0.422969 28.5901
      vertex -8.11267 0.502297 28.3257
    endloop
  endfacet
  facet normal 0.368336 -0.334033 0.867612
    outer loop
      vertex -11.8873 0.502297 28.3257
      vertex -11.768 -3.21132 26.8453
      vertex -11.7943 0.5129 28.2903
    endloop
  endfacet
  facet normal 0.367781 -0.33413 0.86781
    outer loop
      vertex -11.768 -3.21132 26.8453
      vertex -11.8873 0.502297 28.3257
      vertex -12.3896 -3.27141 27.0856
    endloop
  endfacet
  facet normal 0.0753443 -0.338784 0.937843
    outer loop
      vertex -10.6464 0.613546 27.9548
      vertex -10.6578 -3.14912 26.5965
      vertex -10.0862 0.625741 27.9142
    endloop
  endfacet
  facet normal 0.0752627 -0.338786 0.937848
    outer loop
      vertex -10.6578 -3.14912 26.5965
      vertex -10.6464 0.613546 27.9548
      vertex -10.8195 -3.1521 26.6084
    endloop
  endfacet
  facet normal -0.0752581 -0.338784 0.937849
    outer loop
      vertex -9.35355 0.613546 27.9548
      vertex -9.34224 -3.14912 26.5965
      vertex -9.18053 -3.1521 26.6084
    endloop
  endfacet
  facet normal -0.0753403 -0.338782 0.937843
    outer loop
      vertex -9.34224 -3.14912 26.5965
      vertex -9.35355 0.613546 27.9548
      vertex -9.91378 0.625741 27.9142
    endloop
  endfacet
  facet normal 0.73099 -0.233293 -0.64127
    outer loop
      vertex -13.1478 -0.413609 34.8892
      vertex -14.4184 -4.48528 34.9221
      vertex -13.4682 -0.363107 34.5056
    endloop
  endfacet
  facet normal 0.731001 -0.233297 -0.641256
    outer loop
      vertex -14.4184 -4.48528 34.9221
      vertex -13.1478 -0.413609 34.8892
      vertex -14.3684 -4.49903 34.9841
    endloop
  endfacet
  facet normal 0.730939 -0.316537 0.604593
    outer loop
      vertex -13.8464 -3.52567 28.1027
      vertex -12.9735 0.286958 29.0435
      vertex -13.3324 0.174455 29.4185
    endloop
  endfacet
  facet normal 0.730799 -0.316546 0.604758
    outer loop
      vertex -12.9735 0.286958 29.0435
      vertex -13.8464 -3.52567 28.1027
      vertex -13.756 -3.50152 28.0061
    endloop
  endfacet
  facet normal 0.888167 -0.299425 0.348574
    outer loop
      vertex -15.1511 -4.0026 30.0596
      vertex -13.8631 -0.00909165 30.2082
      vertex -14.0559 -0.0297607 30.6817
    endloop
  endfacet
  facet normal 0.888213 -0.299435 0.348449
    outer loop
      vertex -13.8631 -0.00909165 30.2082
      vertex -15.1511 -4.0026 30.0596
      vertex -15.1124 -3.99242 29.9697
    endloop
  endfacet
  facet normal 0.8853 -0.310791 0.345909
    outer loop
      vertex -15.1124 -3.99242 29.9697
      vertex -15.1511 -4.0026 30.0596
      vertex -15.1269 -4 30
    endloop
  endfacet
  facet normal 0.888184 -0.25042 -0.385253
    outer loop
      vertex -13.8102 -0.28745 33.931
      vertex -15.1225 -4.25975 33.4876
      vertex -13.8693 -0.267839 33.782
    endloop
  endfacet
  facet normal 0.888138 -0.250391 -0.385378
    outer loop
      vertex -15.1225 -4.25975 33.4876
      vertex -13.8102 -0.28745 33.931
      vertex -14.8447 -4.35192 34.1877
    endloop
  endfacet
  facet normal -0.07468 -0.21102 -0.974625
    outer loop
      vertex -10 -0.701209 36.3166
      vertex -9.96112 -5.05186 37.2556
      vertex -10 -5.05288 37.2588
    endloop
  endfacet
  facet normal -0.0755365 -0.211014 -0.97456
    outer loop
      vertex -9.96112 -5.05186 37.2556
      vertex -10 -0.701209 36.3166
      vertex -9.51849 -0.692531 36.2774
    endloop
  endfacet
  facet normal -0.502747 -0.220271 -0.835898
    outer loop
      vertex -8.0353 -0.593197 35.8294
      vertex -7.44017 -4.85611 36.5948
      vertex -7.4862 -4.86262 36.6242
    endloop
  endfacet
  facet normal -0.502394 -0.22026 -0.836113
    outer loop
      vertex -7.44017 -4.85611 36.5948
      vertex -8.0353 -0.593197 35.8294
      vertex -7.61908 -0.534334 35.5638
    endloop
  endfacet
  facet normal -0.888123 -0.250381 -0.385419
    outer loop
      vertex -4.84274 -4.24822 33.4
      vertex -6.13067 -0.267839 33.782
      vertex -5.94395 -0.205896 33.3115
    endloop
  endfacet
  facet normal -0.888172 -0.250409 -0.385287
    outer loop
      vertex -6.13067 -0.267839 33.782
      vertex -4.84274 -4.24822 33.4
      vertex -4.87749 -4.25975 33.4876
    endloop
  endfacet
  facet normal -0.934736 -0.259943 -0.242277
    outer loop
      vertex -4.65924 -4.13968 32.5756
      vertex -5.91044 -0.186076 33.161
      vertex -5.79964 -0.120535 32.6632
    endloop
  endfacet
  facet normal -0.934772 -0.259981 -0.242099
    outer loop
      vertex -5.91044 -0.186076 33.161
      vertex -4.65924 -4.13968 32.5756
      vertex -4.68088 -4.15248 32.6729
    endloop
  endfacet
  facet normal -0.224378 -0.212603 -0.951028
    outer loop
      vertex -9.12798 -5.03005 37.1864
      vertex -9.12806 -0.678389 36.2136
      vertex -8.32664 -4.96591 36.983
    endloop
  endfacet
  facet normal -0.224618 -0.212591 -0.950974
    outer loop
      vertex -9.12806 -0.678389 36.2136
      vertex -9.12798 -5.03005 37.1864
      vertex -9.32001 -0.688954 36.2613
    endloop
  endfacet
  facet normal -0.0752518 -0.211015 -0.974582
    outer loop
      vertex -9.12798 -5.03005 37.1864
      vertex -9.51849 -0.692531 36.2774
      vertex -9.32001 -0.688954 36.2613
    endloop
  endfacet
  facet normal -0.0754225 -0.211027 -0.974566
    outer loop
      vertex -9.51849 -0.692531 36.2774
      vertex -9.12798 -5.03005 37.1864
      vertex -9.96112 -5.05186 37.2556
    endloop
  endfacet
  facet normal -0.958332 -0.279935 0.0568798
    outer loop
      vertex -4.59488 -4.07562 31.7321
      vertex -5.75503 -0.0806308 31.8469
      vertex -4.64868 -4.04304 30.986
    endloop
  endfacet
  facet normal -0.958332 -0.279935 0.0568855
    outer loop
      vertex -5.75503 -0.0806308 31.8469
      vertex -4.59488 -4.07562 31.7321
      vertex -5.74409 -0.087256 31.9986
    endloop
  endfacet
  facet normal 0.819637 -0.308383 0.482799
    outer loop
      vertex -13.766 0 30
      vertex -14.7303 -3.80213 29.2085
      vertex -13.5105 0.10921 29.636
    endloop
  endfacet
  facet normal 0.819859 -0.308377 0.482425
    outer loop
      vertex -14.7935 -3.82525 29.301
      vertex -13.766 0 30
      vertex -13.8035 -0.00270563 30.062
    endloop
  endfacet
  facet normal 0.81958 -0.308388 0.482892
    outer loop
      vertex -13.766 0 30
      vertex -14.7935 -3.82525 29.301
      vertex -14.7303 -3.80213 29.2085
    endloop
  endfacet
  facet normal 0.81961 -0.241424 -0.519572
    outer loop
      vertex -13.727 -0.30586 34.0708
      vertex -14.8447 -4.35192 34.1877
      vertex -13.8102 -0.28745 33.931
    endloop
  endfacet
  facet normal 0.819577 -0.241417 -0.519626
    outer loop
      vertex -13.727 -0.30586 34.0708
      vertex -14.65 -4.39499 34.5148
      vertex -14.8447 -4.35192 34.1877
    endloop
  endfacet
  facet normal 0.819614 -0.241418 -0.519566
    outer loop
      vertex -14.65 -4.39499 34.5148
      vertex -13.727 -0.30586 34.0708
      vertex -14.459 -4.46945 34.8507
    endloop
  endfacet
  facet normal 0.819583 -0.241422 -0.519615
    outer loop
      vertex -13.4682 -0.363107 34.5056
      vertex -14.459 -4.46945 34.8507
      vertex -13.727 -0.30586 34.0708
    endloop
  endfacet
  facet normal 0.819606 -0.241424 -0.519577
    outer loop
      vertex -14.459 -4.46945 34.8507
      vertex -13.4682 -0.363107 34.5056
      vertex -14.4184 -4.48528 34.9221
    endloop
  endfacet
  facet normal 0.819774 -0.308372 0.482573
    outer loop
      vertex -13.5105 0.10921 29.636
      vertex -14.3232 -3.6531 28.6124
      vertex -13.4278 0.144557 29.5181
    endloop
  endfacet
  facet normal 0.819693 -0.308389 0.4827
    outer loop
      vertex -14.3232 -3.6531 28.6124
      vertex -13.5105 0.10921 29.636
      vertex -14.7303 -3.80213 29.2085
    endloop
  endfacet
  facet normal 0.731132 -0.233332 -0.641094
    outer loop
      vertex -13.0381 -0.4309 35.0206
      vertex -14.3684 -4.49903 34.9841
      vertex -13.1478 -0.413609 34.8892
    endloop
  endfacet
  facet normal 0.730982 -0.233281 -0.641284
    outer loop
      vertex -14.3684 -4.49903 34.9841
      vertex -13.0381 -0.4309 35.0206
      vertex -13.8827 -4.63253 35.5863
    endloop
  endfacet
  facet normal 0.224674 -0.21259 -0.950961
    outer loop
      vertex -10.872 -5.03005 37.1864
      vertex -10.8719 -0.678389 36.2136
      vertex -10.68 -0.688954 36.2613
    endloop
  endfacet
  facet normal 0.224362 -0.212605 -0.951032
    outer loop
      vertex -10.8719 -0.678389 36.2136
      vertex -10.872 -5.03005 37.1864
      vertex -11.6734 -4.96591 36.983
    endloop
  endfacet
  facet normal -0.367795 -0.215694 -0.904546
    outer loop
      vertex -7.73101 -4.88593 36.7293
      vertex -8.0353 -0.593197 35.8294
      vertex -7.4862 -4.86262 36.6242
    endloop
  endfacet
  facet normal -0.367524 -0.215698 -0.904655
    outer loop
      vertex -7.73101 -4.88593 36.7293
      vertex -8.20991 -0.609819 35.9043
      vertex -8.0353 -0.593197 35.8294
    endloop
  endfacet
  facet normal -0.367791 -0.215706 -0.904545
    outer loop
      vertex -8.20991 -0.609819 35.9043
      vertex -7.73101 -4.88593 36.7293
      vertex -8.23935 -4.95641 36.9528
    endloop
  endfacet
  facet normal -0.730972 -0.23329 -0.641292
    outer loop
      vertex -5.58156 -4.48528 34.9221
      vertex -6.85217 -0.413609 34.8892
      vertex -6.53175 -0.363107 34.5056
    endloop
  endfacet
  facet normal -0.730834 -0.233248 -0.641464
    outer loop
      vertex -6.85217 -0.413609 34.8892
      vertex -5.58156 -4.48528 34.9221
      vertex -5.63159 -4.49903 34.9841
    endloop
  endfacet
  facet normal -0.888146 -0.250396 -0.385354
    outer loop
      vertex -4.87749 -4.25975 33.4876
      vertex -6.18979 -0.28745 33.931
      vertex -6.13067 -0.267839 33.782
    endloop
  endfacet
  facet normal -0.88813 -0.250386 -0.3854
    outer loop
      vertex -6.18979 -0.28745 33.931
      vertex -4.87749 -4.25975 33.4876
      vertex -5.15531 -4.35192 34.1877
    endloop
  endfacet
  facet normal -0.88806 -0.299448 0.348826
    outer loop
      vertex -5.20647 -3.82525 29.301
      vertex -6.13691 -0.00909165 30.2082
      vertex -6.19649 -0.00270563 30.062
    endloop
  endfacet
  facet normal -0.888126 -0.299428 0.348675
    outer loop
      vertex -6.13691 -0.00909165 30.2082
      vertex -5.20647 -3.82525 29.301
      vertex -4.88758 -3.99242 29.9697
    endloop
  endfacet
  facet normal -0.934734 -0.28987 0.205542
    outer loop
      vertex -4.67847 -4.03446 30.7895
      vertex -5.94407 -0.0297607 30.6817
      vertex -4.84885 -4.0026 30.0596
    endloop
  endfacet
  facet normal -0.934725 -0.289866 0.20559
    outer loop
      vertex -5.94407 -0.0297607 30.6817
      vertex -4.67847 -4.03446 30.7895
      vertex -5.90865 -0.0363841 30.8334
    endloop
  endfacet
  facet normal -0.819775 -0.30837 0.482573
    outer loop
      vertex -5.67684 -3.6531 28.6124
      vertex -6.48953 0.10921 29.636
      vertex -6.57223 0.144557 29.5181
    endloop
  endfacet
  facet normal -0.819639 -0.308399 0.482785
    outer loop
      vertex -6.48953 0.10921 29.636
      vertex -5.67684 -3.6531 28.6124
      vertex -5.26965 -3.80213 29.2085
    endloop
  endfacet
  facet normal -0.730946 -0.316533 0.604586
    outer loop
      vertex -5.67684 -3.6531 28.6124
      vertex -6.6676 0.174455 29.4185
      vertex -6.15361 -3.52567 28.1027
    endloop
  endfacet
  facet normal -0.730808 -0.316533 0.604753
    outer loop
      vertex -6.6676 0.174455 29.4185
      vertex -5.67684 -3.6531 28.6124
      vertex -6.57223 0.144557 29.5181
    endloop
  endfacet
  facet normal 0.224513 -0.337214 0.914265
    outer loop
      vertex -11.19 0.577513 28.075
      vertex -10.8195 -3.1521 26.6084
      vertex -10.6464 0.613546 27.9548
    endloop
  endfacet
  facet normal 0.224508 -0.337215 0.914266
    outer loop
      vertex -10.8195 -3.1521 26.6084
      vertex -11.19 0.577513 28.075
      vertex -10.9765 -3.16092 26.6437
    endloop
  endfacet
  facet normal -0.368301 -0.334037 0.867625
    outer loop
      vertex -8.23199 -3.21132 26.8453
      vertex -8.11267 0.502297 28.3257
      vertex -8.20568 0.5129 28.2903
    endloop
  endfacet
  facet normal -0.367802 -0.334124 0.867803
    outer loop
      vertex -8.11267 0.502297 28.3257
      vertex -8.23199 -3.21132 26.8453
      vertex -7.61043 -3.27141 27.0856
    endloop
  endfacet
  facet normal 0.50226 -0.329566 0.799451
    outer loop
      vertex -12.3602 0.422969 28.5901
      vertex -12.3896 -3.27141 27.0856
      vertex -11.8873 0.502297 28.3257
    endloop
  endfacet
  facet normal 0.502448 -0.329526 0.799349
    outer loop
      vertex -12.3896 -3.27141 27.0856
      vertex -12.3602 0.422969 28.5901
      vertex -12.5205 -3.29004 27.1602
    endloop
  endfacet
  facet normal 0.50249 -0.329518 0.799326
    outer loop
      vertex -12.456 0.406901 28.6437
      vertex -12.5205 -3.29004 27.1602
      vertex -12.3602 0.422969 28.5901
    endloop
  endfacet
  facet normal 0.502262 -0.329564 0.79945
    outer loop
      vertex -12.5205 -3.29004 27.1602
      vertex -12.456 0.406901 28.6437
      vertex -13.1064 -3.37348 27.4939
    endloop
  endfacet
  facet normal 0.958394 -0.26993 -0.0928366
    outer loop
      vertex -15.3469 -4.12639 32.4747
      vertex -14.2033 -0.114151 32.6147
      vertex -14.2004 -0.120535 32.6632
    endloop
  endfacet
  facet normal 0.958338 -0.26989 -0.09353
    outer loop
      vertex -14.2033 -0.114151 32.6147
      vertex -15.3469 -4.12639 32.4747
      vertex -14.243 -0.0938359 32.1493
    endloop
  endfacet
  facet normal 0.958344 -0.269885 -0.0934853
    outer loop
      vertex -15.3469 -4.12639 32.4747
      vertex -14.2004 -0.120535 32.6632
      vertex -15.3408 -4.13968 32.5756
    endloop
  endfacet
  facet normal 0.958332 -0.27993 0.056911
    outer loop
      vertex -15.3513 -4.04304 30.986
      vertex -14.2079 -0.0581795 31.3326
      vertex -14.245 -0.0806308 31.8469
    endloop
  endfacet
  facet normal 0.958326 -0.279935 0.0569932
    outer loop
      vertex -14.2079 -0.0581795 31.3326
      vertex -15.3513 -4.04304 30.986
      vertex -15.3441 -4.03869 30.8863
    endloop
  endfacet
  facet normal 0.934614 -0.259822 -0.242875
    outer loop
      vertex -14.056 -0.205896 33.3115
      vertex -15.3191 -4.15248 32.6729
      vertex -14.0896 -0.186076 33.161
    endloop
  endfacet
  facet normal 0.93474 -0.259966 -0.242236
    outer loop
      vertex -15.3191 -4.15248 32.6729
      vertex -14.056 -0.205896 33.3115
      vertex -15.1573 -4.24822 33.4
    endloop
  endfacet
  facet normal 0.888131 -0.250402 -0.385387
    outer loop
      vertex -13.8693 -0.267839 33.782
      vertex -15.1573 -4.24822 33.4
      vertex -14.056 -0.205896 33.3115
    endloop
  endfacet
  facet normal 0.888007 -0.25033 -0.385719
    outer loop
      vertex -15.1573 -4.24822 33.4
      vertex -13.8693 -0.267839 33.782
      vertex -15.1225 -4.25975 33.4876
    endloop
  endfacet
  facet normal 0.888018 -0.299453 0.34893
    outer loop
      vertex -13.8631 -0.00909165 30.2082
      vertex -14.7935 -3.82525 29.301
      vertex -13.8035 -0.00270563 30.062
    endloop
  endfacet
  facet normal 0.888123 -0.299422 0.348689
    outer loop
      vertex -14.7935 -3.82525 29.301
      vertex -13.8631 -0.00909165 30.2082
      vertex -15.1124 -3.99242 29.9697
    endloop
  endfacet
  facet normal 0.730706 -0.316539 0.604874
    outer loop
      vertex -14.3232 -3.6531 28.6124
      vertex -13.3324 0.174455 29.4185
      vertex -13.4278 0.144557 29.5181
    endloop
  endfacet
  facet normal 0.730925 -0.31654 0.604608
    outer loop
      vertex -13.3324 0.174455 29.4185
      vertex -14.3232 -3.6531 28.6124
      vertex -13.8464 -3.52567 28.1027
    endloop
  endfacet
  facet normal 0.36924 -0.215704 -0.903954
    outer loop
      vertex -11.7606 -4.95641 36.9528
      vertex -11.341 -0.652573 36.0972
      vertex -11.7178 -4.96235 36.9717
    endloop
  endfacet
  facet normal 0.367964 -0.215684 -0.904479
    outer loop
      vertex -11.341 -0.652573 36.0972
      vertex -11.7606 -4.95641 36.9528
      vertex -11.7901 -0.609819 35.9043
    endloop
  endfacet
  facet normal 0.224289 -0.212595 -0.951051
    outer loop
      vertex -11.6734 -4.96591 36.983
      vertex -11.341 -0.652573 36.0972
      vertex -10.8719 -0.678389 36.2136
    endloop
  endfacet
  facet normal 0.224958 -0.212613 -0.950889
    outer loop
      vertex -11.341 -0.652573 36.0972
      vertex -11.6734 -4.96591 36.983
      vertex -11.7178 -4.96235 36.9717
    endloop
  endfacet
  facet normal 0.502983 -0.220275 -0.835755
    outer loop
      vertex -12.5598 -4.85611 36.5948
      vertex -11.9647 -0.593197 35.8294
      vertex -12.5138 -4.86262 36.6242
    endloop
  endfacet
  facet normal 0.502412 -0.220258 -0.836103
    outer loop
      vertex -11.9647 -0.593197 35.8294
      vertex -12.5598 -4.85611 36.5948
      vertex -12.3809 -0.534334 35.5638
    endloop
  endfacet
  facet normal -0.623957 -0.226171 -0.748013
    outer loop
      vertex -7.46577 -0.512652 35.466
      vertex -6.7112 -4.75037 36.1179
      vertex -6.7575 -4.75956 36.1593
    endloop
  endfacet
  facet normal -0.624011 -0.226207 -0.747957
    outer loop
      vertex -6.7112 -4.75037 36.1179
      vertex -7.17906 -0.455765 35.2094
      vertex -7.09263 -0.44587 35.1343
    endloop
  endfacet
  facet normal -0.624311 -0.226188 -0.747713
    outer loop
      vertex -6.7112 -4.75037 36.1179
      vertex -7.46577 -0.512652 35.466
      vertex -7.17906 -0.455765 35.2094
    endloop
  endfacet
  facet normal -0.624347 -0.226175 -0.747687
    outer loop
      vertex -7.09263 -0.44587 35.1343
      vertex -6.11727 -4.63253 35.5863
      vertex -6.7112 -4.75037 36.1179
    endloop
  endfacet
  facet normal -0.624289 -0.226167 -0.747738
    outer loop
      vertex -6.11727 -4.63253 35.5863
      vertex -7.09263 -0.44587 35.1343
      vertex -6.96187 -0.4309 35.0206
    endloop
  endfacet
  facet normal -0.819585 -0.241416 -0.519615
    outer loop
      vertex -5.15531 -4.35192 34.1877
      vertex -6.273 -0.30586 34.0708
      vertex -6.18979 -0.28745 33.931
    endloop
  endfacet
  facet normal -0.819589 -0.241417 -0.519607
    outer loop
      vertex -5.35 -4.39499 34.5148
      vertex -6.273 -0.30586 34.0708
      vertex -5.15531 -4.35192 34.1877
    endloop
  endfacet
  facet normal -0.819659 -0.241421 -0.519495
    outer loop
      vertex -6.273 -0.30586 34.0708
      vertex -5.35 -4.39499 34.5148
      vertex -5.54096 -4.46945 34.8507
    endloop
  endfacet
  facet normal -0.888115 -0.299427 0.348705
    outer loop
      vertex -4.84885 -4.0026 30.0596
      vertex -6.13691 -0.00909165 30.2082
      vertex -4.88758 -3.99242 29.9697
    endloop
  endfacet
  facet normal -0.887739 -0.300925 0.348373
    outer loop
      vertex -4.84885 -4.0026 30.0596
      vertex -4.88758 -3.99242 29.9697
      vertex -4.87312 -4 30
    endloop
  endfacet
  facet normal -0.88814 -0.299432 0.348638
    outer loop
      vertex -6.13691 -0.00909165 30.2082
      vertex -4.84885 -4.0026 30.0596
      vertex -5.94407 -0.0297607 30.6817
    endloop
  endfacet
  facet normal -0.93473 -0.289867 0.205566
    outer loop
      vertex -4.65587 -4.03869 30.8863
      vertex -5.90865 -0.0363841 30.8334
      vertex -4.67847 -4.03446 30.7895
    endloop
  endfacet
  facet normal -0.934734 -0.289869 0.205542
    outer loop
      vertex -5.90865 -0.0363841 30.8334
      vertex -4.65587 -4.03869 30.8863
      vertex -5.79212 -0.0581795 31.3326
    endloop
  endfacet
  facet normal 0.223761 -0.337314 0.914413
    outer loop
      vertex -11.2799 0.571552 28.0948
      vertex -10.9765 -3.16092 26.6437
      vertex -11.19 0.577513 28.075
    endloop
  endfacet
  facet normal 0.22442 -0.337212 0.914289
    outer loop
      vertex -10.9765 -3.16092 26.6437
      vertex -11.2799 0.571552 28.0948
      vertex -11.6217 -3.19717 26.7887
    endloop
  endfacet
  facet normal 0.367895 -0.334104 0.867772
    outer loop
      vertex -11.7943 0.5129 28.2903
      vertex -11.6217 -3.19717 26.7887
      vertex -11.2799 0.571552 28.0948
    endloop
  endfacet
  facet normal 0.368016 -0.334081 0.867729
    outer loop
      vertex -11.6217 -3.19717 26.7887
      vertex -11.7943 0.5129 28.2903
      vertex -11.768 -3.21132 26.8453
    endloop
  endfacet
  facet normal -0.224454 -0.337225 0.914275
    outer loop
      vertex -8.81005 0.577513 28.075
      vertex -9.18053 -3.1521 26.6084
      vertex -9.02349 -3.16092 26.6437
    endloop
  endfacet
  facet normal -0.224553 -0.337209 0.914257
    outer loop
      vertex -9.18053 -3.1521 26.6084
      vertex -8.81005 0.577513 28.075
      vertex -9.35355 0.613546 27.9548
    endloop
  endfacet
  facet normal 0.934708 -0.289864 0.205668
    outer loop
      vertex -15.3441 -4.03869 30.8863
      vertex -14.0913 -0.0363841 30.8334
      vertex -14.2079 -0.0581795 31.3326
    endloop
  endfacet
  facet normal 0.934729 -0.289871 0.205565
    outer loop
      vertex -14.0913 -0.0363841 30.8334
      vertex -15.3441 -4.03869 30.8863
      vertex -15.3215 -4.03446 30.7895
    endloop
  endfacet
  facet normal 0.621046 -0.238194 -0.746703
    outer loop
      vertex -12.5342 -0.512652 35.466
      vertex -12.9074 -0.44587 35.1343
      vertex -12.8209 -0.455765 35.2094
    endloop
  endfacet
  facet normal 0.623956 -0.226175 -0.748013
    outer loop
      vertex -13.2888 -4.75037 36.1179
      vertex -12.5342 -0.512652 35.466
      vertex -13.2425 -4.75956 36.1593
    endloop
  endfacet
  facet normal 0.624186 -0.226186 -0.747818
    outer loop
      vertex -12.5342 -0.512652 35.466
      vertex -13.2888 -4.75037 36.1179
      vertex -12.9074 -0.44587 35.1343
    endloop
  endfacet
  facet normal 0.367754 -0.215705 -0.90456
    outer loop
      vertex -12.269 -4.88593 36.7293
      vertex -11.7901 -0.609819 35.9043
      vertex -11.7606 -4.95641 36.9528
    endloop
  endfacet
  facet normal 0.367542 -0.215698 -0.904648
    outer loop
      vertex -11.7901 -0.609819 35.9043
      vertex -12.269 -4.88593 36.7293
      vertex -11.9647 -0.593197 35.8294
    endloop
  endfacet
  facet normal 0.367808 -0.215695 -0.90454
    outer loop
      vertex -11.9647 -0.593197 35.8294
      vertex -12.269 -4.88593 36.7293
      vertex -12.5138 -4.86262 36.6242
    endloop
  endfacet
  facet normal -0.819625 -0.241425 -0.519547
    outer loop
      vertex -5.54096 -4.46945 34.8507
      vertex -6.53175 -0.363107 34.5056
      vertex -6.273 -0.30586 34.0708
    endloop
  endfacet
  facet normal -0.819607 -0.241423 -0.519576
    outer loop
      vertex -6.53175 -0.363107 34.5056
      vertex -5.54096 -4.46945 34.8507
      vertex -5.58156 -4.48528 34.9221
    endloop
  endfacet
  facet normal -0.367972 -0.334086 0.867746
    outer loop
      vertex -8.20568 0.5129 28.2903
      vertex -8.37831 -3.19717 26.7887
      vertex -8.23199 -3.21132 26.8453
    endloop
  endfacet
  facet normal -0.367864 -0.334107 0.867784
    outer loop
      vertex -8.37831 -3.19717 26.7887
      vertex -8.20568 0.5129 28.2903
      vertex -8.72013 0.571552 28.0948
    endloop
  endfacet
  facet normal -0.223713 -0.337323 0.914421
    outer loop
      vertex -9.02349 -3.16092 26.6437
      vertex -8.72013 0.571552 28.0948
      vertex -8.81005 0.577513 28.075
    endloop
  endfacet
  facet normal -0.224427 -0.337213 0.914287
    outer loop
      vertex -8.72013 0.571552 28.0948
      vertex -9.02349 -3.16092 26.6437
      vertex -8.37831 -3.19717 26.7887
    endloop
  endfacet
  facet normal 0.958342 -0.269681 -0.0940861
    outer loop
      vertex -35.3513 -8.18308 44.0984
      vertex -34.2072 -4.93153 46.432
      vertex -34.2425 -5.20884 46.8673
    endloop
  endfacet
  facet normal 0.958292 -0.270045 -0.0935531
    outer loop
      vertex -34.2072 -4.93153 46.432
      vertex -35.3513 -8.18308 44.0984
      vertex -35.3444 -8.12939 44.0141
    endloop
  endfacet
  facet normal -0.958347 -0.184369 -0.218127
    outer loop
      vertex -24.6169 -8.70204 44.913
      vertex -25.7471 -5.28978 46.9944
      vertex -24.5975 -8.58448 44.7284
    endloop
  endfacet
  facet normal -0.958291 -0.184025 -0.218661
    outer loop
      vertex -25.7471 -5.28978 46.9944
      vertex -24.6169 -8.70204 44.913
      vertex -25.7604 -5.36988 47.1201
    endloop
  endfacet
  facet normal -0.958323 -0.184258 -0.218325
    outer loop
      vertex -25.7604 -5.36988 47.1201
      vertex -24.6169 -8.70204 44.913
      vertex -24.6505 -9.02328 45.3316
    endloop
  endfacet
  facet normal -0.958308 -0.184195 -0.218445
    outer loop
      vertex -24.6505 -9.02328 45.3316
      vertex -25.7696 -5.42543 47.2073
      vertex -25.7604 -5.36988 47.1201
    endloop
  endfacet
  facet normal -0.958339 -0.184337 -0.218191
    outer loop
      vertex -25.7696 -5.42543 47.2073
      vertex -24.6505 -9.02328 45.3316
      vertex -25.7959 -5.67753 47.5358
    endloop
  endfacet
  facet normal -0.95835 -0.184419 -0.218071
    outer loop
      vertex -25.7959 -5.67753 47.5358
      vertex -24.6505 -9.02328 45.3316
      vertex -24.6569 -9.08462 45.4116
    endloop
  endfacet
  facet normal -0.958292 -0.270045 -0.0935531
    outer loop
      vertex -24.6487 -8.18308 44.0984
      vertex -25.7928 -4.93153 46.432
      vertex -24.6556 -8.12939 44.0141
    endloop
  endfacet
  facet normal -0.958342 -0.269681 -0.0940861
    outer loop
      vertex -25.7928 -4.93153 46.432
      vertex -24.6487 -8.18308 44.0984
      vertex -25.7575 -5.20884 46.8673
    endloop
  endfacet
  facet normal -0.224173 -0.756722 0.614099
    outer loop
      vertex -28.849 -3.17673 43.3816
      vertex -28.2807 -6.04787 40.0511
      vertex -28.6591 -3.19874 43.4238
    endloop
  endfacet
  facet normal -0.2244 -0.756701 0.614042
    outer loop
      vertex -28.2807 -6.04787 40.0511
      vertex -28.849 -3.17673 43.3816
      vertex -29.0887 -5.9669 39.8556
    endloop
  endfacet
  facet normal -0.0753996 -0.770071 0.633487
    outer loop
      vertex -29.1672 -5.9617 39.843
      vertex -29.3203 -3.12211 43.2766
      vertex -29.802 -3.10382 43.2415
    endloop
  endfacet
  facet normal -0.0764632 -0.770032 0.633407
    outer loop
      vertex -29.3203 -3.12211 43.2766
      vertex -29.1672 -5.9617 39.843
      vertex -29.1276 -5.963 39.8462
    endloop
  endfacet
  facet normal -0.934807 -0.100076 -0.340764
    outer loop
      vertex -24.6788 -9.14381 45.4887
      vertex -25.9425 -6.07528 48.0542
      vertex -25.9083 -5.98239 47.9331
    endloop
  endfacet
  facet normal -0.934744 -0.0998482 -0.341005
    outer loop
      vertex -25.9425 -6.07528 48.0542
      vertex -24.6788 -9.14381 45.4887
      vertex -24.8433 -9.59012 46.0703
    endloop
  endfacet
  facet normal 0.958291 -0.184025 -0.218661
    outer loop
      vertex -35.3831 -8.70204 44.913
      vertex -34.2529 -5.28978 46.9944
      vertex -34.2396 -5.36988 47.1201
    endloop
  endfacet
  facet normal 0.958347 -0.184369 -0.218127
    outer loop
      vertex -34.2529 -5.28978 46.9944
      vertex -35.3831 -8.70204 44.913
      vertex -35.4025 -8.58448 44.7284
    endloop
  endfacet
  facet normal 0.958323 -0.184258 -0.218325
    outer loop
      vertex -35.3831 -8.70204 44.913
      vertex -34.2396 -5.36988 47.1201
      vertex -35.3495 -9.02328 45.3316
    endloop
  endfacet
  facet normal -0.888057 -0.0184421 -0.459363
    outer loop
      vertex -24.8433 -9.59012 46.0703
      vertex -26.1309 -6.36369 48.43
      vertex -25.9425 -6.07528 48.0542
    endloop
  endfacet
  facet normal -0.888037 -0.0184044 -0.459404
    outer loop
      vertex -26.1309 -6.36369 48.43
      vertex -24.8433 -9.59012 46.0703
      vertex -24.8785 -9.64398 46.1405
    endloop
  endfacet
  facet normal -0.0752806 -0.770079 0.633491
    outer loop
      vertex -30 -5.93439 39.7771
      vertex -29.802 -3.10382 43.2415
      vertex -30 -3.09631 43.2271
    endloop
  endfacet
  facet normal -0.0753814 -0.77007 0.63349
    outer loop
      vertex -29.802 -3.10382 43.2415
      vertex -30 -5.93439 39.7771
      vertex -29.1672 -5.9617 39.843
    endloop
  endfacet
  facet normal 0.934764 -0.354114 0.0286438
    outer loop
      vertex -35.3222 -8.0774 43.9325
      vertex -34.0574 -4.581 45.8818
      vertex -34.0924 -4.66298 46.0105
    endloop
  endfacet
  facet normal 0.934743 -0.354161 0.0287418
    outer loop
      vertex -34.0574 -4.581 45.8818
      vertex -35.3222 -8.0774 43.9325
      vertex -35.1542 -7.6841 43.3151
    endloop
  endfacet
  facet normal -0.819646 -0.511633 0.257705
    outer loop
      vertex -25.5387 -6.97485 42.0232
      vertex -26.4477 -4.01923 45
      vertex -26.5356 -3.94767 44.8625
    endloop
  endfacet
  facet normal -0.819455 -0.51181 0.25796
    outer loop
      vertex -25.5387 -6.97485 42.0232
      vertex -26.5356 -3.94767 44.8625
      vertex -25.5792 -6.94191 41.9599
    endloop
  endfacet
  facet normal -0.819648 -0.511631 0.257702
    outer loop
      vertex -26.4477 -4.01923 45
      vertex -25.5387 -6.97485 42.0232
      vertex -26.2761 -4.17275 45.241
    endloop
  endfacet
  facet normal -0.502198 -0.6915 0.519255
    outer loop
      vertex -28.0344 -3.32391 43.6643
      vertex -26.8115 -6.35979 40.8041
      vertex -27.8756 -3.37113 43.755
    endloop
  endfacet
  facet normal -0.502227 -0.691493 0.519235
    outer loop
      vertex -26.8115 -6.35979 40.8041
      vertex -28.0344 -3.32391 43.6643
      vertex -27.484 -6.18613 40.3849
    endloop
  endfacet
  facet normal 0.624235 -0.641268 0.446214
    outer loop
      vertex -33.8277 -6.60869 41.3198
      vertex -32.5373 -3.49393 43.9909
      vertex -32.6725 -3.55025 44.0991
    endloop
  endfacet
  facet normal 0.624249 -0.641263 0.446201
    outer loop
      vertex -33.4132 -6.43599 40.9881
      vertex -32.5373 -3.49393 43.9909
      vertex -33.8277 -6.60869 41.3198
    endloop
  endfacet
  facet normal 0.624357 -0.641213 0.446122
    outer loop
      vertex -32.5373 -3.49393 43.9909
      vertex -33.4132 -6.43599 40.9881
      vertex -33.2403 -6.37318 40.8364
    endloop
  endfacet
  facet normal -0.730968 -0.5808 0.35827
    outer loop
      vertex -25.6291 -6.91314 41.9047
      vertex -26.9589 -3.70385 44.3942
      vertex -26.1193 -6.63078 41.3623
    endloop
  endfacet
  facet normal -0.730869 -0.580851 0.358389
    outer loop
      vertex -26.9589 -3.70385 44.3942
      vertex -25.6291 -6.91314 41.9047
      vertex -26.8502 -3.76646 44.5144
    endloop
  endfacet
  facet normal -0.368079 -0.730236 0.575564
    outer loop
      vertex -28.2099 -3.28873 43.5967
      vertex -27.484 -6.18613 40.3849
      vertex -28.0344 -3.32391 43.6643
    endloop
  endfacet
  facet normal -0.367868 -0.730276 0.575648
    outer loop
      vertex -27.484 -6.18613 40.3849
      vertex -28.2099 -3.28873 43.5967
      vertex -28.2395 -6.05504 40.0684
    endloop
  endfacet
  facet normal -0.819658 -0.511621 0.257691
    outer loop
      vertex -25.1546 -7.2876 42.624
      vertex -26.2761 -4.17275 45.241
      vertex -25.5387 -6.97485 42.0232
    endloop
  endfacet
  facet normal -0.819667 -0.511614 0.257678
    outer loop
      vertex -26.2761 -4.17275 45.241
      vertex -25.1546 -7.2876 42.624
      vertex -26.1932 -4.24694 45.3574
    endloop
  endfacet
  facet normal -0.934725 -0.0998447 -0.341057
    outer loop
      vertex -24.6569 -9.08462 45.4116
      vertex -25.9083 -5.98239 47.9331
      vertex -25.7959 -5.67753 47.5358
    endloop
  endfacet
  facet normal -0.93456 -0.0992765 -0.341674
    outer loop
      vertex -25.9083 -5.98239 47.9331
      vertex -24.6569 -9.08462 45.4116
      vertex -24.6788 -9.14381 45.4887
    endloop
  endfacet
  facet normal -0.0774106 0.315975 -0.945604
    outer loop
      vertex -30 -8.03058 50.3879
      vertex -29.9617 -12.2567 48.9726
      vertex -30 -12.2592 48.9749
    endloop
  endfacet
  facet normal -0.0754288 0.31604 -0.945743
    outer loop
      vertex -29.9617 -12.2567 48.9726
      vertex -30 -8.03058 50.3879
      vertex -29.5185 -8.00364 50.3585
    endloop
  endfacet
  facet normal 0.958296 -0.270032 -0.0935493
    outer loop
      vertex -35.4025 -8.58448 44.7284
      vertex -34.2425 -5.20884 46.8673
      vertex -34.2529 -5.28978 46.9944
    endloop
  endfacet
  facet normal 0.958329 -0.269762 -0.0939935
    outer loop
      vertex -34.2425 -5.20884 46.8673
      vertex -35.4025 -8.58448 44.7284
      vertex -35.3513 -8.18308 44.0984
    endloop
  endfacet
  facet normal 0.502264 0.237444 -0.831475
    outer loop
      vertex -32.8224 -11.6152 48.3848
      vertex -32.3813 -7.51271 49.8228
      vertex -32.5599 -11.7471 48.5057
    endloop
  endfacet
  facet normal 0.502364 0.237415 -0.831423
    outer loop
      vertex -33.241 -11.4316 48.1843
      vertex -32.3813 -7.51271 49.8228
      vertex -32.8224 -11.6152 48.3848
    endloop
  endfacet
  facet normal 0.502184 0.237491 -0.83151
    outer loop
      vertex -32.3813 -7.51271 49.8228
      vertex -33.241 -11.4316 48.1843
      vertex -32.5361 -7.44482 49.7487
    endloop
  endfacet
  facet normal 0.730869 -0.580851 0.358389
    outer loop
      vertex -34.3709 -6.91314 41.9047
      vertex -33.0411 -3.70385 44.3942
      vertex -33.1498 -3.76646 44.5144
    endloop
  endfacet
  facet normal 0.730968 -0.5808 0.35827
    outer loop
      vertex -33.0411 -3.70385 44.3942
      vertex -34.3709 -6.91314 41.9047
      vertex -33.8807 -6.63078 41.3623
    endloop
  endfacet
  facet normal -0.224493 -0.756681 0.614033
    outer loop
      vertex -29.3203 -3.12211 43.2766
      vertex -29.0887 -5.9669 39.8556
      vertex -28.849 -3.17673 43.3816
    endloop
  endfacet
  facet normal -0.224255 -0.756716 0.614078
    outer loop
      vertex -29.0887 -5.9669 39.8556
      vertex -29.3203 -3.12211 43.2766
      vertex -29.1276 -5.963 39.8462
    endloop
  endfacet
  facet normal 0.0753814 -0.77007 0.63349
    outer loop
      vertex -30 -5.93439 39.7771
      vertex -30.198 -3.10382 43.2415
      vertex -30.8328 -5.9617 39.843
    endloop
  endfacet
  facet normal 0.0752806 -0.770079 0.633491
    outer loop
      vertex -30.198 -3.10382 43.2415
      vertex -30 -5.93439 39.7771
      vertex -30 -3.09631 43.2271
    endloop
  endfacet
  facet normal 0.730968 -0.580794 0.358279
    outer loop
      vertex -34.4208 -6.94191 41.9599
      vertex -33.1498 -3.76646 44.5144
      vertex -33.4644 -3.94767 44.8625
    endloop
  endfacet
  facet normal 0.731054 -0.580748 0.358179
    outer loop
      vertex -33.1498 -3.76646 44.5144
      vertex -34.4208 -6.94191 41.9599
      vertex -34.3709 -6.91314 41.9047
    endloop
  endfacet
  facet normal 0.367869 -0.730275 0.575647
    outer loop
      vertex -31.7605 -6.05504 40.0684
      vertex -31.3409 -3.19874 43.4238
      vertex -31.7901 -3.28873 43.5967
    endloop
  endfacet
  facet normal 0.368661 -0.730083 0.575385
    outer loop
      vertex -31.3409 -3.19874 43.4238
      vertex -31.7605 -6.05504 40.0684
      vertex -31.7193 -6.04787 40.0511
    endloop
  endfacet
  facet normal -0.367869 -0.730275 0.575647
    outer loop
      vertex -28.6591 -3.19874 43.4238
      vertex -28.2395 -6.05504 40.0684
      vertex -28.2099 -3.28873 43.5967
    endloop
  endfacet
  facet normal -0.368661 -0.730083 0.575385
    outer loop
      vertex -28.2395 -6.05504 40.0684
      vertex -28.6591 -3.19874 43.4238
      vertex -28.2807 -6.04787 40.0511
    endloop
  endfacet
  facet normal -0.502284 -0.691476 0.519203
    outer loop
      vertex -27.8756 -3.37113 43.755
      vertex -26.7597 -6.37318 40.8364
      vertex -27.4627 -3.49393 43.9909
    endloop
  endfacet
  facet normal -0.502427 -0.69144 0.519112
    outer loop
      vertex -26.7597 -6.37318 40.8364
      vertex -27.8756 -3.37113 43.755
      vertex -26.8115 -6.35979 40.8041
    endloop
  endfacet
  facet normal -0.624235 -0.641268 0.446214
    outer loop
      vertex -27.4627 -3.49393 43.9909
      vertex -26.1723 -6.60869 41.3198
      vertex -27.3275 -3.55025 44.0991
    endloop
  endfacet
  facet normal -0.624249 -0.641263 0.446201
    outer loop
      vertex -27.4627 -3.49393 43.9909
      vertex -26.5868 -6.43599 40.9881
      vertex -26.1723 -6.60869 41.3198
    endloop
  endfacet
  facet normal -0.624357 -0.641213 0.446122
    outer loop
      vertex -26.5868 -6.43599 40.9881
      vertex -27.4627 -3.49393 43.9909
      vertex -26.7597 -6.37318 40.8364
    endloop
  endfacet
  facet normal -0.62436 -0.641214 0.446115
    outer loop
      vertex -27.3275 -3.55025 44.0991
      vertex -26.1193 -6.63078 41.3623
      vertex -26.9589 -3.70385 44.3942
    endloop
  endfacet
  facet normal -0.624699 -0.641087 0.445822
    outer loop
      vertex -26.1193 -6.63078 41.3623
      vertex -27.3275 -3.55025 44.0991
      vertex -26.1723 -6.60869 41.3198
    endloop
  endfacet
  facet normal -0.958329 -0.269762 -0.0939935
    outer loop
      vertex -24.5975 -8.58448 44.7284
      vertex -25.7575 -5.20884 46.8673
      vertex -24.6487 -8.18308 44.0984
    endloop
  endfacet
  facet normal -0.958296 -0.270032 -0.0935493
    outer loop
      vertex -25.7575 -5.20884 46.8673
      vertex -24.5975 -8.58448 44.7284
      vertex -25.7471 -5.28978 46.9944
    endloop
  endfacet
  facet normal -0.366558 0.276528 -0.888351
    outer loop
      vertex -28.6588 -7.87957 50.2231
      vertex -28.2394 -12.0245 48.7598
      vertex -28.2813 -12.0386 48.7727
    endloop
  endfacet
  facet normal -0.36781 0.276249 -0.88792
    outer loop
      vertex -28.2394 -12.0245 48.7598
      vertex -28.6588 -7.87957 50.2231
      vertex -28.2099 -7.74698 50.0784
    endloop
  endfacet
  facet normal -0.224433 0.302661 -0.926297
    outer loop
      vertex -28.2813 -12.0386 48.7727
      vertex -28.8492 -7.91211 50.2586
      vertex -28.6588 -7.87957 50.2231
    endloop
  endfacet
  facet normal -0.224428 0.302662 -0.926298
    outer loop
      vertex -28.8492 -7.91211 50.2586
      vertex -28.2813 -12.0386 48.7727
      vertex -29.0886 -12.1959 48.9169
    endloop
  endfacet
  facet normal 0.730845 0.126876 -0.670647
    outer loop
      vertex -33.038 -7.13605 49.4117
      vertex -34.3703 -10.6216 47.3004
      vertex -33.1446 -7.0453 49.3127
    endloop
  endfacet
  facet normal 0.730945 0.126782 -0.670556
    outer loop
      vertex -34.3703 -10.6216 47.3004
      vertex -33.038 -7.13605 49.4117
      vertex -33.8824 -11.037 47.7537
    endloop
  endfacet
  facet normal 0.624343 0.187186 -0.758391
    outer loop
      vertex -33.8824 -11.037 47.7537
      vertex -32.9081 -7.21595 49.4989
      vertex -33.288 -11.4026 48.1528
    endloop
  endfacet
  facet normal 0.624282 0.18722 -0.758433
    outer loop
      vertex -32.9081 -7.21595 49.4989
      vertex -33.8824 -11.037 47.7537
      vertex -33.038 -7.13605 49.4117
    endloop
  endfacet
  facet normal 0.93471 -0.354235 0.0288849
    outer loop
      vertex -35.3444 -8.12939 44.0141
      vertex -34.0924 -4.66298 46.0105
      vertex -34.2072 -4.93153 46.432
    endloop
  endfacet
  facet normal 0.934755 -0.354133 0.0286791
    outer loop
      vertex -34.0924 -4.66298 46.0105
      vertex -35.3444 -8.12939 44.0141
      vertex -35.3222 -8.0774 43.9325
    endloop
  endfacet
  facet normal 0.888099 -0.435505 0.14702
    outer loop
      vertex -34.8775 -7.32735 42.7003
      vertex -33.8068 -4.24694 45.3574
      vertex -33.9984 -4.50232 45.7583
    endloop
  endfacet
  facet normal 0.888187 -0.435385 0.146845
    outer loop
      vertex -33.8068 -4.24694 45.3574
      vertex -34.8775 -7.32735 42.7003
      vertex -34.8454 -7.2876 42.624
    endloop
  endfacet
  facet normal 0.0764632 -0.770032 0.633407
    outer loop
      vertex -30.8328 -5.9617 39.843
      vertex -30.6797 -3.12211 43.2766
      vertex -30.8724 -5.963 39.8462
    endloop
  endfacet
  facet normal 0.0753996 -0.770071 0.633487
    outer loop
      vertex -30.6797 -3.12211 43.2766
      vertex -30.8328 -5.9617 39.843
      vertex -30.198 -3.10382 43.2415
    endloop
  endfacet
  facet normal 0.62436 -0.641214 0.446115
    outer loop
      vertex -33.8807 -6.63078 41.3623
      vertex -32.6725 -3.55025 44.0991
      vertex -33.0411 -3.70385 44.3942
    endloop
  endfacet
  facet normal 0.624699 -0.641087 0.445822
    outer loop
      vertex -32.6725 -3.55025 44.0991
      vertex -33.8807 -6.63078 41.3623
      vertex -33.8277 -6.60869 41.3198
    endloop
  endfacet
  facet normal -0.888108 -0.435493 0.147006
    outer loop
      vertex -24.9964 -7.48334 43
      vertex -26.0016 -4.50232 45.7583
      vertex -25.1225 -7.32735 42.7003
    endloop
  endfacet
  facet normal -0.88811 -0.43549 0.147002
    outer loop
      vertex -24.8458 -7.6841 43.3151
      vertex -26.0016 -4.50232 45.7583
      vertex -24.9964 -7.48334 43
    endloop
  endfacet
  facet normal -0.888158 -0.435427 0.146898
    outer loop
      vertex -26.0016 -4.50232 45.7583
      vertex -24.8458 -7.6841 43.3151
      vertex -25.9426 -4.581 45.8818
    endloop
  endfacet
  facet normal -0.934743 -0.354161 0.0287418
    outer loop
      vertex -24.6778 -8.0774 43.9325
      vertex -25.9426 -4.581 45.8818
      vertex -24.8458 -7.6841 43.3151
    endloop
  endfacet
  facet normal -0.934764 -0.354114 0.0286438
    outer loop
      vertex -25.9426 -4.581 45.8818
      vertex -24.6778 -8.0774 43.9325
      vertex -25.9076 -4.66298 46.0105
    endloop
  endfacet
  facet normal 0.500889 0.237912 -0.832171
    outer loop
      vertex -32.5599 -11.7471 48.5057
      vertex -31.9655 -7.69514 50.0219
      vertex -32.5143 -11.77 48.5266
    endloop
  endfacet
  facet normal 0.502304 0.237436 -0.831454
    outer loop
      vertex -31.9655 -7.69514 50.0219
      vertex -32.5599 -11.7471 48.5057
      vertex -32.3813 -7.51271 49.8228
    endloop
  endfacet
  facet normal 0.730438 0.124703 -0.671498
    outer loop
      vertex -33.1446 -7.0453 49.3127
      vertex -33.466 -6.8067 49.0074
      vertex -33.1759 -7.01866 49.2836
    endloop
  endfacet
  facet normal 0.731003 0.126743 -0.6705
    outer loop
      vertex -33.1446 -7.0453 49.3127
      vertex -34.4201 -10.5792 47.2541
      vertex -33.466 -6.8067 49.0074
    endloop
  endfacet
  facet normal 0.731111 0.126646 -0.670401
    outer loop
      vertex -34.4201 -10.5792 47.2541
      vertex -33.1446 -7.0453 49.3127
      vertex -34.3703 -10.6216 47.3004
    endloop
  endfacet
  facet normal 0.0774106 0.315975 -0.945604
    outer loop
      vertex -30.0383 -12.2567 48.9726
      vertex -30 -8.03058 50.3879
      vertex -30 -12.2592 48.9749
    endloop
  endfacet
  facet normal 0.0754288 0.31604 -0.945743
    outer loop
      vertex -30 -8.03058 50.3879
      vertex -30.0383 -12.2567 48.9726
      vertex -30.4815 -8.00364 50.3585
    endloop
  endfacet
  facet normal -0.730845 0.126876 -0.670647
    outer loop
      vertex -25.6297 -10.6216 47.3004
      vertex -26.962 -7.13605 49.4117
      vertex -26.8554 -7.0453 49.3127
    endloop
  endfacet
  facet normal -0.730945 0.126782 -0.670556
    outer loop
      vertex -26.962 -7.13605 49.4117
      vertex -25.6297 -10.6216 47.3004
      vertex -26.1176 -11.037 47.7537
    endloop
  endfacet
  facet normal -0.624027 0.187343 -0.758613
    outer loop
      vertex -27.4639 -7.44482 49.7487
      vertex -26.712 -11.4026 48.1528
      vertex -26.759 -11.4316 48.1843
    endloop
  endfacet
  facet normal -0.624393 0.18717 -0.758354
    outer loop
      vertex -26.712 -11.4026 48.1528
      vertex -27.4639 -7.44482 49.7487
      vertex -27.0919 -7.21595 49.4989
    endloop
  endfacet
  facet normal -0.22538 0.302547 -0.926104
    outer loop
      vertex -29.32 -7.99254 50.3464
      vertex -29.0886 -12.1959 48.9169
      vertex -29.1277 -12.2036 48.9239
    endloop
  endfacet
  facet normal -0.224451 0.302662 -0.926292
    outer loop
      vertex -29.0886 -12.1959 48.9169
      vertex -29.32 -7.99254 50.3464
      vertex -28.8492 -7.91211 50.2586
    endloop
  endfacet
  facet normal -0.367693 0.276318 -0.887947
    outer loop
      vertex -27.4857 -11.77 48.5266
      vertex -28.2099 -7.74698 50.0784
      vertex -28.0345 -7.69514 50.0219
    endloop
  endfacet
  facet normal -0.367982 0.27623 -0.887855
    outer loop
      vertex -28.2099 -7.74698 50.0784
      vertex -27.4857 -11.77 48.5266
      vertex -28.2394 -12.0245 48.7598
    endloop
  endfacet
  facet normal 0.958339 -0.184337 -0.218191
    outer loop
      vertex -35.3495 -9.02328 45.3316
      vertex -34.2304 -5.42543 47.2073
      vertex -34.2041 -5.67753 47.5358
    endloop
  endfacet
  facet normal 0.958308 -0.184195 -0.218445
    outer loop
      vertex -34.2304 -5.42543 47.2073
      vertex -35.3495 -9.02328 45.3316
      vertex -34.2396 -5.36988 47.1201
    endloop
  endfacet
  facet normal 0.95835 -0.184419 -0.218071
    outer loop
      vertex -35.3495 -9.02328 45.3316
      vertex -34.2041 -5.67753 47.5358
      vertex -35.3431 -9.08462 45.4116
    endloop
  endfacet
  facet normal 0.934807 -0.100076 -0.340764
    outer loop
      vertex -34.0575 -6.07528 48.0542
      vertex -35.3212 -9.14381 45.4887
      vertex -34.0917 -5.98239 47.9331
    endloop
  endfacet
  facet normal 0.934744 -0.0998482 -0.341005
    outer loop
      vertex -35.3212 -9.14381 45.4887
      vertex -34.0575 -6.07528 48.0542
      vertex -35.1567 -9.59012 46.0703
    endloop
  endfacet
  facet normal 0.819447 0.0577902 -0.570234
    outer loop
      vertex -33.7262 -6.54023 48.6601
      vertex -34.8417 -10.0726 46.6991
      vertex -33.8096 -6.45489 48.5489
    endloop
  endfacet
  facet normal 0.81826 0.0590388 -0.571808
    outer loop
      vertex -33.7262 -6.54023 48.6601
      vertex -34.8316 -10.0828 46.7125
      vertex -34.8417 -10.0726 46.6991
    endloop
  endfacet
  facet normal 0.819675 0.0575639 -0.569929
    outer loop
      vertex -34.8316 -10.0828 46.7125
      vertex -33.7262 -6.54023 48.6601
      vertex -34.4605 -10.5305 47.201
    endloop
  endfacet
  facet normal 0.888268 -0.0188164 -0.45894
    outer loop
      vertex -33.8096 -6.45489 48.5489
      vertex -35.1215 -9.64398 46.1405
      vertex -33.8691 -6.36369 48.43
    endloop
  endfacet
  facet normal 0.888161 -0.01861 -0.459155
    outer loop
      vertex -35.1215 -9.64398 46.1405
      vertex -33.8096 -6.45489 48.5489
      vertex -34.8417 -10.0726 46.6991
    endloop
  endfacet
  facet normal 0.888158 -0.435427 0.146898
    outer loop
      vertex -35.1542 -7.6841 43.3151
      vertex -33.9984 -4.50232 45.7583
      vertex -34.0574 -4.581 45.8818
    endloop
  endfacet
  facet normal 0.888108 -0.435493 0.147006
    outer loop
      vertex -33.9984 -4.50232 45.7583
      vertex -35.0036 -7.48334 43
      vertex -34.8775 -7.32735 42.7003
    endloop
  endfacet
  facet normal 0.88811 -0.43549 0.147002
    outer loop
      vertex -33.9984 -4.50232 45.7583
      vertex -35.1542 -7.6841 43.3151
      vertex -35.0036 -7.48334 43
    endloop
  endfacet
  facet normal 0.224493 -0.756681 0.614033
    outer loop
      vertex -30.9113 -5.9669 39.8556
      vertex -30.6797 -3.12211 43.2766
      vertex -31.151 -3.17673 43.3816
    endloop
  endfacet
  facet normal 0.224255 -0.756716 0.614078
    outer loop
      vertex -30.6797 -3.12211 43.2766
      vertex -30.9113 -5.9669 39.8556
      vertex -30.8724 -5.963 39.8462
    endloop
  endfacet
  facet normal 0.224173 -0.756722 0.614099
    outer loop
      vertex -31.7193 -6.04787 40.0511
      vertex -31.151 -3.17673 43.3816
      vertex -31.3409 -3.19874 43.4238
    endloop
  endfacet
  facet normal 0.2244 -0.756701 0.614042
    outer loop
      vertex -31.151 -3.17673 43.3816
      vertex -31.7193 -6.04787 40.0511
      vertex -30.9113 -5.9669 39.8556
    endloop
  endfacet
  facet normal 0.502198 -0.6915 0.519255
    outer loop
      vertex -33.1885 -6.35979 40.8041
      vertex -31.9656 -3.32391 43.6643
      vertex -32.1244 -3.37113 43.755
    endloop
  endfacet
  facet normal 0.502227 -0.691493 0.519235
    outer loop
      vertex -31.9656 -3.32391 43.6643
      vertex -33.1885 -6.35979 40.8041
      vertex -32.516 -6.18613 40.3849
    endloop
  endfacet
  facet normal 0.368079 -0.730236 0.575564
    outer loop
      vertex -32.516 -6.18613 40.3849
      vertex -31.7901 -3.28873 43.5967
      vertex -31.9656 -3.32391 43.6643
    endloop
  endfacet
  facet normal 0.367868 -0.730276 0.575648
    outer loop
      vertex -31.7901 -3.28873 43.5967
      vertex -32.516 -6.18613 40.3849
      vertex -31.7605 -6.05504 40.0684
    endloop
  endfacet
  facet normal 0.502284 -0.691476 0.519203
    outer loop
      vertex -33.2403 -6.37318 40.8364
      vertex -32.1244 -3.37113 43.755
      vertex -32.5373 -3.49393 43.9909
    endloop
  endfacet
  facet normal 0.502427 -0.69144 0.519112
    outer loop
      vertex -32.1244 -3.37113 43.755
      vertex -33.2403 -6.37318 40.8364
      vertex -33.1885 -6.35979 40.8041
    endloop
  endfacet
  facet normal -0.731054 -0.580748 0.358179
    outer loop
      vertex -25.5792 -6.94191 41.9599
      vertex -26.8502 -3.76646 44.5144
      vertex -25.6291 -6.91314 41.9047
    endloop
  endfacet
  facet normal -0.730968 -0.580794 0.358279
    outer loop
      vertex -26.8502 -3.76646 44.5144
      vertex -25.5792 -6.94191 41.9599
      vertex -26.5356 -3.94767 44.8625
    endloop
  endfacet
  facet normal -0.888187 -0.435385 0.146845
    outer loop
      vertex -25.1225 -7.32735 42.7003
      vertex -26.1932 -4.24694 45.3574
      vertex -25.1546 -7.2876 42.624
    endloop
  endfacet
  facet normal -0.888099 -0.435505 0.14702
    outer loop
      vertex -26.1932 -4.24694 45.3574
      vertex -25.1225 -7.32735 42.7003
      vertex -26.0016 -4.50232 45.7583
    endloop
  endfacet
  facet normal 0.0753471 0.316034 -0.945751
    outer loop
      vertex -30.8723 -12.2036 48.9239
      vertex -30.4815 -8.00364 50.3585
      vertex -30.0383 -12.2567 48.9726
    endloop
  endfacet
  facet normal 0.075323 0.316036 -0.945752
    outer loop
      vertex -30.4815 -8.00364 50.3585
      vertex -30.8723 -12.2036 48.9239
      vertex -30.68 -7.99254 50.3464
    endloop
  endfacet
  facet normal 0.367982 0.27623 -0.887855
    outer loop
      vertex -32.5143 -11.77 48.5266
      vertex -31.7901 -7.74698 50.0784
      vertex -31.7606 -12.0245 48.7598
    endloop
  endfacet
  facet normal 0.367693 0.276318 -0.887947
    outer loop
      vertex -31.7901 -7.74698 50.0784
      vertex -32.5143 -11.77 48.5266
      vertex -31.9655 -7.69514 50.0219
    endloop
  endfacet
  facet normal -0.888268 -0.0188164 -0.45894
    outer loop
      vertex -24.8785 -9.64398 46.1405
      vertex -26.1904 -6.45489 48.5489
      vertex -26.1309 -6.36369 48.43
    endloop
  endfacet
  facet normal -0.888161 -0.01861 -0.459155
    outer loop
      vertex -26.1904 -6.45489 48.5489
      vertex -24.8785 -9.64398 46.1405
      vertex -25.1583 -10.0726 46.6991
    endloop
  endfacet
  facet normal -0.819447 0.0577902 -0.570234
    outer loop
      vertex -25.1583 -10.0726 46.6991
      vertex -26.2738 -6.54023 48.6601
      vertex -26.1904 -6.45489 48.5489
    endloop
  endfacet
  facet normal -0.81826 0.0590388 -0.571808
    outer loop
      vertex -25.1684 -10.0828 46.7125
      vertex -26.2738 -6.54023 48.6601
      vertex -25.1583 -10.0726 46.6991
    endloop
  endfacet
  facet normal -0.819675 0.0575639 -0.569929
    outer loop
      vertex -26.2738 -6.54023 48.6601
      vertex -25.1684 -10.0828 46.7125
      vertex -25.5395 -10.5305 47.201
    endloop
  endfacet
  facet normal -0.730438 0.124703 -0.671498
    outer loop
      vertex -26.534 -6.8067 49.0074
      vertex -26.8554 -7.0453 49.3127
      vertex -26.8241 -7.01866 49.2836
    endloop
  endfacet
  facet normal -0.731003 0.126743 -0.6705
    outer loop
      vertex -25.5799 -10.5792 47.2541
      vertex -26.8554 -7.0453 49.3127
      vertex -26.534 -6.8067 49.0074
    endloop
  endfacet
  facet normal -0.731111 0.126646 -0.670401
    outer loop
      vertex -26.8554 -7.0453 49.3127
      vertex -25.5799 -10.5792 47.2541
      vertex -25.6297 -10.6216 47.3004
    endloop
  endfacet
  facet normal -0.075323 0.316036 -0.945752
    outer loop
      vertex -29.1277 -12.2036 48.9239
      vertex -29.5185 -8.00364 50.3585
      vertex -29.32 -7.99254 50.3464
    endloop
  endfacet
  facet normal -0.0753471 0.316034 -0.945751
    outer loop
      vertex -29.5185 -8.00364 50.3585
      vertex -29.1277 -12.2036 48.9239
      vertex -29.9617 -12.2567 48.9726
    endloop
  endfacet
  facet normal -0.500889 0.237912 -0.832171
    outer loop
      vertex -28.0345 -7.69514 50.0219
      vertex -27.4401 -11.7471 48.5057
      vertex -27.4857 -11.77 48.5266
    endloop
  endfacet
  facet normal -0.502304 0.237436 -0.831454
    outer loop
      vertex -27.4401 -11.7471 48.5057
      vertex -28.0345 -7.69514 50.0219
      vertex -27.6187 -7.51271 49.8228
    endloop
  endfacet
  facet normal 0.888057 -0.0184421 -0.459363
    outer loop
      vertex -33.8691 -6.36369 48.43
      vertex -35.1567 -9.59012 46.0703
      vertex -34.0575 -6.07528 48.0542
    endloop
  endfacet
  facet normal 0.888037 -0.0184044 -0.459404
    outer loop
      vertex -35.1567 -9.59012 46.0703
      vertex -33.8691 -6.36369 48.43
      vertex -35.1215 -9.64398 46.1405
    endloop
  endfacet
  facet normal 0.624027 0.187343 -0.758613
    outer loop
      vertex -33.288 -11.4026 48.1528
      vertex -32.5361 -7.44482 49.7487
      vertex -33.241 -11.4316 48.1843
    endloop
  endfacet
  facet normal 0.624393 0.18717 -0.758354
    outer loop
      vertex -32.5361 -7.44482 49.7487
      vertex -33.288 -11.4026 48.1528
      vertex -32.9081 -7.21595 49.4989
    endloop
  endfacet
  facet normal 0.819667 -0.511614 0.257678
    outer loop
      vertex -34.8454 -7.2876 42.624
      vertex -33.7239 -4.17275 45.241
      vertex -33.8068 -4.24694 45.3574
    endloop
  endfacet
  facet normal 0.819658 -0.511621 0.257691
    outer loop
      vertex -33.7239 -4.17275 45.241
      vertex -34.8454 -7.2876 42.624
      vertex -34.4613 -6.97485 42.0232
    endloop
  endfacet
  facet normal 0.819648 -0.511631 0.257702
    outer loop
      vertex -34.4613 -6.97485 42.0232
      vertex -33.5523 -4.01923 45
      vertex -33.7239 -4.17275 45.241
    endloop
  endfacet
  facet normal 0.819646 -0.511633 0.257705
    outer loop
      vertex -33.5523 -4.01923 45
      vertex -34.4613 -6.97485 42.0232
      vertex -33.4644 -3.94767 44.8625
    endloop
  endfacet
  facet normal 0.819455 -0.51181 0.25796
    outer loop
      vertex -33.4644 -3.94767 44.8625
      vertex -34.4613 -6.97485 42.0232
      vertex -34.4208 -6.94191 41.9599
    endloop
  endfacet
  facet normal -0.934755 -0.354133 0.0286791
    outer loop
      vertex -24.6556 -8.12939 44.0141
      vertex -25.9076 -4.66298 46.0105
      vertex -24.6778 -8.0774 43.9325
    endloop
  endfacet
  facet normal -0.93471 -0.354235 0.0288849
    outer loop
      vertex -25.9076 -4.66298 46.0105
      vertex -24.6556 -8.12939 44.0141
      vertex -25.7928 -4.93153 46.432
    endloop
  endfacet
  facet normal 0.366558 0.276528 -0.888351
    outer loop
      vertex -31.7606 -12.0245 48.7598
      vertex -31.3412 -7.87957 50.2231
      vertex -31.7187 -12.0386 48.7727
    endloop
  endfacet
  facet normal 0.36781 0.276249 -0.88792
    outer loop
      vertex -31.3412 -7.87957 50.2231
      vertex -31.7606 -12.0245 48.7598
      vertex -31.7901 -7.74698 50.0784
    endloop
  endfacet
  facet normal 0.224428 0.302662 -0.926298
    outer loop
      vertex -31.7187 -12.0386 48.7727
      vertex -31.1508 -7.91211 50.2586
      vertex -30.9114 -12.1959 48.9169
    endloop
  endfacet
  facet normal 0.224433 0.302661 -0.926297
    outer loop
      vertex -31.1508 -7.91211 50.2586
      vertex -31.7187 -12.0386 48.7727
      vertex -31.3412 -7.87957 50.2231
    endloop
  endfacet
  facet normal 0.22538 0.302547 -0.926104
    outer loop
      vertex -30.9114 -12.1959 48.9169
      vertex -30.68 -7.99254 50.3464
      vertex -30.8723 -12.2036 48.9239
    endloop
  endfacet
  facet normal 0.224451 0.302662 -0.926292
    outer loop
      vertex -30.68 -7.99254 50.3464
      vertex -30.9114 -12.1959 48.9169
      vertex -31.1508 -7.91211 50.2586
    endloop
  endfacet
  facet normal -0.624343 0.187186 -0.758391
    outer loop
      vertex -27.0919 -7.21595 49.4989
      vertex -26.1176 -11.037 47.7537
      vertex -26.712 -11.4026 48.1528
    endloop
  endfacet
  facet normal -0.624282 0.18722 -0.758433
    outer loop
      vertex -26.1176 -11.037 47.7537
      vertex -27.0919 -7.21595 49.4989
      vertex -26.962 -7.13605 49.4117
    endloop
  endfacet
  facet normal -0.819671 0.057567 -0.569935
    outer loop
      vertex -25.5395 -10.5305 47.201
      vertex -26.534 -6.8067 49.0074
      vertex -26.2738 -6.54023 48.6601
    endloop
  endfacet
  facet normal -0.819366 0.0578467 -0.570344
    outer loop
      vertex -26.534 -6.8067 49.0074
      vertex -25.5395 -10.5305 47.201
      vertex -25.5799 -10.5792 47.2541
    endloop
  endfacet
  facet normal -0.502364 0.237415 -0.831423
    outer loop
      vertex -27.6187 -7.51271 49.8228
      vertex -26.759 -11.4316 48.1843
      vertex -27.1776 -11.6152 48.3848
    endloop
  endfacet
  facet normal -0.502264 0.237444 -0.831475
    outer loop
      vertex -27.6187 -7.51271 49.8228
      vertex -27.1776 -11.6152 48.3848
      vertex -27.4401 -11.7471 48.5057
    endloop
  endfacet
  facet normal -0.502184 0.237491 -0.83151
    outer loop
      vertex -26.759 -11.4316 48.1843
      vertex -27.6187 -7.51271 49.8228
      vertex -27.4639 -7.44482 49.7487
    endloop
  endfacet
  facet normal 0.934725 -0.0998447 -0.341057
    outer loop
      vertex -34.0917 -5.98239 47.9331
      vertex -35.3431 -9.08462 45.4116
      vertex -34.2041 -5.67753 47.5358
    endloop
  endfacet
  facet normal 0.93456 -0.0992765 -0.341674
    outer loop
      vertex -35.3431 -9.08462 45.4116
      vertex -34.0917 -5.98239 47.9331
      vertex -35.3212 -9.14381 45.4887
    endloop
  endfacet
  facet normal 0.819671 0.057567 -0.569935
    outer loop
      vertex -33.466 -6.8067 49.0074
      vertex -34.4605 -10.5305 47.201
      vertex -33.7262 -6.54023 48.6601
    endloop
  endfacet
  facet normal 0.819366 0.0578467 -0.570344
    outer loop
      vertex -34.4605 -10.5305 47.201
      vertex -33.466 -6.8067 49.0074
      vertex -34.4201 -10.5792 47.2541
    endloop
  endfacet
  facet normal -1 0 0
    outer loop
      vertex 27.5 38 16
      vertex 27.5 39 14
      vertex 27.5 38.7273 14
    endloop
  endfacet
  facet normal -1 0 0
    outer loop
      vertex 27.5 39 14
      vertex 27.5 38 16
      vertex 27.5 39 18.1538
    endloop
  endfacet
  facet normal -1 0 0
    outer loop
      vertex 27.5 10 19.641
      vertex 27.5 38 16
      vertex 27.5 10 17.4359
    endloop
  endfacet
  facet normal -1 0 0
    outer loop
      vertex 27.5 38 16
      vertex 27.5 10 19.641
      vertex 27.5 39 18.1538
    endloop
  endfacet
  facet normal -0 0 1
    outer loop
      vertex -27.5 39 14
      vertex 27.5 38.7273 14
      vertex 27.5 39 14
    endloop
  endfacet
  facet normal 0 0 1
    outer loop
      vertex 27.5 38.7273 14
      vertex -27.5 39 14
      vertex -27.5 38.7273 14
    endloop
  endfacet
  facet normal 1 -0 0
    outer loop
      vertex -27.5 38 16
      vertex -27.5 39 14
      vertex -27.5 39 18.1538
    endloop
  endfacet
  facet normal 1 0 0
    outer loop
      vertex -27.5 39 14
      vertex -27.5 38 16
      vertex -27.5 38.7273 14
    endloop
  endfacet
  facet normal 1 0 0
    outer loop
      vertex -27.5 10 19.641
      vertex -27.5 38 16
      vertex -27.5 39 18.1538
    endloop
  endfacet
  facet normal 1 0 0
    outer loop
      vertex -27.5 38 16
      vertex -27.5 10 19.641
      vertex -27.5 10 17.4359
    endloop
  endfacet
  facet normal 0 -1 0
    outer loop
      vertex -27.5 39 14
      vertex 27.5 39 18.1538
      vertex -27.5 39 18.1538
    endloop
  endfacet
  facet normal 0 -1 -0
    outer loop
      vertex 27.5 39 18.1538
      vertex -27.5 39 14
      vertex 27.5 39 14
    endloop
  endfacet
  facet normal 0 1 -0
    outer loop
      vertex 27.5 10 17.4359
      vertex -27.5 10 19.641
      vertex 27.5 10 19.641
    endloop
  endfacet
  facet normal 0 1 0
    outer loop
      vertex -27.5 10 19.641
      vertex 27.5 10 17.4359
      vertex -27.5 10 17.4359
    endloop
  endfacet
endsolid OpenSCAD_Model
