solid OpenSCAD_Model
  facet normal 0.629297 -0.777165 0
    outer loop
      vertex 42.9389 -24.0451 0
      vertex 43.3457 -23.7157 2.5
      vertex 42.9389 -24.0451 2.5
    endloop
  endfacet
  facet normal 0.629297 -0.777165 0
    outer loop
      vertex 43.3457 -23.7157 2.5
      vertex 42.9389 -24.0451 0
      vertex 43.3457 -23.7157 0
    endloop
  endfacet
  facet normal 0.0523582 -0.998628 0
    outer loop
      vertex 40 -25 0
      vertex 40.5226 -24.9726 2.5
      vertex 40 -25 2.5
    endloop
  endfacet
  facet normal 0.0523582 -0.998628 0
    outer loop
      vertex 40.5226 -24.9726 2.5
      vertex 40 -25 0
      vertex 40.5226 -24.9726 0
    endloop
  endfacet
  facet normal -0.987684 0.156463 0
    outer loop
      vertex -44.9726 20.5226 0
      vertex -44.8907 21.0396 2.5
      vertex -44.8907 21.0396 0
    endloop
  endfacet
  facet normal -0.987684 0.156463 0
    outer loop
      vertex -44.8907 21.0396 2.5
      vertex -44.9726 20.5226 0
      vertex -44.9726 20.5226 2.5
    endloop
  endfacet
  facet normal -0.0523582 0.998628 0
    outer loop
      vertex -40 25 0
      vertex -40.5226 24.9726 2.5
      vertex -40 25 2.5
    endloop
  endfacet
  facet normal -0.0523582 0.998628 0
    outer loop
      vertex -40.5226 24.9726 2.5
      vertex -40 25 0
      vertex -40.5226 24.9726 0
    endloop
  endfacet
  facet normal 0.777165 -0.629297 0
    outer loop
      vertex 43.7157 -23.3457 2.5
      vertex 44.0451 -22.9389 0
      vertex 44.0451 -22.9389 2.5
    endloop
  endfacet
  facet normal 0.777165 -0.629297 0
    outer loop
      vertex 44.0451 -22.9389 0
      vertex 43.7157 -23.3457 2.5
      vertex 43.7157 -23.3457 0
    endloop
  endfacet
  facet normal 1 -0 0
    outer loop
      vertex 45 -20 2.5
      vertex 45 20 0
      vertex 45 20 2.5
    endloop
  endfacet
  facet normal 1 0 0
    outer loop
      vertex 45 20 0
      vertex 45 -20 2.5
      vertex 45 -20 0
    endloop
  endfacet
  facet normal 0 1 -0
    outer loop
      vertex 40 25 0
      vertex -40 25 2.5
      vertex 40 25 2.5
    endloop
  endfacet
  facet normal 0 1 0
    outer loop
      vertex -40 25 2.5
      vertex 40 25 0
      vertex -40 25 0
    endloop
  endfacet
  facet normal -0.358441 -0.933552 0
    outer loop
      vertex -42.0337 -24.5677 0
      vertex -41.5451 -24.7553 2.5
      vertex -42.0337 -24.5677 2.5
    endloop
  endfacet
  facet normal -0.358441 -0.933552 -0
    outer loop
      vertex -41.5451 -24.7553 2.5
      vertex -42.0337 -24.5677 0
      vertex -41.5451 -24.7553 0
    endloop
  endfacet
  facet normal 0.707107 -0.707107 0
    outer loop
      vertex 43.3457 -23.7157 2.5
      vertex 43.7157 -23.3457 0
      vertex 43.7157 -23.3457 2.5
    endloop
  endfacet
  facet normal 0.707107 -0.707107 0
    outer loop
      vertex 43.7157 -23.3457 0
      vertex 43.3457 -23.7157 2.5
      vertex 43.3457 -23.7157 0
    endloop
  endfacet
  facet normal -0.965949 0.258733 0
    outer loop
      vertex -44.8907 21.0396 0
      vertex -44.7553 21.5451 2.5
      vertex -44.7553 21.5451 0
    endloop
  endfacet
  facet normal -0.965949 0.258733 0
    outer loop
      vertex -44.7553 21.5451 2.5
      vertex -44.8907 21.0396 0
      vertex -44.8907 21.0396 2.5
    endloop
  endfacet
  facet normal -0.258733 -0.965949 0
    outer loop
      vertex -41.5451 -24.7553 0
      vertex -41.0396 -24.8907 2.5
      vertex -41.5451 -24.7553 2.5
    endloop
  endfacet
  facet normal -0.258733 -0.965949 -0
    outer loop
      vertex -41.0396 -24.8907 2.5
      vertex -41.5451 -24.7553 0
      vertex -41.0396 -24.8907 0
    endloop
  endfacet
  facet normal -1 0 0
    outer loop
      vertex -45 -20 0
      vertex -45 20 2.5
      vertex -45 20 0
    endloop
  endfacet
  facet normal -1 -0 0
    outer loop
      vertex -45 20 2.5
      vertex -45 -20 0
      vertex -45 -20 2.5
    endloop
  endfacet
  facet normal 0 -1 0
    outer loop
      vertex -40 -25 0
      vertex 40 -25 2.5
      vertex -40 -25 2.5
    endloop
  endfacet
  facet normal 0 -1 -0
    outer loop
      vertex 40 -25 2.5
      vertex -40 -25 0
      vertex 40 -25 0
    endloop
  endfacet
  facet normal 0.629297 0.777165 -0
    outer loop
      vertex 43.3457 23.7157 0
      vertex 42.9389 24.0451 2.5
      vertex 43.3457 23.7157 2.5
    endloop
  endfacet
  facet normal 0.629297 0.777165 0
    outer loop
      vertex 42.9389 24.0451 2.5
      vertex 43.3457 23.7157 0
      vertex 42.9389 24.0451 0
    endloop
  endfacet
  facet normal 0.544605 -0.838692 0
    outer loop
      vertex 42.5 -24.3301 0
      vertex 42.9389 -24.0451 2.5
      vertex 42.5 -24.3301 2.5
    endloop
  endfacet
  facet normal 0.544605 -0.838692 0
    outer loop
      vertex 42.9389 -24.0451 2.5
      vertex 42.5 -24.3301 0
      vertex 42.9389 -24.0451 0
    endloop
  endfacet
  facet normal -0.156463 -0.987684 0
    outer loop
      vertex -41.0396 -24.8907 0
      vertex -40.5226 -24.9726 2.5
      vertex -41.0396 -24.8907 2.5
    endloop
  endfacet
  facet normal -0.156463 -0.987684 -0
    outer loop
      vertex -40.5226 -24.9726 2.5
      vertex -41.0396 -24.8907 0
      vertex -40.5226 -24.9726 0
    endloop
  endfacet
  facet normal -0.998628 -0.0523582 0
    outer loop
      vertex -44.9726 -20.5226 0
      vertex -45 -20 2.5
      vertex -45 -20 0
    endloop
  endfacet
  facet normal -0.998628 -0.0523582 0
    outer loop
      vertex -45 -20 2.5
      vertex -44.9726 -20.5226 0
      vertex -44.9726 -20.5226 2.5
    endloop
  endfacet
  facet normal -0.454003 -0.891 0
    outer loop
      vertex -42.5 -24.3301 0
      vertex -42.0337 -24.5677 2.5
      vertex -42.5 -24.3301 2.5
    endloop
  endfacet
  facet normal -0.454003 -0.891 -0
    outer loop
      vertex -42.0337 -24.5677 2.5
      vertex -42.5 -24.3301 0
      vertex -42.0337 -24.5677 0
    endloop
  endfacet
  facet normal -0.156463 0.987684 0
    outer loop
      vertex -40.5226 24.9726 0
      vertex -41.0396 24.8907 2.5
      vertex -40.5226 24.9726 2.5
    endloop
  endfacet
  facet normal -0.156463 0.987684 0
    outer loop
      vertex -41.0396 24.8907 2.5
      vertex -40.5226 24.9726 0
      vertex -41.0396 24.8907 0
    endloop
  endfacet
  facet normal -0.0523582 -0.998628 0
    outer loop
      vertex -40.5226 -24.9726 0
      vertex -40 -25 2.5
      vertex -40.5226 -24.9726 2.5
    endloop
  endfacet
  facet normal -0.0523582 -0.998628 -0
    outer loop
      vertex -40 -25 2.5
      vertex -40.5226 -24.9726 0
      vertex -40 -25 0
    endloop
  endfacet
  facet normal 0.965949 0.258733 0
    outer loop
      vertex 44.8907 21.0396 2.5
      vertex 44.7553 21.5451 0
      vertex 44.7553 21.5451 2.5
    endloop
  endfacet
  facet normal 0.965949 0.258733 0
    outer loop
      vertex 44.7553 21.5451 0
      vertex 44.8907 21.0396 2.5
      vertex 44.8907 21.0396 0
    endloop
  endfacet
  facet normal 0.838692 0.544605 0
    outer loop
      vertex 44.3301 22.5 2.5
      vertex 44.0451 22.9389 0
      vertex 44.0451 22.9389 2.5
    endloop
  endfacet
  facet normal 0.838692 0.544605 0
    outer loop
      vertex 44.0451 22.9389 0
      vertex 44.3301 22.5 2.5
      vertex 44.3301 22.5 0
    endloop
  endfacet
  facet normal 0.358441 -0.933552 0
    outer loop
      vertex 41.5451 -24.7553 0
      vertex 42.0337 -24.5677 2.5
      vertex 41.5451 -24.7553 2.5
    endloop
  endfacet
  facet normal 0.358441 -0.933552 0
    outer loop
      vertex 42.0337 -24.5677 2.5
      vertex 41.5451 -24.7553 0
      vertex 42.0337 -24.5677 0
    endloop
  endfacet
  facet normal -0.544605 -0.838692 0
    outer loop
      vertex -42.9389 -24.0451 0
      vertex -42.5 -24.3301 2.5
      vertex -42.9389 -24.0451 2.5
    endloop
  endfacet
  facet normal -0.544605 -0.838692 -0
    outer loop
      vertex -42.5 -24.3301 2.5
      vertex -42.9389 -24.0451 0
      vertex -42.5 -24.3301 0
    endloop
  endfacet
  facet normal 0.891 0.454003 0
    outer loop
      vertex 44.5677 22.0337 2.5
      vertex 44.3301 22.5 0
      vertex 44.3301 22.5 2.5
    endloop
  endfacet
  facet normal 0.891 0.454003 0
    outer loop
      vertex 44.3301 22.5 0
      vertex 44.5677 22.0337 2.5
      vertex 44.5677 22.0337 0
    endloop
  endfacet
  facet normal 0.987684 0.156463 0
    outer loop
      vertex 44.9726 20.5226 2.5
      vertex 44.8907 21.0396 0
      vertex 44.8907 21.0396 2.5
    endloop
  endfacet
  facet normal 0.987684 0.156463 0
    outer loop
      vertex 44.8907 21.0396 0
      vertex 44.9726 20.5226 2.5
      vertex 44.9726 20.5226 0
    endloop
  endfacet
  facet normal 0.544605 0.838692 -0
    outer loop
      vertex 42.9389 24.0451 0
      vertex 42.5 24.3301 2.5
      vertex 42.9389 24.0451 2.5
    endloop
  endfacet
  facet normal 0.544605 0.838692 0
    outer loop
      vertex 42.5 24.3301 2.5
      vertex 42.9389 24.0451 0
      vertex 42.5 24.3301 0
    endloop
  endfacet
  facet normal 0.358441 0.933552 -0
    outer loop
      vertex 42.0337 24.5677 0
      vertex 41.5451 24.7553 2.5
      vertex 42.0337 24.5677 2.5
    endloop
  endfacet
  facet normal 0.358441 0.933552 0
    outer loop
      vertex 41.5451 24.7553 2.5
      vertex 42.0337 24.5677 0
      vertex 41.5451 24.7553 0
    endloop
  endfacet
  facet normal 0.454003 0.891 -0
    outer loop
      vertex 42.5 24.3301 0
      vertex 42.0337 24.5677 2.5
      vertex 42.5 24.3301 2.5
    endloop
  endfacet
  facet normal 0.454003 0.891 0
    outer loop
      vertex 42.0337 24.5677 2.5
      vertex 42.5 24.3301 0
      vertex 42.0337 24.5677 0
    endloop
  endfacet
  facet normal -0.629297 0.777165 0
    outer loop
      vertex -42.9389 24.0451 0
      vertex -43.3457 23.7157 2.5
      vertex -42.9389 24.0451 2.5
    endloop
  endfacet
  facet normal -0.629297 0.777165 0
    outer loop
      vertex -43.3457 23.7157 2.5
      vertex -42.9389 24.0451 0
      vertex -43.3457 23.7157 0
    endloop
  endfacet
  facet normal -0.933552 0.358441 0
    outer loop
      vertex -44.7553 21.5451 0
      vertex -44.5677 22.0337 2.5
      vertex -44.5677 22.0337 0
    endloop
  endfacet
  facet normal -0.933552 0.358441 0
    outer loop
      vertex -44.5677 22.0337 2.5
      vertex -44.7553 21.5451 0
      vertex -44.7553 21.5451 2.5
    endloop
  endfacet
  facet normal -0.707107 -0.707107 0
    outer loop
      vertex -43.3457 -23.7157 0
      vertex -43.7157 -23.3457 2.5
      vertex -43.7157 -23.3457 0
    endloop
  endfacet
  facet normal -0.707107 -0.707107 0
    outer loop
      vertex -43.7157 -23.3457 2.5
      vertex -43.3457 -23.7157 0
      vertex -43.3457 -23.7157 2.5
    endloop
  endfacet
  facet normal 0.0523582 0.998628 -0
    outer loop
      vertex 40.5226 24.9726 0
      vertex 40 25 2.5
      vertex 40.5226 24.9726 2.5
    endloop
  endfacet
  facet normal 0.0523582 0.998628 0
    outer loop
      vertex 40 25 2.5
      vertex 40.5226 24.9726 0
      vertex 40 25 0
    endloop
  endfacet
  facet normal 0.258733 -0.965949 0
    outer loop
      vertex 41.0396 -24.8907 0
      vertex 41.5451 -24.7553 2.5
      vertex 41.0396 -24.8907 2.5
    endloop
  endfacet
  facet normal 0.258733 -0.965949 0
    outer loop
      vertex 41.5451 -24.7553 2.5
      vertex 41.0396 -24.8907 0
      vertex 41.5451 -24.7553 0
    endloop
  endfacet
  facet normal -0.629297 -0.777165 0
    outer loop
      vertex -43.3457 -23.7157 0
      vertex -42.9389 -24.0451 2.5
      vertex -43.3457 -23.7157 2.5
    endloop
  endfacet
  facet normal -0.629297 -0.777165 -0
    outer loop
      vertex -42.9389 -24.0451 2.5
      vertex -43.3457 -23.7157 0
      vertex -42.9389 -24.0451 0
    endloop
  endfacet
  facet normal 0.777165 0.629297 0
    outer loop
      vertex 44.0451 22.9389 2.5
      vertex 43.7157 23.3457 0
      vertex 43.7157 23.3457 2.5
    endloop
  endfacet
  facet normal 0.777165 0.629297 0
    outer loop
      vertex 43.7157 23.3457 0
      vertex 44.0451 22.9389 2.5
      vertex 44.0451 22.9389 0
    endloop
  endfacet
  facet normal -0.454003 0.891 0
    outer loop
      vertex -42.0337 24.5677 0
      vertex -42.5 24.3301 2.5
      vertex -42.0337 24.5677 2.5
    endloop
  endfacet
  facet normal -0.454003 0.891 0
    outer loop
      vertex -42.5 24.3301 2.5
      vertex -42.0337 24.5677 0
      vertex -42.5 24.3301 0
    endloop
  endfacet
  facet normal -0.358441 0.933552 0
    outer loop
      vertex -41.5451 24.7553 0
      vertex -42.0337 24.5677 2.5
      vertex -41.5451 24.7553 2.5
    endloop
  endfacet
  facet normal -0.358441 0.933552 0
    outer loop
      vertex -42.0337 24.5677 2.5
      vertex -41.5451 24.7553 0
      vertex -42.0337 24.5677 0
    endloop
  endfacet
  facet normal -0.891 0.454003 0
    outer loop
      vertex -44.5677 22.0337 0
      vertex -44.3301 22.5 2.5
      vertex -44.3301 22.5 0
    endloop
  endfacet
  facet normal -0.891 0.454003 0
    outer loop
      vertex -44.3301 22.5 2.5
      vertex -44.5677 22.0337 0
      vertex -44.5677 22.0337 2.5
    endloop
  endfacet
  facet normal -0.965949 -0.258733 0
    outer loop
      vertex -44.7553 -21.5451 0
      vertex -44.8907 -21.0396 2.5
      vertex -44.8907 -21.0396 0
    endloop
  endfacet
  facet normal -0.965949 -0.258733 0
    outer loop
      vertex -44.8907 -21.0396 2.5
      vertex -44.7553 -21.5451 0
      vertex -44.7553 -21.5451 2.5
    endloop
  endfacet
  facet normal -0.544605 0.838692 0
    outer loop
      vertex -42.5 24.3301 0
      vertex -42.9389 24.0451 2.5
      vertex -42.5 24.3301 2.5
    endloop
  endfacet
  facet normal -0.544605 0.838692 0
    outer loop
      vertex -42.9389 24.0451 2.5
      vertex -42.5 24.3301 0
      vertex -42.9389 24.0451 0
    endloop
  endfacet
  facet normal -0.998628 0.0523582 0
    outer loop
      vertex -45 20 0
      vertex -44.9726 20.5226 2.5
      vertex -44.9726 20.5226 0
    endloop
  endfacet
  facet normal -0.998628 0.0523582 0
    outer loop
      vertex -44.9726 20.5226 2.5
      vertex -45 20 0
      vertex -45 20 2.5
    endloop
  endfacet
  facet normal 0.707107 0.707107 0
    outer loop
      vertex 43.7157 23.3457 2.5
      vertex 43.3457 23.7157 0
      vertex 43.3457 23.7157 2.5
    endloop
  endfacet
  facet normal 0.707107 0.707107 0
    outer loop
      vertex 43.3457 23.7157 0
      vertex 43.7157 23.3457 2.5
      vertex 43.7157 23.3457 0
    endloop
  endfacet
  facet normal -0.777165 -0.629297 0
    outer loop
      vertex -43.7157 -23.3457 0
      vertex -44.0451 -22.9389 2.5
      vertex -44.0451 -22.9389 0
    endloop
  endfacet
  facet normal -0.777165 -0.629297 0
    outer loop
      vertex -44.0451 -22.9389 2.5
      vertex -43.7157 -23.3457 0
      vertex -43.7157 -23.3457 2.5
    endloop
  endfacet
  facet normal -0.933552 -0.358441 0
    outer loop
      vertex -44.5677 -22.0337 0
      vertex -44.7553 -21.5451 2.5
      vertex -44.7553 -21.5451 0
    endloop
  endfacet
  facet normal -0.933552 -0.358441 0
    outer loop
      vertex -44.7553 -21.5451 2.5
      vertex -44.5677 -22.0337 0
      vertex -44.5677 -22.0337 2.5
    endloop
  endfacet
  facet normal 0.454003 -0.891 0
    outer loop
      vertex 42.0337 -24.5677 0
      vertex 42.5 -24.3301 2.5
      vertex 42.0337 -24.5677 2.5
    endloop
  endfacet
  facet normal 0.454003 -0.891 0
    outer loop
      vertex 42.5 -24.3301 2.5
      vertex 42.0337 -24.5677 0
      vertex 42.5 -24.3301 0
    endloop
  endfacet
  facet normal 0.891 -0.454003 0
    outer loop
      vertex 44.3301 -22.5 2.5
      vertex 44.5677 -22.0337 0
      vertex 44.5677 -22.0337 2.5
    endloop
  endfacet
  facet normal 0.891 -0.454003 0
    outer loop
      vertex 44.5677 -22.0337 0
      vertex 44.3301 -22.5 2.5
      vertex 44.3301 -22.5 0
    endloop
  endfacet
  facet normal 0.156463 0.987684 -0
    outer loop
      vertex 41.0396 24.8907 0
      vertex 40.5226 24.9726 2.5
      vertex 41.0396 24.8907 2.5
    endloop
  endfacet
  facet normal 0.156463 0.987684 0
    outer loop
      vertex 40.5226 24.9726 2.5
      vertex 41.0396 24.8907 0
      vertex 40.5226 24.9726 0
    endloop
  endfacet
  facet normal 0.987684 -0.156463 0
    outer loop
      vertex 44.8907 -21.0396 2.5
      vertex 44.9726 -20.5226 0
      vertex 44.9726 -20.5226 2.5
    endloop
  endfacet
  facet normal 0.987684 -0.156463 0
    outer loop
      vertex 44.9726 -20.5226 0
      vertex 44.8907 -21.0396 2.5
      vertex 44.8907 -21.0396 0
    endloop
  endfacet
  facet normal 0.258733 0.965949 -0
    outer loop
      vertex 41.5451 24.7553 0
      vertex 41.0396 24.8907 2.5
      vertex 41.5451 24.7553 2.5
    endloop
  endfacet
  facet normal 0.258733 0.965949 0
    outer loop
      vertex 41.0396 24.8907 2.5
      vertex 41.5451 24.7553 0
      vertex 41.0396 24.8907 0
    endloop
  endfacet
  facet normal -0.987684 -0.156463 0
    outer loop
      vertex -44.8907 -21.0396 0
      vertex -44.9726 -20.5226 2.5
      vertex -44.9726 -20.5226 0
    endloop
  endfacet
  facet normal -0.987684 -0.156463 0
    outer loop
      vertex -44.9726 -20.5226 2.5
      vertex -44.8907 -21.0396 0
      vertex -44.8907 -21.0396 2.5
    endloop
  endfacet
  facet normal 0.933552 -0.358441 0
    outer loop
      vertex 44.5677 -22.0337 2.5
      vertex 44.7553 -21.5451 0
      vertex 44.7553 -21.5451 2.5
    endloop
  endfacet
  facet normal 0.933552 -0.358441 0
    outer loop
      vertex 44.7553 -21.5451 0
      vertex 44.5677 -22.0337 2.5
      vertex 44.5677 -22.0337 0
    endloop
  endfacet
  facet normal 0.156463 -0.987684 0
    outer loop
      vertex 40.5226 -24.9726 0
      vertex 41.0396 -24.8907 2.5
      vertex 40.5226 -24.9726 2.5
    endloop
  endfacet
  facet normal 0.156463 -0.987684 0
    outer loop
      vertex 41.0396 -24.8907 2.5
      vertex 40.5226 -24.9726 0
      vertex 41.0396 -24.8907 0
    endloop
  endfacet
  facet normal -0 0 1
    outer loop
      vertex 42.6542 20.0861 2.5
      vertex 45 20 2.5
      vertex 44.9726 20.5226 2.5
    endloop
  endfacet
  facet normal 0 0 1
    outer loop
      vertex 45 20 2.5
      vertex 42.85 18.85 2.5
      vertex 45 -20 2.5
    endloop
  endfacet
  facet normal 0 0 1
    outer loop
      vertex 42.6542 20.0861 2.5
      vertex 44.9726 20.5226 2.5
      vertex 44.8907 21.0396 2.5
    endloop
  endfacet
  facet normal -0 0 1
    outer loop
      vertex 42.85 -18.85 2.5
      vertex 45 -20 2.5
      vertex 42.85 18.85 2.5
    endloop
  endfacet
  facet normal 0 0 1
    outer loop
      vertex 42.5042 20.4769 2.5
      vertex 44.8907 21.0396 2.5
      vertex 44.7553 21.5451 2.5
    endloop
  endfacet
  facet normal -0 0 1
    outer loop
      vertex 42.8281 -19.2681 2.5
      vertex 45 -20 2.5
      vertex 42.85 -18.85 2.5
    endloop
  endfacet
  facet normal 0 0 1
    outer loop
      vertex 42.3141 20.85 2.5
      vertex 44.7553 21.5451 2.5
      vertex 44.5677 22.0337 2.5
    endloop
  endfacet
  facet normal -0 0 1
    outer loop
      vertex 42.7626 -19.6816 2.5
      vertex 45 -20 2.5
      vertex 42.8281 -19.2681 2.5
    endloop
  endfacet
  facet normal 0 0 1
    outer loop
      vertex 42.3141 20.85 2.5
      vertex 44.5677 22.0337 2.5
      vertex 44.3301 22.5 2.5
    endloop
  endfacet
  facet normal 0 0 1
    outer loop
      vertex 42.6542 -20.0861 2.5
      vertex 45 -20 2.5
      vertex 42.7626 -19.6816 2.5
    endloop
  endfacet
  facet normal 0 0 1
    outer loop
      vertex 42.0861 21.2011 2.5
      vertex 44.3301 22.5 2.5
      vertex 44.0451 22.9389 2.5
    endloop
  endfacet
  facet normal 0 0 1
    outer loop
      vertex 45 -20 2.5
      vertex 42.6542 -20.0861 2.5
      vertex 44.9726 -20.5226 2.5
    endloop
  endfacet
  facet normal 0 0 1
    outer loop
      vertex 41.8226 21.5265 2.5
      vertex 44.0451 22.9389 2.5
      vertex 43.7157 23.3457 2.5
    endloop
  endfacet
  facet normal 0 0 1
    outer loop
      vertex 44.9726 -20.5226 2.5
      vertex 42.6542 -20.0861 2.5
      vertex 44.8907 -21.0396 2.5
    endloop
  endfacet
  facet normal 0 0 1
    outer loop
      vertex 41.8226 21.5265 2.5
      vertex 43.7157 23.3457 2.5
      vertex 43.3457 23.7157 2.5
    endloop
  endfacet
  facet normal -0 0 1
    outer loop
      vertex 42.5042 -20.4769 2.5
      vertex 44.8907 -21.0396 2.5
      vertex 42.6542 -20.0861 2.5
    endloop
  endfacet
  facet normal 0 0 1
    outer loop
      vertex 41.5265 21.8226 2.5
      vertex 43.3457 23.7157 2.5
      vertex 42.9389 24.0451 2.5
    endloop
  endfacet
  facet normal 0 0 1
    outer loop
      vertex 44.8907 -21.0396 2.5
      vertex 42.5042 -20.4769 2.5
      vertex 44.7553 -21.5451 2.5
    endloop
  endfacet
  facet normal -0 0 1
    outer loop
      vertex 42.3141 -20.85 2.5
      vertex 44.7553 -21.5451 2.5
      vertex 42.5042 -20.4769 2.5
    endloop
  endfacet
  facet normal 0 0 1
    outer loop
      vertex 45 20 2.5
      vertex 42.8281 19.2681 2.5
      vertex 42.85 18.85 2.5
    endloop
  endfacet
  facet normal 0 0 1
    outer loop
      vertex 45 20 2.5
      vertex 42.7626 19.6816 2.5
      vertex 42.8281 19.2681 2.5
    endloop
  endfacet
  facet normal 0 0 1
    outer loop
      vertex 45 20 2.5
      vertex 42.6542 20.0861 2.5
      vertex 42.7626 19.6816 2.5
    endloop
  endfacet
  facet normal 0 0 1
    outer loop
      vertex 44.8907 21.0396 2.5
      vertex 42.5042 20.4769 2.5
      vertex 42.6542 20.0861 2.5
    endloop
  endfacet
  facet normal 0 0 1
    outer loop
      vertex 41.2011 22.0861 2.5
      vertex 42.9389 24.0451 2.5
      vertex 42.5 24.3301 2.5
    endloop
  endfacet
  facet normal 0 0 1
    outer loop
      vertex 44.7553 21.5451 2.5
      vertex 42.3141 20.85 2.5
      vertex 42.5042 20.4769 2.5
    endloop
  endfacet
  facet normal 0 0 1
    outer loop
      vertex 44.3301 22.5 2.5
      vertex 42.0861 21.2011 2.5
      vertex 42.3141 20.85 2.5
    endloop
  endfacet
  facet normal 0 0 1
    outer loop
      vertex 40.85 22.3141 2.5
      vertex 42.5 24.3301 2.5
      vertex 42.0337 24.5677 2.5
    endloop
  endfacet
  facet normal 0 0 1
    outer loop
      vertex 44.0451 22.9389 2.5
      vertex 41.8226 21.5265 2.5
      vertex 42.0861 21.2011 2.5
    endloop
  endfacet
  facet normal 0 0 1
    outer loop
      vertex 40.85 22.3141 2.5
      vertex 42.0337 24.5677 2.5
      vertex 41.5451 24.7553 2.5
    endloop
  endfacet
  facet normal 0 0 1
    outer loop
      vertex 43.3457 23.7157 2.5
      vertex 41.5265 21.8226 2.5
      vertex 41.8226 21.5265 2.5
    endloop
  endfacet
  facet normal 0 0 1
    outer loop
      vertex 42.9389 24.0451 2.5
      vertex 41.2011 22.0861 2.5
      vertex 41.5265 21.8226 2.5
    endloop
  endfacet
  facet normal 0 0 1
    outer loop
      vertex 40.4769 22.5042 2.5
      vertex 41.5451 24.7553 2.5
      vertex 41.0396 24.8907 2.5
    endloop
  endfacet
  facet normal 0 0 1
    outer loop
      vertex 42.5 24.3301 2.5
      vertex 40.85 22.3141 2.5
      vertex 41.2011 22.0861 2.5
    endloop
  endfacet
  facet normal 0 0 1
    outer loop
      vertex 40.0861 22.6542 2.5
      vertex 41.0396 24.8907 2.5
      vertex 40.5226 24.9726 2.5
    endloop
  endfacet
  facet normal 0 0 1
    outer loop
      vertex 41.5451 24.7553 2.5
      vertex 40.4769 22.5042 2.5
      vertex 40.85 22.3141 2.5
    endloop
  endfacet
  facet normal 0 0 1
    outer loop
      vertex 41.0396 24.8907 2.5
      vertex 40.0861 22.6542 2.5
      vertex 40.4769 22.5042 2.5
    endloop
  endfacet
  facet normal 0 0 1
    outer loop
      vertex 40 25 2.5
      vertex 40.0861 22.6542 2.5
      vertex 40.5226 24.9726 2.5
    endloop
  endfacet
  facet normal 0 0 1
    outer loop
      vertex 40 25 2.5
      vertex 39.6816 22.7626 2.5
      vertex 40.0861 22.6542 2.5
    endloop
  endfacet
  facet normal 0 0 1
    outer loop
      vertex 40 25 2.5
      vertex 39.2681 22.8281 2.5
      vertex 39.6816 22.7626 2.5
    endloop
  endfacet
  facet normal 0 0 1
    outer loop
      vertex 40 25 2.5
      vertex 38.85 22.85 2.5
      vertex 39.2681 22.8281 2.5
    endloop
  endfacet
  facet normal 0 0 1
    outer loop
      vertex 40 25 2.5
      vertex -38.85 22.85 2.5
      vertex 38.85 22.85 2.5
    endloop
  endfacet
  facet normal -0 0 1
    outer loop
      vertex -40 25 2.5
      vertex -38.85 22.85 2.5
      vertex 40 25 2.5
    endloop
  endfacet
  facet normal 0 0 1
    outer loop
      vertex -40 25 2.5
      vertex -39.2681 22.8281 2.5
      vertex -38.85 22.85 2.5
    endloop
  endfacet
  facet normal 0 0 1
    outer loop
      vertex -40 25 2.5
      vertex -39.6816 22.7626 2.5
      vertex -39.2681 22.8281 2.5
    endloop
  endfacet
  facet normal 0 0 1
    outer loop
      vertex -40 25 2.5
      vertex -40.0861 22.6542 2.5
      vertex -39.6816 22.7626 2.5
    endloop
  endfacet
  facet normal -0 0 1
    outer loop
      vertex -40.5226 24.9726 2.5
      vertex -40.0861 22.6542 2.5
      vertex -40 25 2.5
    endloop
  endfacet
  facet normal -0 0 1
    outer loop
      vertex -41.0396 24.8907 2.5
      vertex -40.0861 22.6542 2.5
      vertex -40.5226 24.9726 2.5
    endloop
  endfacet
  facet normal 0 0 1
    outer loop
      vertex -40.0861 22.6542 2.5
      vertex -41.0396 24.8907 2.5
      vertex -40.4769 22.5042 2.5
    endloop
  endfacet
  facet normal -0 0 1
    outer loop
      vertex -41.5451 24.7553 2.5
      vertex -40.4769 22.5042 2.5
      vertex -41.0396 24.8907 2.5
    endloop
  endfacet
  facet normal 0 0 1
    outer loop
      vertex -40.4769 22.5042 2.5
      vertex -41.5451 24.7553 2.5
      vertex -40.85 22.3141 2.5
    endloop
  endfacet
  facet normal -0 0 1
    outer loop
      vertex -42.0337 24.5677 2.5
      vertex -40.85 22.3141 2.5
      vertex -41.5451 24.7553 2.5
    endloop
  endfacet
  facet normal -0 0 1
    outer loop
      vertex -42.5 24.3301 2.5
      vertex -40.85 22.3141 2.5
      vertex -42.0337 24.5677 2.5
    endloop
  endfacet
  facet normal 0 0 1
    outer loop
      vertex -40.85 22.3141 2.5
      vertex -42.5 24.3301 2.5
      vertex -41.2011 22.0861 2.5
    endloop
  endfacet
  facet normal -0 0 1
    outer loop
      vertex -42.9389 24.0451 2.5
      vertex -41.2011 22.0861 2.5
      vertex -42.5 24.3301 2.5
    endloop
  endfacet
  facet normal 0 0 1
    outer loop
      vertex -41.2011 22.0861 2.5
      vertex -42.9389 24.0451 2.5
      vertex -41.5265 21.8226 2.5
    endloop
  endfacet
  facet normal -0 0 1
    outer loop
      vertex -43.3457 23.7157 2.5
      vertex -41.5265 21.8226 2.5
      vertex -42.9389 24.0451 2.5
    endloop
  endfacet
  facet normal 0 0 1
    outer loop
      vertex -41.5265 21.8226 2.5
      vertex -43.3457 23.7157 2.5
      vertex -41.8226 21.5265 2.5
    endloop
  endfacet
  facet normal -0 0 1
    outer loop
      vertex -43.7157 23.3457 2.5
      vertex -41.8226 21.5265 2.5
      vertex -43.3457 23.7157 2.5
    endloop
  endfacet
  facet normal -0 0 1
    outer loop
      vertex -44.0451 22.9389 2.5
      vertex -41.8226 21.5265 2.5
      vertex -43.7157 23.3457 2.5
    endloop
  endfacet
  facet normal 0 0 1
    outer loop
      vertex -41.8226 21.5265 2.5
      vertex -44.0451 22.9389 2.5
      vertex -42.0861 21.2011 2.5
    endloop
  endfacet
  facet normal -0 0 1
    outer loop
      vertex -44.3301 22.5 2.5
      vertex -42.0861 21.2011 2.5
      vertex -44.0451 22.9389 2.5
    endloop
  endfacet
  facet normal -0 0 1
    outer loop
      vertex -44.7553 21.5451 2.5
      vertex -42.3141 20.85 2.5
      vertex -44.5677 22.0337 2.5
    endloop
  endfacet
  facet normal -0 0 1
    outer loop
      vertex -44.5677 22.0337 2.5
      vertex -42.3141 20.85 2.5
      vertex -44.3301 22.5 2.5
    endloop
  endfacet
  facet normal 0 0 1
    outer loop
      vertex -42.0861 21.2011 2.5
      vertex -44.3301 22.5 2.5
      vertex -42.3141 20.85 2.5
    endloop
  endfacet
  facet normal 0 0 1
    outer loop
      vertex 44.7553 -21.5451 2.5
      vertex 42.3141 -20.85 2.5
      vertex 44.5677 -22.0337 2.5
    endloop
  endfacet
  facet normal 0 0 1
    outer loop
      vertex 44.5677 -22.0337 2.5
      vertex 42.3141 -20.85 2.5
      vertex 44.3301 -22.5 2.5
    endloop
  endfacet
  facet normal -0 0 1
    outer loop
      vertex 42.0861 -21.2011 2.5
      vertex 44.3301 -22.5 2.5
      vertex 42.3141 -20.85 2.5
    endloop
  endfacet
  facet normal 0 0 1
    outer loop
      vertex 44.3301 -22.5 2.5
      vertex 42.0861 -21.2011 2.5
      vertex 44.0451 -22.9389 2.5
    endloop
  endfacet
  facet normal -0 0 1
    outer loop
      vertex 41.8226 -21.5265 2.5
      vertex 44.0451 -22.9389 2.5
      vertex 42.0861 -21.2011 2.5
    endloop
  endfacet
  facet normal 0 0 1
    outer loop
      vertex 44.0451 -22.9389 2.5
      vertex 41.8226 -21.5265 2.5
      vertex 43.7157 -23.3457 2.5
    endloop
  endfacet
  facet normal 0 0 1
    outer loop
      vertex 43.7157 -23.3457 2.5
      vertex 41.8226 -21.5265 2.5
      vertex 43.3457 -23.7157 2.5
    endloop
  endfacet
  facet normal -0 0 1
    outer loop
      vertex 41.5265 -21.8226 2.5
      vertex 43.3457 -23.7157 2.5
      vertex 41.8226 -21.5265 2.5
    endloop
  endfacet
  facet normal 0 0 1
    outer loop
      vertex 43.3457 -23.7157 2.5
      vertex 41.5265 -21.8226 2.5
      vertex 42.9389 -24.0451 2.5
    endloop
  endfacet
  facet normal -0 0 1
    outer loop
      vertex 41.2011 -22.0861 2.5
      vertex 42.9389 -24.0451 2.5
      vertex 41.5265 -21.8226 2.5
    endloop
  endfacet
  facet normal 0 0 1
    outer loop
      vertex 42.9389 -24.0451 2.5
      vertex 41.2011 -22.0861 2.5
      vertex 42.5 -24.3301 2.5
    endloop
  endfacet
  facet normal -0 0 1
    outer loop
      vertex 40.85 -22.3141 2.5
      vertex 42.5 -24.3301 2.5
      vertex 41.2011 -22.0861 2.5
    endloop
  endfacet
  facet normal 0 0 1
    outer loop
      vertex 42.5 -24.3301 2.5
      vertex 40.85 -22.3141 2.5
      vertex 42.0337 -24.5677 2.5
    endloop
  endfacet
  facet normal 0 0 1
    outer loop
      vertex 42.0337 -24.5677 2.5
      vertex 40.85 -22.3141 2.5
      vertex 41.5451 -24.7553 2.5
    endloop
  endfacet
  facet normal -0 0 1
    outer loop
      vertex 40.4769 -22.5042 2.5
      vertex 41.5451 -24.7553 2.5
      vertex 40.85 -22.3141 2.5
    endloop
  endfacet
  facet normal 0 0 1
    outer loop
      vertex 41.5451 -24.7553 2.5
      vertex 40.4769 -22.5042 2.5
      vertex 41.0396 -24.8907 2.5
    endloop
  endfacet
  facet normal -0 0 1
    outer loop
      vertex 40.0861 -22.6542 2.5
      vertex 41.0396 -24.8907 2.5
      vertex 40.4769 -22.5042 2.5
    endloop
  endfacet
  facet normal 0 0 1
    outer loop
      vertex 41.0396 -24.8907 2.5
      vertex 40.0861 -22.6542 2.5
      vertex 40.5226 -24.9726 2.5
    endloop
  endfacet
  facet normal 0 0 1
    outer loop
      vertex 40.0861 -22.6542 2.5
      vertex 40 -25 2.5
      vertex 40.5226 -24.9726 2.5
    endloop
  endfacet
  facet normal -0 0 1
    outer loop
      vertex 39.6816 -22.7626 2.5
      vertex 40 -25 2.5
      vertex 40.0861 -22.6542 2.5
    endloop
  endfacet
  facet normal -0 0 1
    outer loop
      vertex 39.2681 -22.8281 2.5
      vertex 40 -25 2.5
      vertex 39.6816 -22.7626 2.5
    endloop
  endfacet
  facet normal -0 0 1
    outer loop
      vertex 38.85 -22.85 2.5
      vertex 40 -25 2.5
      vertex 39.2681 -22.8281 2.5
    endloop
  endfacet
  facet normal -0 0 1
    outer loop
      vertex -38.85 -22.85 2.5
      vertex 40 -25 2.5
      vertex 38.85 -22.85 2.5
    endloop
  endfacet
  facet normal 0 0 1
    outer loop
      vertex -38.85 -22.85 2.5
      vertex -40 -25 2.5
      vertex 40 -25 2.5
    endloop
  endfacet
  facet normal 0 0 1
    outer loop
      vertex -39.2681 -22.8281 2.5
      vertex -40 -25 2.5
      vertex -38.85 -22.85 2.5
    endloop
  endfacet
  facet normal 0 0 1
    outer loop
      vertex -39.6816 -22.7626 2.5
      vertex -40 -25 2.5
      vertex -39.2681 -22.8281 2.5
    endloop
  endfacet
  facet normal 0 0 1
    outer loop
      vertex -40.0861 -22.6542 2.5
      vertex -40 -25 2.5
      vertex -39.6816 -22.7626 2.5
    endloop
  endfacet
  facet normal 0 0 1
    outer loop
      vertex -41.0396 -24.8907 2.5
      vertex -40.0861 -22.6542 2.5
      vertex -40.4769 -22.5042 2.5
    endloop
  endfacet
  facet normal 0 0 1
    outer loop
      vertex -40.0861 -22.6542 2.5
      vertex -40.5226 -24.9726 2.5
      vertex -40 -25 2.5
    endloop
  endfacet
  facet normal 0 0 1
    outer loop
      vertex -41.5451 -24.7553 2.5
      vertex -40.4769 -22.5042 2.5
      vertex -40.85 -22.3141 2.5
    endloop
  endfacet
  facet normal 0 0 1
    outer loop
      vertex -40.0861 -22.6542 2.5
      vertex -41.0396 -24.8907 2.5
      vertex -40.5226 -24.9726 2.5
    endloop
  endfacet
  facet normal 0 0 1
    outer loop
      vertex -42.5 -24.3301 2.5
      vertex -40.85 -22.3141 2.5
      vertex -41.2011 -22.0861 2.5
    endloop
  endfacet
  facet normal 0 0 1
    outer loop
      vertex -42.9389 -24.0451 2.5
      vertex -41.2011 -22.0861 2.5
      vertex -41.5265 -21.8226 2.5
    endloop
  endfacet
  facet normal 0 0 1
    outer loop
      vertex -40.4769 -22.5042 2.5
      vertex -41.5451 -24.7553 2.5
      vertex -41.0396 -24.8907 2.5
    endloop
  endfacet
  facet normal 0 0 1
    outer loop
      vertex -43.3457 -23.7157 2.5
      vertex -41.5265 -21.8226 2.5
      vertex -41.8226 -21.5265 2.5
    endloop
  endfacet
  facet normal 0 0 1
    outer loop
      vertex -40.85 -22.3141 2.5
      vertex -42.0337 -24.5677 2.5
      vertex -41.5451 -24.7553 2.5
    endloop
  endfacet
  facet normal 0 0 1
    outer loop
      vertex -44.0451 -22.9389 2.5
      vertex -41.8226 -21.5265 2.5
      vertex -42.0861 -21.2011 2.5
    endloop
  endfacet
  facet normal 0 0 1
    outer loop
      vertex -44.3301 -22.5 2.5
      vertex -42.0861 -21.2011 2.5
      vertex -42.3141 -20.85 2.5
    endloop
  endfacet
  facet normal 0 0 1
    outer loop
      vertex -40.85 -22.3141 2.5
      vertex -42.5 -24.3301 2.5
      vertex -42.0337 -24.5677 2.5
    endloop
  endfacet
  facet normal 0 0 1
    outer loop
      vertex -44.7553 -21.5451 2.5
      vertex -42.3141 -20.85 2.5
      vertex -42.5042 -20.4769 2.5
    endloop
  endfacet
  facet normal 0 0 1
    outer loop
      vertex -44.8907 -21.0396 2.5
      vertex -42.5042 -20.4769 2.5
      vertex -42.6542 -20.0861 2.5
    endloop
  endfacet
  facet normal -0 0 1
    outer loop
      vertex -45 -20 2.5
      vertex -42.6542 -20.0861 2.5
      vertex -42.7626 -19.6816 2.5
    endloop
  endfacet
  facet normal 0 0 1
    outer loop
      vertex -45 -20 2.5
      vertex -42.7626 -19.6816 2.5
      vertex -42.8281 -19.2681 2.5
    endloop
  endfacet
  facet normal 0 0 1
    outer loop
      vertex -41.2011 -22.0861 2.5
      vertex -42.9389 -24.0451 2.5
      vertex -42.5 -24.3301 2.5
    endloop
  endfacet
  facet normal 0 0 1
    outer loop
      vertex -45 -20 2.5
      vertex -42.8281 -19.2681 2.5
      vertex -42.85 -18.85 2.5
    endloop
  endfacet
  facet normal 0 0 1
    outer loop
      vertex -42.85 18.85 2.5
      vertex -45 20 2.5
      vertex -42.85 -18.85 2.5
    endloop
  endfacet
  facet normal 0 0 1
    outer loop
      vertex -42.3141 20.85 2.5
      vertex -44.7553 21.5451 2.5
      vertex -42.5042 20.4769 2.5
    endloop
  endfacet
  facet normal 0 0 1
    outer loop
      vertex -45 -20 2.5
      vertex -42.85 -18.85 2.5
      vertex -45 20 2.5
    endloop
  endfacet
  facet normal -0 0 1
    outer loop
      vertex -44.8907 21.0396 2.5
      vertex -42.5042 20.4769 2.5
      vertex -44.7553 21.5451 2.5
    endloop
  endfacet
  facet normal 0 0 1
    outer loop
      vertex -42.6542 -20.0861 2.5
      vertex -45 -20 2.5
      vertex -44.9726 -20.5226 2.5
    endloop
  endfacet
  facet normal 0 0 1
    outer loop
      vertex -42.5042 20.4769 2.5
      vertex -44.8907 21.0396 2.5
      vertex -42.6542 20.0861 2.5
    endloop
  endfacet
  facet normal 0 0 1
    outer loop
      vertex -41.5265 -21.8226 2.5
      vertex -43.3457 -23.7157 2.5
      vertex -42.9389 -24.0451 2.5
    endloop
  endfacet
  facet normal -0 0 1
    outer loop
      vertex -44.9726 20.5226 2.5
      vertex -42.6542 20.0861 2.5
      vertex -44.8907 21.0396 2.5
    endloop
  endfacet
  facet normal 0 0 1
    outer loop
      vertex -41.8226 -21.5265 2.5
      vertex -43.7157 -23.3457 2.5
      vertex -43.3457 -23.7157 2.5
    endloop
  endfacet
  facet normal 0 0 1
    outer loop
      vertex -45 20 2.5
      vertex -42.6542 20.0861 2.5
      vertex -44.9726 20.5226 2.5
    endloop
  endfacet
  facet normal 0 0 1
    outer loop
      vertex -41.8226 -21.5265 2.5
      vertex -44.0451 -22.9389 2.5
      vertex -43.7157 -23.3457 2.5
    endloop
  endfacet
  facet normal 0 0 1
    outer loop
      vertex -42.6542 20.0861 2.5
      vertex -45 20 2.5
      vertex -42.7626 19.6816 2.5
    endloop
  endfacet
  facet normal 0 0 1
    outer loop
      vertex -42.0861 -21.2011 2.5
      vertex -44.3301 -22.5 2.5
      vertex -44.0451 -22.9389 2.5
    endloop
  endfacet
  facet normal 0 0 1
    outer loop
      vertex -42.7626 19.6816 2.5
      vertex -45 20 2.5
      vertex -42.8281 19.2681 2.5
    endloop
  endfacet
  facet normal 0 0 1
    outer loop
      vertex -42.3141 -20.85 2.5
      vertex -44.5677 -22.0337 2.5
      vertex -44.3301 -22.5 2.5
    endloop
  endfacet
  facet normal 0 0 1
    outer loop
      vertex -42.8281 19.2681 2.5
      vertex -45 20 2.5
      vertex -42.85 18.85 2.5
    endloop
  endfacet
  facet normal 0 0 1
    outer loop
      vertex -42.3141 -20.85 2.5
      vertex -44.7553 -21.5451 2.5
      vertex -44.5677 -22.0337 2.5
    endloop
  endfacet
  facet normal 0 0 1
    outer loop
      vertex -42.5042 -20.4769 2.5
      vertex -44.8907 -21.0396 2.5
      vertex -44.7553 -21.5451 2.5
    endloop
  endfacet
  facet normal 0 0 1
    outer loop
      vertex -42.6542 -20.0861 2.5
      vertex -44.9726 -20.5226 2.5
      vertex -44.8907 -21.0396 2.5
    endloop
  endfacet
  facet normal 0.998628 -0.0523582 0
    outer loop
      vertex 44.9726 -20.5226 2.5
      vertex 45 -20 0
      vertex 45 -20 2.5
    endloop
  endfacet
  facet normal 0.998628 -0.0523582 0
    outer loop
      vertex 45 -20 0
      vertex 44.9726 -20.5226 2.5
      vertex 44.9726 -20.5226 0
    endloop
  endfacet
  facet normal -0.707107 0.707107 0
    outer loop
      vertex -43.7157 23.3457 0
      vertex -43.3457 23.7157 2.5
      vertex -43.3457 23.7157 0
    endloop
  endfacet
  facet normal -0.707107 0.707107 0
    outer loop
      vertex -43.3457 23.7157 2.5
      vertex -43.7157 23.3457 0
      vertex -43.7157 23.3457 2.5
    endloop
  endfacet
  facet normal 0.998628 0.0523582 0
    outer loop
      vertex 45 20 2.5
      vertex 44.9726 20.5226 0
      vertex 44.9726 20.5226 2.5
    endloop
  endfacet
  facet normal 0.998628 0.0523582 0
    outer loop
      vertex 44.9726 20.5226 0
      vertex 45 20 2.5
      vertex 45 20 0
    endloop
  endfacet
  facet normal 0.965949 -0.258733 0
    outer loop
      vertex 44.7553 -21.5451 2.5
      vertex 44.8907 -21.0396 0
      vertex 44.8907 -21.0396 2.5
    endloop
  endfacet
  facet normal 0.965949 -0.258733 0
    outer loop
      vertex 44.8907 -21.0396 0
      vertex 44.7553 -21.5451 2.5
      vertex 44.7553 -21.5451 0
    endloop
  endfacet
  facet normal -0.891 -0.454003 0
    outer loop
      vertex -44.3301 -22.5 0
      vertex -44.5677 -22.0337 2.5
      vertex -44.5677 -22.0337 0
    endloop
  endfacet
  facet normal -0.891 -0.454003 0
    outer loop
      vertex -44.5677 -22.0337 2.5
      vertex -44.3301 -22.5 0
      vertex -44.3301 -22.5 2.5
    endloop
  endfacet
  facet normal -0.838692 -0.544605 0
    outer loop
      vertex -44.0451 -22.9389 0
      vertex -44.3301 -22.5 2.5
      vertex -44.3301 -22.5 0
    endloop
  endfacet
  facet normal -0.838692 -0.544605 0
    outer loop
      vertex -44.3301 -22.5 2.5
      vertex -44.0451 -22.9389 0
      vertex -44.0451 -22.9389 2.5
    endloop
  endfacet
  facet normal -0 0 -1
    outer loop
      vertex -35 9.9 0
      vertex -35.1986 9.88959 0
      vertex -35 17 0
    endloop
  endfacet
  facet normal 0 0 -1
    outer loop
      vertex 36.807 -7.41287 0
      vertex 45 -20 0
      vertex 36.8585 -7.60497 0
    endloop
  endfacet
  facet normal 0 0 -1
    outer loop
      vertex 45 20 0
      vertex 36.8896 7.8014 0
      vertex 36.9 8 0
    endloop
  endfacet
  facet normal 0 0 -1
    outer loop
      vertex 45 -20 0
      vertex 36.807 -7.41287 0
      vertex 45 20 0
    endloop
  endfacet
  facet normal 0 0 -1
    outer loop
      vertex 45 20 0
      vertex 36.8585 7.60497 0
      vertex 36.8896 7.8014 0
    endloop
  endfacet
  facet normal 0 0 -1
    outer loop
      vertex 36.807 7.41287 0
      vertex 45 20 0
      vertex 36.807 -7.41287 0
    endloop
  endfacet
  facet normal 0 0 -1
    outer loop
      vertex 45 20 0
      vertex 36.807 7.41287 0
      vertex 36.8585 7.60497 0
    endloop
  endfacet
  facet normal 0 0 -1
    outer loop
      vertex 36.7357 -7.2272 0
      vertex 36.807 7.41287 0
      vertex 36.807 -7.41287 0
    endloop
  endfacet
  facet normal 0 0 -1
    outer loop
      vertex 36.7357 -7.2272 0
      vertex 36.7357 7.2272 0
      vertex 36.807 7.41287 0
    endloop
  endfacet
  facet normal 0 0 -1
    outer loop
      vertex 36.6454 -7.05 0
      vertex 36.7357 7.2272 0
      vertex 36.7357 -7.2272 0
    endloop
  endfacet
  facet normal 0 0 -1
    outer loop
      vertex 36.6454 -7.05 0
      vertex 36.6454 7.05 0
      vertex 36.7357 7.2272 0
    endloop
  endfacet
  facet normal 0 0 -1
    outer loop
      vertex 36.5371 -6.88321 0
      vertex 36.6454 7.05 0
      vertex 36.6454 -7.05 0
    endloop
  endfacet
  facet normal 0 0 -1
    outer loop
      vertex 36.5371 -6.88321 0
      vertex 36.5371 6.88321 0
      vertex 36.6454 7.05 0
    endloop
  endfacet
  facet normal 0 0 -1
    outer loop
      vertex 36.412 -6.72865 0
      vertex 36.5371 6.88321 0
      vertex 36.5371 -6.88321 0
    endloop
  endfacet
  facet normal 0 0 -1
    outer loop
      vertex 36.412 -6.72865 0
      vertex 36.412 6.72865 0
      vertex 36.5371 6.88321 0
    endloop
  endfacet
  facet normal 0 0 -1
    outer loop
      vertex 36.2713 -6.58803 0
      vertex 36.412 6.72865 0
      vertex 36.412 -6.72865 0
    endloop
  endfacet
  facet normal 0 0 -1
    outer loop
      vertex 36.2713 -6.58803 0
      vertex 36.2713 6.58803 0
      vertex 36.412 6.72865 0
    endloop
  endfacet
  facet normal 0 0 -1
    outer loop
      vertex 36.1168 -6.46287 0
      vertex 36.2713 6.58803 0
      vertex 36.2713 -6.58803 0
    endloop
  endfacet
  facet normal 0 0 -1
    outer loop
      vertex 36.1168 -6.46287 0
      vertex 36.1168 6.46287 0
      vertex 36.2713 6.58803 0
    endloop
  endfacet
  facet normal 0 0 -1
    outer loop
      vertex 35.95 -6.35455 0
      vertex 36.1168 6.46287 0
      vertex 36.1168 -6.46287 0
    endloop
  endfacet
  facet normal 0 0 -1
    outer loop
      vertex 35.95 -6.35455 0
      vertex 35.95 6.35455 0
      vertex 36.1168 6.46287 0
    endloop
  endfacet
  facet normal 0 0 -1
    outer loop
      vertex 35.7728 -6.26426 0
      vertex 35.95 6.35455 0
      vertex 35.95 -6.35455 0
    endloop
  endfacet
  facet normal 0 0 -1
    outer loop
      vertex 35.7728 -6.26426 0
      vertex 35.7728 6.26426 0
      vertex 35.95 6.35455 0
    endloop
  endfacet
  facet normal 0 0 -1
    outer loop
      vertex 35.5871 -6.19299 0
      vertex 35.7728 6.26426 0
      vertex 35.7728 -6.26426 0
    endloop
  endfacet
  facet normal 0 0 -1
    outer loop
      vertex 35.5871 -6.19299 0
      vertex 35.5871 6.19299 0
      vertex 35.7728 6.26426 0
    endloop
  endfacet
  facet normal 0 0 -1
    outer loop
      vertex 35.395 -6.14152 0
      vertex 35.5871 6.19299 0
      vertex 35.5871 -6.19299 0
    endloop
  endfacet
  facet normal 0 0 -1
    outer loop
      vertex 35.395 -6.14152 0
      vertex 35.395 6.14152 0
      vertex 35.5871 6.19299 0
    endloop
  endfacet
  facet normal 0 0 -1
    outer loop
      vertex 35.1986 -6.11041 0
      vertex 35.395 6.14152 0
      vertex 35.395 -6.14152 0
    endloop
  endfacet
  facet normal 0 0 -1
    outer loop
      vertex 35.1986 -6.11041 0
      vertex 35.1986 6.11041 0
      vertex 35.395 6.14152 0
    endloop
  endfacet
  facet normal 0 0 -1
    outer loop
      vertex 35 -6.1 0
      vertex 35.1986 6.11041 0
      vertex 35.1986 -6.11041 0
    endloop
  endfacet
  facet normal 0 0 -1
    outer loop
      vertex 35.1986 6.11041 0
      vertex 35 -6.1 0
      vertex 35 6.1 0
    endloop
  endfacet
  facet normal 0 0 -1
    outer loop
      vertex 34.9021 -17.618 0
      vertex 45 -20 0
      vertex 44.9726 -20.5226 0
    endloop
  endfacet
  facet normal 0 0 -1
    outer loop
      vertex 36.8896 -7.8014 0
      vertex 45 -20 0
      vertex 36.9 -8 0
    endloop
  endfacet
  facet normal 0 0 -1
    outer loop
      vertex 34.9021 -17.618 0
      vertex 44.9726 -20.5226 0
      vertex 44.8907 -21.0396 0
    endloop
  endfacet
  facet normal 0 0 -1
    outer loop
      vertex 36.8585 -7.60497 0
      vertex 45 -20 0
      vertex 36.8896 -7.8014 0
    endloop
  endfacet
  facet normal 0 0 -1
    outer loop
      vertex 34.9021 -17.618 0
      vertex 44.8907 -21.0396 0
      vertex 44.7553 -21.5451 0
    endloop
  endfacet
  facet normal 0 0 -1
    outer loop
      vertex 36.8896 8.1986 0
      vertex 45 20 0
      vertex 36.9 8 0
    endloop
  endfacet
  facet normal 0 0 -1
    outer loop
      vertex 34.9021 -17.618 0
      vertex 44.7553 -21.5451 0
      vertex 44.5677 -22.0337 0
    endloop
  endfacet
  facet normal 0 0 -1
    outer loop
      vertex 36.8585 8.39503 0
      vertex 45 20 0
      vertex 36.8896 8.1986 0
    endloop
  endfacet
  facet normal 0 0 -1
    outer loop
      vertex 34.9021 -17.618 0
      vertex 44.5677 -22.0337 0
      vertex 44.3301 -22.5 0
    endloop
  endfacet
  facet normal 0 0 -1
    outer loop
      vertex 36.807 8.58713 0
      vertex 45 20 0
      vertex 36.8585 8.39503 0
    endloop
  endfacet
  facet normal 0 0 -1
    outer loop
      vertex 34.9021 -17.618 0
      vertex 44.3301 -22.5 0
      vertex 44.0451 -22.9389 0
    endloop
  endfacet
  facet normal 0 0 -1
    outer loop
      vertex 36.7357 8.7728 0
      vertex 45 20 0
      vertex 36.807 8.58713 0
    endloop
  endfacet
  facet normal 0 0 -1
    outer loop
      vertex 34.9021 -17.618 0
      vertex 44.0451 -22.9389 0
      vertex 43.7157 -23.3457 0
    endloop
  endfacet
  facet normal 0 0 -1
    outer loop
      vertex 36.6454 8.95 0
      vertex 45 20 0
      vertex 36.7357 8.7728 0
    endloop
  endfacet
  facet normal 0 0 -1
    outer loop
      vertex 34.9021 -17.618 0
      vertex 43.7157 -23.3457 0
      vertex 43.3457 -23.7157 0
    endloop
  endfacet
  facet normal 0 0 -1
    outer loop
      vertex 36.5371 9.11679 0
      vertex 45 20 0
      vertex 36.6454 8.95 0
    endloop
  endfacet
  facet normal 0 0 -1
    outer loop
      vertex 34.9021 -17.618 0
      vertex 43.3457 -23.7157 0
      vertex 42.9389 -24.0451 0
    endloop
  endfacet
  facet normal 0 0 -1
    outer loop
      vertex 36.412 9.27135 0
      vertex 45 20 0
      vertex 36.5371 9.11679 0
    endloop
  endfacet
  facet normal 0 0 -1
    outer loop
      vertex 34.9021 -17.618 0
      vertex 42.9389 -24.0451 0
      vertex 42.5 -24.3301 0
    endloop
  endfacet
  facet normal 0 0 -1
    outer loop
      vertex 35 17 0
      vertex 45 20 0
      vertex 36.412 9.27135 0
    endloop
  endfacet
  facet normal 0 0 -1
    outer loop
      vertex 34.9021 -17.618 0
      vertex 42.5 -24.3301 0
      vertex 42.0337 -24.5677 0
    endloop
  endfacet
  facet normal 0 0 -1
    outer loop
      vertex 34.989 17.2091 0
      vertex 45 20 0
      vertex 35 17 0
    endloop
  endfacet
  facet normal 0 0 -1
    outer loop
      vertex 34.9021 -17.618 0
      vertex 42.0337 -24.5677 0
      vertex 41.5451 -24.7553 0
    endloop
  endfacet
  facet normal 0 0 -1
    outer loop
      vertex 34.9563 17.4158 0
      vertex 45 20 0
      vertex 34.989 17.2091 0
    endloop
  endfacet
  facet normal 0 0 -1
    outer loop
      vertex 34.9021 -17.618 0
      vertex 41.5451 -24.7553 0
      vertex 41.0396 -24.8907 0
    endloop
  endfacet
  facet normal 0 0 -1
    outer loop
      vertex 34.9021 17.618 0
      vertex 45 20 0
      vertex 34.9563 17.4158 0
    endloop
  endfacet
  facet normal 0 0 -1
    outer loop
      vertex 34.9021 -17.618 0
      vertex 41.0396 -24.8907 0
      vertex 40.5226 -24.9726 0
    endloop
  endfacet
  facet normal -0 0 -1
    outer loop
      vertex 45 20 0
      vertex 34.9021 17.618 0
      vertex 44.9726 20.5226 0
    endloop
  endfacet
  facet normal 0 0 -1
    outer loop
      vertex 34.9021 -17.618 0
      vertex 40.5226 -24.9726 0
      vertex 40 -25 0
    endloop
  endfacet
  facet normal -0 0 -1
    outer loop
      vertex 44.8907 21.0396 0
      vertex 34.9021 17.618 0
      vertex 44.7553 21.5451 0
    endloop
  endfacet
  facet normal -0 0 -1
    outer loop
      vertex 44.7553 21.5451 0
      vertex 34.9021 17.618 0
      vertex 44.5677 22.0337 0
    endloop
  endfacet
  facet normal 0 0 -1
    outer loop
      vertex 45 -20 0
      vertex 36.8896 -8.1986 0
      vertex 36.9 -8 0
    endloop
  endfacet
  facet normal 0 0 -1
    outer loop
      vertex 45 -20 0
      vertex 36.8585 -8.39503 0
      vertex 36.8896 -8.1986 0
    endloop
  endfacet
  facet normal 0 0 -1
    outer loop
      vertex 45 -20 0
      vertex 36.807 -8.58713 0
      vertex 36.8585 -8.39503 0
    endloop
  endfacet
  facet normal 0 0 -1
    outer loop
      vertex 45 -20 0
      vertex 36.7357 -8.7728 0
      vertex 36.807 -8.58713 0
    endloop
  endfacet
  facet normal 0 0 -1
    outer loop
      vertex 45 -20 0
      vertex 36.6454 -8.95 0
      vertex 36.7357 -8.7728 0
    endloop
  endfacet
  facet normal 0 0 -1
    outer loop
      vertex 45 -20 0
      vertex 35 -17 0
      vertex 36.412 -9.27135 0
    endloop
  endfacet
  facet normal 0 0 -1
    outer loop
      vertex 45 -20 0
      vertex 36.5371 -9.11679 0
      vertex 36.6454 -8.95 0
    endloop
  endfacet
  facet normal 0 0 -1
    outer loop
      vertex 45 -20 0
      vertex 36.412 -9.27135 0
      vertex 36.5371 -9.11679 0
    endloop
  endfacet
  facet normal 0 0 -1
    outer loop
      vertex 36.412 -9.27135 0
      vertex 35 -17 0
      vertex 36.2713 -9.41197 0
    endloop
  endfacet
  facet normal 0 0 -1
    outer loop
      vertex 36.2713 -9.41197 0
      vertex 35 -17 0
      vertex 36.1168 -9.53713 0
    endloop
  endfacet
  facet normal 0 0 -1
    outer loop
      vertex 36.1168 -9.53713 0
      vertex 35 -17 0
      vertex 35.95 -9.64545 0
    endloop
  endfacet
  facet normal 0 0 -1
    outer loop
      vertex 35.95 -9.64545 0
      vertex 35 -17 0
      vertex 35.7728 -9.73574 0
    endloop
  endfacet
  facet normal 0 0 -1
    outer loop
      vertex 35.7728 -9.73574 0
      vertex 35 -17 0
      vertex 35.5871 -9.80701 0
    endloop
  endfacet
  facet normal 0 0 -1
    outer loop
      vertex 35.5871 -9.80701 0
      vertex 35 -17 0
      vertex 35.395 -9.85848 0
    endloop
  endfacet
  facet normal 0 0 -1
    outer loop
      vertex 35.395 -9.85848 0
      vertex 35 -17 0
      vertex 35.1986 -9.88959 0
    endloop
  endfacet
  facet normal 0 0 -1
    outer loop
      vertex 45 -20 0
      vertex 34.989 -17.2091 0
      vertex 35 -17 0
    endloop
  endfacet
  facet normal 0 0 -1
    outer loop
      vertex 45 -20 0
      vertex 34.9563 -17.4158 0
      vertex 34.989 -17.2091 0
    endloop
  endfacet
  facet normal 0 0 -1
    outer loop
      vertex 45 -20 0
      vertex 34.9021 -17.618 0
      vertex 34.9563 -17.4158 0
    endloop
  endfacet
  facet normal 0 0 -1
    outer loop
      vertex 40 -25 0
      vertex 34.8271 -17.8135 0
      vertex 34.9021 -17.618 0
    endloop
  endfacet
  facet normal 0 0 -1
    outer loop
      vertex 40 -25 0
      vertex 34.7321 -18 0
      vertex 34.8271 -17.8135 0
    endloop
  endfacet
  facet normal 0 0 -1
    outer loop
      vertex 40 -25 0
      vertex 34.618 -18.1756 0
      vertex 34.7321 -18 0
    endloop
  endfacet
  facet normal 0 0 -1
    outer loop
      vertex 40 -25 0
      vertex 34.4863 -18.3383 0
      vertex 34.618 -18.1756 0
    endloop
  endfacet
  facet normal 0 0 -1
    outer loop
      vertex 40 -25 0
      vertex 34.3383 -18.4863 0
      vertex 34.4863 -18.3383 0
    endloop
  endfacet
  facet normal 0 0 -1
    outer loop
      vertex 40 -25 0
      vertex 34.1756 -18.618 0
      vertex 34.3383 -18.4863 0
    endloop
  endfacet
  facet normal 0 0 -1
    outer loop
      vertex 40 -25 0
      vertex 34 -18.7321 0
      vertex 34.1756 -18.618 0
    endloop
  endfacet
  facet normal 0 0 -1
    outer loop
      vertex 40 -25 0
      vertex 33.8135 -18.8271 0
      vertex 34 -18.7321 0
    endloop
  endfacet
  facet normal 0 0 -1
    outer loop
      vertex 40 -25 0
      vertex 33.618 -18.9021 0
      vertex 33.8135 -18.8271 0
    endloop
  endfacet
  facet normal 0 0 -1
    outer loop
      vertex 40 -25 0
      vertex 33.4158 -18.9563 0
      vertex 33.618 -18.9021 0
    endloop
  endfacet
  facet normal 0 0 -1
    outer loop
      vertex 40 -25 0
      vertex 33.2091 -18.989 0
      vertex 33.4158 -18.9563 0
    endloop
  endfacet
  facet normal 0 0 -1
    outer loop
      vertex 40 -25 0
      vertex 33 -19 0
      vertex 33.2091 -18.989 0
    endloop
  endfacet
  facet normal 0 0 -1
    outer loop
      vertex 40 -25 0
      vertex -33 -19 0
      vertex 33 -19 0
    endloop
  endfacet
  facet normal 0 0 -1
    outer loop
      vertex -40 -25 0
      vertex -33 -19 0
      vertex 40 -25 0
    endloop
  endfacet
  facet normal 0 0 -1
    outer loop
      vertex -35 -17 0
      vertex -35.1986 -9.88959 0
      vertex -35 -9.9 0
    endloop
  endfacet
  facet normal 0 0 -1
    outer loop
      vertex -35 -17 0
      vertex -35.395 -9.85848 0
      vertex -35.1986 -9.88959 0
    endloop
  endfacet
  facet normal 0 0 -1
    outer loop
      vertex -45 -20 0
      vertex -35 -17 0
      vertex -34.989 -17.2091 0
    endloop
  endfacet
  facet normal 0 0 -1
    outer loop
      vertex -35 -17 0
      vertex -35.5871 -9.80701 0
      vertex -35.395 -9.85848 0
    endloop
  endfacet
  facet normal 0 0 -1
    outer loop
      vertex -35 -17 0
      vertex -35.7728 -9.73574 0
      vertex -35.5871 -9.80701 0
    endloop
  endfacet
  facet normal 0 0 -1
    outer loop
      vertex -35 -17 0
      vertex -35.95 -9.64545 0
      vertex -35.7728 -9.73574 0
    endloop
  endfacet
  facet normal 0 0 -1
    outer loop
      vertex -35 -17 0
      vertex -36.1168 -9.53713 0
      vertex -35.95 -9.64545 0
    endloop
  endfacet
  facet normal 0 0 -1
    outer loop
      vertex -35 -17 0
      vertex -36.2713 -9.41197 0
      vertex -36.1168 -9.53713 0
    endloop
  endfacet
  facet normal 0 0 -1
    outer loop
      vertex -45 -20 0
      vertex -34.989 -17.2091 0
      vertex -34.9563 -17.4158 0
    endloop
  endfacet
  facet normal 0 -0 -1
    outer loop
      vertex -36.412 -9.27135 0
      vertex -35 -17 0
      vertex -45 -20 0
    endloop
  endfacet
  facet normal 0 0 -1
    outer loop
      vertex -35 -17 0
      vertex -36.412 -9.27135 0
      vertex -36.2713 -9.41197 0
    endloop
  endfacet
  facet normal -0 0 -1
    outer loop
      vertex -36.412 -9.27135 0
      vertex -45 -20 0
      vertex -36.5371 -9.11679 0
    endloop
  endfacet
  facet normal -0 0 -1
    outer loop
      vertex -36.5371 -9.11679 0
      vertex -45 -20 0
      vertex -36.6454 -8.95 0
    endloop
  endfacet
  facet normal -0 0 -1
    outer loop
      vertex -36.6454 -8.95 0
      vertex -45 -20 0
      vertex -36.7357 -8.7728 0
    endloop
  endfacet
  facet normal -0 0 -1
    outer loop
      vertex -36.7357 -8.7728 0
      vertex -45 -20 0
      vertex -36.807 -8.58713 0
    endloop
  endfacet
  facet normal 0 0 -1
    outer loop
      vertex -36.807 7.41287 0
      vertex -45 20 0
      vertex -36.8585 7.60497 0
    endloop
  endfacet
  facet normal -0 0 -1
    outer loop
      vertex -36.8585 -8.39503 0
      vertex -45 -20 0
      vertex -36.8896 -8.1986 0
    endloop
  endfacet
  facet normal -0 0 -1
    outer loop
      vertex -36.807 -8.58713 0
      vertex -45 -20 0
      vertex -36.8585 -8.39503 0
    endloop
  endfacet
  facet normal -0 0 -1
    outer loop
      vertex -34.9021 -17.618 0
      vertex -45 -20 0
      vertex -34.9563 -17.4158 0
    endloop
  endfacet
  facet normal -0 0 -1
    outer loop
      vertex -34.8271 -17.8135 0
      vertex -45 -20 0
      vertex -34.9021 -17.618 0
    endloop
  endfacet
  facet normal 0 0 -1
    outer loop
      vertex -45 -20 0
      vertex -34.8271 -17.8135 0
      vertex -40 -25 0
    endloop
  endfacet
  facet normal -0 0 -1
    outer loop
      vertex -34.7321 -18 0
      vertex -40 -25 0
      vertex -34.8271 -17.8135 0
    endloop
  endfacet
  facet normal -0 0 -1
    outer loop
      vertex -34.618 -18.1756 0
      vertex -40 -25 0
      vertex -34.7321 -18 0
    endloop
  endfacet
  facet normal -0 0 -1
    outer loop
      vertex -34.4863 -18.3383 0
      vertex -40 -25 0
      vertex -34.618 -18.1756 0
    endloop
  endfacet
  facet normal -0 0 -1
    outer loop
      vertex -34.3383 -18.4863 0
      vertex -40 -25 0
      vertex -34.4863 -18.3383 0
    endloop
  endfacet
  facet normal -0 0 -1
    outer loop
      vertex -34.1756 -18.618 0
      vertex -40 -25 0
      vertex -34.3383 -18.4863 0
    endloop
  endfacet
  facet normal -0 0 -1
    outer loop
      vertex -34 -18.7321 0
      vertex -40 -25 0
      vertex -34.1756 -18.618 0
    endloop
  endfacet
  facet normal -0 0 -1
    outer loop
      vertex -33.8135 -18.8271 0
      vertex -40 -25 0
      vertex -34 -18.7321 0
    endloop
  endfacet
  facet normal -0 0 -1
    outer loop
      vertex -33.618 -18.9021 0
      vertex -40 -25 0
      vertex -33.8135 -18.8271 0
    endloop
  endfacet
  facet normal -0 0 -1
    outer loop
      vertex -33.4158 -18.9563 0
      vertex -40 -25 0
      vertex -33.618 -18.9021 0
    endloop
  endfacet
  facet normal -0 0 -1
    outer loop
      vertex -33.2091 -18.989 0
      vertex -40 -25 0
      vertex -33.4158 -18.9563 0
    endloop
  endfacet
  facet normal -0 0 -1
    outer loop
      vertex -33 -19 0
      vertex -40 -25 0
      vertex -33.2091 -18.989 0
    endloop
  endfacet
  facet normal -0 0 -1
    outer loop
      vertex 44.5677 22.0337 0
      vertex 34.9021 17.618 0
      vertex 44.3301 22.5 0
    endloop
  endfacet
  facet normal -0 0 -1
    outer loop
      vertex 44.3301 22.5 0
      vertex 34.9021 17.618 0
      vertex 44.0451 22.9389 0
    endloop
  endfacet
  facet normal -0 0 -1
    outer loop
      vertex 44.0451 22.9389 0
      vertex 34.9021 17.618 0
      vertex 43.7157 23.3457 0
    endloop
  endfacet
  facet normal -0 0 -1
    outer loop
      vertex 43.7157 23.3457 0
      vertex 34.9021 17.618 0
      vertex 43.3457 23.7157 0
    endloop
  endfacet
  facet normal -0 0 -1
    outer loop
      vertex 42.9389 24.0451 0
      vertex 34.9021 17.618 0
      vertex 42.5 24.3301 0
    endloop
  endfacet
  facet normal -0 0 -1
    outer loop
      vertex 42.5 24.3301 0
      vertex 34.9021 17.618 0
      vertex 42.0337 24.5677 0
    endloop
  endfacet
  facet normal -0 0 -1
    outer loop
      vertex 43.3457 23.7157 0
      vertex 34.9021 17.618 0
      vertex 42.9389 24.0451 0
    endloop
  endfacet
  facet normal -0 0 -1
    outer loop
      vertex 44.9726 20.5226 0
      vertex 34.9021 17.618 0
      vertex 44.8907 21.0396 0
    endloop
  endfacet
  facet normal 0 0 -1
    outer loop
      vertex 35 17 0
      vertex 36.412 9.27135 0
      vertex 36.2713 9.41197 0
    endloop
  endfacet
  facet normal 0 0 -1
    outer loop
      vertex 35 17 0
      vertex 36.2713 9.41197 0
      vertex 36.1168 9.53713 0
    endloop
  endfacet
  facet normal 0 0 -1
    outer loop
      vertex 35 17 0
      vertex 36.1168 9.53713 0
      vertex 35.95 9.64545 0
    endloop
  endfacet
  facet normal 0 0 -1
    outer loop
      vertex 35 17 0
      vertex 35.95 9.64545 0
      vertex 35.7728 9.73574 0
    endloop
  endfacet
  facet normal 0 0 -1
    outer loop
      vertex 35 17 0
      vertex 35.7728 9.73574 0
      vertex 35.5871 9.80701 0
    endloop
  endfacet
  facet normal 0 0 -1
    outer loop
      vertex 35 17 0
      vertex 35.5871 9.80701 0
      vertex 35.395 9.85848 0
    endloop
  endfacet
  facet normal 0 0 -1
    outer loop
      vertex 35 17 0
      vertex 35.395 9.85848 0
      vertex 35.1986 9.88959 0
    endloop
  endfacet
  facet normal 0 0 -1
    outer loop
      vertex 35 17 0
      vertex 35.1986 9.88959 0
      vertex 35 9.9 0
    endloop
  endfacet
  facet normal -0 0 -1
    outer loop
      vertex 42.0337 24.5677 0
      vertex 34.9021 17.618 0
      vertex 41.5451 24.7553 0
    endloop
  endfacet
  facet normal -0 0 -1
    outer loop
      vertex 41.5451 24.7553 0
      vertex 34.9021 17.618 0
      vertex 41.0396 24.8907 0
    endloop
  endfacet
  facet normal -0 0 -1
    outer loop
      vertex 41.0396 24.8907 0
      vertex 34.9021 17.618 0
      vertex 40.5226 24.9726 0
    endloop
  endfacet
  facet normal -0 0 -1
    outer loop
      vertex 40.5226 24.9726 0
      vertex 34.9021 17.618 0
      vertex 40 25 0
    endloop
  endfacet
  facet normal 0 0 -1
    outer loop
      vertex 34.8271 17.8135 0
      vertex 40 25 0
      vertex 34.9021 17.618 0
    endloop
  endfacet
  facet normal 0 0 -1
    outer loop
      vertex 34.7321 18 0
      vertex 40 25 0
      vertex 34.8271 17.8135 0
    endloop
  endfacet
  facet normal 0 0 -1
    outer loop
      vertex 34.618 18.1756 0
      vertex 40 25 0
      vertex 34.7321 18 0
    endloop
  endfacet
  facet normal 0 0 -1
    outer loop
      vertex 34.4863 18.3383 0
      vertex 40 25 0
      vertex 34.618 18.1756 0
    endloop
  endfacet
  facet normal 0 0 -1
    outer loop
      vertex 34.3383 18.4863 0
      vertex 40 25 0
      vertex 34.4863 18.3383 0
    endloop
  endfacet
  facet normal 0 0 -1
    outer loop
      vertex 34.1756 18.618 0
      vertex 40 25 0
      vertex 34.3383 18.4863 0
    endloop
  endfacet
  facet normal 0 0 -1
    outer loop
      vertex 34 18.7321 0
      vertex 40 25 0
      vertex 34.1756 18.618 0
    endloop
  endfacet
  facet normal 0 0 -1
    outer loop
      vertex 33.8135 18.8271 0
      vertex 40 25 0
      vertex 34 18.7321 0
    endloop
  endfacet
  facet normal 0 0 -1
    outer loop
      vertex 33.618 18.9021 0
      vertex 40 25 0
      vertex 33.8135 18.8271 0
    endloop
  endfacet
  facet normal 0 0 -1
    outer loop
      vertex 33.4158 18.9563 0
      vertex 40 25 0
      vertex 33.618 18.9021 0
    endloop
  endfacet
  facet normal 0 0 -1
    outer loop
      vertex 33.2091 18.989 0
      vertex 40 25 0
      vertex 33.4158 18.9563 0
    endloop
  endfacet
  facet normal 0 0 -1
    outer loop
      vertex 33 19 0
      vertex 40 25 0
      vertex 33.2091 18.989 0
    endloop
  endfacet
  facet normal 0 0 -1
    outer loop
      vertex -33 19 0
      vertex 40 25 0
      vertex 33 19 0
    endloop
  endfacet
  facet normal 0 0 -1
    outer loop
      vertex -40 25 0
      vertex -33 19 0
      vertex -33.2091 18.989 0
    endloop
  endfacet
  facet normal 0 0 -1
    outer loop
      vertex -35.395 9.85848 0
      vertex -35 17 0
      vertex -35.1986 9.88959 0
    endloop
  endfacet
  facet normal 0 0 -1
    outer loop
      vertex -35.5871 9.80701 0
      vertex -35 17 0
      vertex -35.395 9.85848 0
    endloop
  endfacet
  facet normal 0 0 -1
    outer loop
      vertex -35.7728 9.73574 0
      vertex -35 17 0
      vertex -35.5871 9.80701 0
    endloop
  endfacet
  facet normal 0 0 -1
    outer loop
      vertex -35.95 9.64545 0
      vertex -35 17 0
      vertex -35.7728 9.73574 0
    endloop
  endfacet
  facet normal 0 0 -1
    outer loop
      vertex -36.1168 9.53713 0
      vertex -35 17 0
      vertex -35.95 9.64545 0
    endloop
  endfacet
  facet normal 0 0 -1
    outer loop
      vertex -36.2713 9.41197 0
      vertex -35 17 0
      vertex -36.1168 9.53713 0
    endloop
  endfacet
  facet normal 0 0 -1
    outer loop
      vertex -36.412 9.27135 0
      vertex -35 17 0
      vertex -36.2713 9.41197 0
    endloop
  endfacet
  facet normal 0 0 -1
    outer loop
      vertex -35 17 0
      vertex -45 20 0
      vertex -34.989 17.2091 0
    endloop
  endfacet
  facet normal -0 0 -1
    outer loop
      vertex -35 17 0
      vertex -36.412 9.27135 0
      vertex -45 20 0
    endloop
  endfacet
  facet normal 0 0 -1
    outer loop
      vertex -45 20 0
      vertex -36.412 9.27135 0
      vertex -36.5371 9.11679 0
    endloop
  endfacet
  facet normal 0 0 -1
    outer loop
      vertex -45 20 0
      vertex -36.5371 9.11679 0
      vertex -36.6454 8.95 0
    endloop
  endfacet
  facet normal 0 0 -1
    outer loop
      vertex -45 20 0
      vertex -36.6454 8.95 0
      vertex -36.7357 8.7728 0
    endloop
  endfacet
  facet normal 0 0 -1
    outer loop
      vertex -45 20 0
      vertex -36.7357 8.7728 0
      vertex -36.807 8.58713 0
    endloop
  endfacet
  facet normal 0 0 -1
    outer loop
      vertex -45 20 0
      vertex -36.807 8.58713 0
      vertex -36.8585 8.39503 0
    endloop
  endfacet
  facet normal 0 0 -1
    outer loop
      vertex -36.8585 7.60497 0
      vertex -45 20 0
      vertex -36.8896 7.8014 0
    endloop
  endfacet
  facet normal 0 0 -1
    outer loop
      vertex -33 19 0
      vertex -40 25 0
      vertex 40 25 0
    endloop
  endfacet
  facet normal 0 0 -1
    outer loop
      vertex -33.4158 18.9563 0
      vertex -40 25 0
      vertex -33.2091 18.989 0
    endloop
  endfacet
  facet normal 0 0 -1
    outer loop
      vertex -33.618 18.9021 0
      vertex -40 25 0
      vertex -33.4158 18.9563 0
    endloop
  endfacet
  facet normal 0 0 -1
    outer loop
      vertex -33.8135 18.8271 0
      vertex -40 25 0
      vertex -33.618 18.9021 0
    endloop
  endfacet
  facet normal 0 0 -1
    outer loop
      vertex -34 18.7321 0
      vertex -40 25 0
      vertex -33.8135 18.8271 0
    endloop
  endfacet
  facet normal 0 0 -1
    outer loop
      vertex -34.1756 18.618 0
      vertex -40 25 0
      vertex -34 18.7321 0
    endloop
  endfacet
  facet normal 0 0 -1
    outer loop
      vertex -34.3383 18.4863 0
      vertex -40 25 0
      vertex -34.1756 18.618 0
    endloop
  endfacet
  facet normal 0 0 -1
    outer loop
      vertex -34.4863 18.3383 0
      vertex -40 25 0
      vertex -34.3383 18.4863 0
    endloop
  endfacet
  facet normal 0 0 -1
    outer loop
      vertex -34.618 18.1756 0
      vertex -40 25 0
      vertex -34.4863 18.3383 0
    endloop
  endfacet
  facet normal 0 0 -1
    outer loop
      vertex -34.7321 18 0
      vertex -40 25 0
      vertex -34.618 18.1756 0
    endloop
  endfacet
  facet normal 0 0 -1
    outer loop
      vertex -34.8271 17.8135 0
      vertex -40 25 0
      vertex -34.7321 18 0
    endloop
  endfacet
  facet normal 0 0 -1
    outer loop
      vertex -45 20 0
      vertex -34.8271 17.8135 0
      vertex -34.9021 17.618 0
    endloop
  endfacet
  facet normal 0 0 -1
    outer loop
      vertex -45 20 0
      vertex -34.9021 17.618 0
      vertex -34.9563 17.4158 0
    endloop
  endfacet
  facet normal 0 0 -1
    outer loop
      vertex -34.989 17.2091 0
      vertex -45 20 0
      vertex -34.9563 17.4158 0
    endloop
  endfacet
  facet normal 0 0 -1
    outer loop
      vertex -45 20 0
      vertex -36.8585 8.39503 0
      vertex -36.8896 8.1986 0
    endloop
  endfacet
  facet normal 0 0 -1
    outer loop
      vertex -36.8896 7.8014 0
      vertex -45 20 0
      vertex -36.9 8 0
    endloop
  endfacet
  facet normal 0 0 -1
    outer loop
      vertex -45 -20 0
      vertex -40 -25 0
      vertex -40.5226 -24.9726 0
    endloop
  endfacet
  facet normal 0 0 -1
    outer loop
      vertex -36.9 8 0
      vertex -45 20 0
      vertex -36.8896 8.1986 0
    endloop
  endfacet
  facet normal 0 0 -1
    outer loop
      vertex -45 -20 0
      vertex -40.5226 -24.9726 0
      vertex -41.0396 -24.8907 0
    endloop
  endfacet
  facet normal 0 0 -1
    outer loop
      vertex -34.8271 17.8135 0
      vertex -45 20 0
      vertex -40 25 0
    endloop
  endfacet
  facet normal 0 0 -1
    outer loop
      vertex -45 -20 0
      vertex -41.0396 -24.8907 0
      vertex -41.5451 -24.7553 0
    endloop
  endfacet
  facet normal 0 0 -1
    outer loop
      vertex -40 25 0
      vertex -45 20 0
      vertex -40.5226 24.9726 0
    endloop
  endfacet
  facet normal 0 0 -1
    outer loop
      vertex -45 -20 0
      vertex -41.5451 -24.7553 0
      vertex -42.0337 -24.5677 0
    endloop
  endfacet
  facet normal 0 0 -1
    outer loop
      vertex -40.5226 24.9726 0
      vertex -45 20 0
      vertex -41.0396 24.8907 0
    endloop
  endfacet
  facet normal 0 0 -1
    outer loop
      vertex -45 -20 0
      vertex -42.0337 -24.5677 0
      vertex -42.5 -24.3301 0
    endloop
  endfacet
  facet normal 0 0 -1
    outer loop
      vertex -41.0396 24.8907 0
      vertex -45 20 0
      vertex -41.5451 24.7553 0
    endloop
  endfacet
  facet normal 0 0 -1
    outer loop
      vertex -45 -20 0
      vertex -42.5 -24.3301 0
      vertex -42.9389 -24.0451 0
    endloop
  endfacet
  facet normal 0 0 -1
    outer loop
      vertex -41.5451 24.7553 0
      vertex -45 20 0
      vertex -42.0337 24.5677 0
    endloop
  endfacet
  facet normal 0 0 -1
    outer loop
      vertex -45 -20 0
      vertex -42.9389 -24.0451 0
      vertex -43.3457 -23.7157 0
    endloop
  endfacet
  facet normal 0 0 -1
    outer loop
      vertex -42.0337 24.5677 0
      vertex -45 20 0
      vertex -42.5 24.3301 0
    endloop
  endfacet
  facet normal 0 0 -1
    outer loop
      vertex -45 -20 0
      vertex -43.3457 -23.7157 0
      vertex -43.7157 -23.3457 0
    endloop
  endfacet
  facet normal 0 0 -1
    outer loop
      vertex -42.5 24.3301 0
      vertex -45 20 0
      vertex -42.9389 24.0451 0
    endloop
  endfacet
  facet normal 0 0 -1
    outer loop
      vertex -45 -20 0
      vertex -43.7157 -23.3457 0
      vertex -44.0451 -22.9389 0
    endloop
  endfacet
  facet normal 0 0 -1
    outer loop
      vertex -42.9389 24.0451 0
      vertex -45 20 0
      vertex -43.3457 23.7157 0
    endloop
  endfacet
  facet normal 0 0 -1
    outer loop
      vertex -45 -20 0
      vertex -44.0451 -22.9389 0
      vertex -44.3301 -22.5 0
    endloop
  endfacet
  facet normal 0 0 -1
    outer loop
      vertex -43.3457 23.7157 0
      vertex -45 20 0
      vertex -43.7157 23.3457 0
    endloop
  endfacet
  facet normal 0 0 -1
    outer loop
      vertex -45 -20 0
      vertex -44.3301 -22.5 0
      vertex -44.5677 -22.0337 0
    endloop
  endfacet
  facet normal 0 0 -1
    outer loop
      vertex -43.7157 23.3457 0
      vertex -45 20 0
      vertex -44.0451 22.9389 0
    endloop
  endfacet
  facet normal 0 0 -1
    outer loop
      vertex -45 -20 0
      vertex -44.5677 -22.0337 0
      vertex -44.7553 -21.5451 0
    endloop
  endfacet
  facet normal 0 0 -1
    outer loop
      vertex -44.0451 22.9389 0
      vertex -45 20 0
      vertex -44.3301 22.5 0
    endloop
  endfacet
  facet normal 0 0 -1
    outer loop
      vertex -45 -20 0
      vertex -44.7553 -21.5451 0
      vertex -44.8907 -21.0396 0
    endloop
  endfacet
  facet normal 0 0 -1
    outer loop
      vertex -44.3301 22.5 0
      vertex -45 20 0
      vertex -44.5677 22.0337 0
    endloop
  endfacet
  facet normal 0 0 -1
    outer loop
      vertex -45 -20 0
      vertex -44.8907 -21.0396 0
      vertex -44.9726 -20.5226 0
    endloop
  endfacet
  facet normal 0 0 -1
    outer loop
      vertex -44.5677 22.0337 0
      vertex -45 20 0
      vertex -44.7553 21.5451 0
    endloop
  endfacet
  facet normal 0 0 -1
    outer loop
      vertex -44.7553 21.5451 0
      vertex -45 20 0
      vertex -44.8907 21.0396 0
    endloop
  endfacet
  facet normal 0 0 -1
    outer loop
      vertex -44.8907 21.0396 0
      vertex -45 20 0
      vertex -44.9726 20.5226 0
    endloop
  endfacet
  facet normal 0 0 -1
    outer loop
      vertex 35.1986 -9.88959 0
      vertex 35 -17 0
      vertex 35 -9.9 0
    endloop
  endfacet
  facet normal 0 0 -1
    outer loop
      vertex -35.1986 -6.11041 0
      vertex -35 6.1 0
      vertex -35 -6.1 0
    endloop
  endfacet
  facet normal 0 0 -1
    outer loop
      vertex -35.1986 -6.11041 0
      vertex -35.1986 6.11041 0
      vertex -35 6.1 0
    endloop
  endfacet
  facet normal 0 0 -1
    outer loop
      vertex -35.395 -6.14152 0
      vertex -35.1986 6.11041 0
      vertex -35.1986 -6.11041 0
    endloop
  endfacet
  facet normal 0 0 -1
    outer loop
      vertex -35.395 -6.14152 0
      vertex -35.395 6.14152 0
      vertex -35.1986 6.11041 0
    endloop
  endfacet
  facet normal 0 0 -1
    outer loop
      vertex -35.5871 -6.19299 0
      vertex -35.395 6.14152 0
      vertex -35.395 -6.14152 0
    endloop
  endfacet
  facet normal 0 0 -1
    outer loop
      vertex -35.5871 -6.19299 0
      vertex -35.5871 6.19299 0
      vertex -35.395 6.14152 0
    endloop
  endfacet
  facet normal 0 0 -1
    outer loop
      vertex -35.7728 -6.26426 0
      vertex -35.5871 6.19299 0
      vertex -35.5871 -6.19299 0
    endloop
  endfacet
  facet normal 0 0 -1
    outer loop
      vertex -35.7728 -6.26426 0
      vertex -35.7728 6.26426 0
      vertex -35.5871 6.19299 0
    endloop
  endfacet
  facet normal 0 0 -1
    outer loop
      vertex -35.95 -6.35455 0
      vertex -35.7728 6.26426 0
      vertex -35.7728 -6.26426 0
    endloop
  endfacet
  facet normal 0 0 -1
    outer loop
      vertex -35.95 -6.35455 0
      vertex -35.95 6.35455 0
      vertex -35.7728 6.26426 0
    endloop
  endfacet
  facet normal 0 0 -1
    outer loop
      vertex -36.1168 -6.46287 0
      vertex -35.95 6.35455 0
      vertex -35.95 -6.35455 0
    endloop
  endfacet
  facet normal 0 0 -1
    outer loop
      vertex -36.1168 -6.46287 0
      vertex -36.1168 6.46287 0
      vertex -35.95 6.35455 0
    endloop
  endfacet
  facet normal 0 0 -1
    outer loop
      vertex -36.2713 -6.58803 0
      vertex -36.1168 6.46287 0
      vertex -36.1168 -6.46287 0
    endloop
  endfacet
  facet normal 0 0 -1
    outer loop
      vertex -36.2713 -6.58803 0
      vertex -36.2713 6.58803 0
      vertex -36.1168 6.46287 0
    endloop
  endfacet
  facet normal 0 0 -1
    outer loop
      vertex -36.412 -6.72865 0
      vertex -36.2713 6.58803 0
      vertex -36.2713 -6.58803 0
    endloop
  endfacet
  facet normal 0 0 -1
    outer loop
      vertex -36.412 -6.72865 0
      vertex -36.412 6.72865 0
      vertex -36.2713 6.58803 0
    endloop
  endfacet
  facet normal 0 0 -1
    outer loop
      vertex -36.5371 -6.88321 0
      vertex -36.412 6.72865 0
      vertex -36.412 -6.72865 0
    endloop
  endfacet
  facet normal 0 0 -1
    outer loop
      vertex -36.5371 -6.88321 0
      vertex -36.5371 6.88321 0
      vertex -36.412 6.72865 0
    endloop
  endfacet
  facet normal 0 0 -1
    outer loop
      vertex -36.6454 -7.05 0
      vertex -36.5371 6.88321 0
      vertex -36.5371 -6.88321 0
    endloop
  endfacet
  facet normal 0 0 -1
    outer loop
      vertex -36.6454 -7.05 0
      vertex -36.6454 7.05 0
      vertex -36.5371 6.88321 0
    endloop
  endfacet
  facet normal 0 0 -1
    outer loop
      vertex -36.7357 -7.2272 0
      vertex -36.6454 7.05 0
      vertex -36.6454 -7.05 0
    endloop
  endfacet
  facet normal 0 0 -1
    outer loop
      vertex -36.7357 -7.2272 0
      vertex -36.7357 7.2272 0
      vertex -36.6454 7.05 0
    endloop
  endfacet
  facet normal 0 0 -1
    outer loop
      vertex -36.807 -7.41287 0
      vertex -36.7357 7.2272 0
      vertex -36.7357 -7.2272 0
    endloop
  endfacet
  facet normal 0 0 -1
    outer loop
      vertex -36.807 -7.41287 0
      vertex -36.807 7.41287 0
      vertex -36.7357 7.2272 0
    endloop
  endfacet
  facet normal 0 0 -1
    outer loop
      vertex -45 -20 0
      vertex -36.807 -7.41287 0
      vertex -36.8585 -7.60497 0
    endloop
  endfacet
  facet normal -0 0 -1
    outer loop
      vertex -36.807 -7.41287 0
      vertex -45 -20 0
      vertex -36.807 7.41287 0
    endloop
  endfacet
  facet normal 0 0 -1
    outer loop
      vertex -45 -20 0
      vertex -36.8585 -7.60497 0
      vertex -36.8896 -7.8014 0
    endloop
  endfacet
  facet normal 0 0 -1
    outer loop
      vertex -45 20 0
      vertex -36.807 7.41287 0
      vertex -45 -20 0
    endloop
  endfacet
  facet normal -0 0 -1
    outer loop
      vertex -36.8896 -8.1986 0
      vertex -45 -20 0
      vertex -36.9 -8 0
    endloop
  endfacet
  facet normal -0 0 -1
    outer loop
      vertex -36.9 -8 0
      vertex -45 -20 0
      vertex -36.8896 -7.8014 0
    endloop
  endfacet
  facet normal 0.933552 0.358441 0
    outer loop
      vertex 44.7553 21.5451 2.5
      vertex 44.5677 22.0337 0
      vertex 44.5677 22.0337 2.5
    endloop
  endfacet
  facet normal 0.933552 0.358441 0
    outer loop
      vertex 44.5677 22.0337 0
      vertex 44.7553 21.5451 2.5
      vertex 44.7553 21.5451 0
    endloop
  endfacet
  facet normal -0.258733 0.965949 0
    outer loop
      vertex -41.0396 24.8907 0
      vertex -41.5451 24.7553 2.5
      vertex -41.0396 24.8907 2.5
    endloop
  endfacet
  facet normal -0.258733 0.965949 0
    outer loop
      vertex -41.5451 24.7553 2.5
      vertex -41.0396 24.8907 0
      vertex -41.5451 24.7553 0
    endloop
  endfacet
  facet normal -0.838692 0.544605 0
    outer loop
      vertex -44.3301 22.5 0
      vertex -44.0451 22.9389 2.5
      vertex -44.0451 22.9389 0
    endloop
  endfacet
  facet normal -0.838692 0.544605 0
    outer loop
      vertex -44.0451 22.9389 2.5
      vertex -44.3301 22.5 0
      vertex -44.3301 22.5 2.5
    endloop
  endfacet
  facet normal -0.777165 0.629297 0
    outer loop
      vertex -44.0451 22.9389 0
      vertex -43.7157 23.3457 2.5
      vertex -43.7157 23.3457 0
    endloop
  endfacet
  facet normal -0.777165 0.629297 0
    outer loop
      vertex -43.7157 23.3457 2.5
      vertex -44.0451 22.9389 0
      vertex -44.0451 22.9389 2.5
    endloop
  endfacet
  facet normal 0.838692 -0.544605 0
    outer loop
      vertex 44.0451 -22.9389 2.5
      vertex 44.3301 -22.5 0
      vertex 44.3301 -22.5 2.5
    endloop
  endfacet
  facet normal 0.838692 -0.544605 0
    outer loop
      vertex 44.3301 -22.5 0
      vertex 44.0451 -22.9389 2.5
      vertex 44.0451 -22.9389 0
    endloop
  endfacet
  facet normal 0.258851 -0.965917 0
    outer loop
      vertex 39.6816 -22.7626 2.5
      vertex 40.0861 -22.6542 3.99
      vertex 39.6816 -22.7626 3.99
    endloop
  endfacet
  facet normal 0.258851 -0.965917 0
    outer loop
      vertex 40.0861 -22.6542 3.99
      vertex 39.6816 -22.7626 2.5
      vertex 40.0861 -22.6542 2.5
    endloop
  endfacet
  facet normal 0 -1 0
    outer loop
      vertex -38.85 -22.85 2.5
      vertex 38.85 -22.85 3.99
      vertex -38.85 -22.85 3.99
    endloop
  endfacet
  facet normal 0 -1 -0
    outer loop
      vertex 38.85 -22.85 3.99
      vertex -38.85 -22.85 2.5
      vertex 38.85 -22.85 2.5
    endloop
  endfacet
  facet normal 0.156453 -0.987685 0
    outer loop
      vertex 39.2681 -22.8281 2.5
      vertex 39.6816 -22.7626 3.99
      vertex 39.2681 -22.8281 3.99
    endloop
  endfacet
  facet normal 0.156453 -0.987685 0
    outer loop
      vertex 39.6816 -22.7626 3.99
      vertex 39.2681 -22.8281 2.5
      vertex 39.6816 -22.7626 2.5
    endloop
  endfacet
  facet normal 0.0523081 -0.998631 0
    outer loop
      vertex 38.85 -22.85 2.5
      vertex 39.2681 -22.8281 3.99
      vertex 38.85 -22.85 3.99
    endloop
  endfacet
  facet normal 0.0523081 -0.998631 0
    outer loop
      vertex 39.2681 -22.8281 3.99
      vertex 38.85 -22.85 2.5
      vertex 39.2681 -22.8281 2.5
    endloop
  endfacet
  facet normal -0.258851 -0.965917 0
    outer loop
      vertex -40.0861 -22.6542 2.5
      vertex -39.6816 -22.7626 3.99
      vertex -40.0861 -22.6542 3.99
    endloop
  endfacet
  facet normal -0.258851 -0.965917 -0
    outer loop
      vertex -39.6816 -22.7626 3.99
      vertex -40.0861 -22.6542 2.5
      vertex -39.6816 -22.7626 2.5
    endloop
  endfacet
  facet normal -0.453983 -0.89101 0
    outer loop
      vertex -40.85 -22.3141 2.5
      vertex -40.4769 -22.5042 3.99
      vertex -40.85 -22.3141 3.99
    endloop
  endfacet
  facet normal -0.453983 -0.89101 -0
    outer loop
      vertex -40.4769 -22.5042 3.99
      vertex -40.85 -22.3141 2.5
      vertex -40.4769 -22.5042 2.5
    endloop
  endfacet
  facet normal -0.453983 0.89101 0
    outer loop
      vertex -40.4769 22.5042 2.5
      vertex -40.85 22.3141 3.99
      vertex -40.4769 22.5042 3.99
    endloop
  endfacet
  facet normal -0.453983 0.89101 0
    outer loop
      vertex -40.85 22.3141 3.99
      vertex -40.4769 22.5042 2.5
      vertex -40.85 22.3141 2.5
    endloop
  endfacet
  facet normal 0.77715 0.629315 0
    outer loop
      vertex 42.0861 21.2011 3.99
      vertex 41.8226 21.5265 2.5
      vertex 41.8226 21.5265 3.99
    endloop
  endfacet
  facet normal 0.77715 0.629315 0
    outer loop
      vertex 41.8226 21.5265 2.5
      vertex 42.0861 21.2011 3.99
      vertex 42.0861 21.2011 2.5
    endloop
  endfacet
  facet normal -0.358339 -0.933592 0
    outer loop
      vertex -40.4769 -22.5042 2.5
      vertex -40.0861 -22.6542 3.99
      vertex -40.4769 -22.5042 3.99
    endloop
  endfacet
  facet normal -0.358339 -0.933592 -0
    outer loop
      vertex -40.0861 -22.6542 3.99
      vertex -40.4769 -22.5042 2.5
      vertex -40.0861 -22.6542 2.5
    endloop
  endfacet
  facet normal -0.933592 0.358339 0
    outer loop
      vertex -42.6542 20.0861 2.5
      vertex -42.5042 20.4769 3.99
      vertex -42.5042 20.4769 2.5
    endloop
  endfacet
  facet normal -0.933592 0.358339 0
    outer loop
      vertex -42.5042 20.4769 3.99
      vertex -42.6542 20.0861 2.5
      vertex -42.6542 20.0861 3.99
    endloop
  endfacet
  facet normal 0.987685 -0.156453 0
    outer loop
      vertex 42.7626 -19.6816 3.99
      vertex 42.8281 -19.2681 2.5
      vertex 42.8281 -19.2681 3.99
    endloop
  endfacet
  facet normal 0.987685 -0.156453 0
    outer loop
      vertex 42.8281 -19.2681 2.5
      vertex 42.7626 -19.6816 3.99
      vertex 42.7626 -19.6816 2.5
    endloop
  endfacet
  facet normal 0.998631 0.0523081 0
    outer loop
      vertex 42.85 18.85 3.99
      vertex 42.8281 19.2681 2.5
      vertex 42.8281 19.2681 3.99
    endloop
  endfacet
  facet normal 0.998631 0.0523081 0
    outer loop
      vertex 42.8281 19.2681 2.5
      vertex 42.85 18.85 3.99
      vertex 42.85 18.85 2.5
    endloop
  endfacet
  facet normal 1 -0 0
    outer loop
      vertex 42.85 -18.85 3.99
      vertex 42.85 18.85 2.5
      vertex 42.85 18.85 3.99
    endloop
  endfacet
  facet normal 1 0 0
    outer loop
      vertex 42.85 18.85 2.5
      vertex 42.85 -18.85 3.99
      vertex 42.85 -18.85 2.5
    endloop
  endfacet
  facet normal -1 0 0
    outer loop
      vertex -42.85 -18.85 2.5
      vertex -42.85 18.85 3.99
      vertex -42.85 18.85 2.5
    endloop
  endfacet
  facet normal -1 -0 0
    outer loop
      vertex -42.85 18.85 3.99
      vertex -42.85 -18.85 2.5
      vertex -42.85 -18.85 3.99
    endloop
  endfacet
  facet normal 0.933592 -0.358339 0
    outer loop
      vertex 42.5042 -20.4769 3.99
      vertex 42.6542 -20.0861 2.5
      vertex 42.6542 -20.0861 3.99
    endloop
  endfacet
  facet normal 0.933592 -0.358339 0
    outer loop
      vertex 42.6542 -20.0861 2.5
      vertex 42.5042 -20.4769 3.99
      vertex 42.5042 -20.4769 2.5
    endloop
  endfacet
  facet normal 0.965917 -0.258851 0
    outer loop
      vertex 42.6542 -20.0861 3.99
      vertex 42.7626 -19.6816 2.5
      vertex 42.7626 -19.6816 3.99
    endloop
  endfacet
  facet normal 0.965917 -0.258851 0
    outer loop
      vertex 42.7626 -19.6816 2.5
      vertex 42.6542 -20.0861 3.99
      vertex 42.6542 -20.0861 2.5
    endloop
  endfacet
  facet normal -0.707107 -0.707107 0
    outer loop
      vertex -41.5265 -21.8226 2.5
      vertex -41.8226 -21.5265 3.99
      vertex -41.8226 -21.5265 2.5
    endloop
  endfacet
  facet normal -0.707107 -0.707107 0
    outer loop
      vertex -41.8226 -21.5265 3.99
      vertex -41.5265 -21.8226 2.5
      vertex -41.5265 -21.8226 3.99
    endloop
  endfacet
  facet normal -0.156453 -0.987685 0
    outer loop
      vertex -39.6816 -22.7626 2.5
      vertex -39.2681 -22.8281 3.99
      vertex -39.6816 -22.7626 3.99
    endloop
  endfacet
  facet normal -0.156453 -0.987685 -0
    outer loop
      vertex -39.2681 -22.8281 3.99
      vertex -39.6816 -22.7626 2.5
      vertex -39.2681 -22.8281 2.5
    endloop
  endfacet
  facet normal 0.707107 -0.707107 0
    outer loop
      vertex 41.5265 -21.8226 3.99
      vertex 41.8226 -21.5265 2.5
      vertex 41.8226 -21.5265 3.99
    endloop
  endfacet
  facet normal 0.707107 -0.707107 0
    outer loop
      vertex 41.8226 -21.5265 2.5
      vertex 41.5265 -21.8226 3.99
      vertex 41.5265 -21.8226 2.5
    endloop
  endfacet
  facet normal 0.358339 -0.933592 0
    outer loop
      vertex 40.0861 -22.6542 2.5
      vertex 40.4769 -22.5042 3.99
      vertex 40.0861 -22.6542 3.99
    endloop
  endfacet
  facet normal 0.358339 -0.933592 0
    outer loop
      vertex 40.4769 -22.5042 3.99
      vertex 40.0861 -22.6542 2.5
      vertex 40.4769 -22.5042 2.5
    endloop
  endfacet
  facet normal -0.0523081 -0.998631 0
    outer loop
      vertex -39.2681 -22.8281 2.5
      vertex -38.85 -22.85 3.99
      vertex -39.2681 -22.8281 3.99
    endloop
  endfacet
  facet normal -0.0523081 -0.998631 -0
    outer loop
      vertex -38.85 -22.85 3.99
      vertex -39.2681 -22.8281 2.5
      vertex -38.85 -22.85 2.5
    endloop
  endfacet
  facet normal -0.77715 0.629315 0
    outer loop
      vertex -42.0861 21.2011 2.5
      vertex -41.8226 21.5265 3.99
      vertex -41.8226 21.5265 2.5
    endloop
  endfacet
  facet normal -0.77715 0.629315 0
    outer loop
      vertex -41.8226 21.5265 3.99
      vertex -42.0861 21.2011 2.5
      vertex -42.0861 21.2011 3.99
    endloop
  endfacet
  facet normal 0.0523081 0.998631 -0
    outer loop
      vertex 39.2681 22.8281 2.5
      vertex 38.85 22.85 3.99
      vertex 39.2681 22.8281 3.99
    endloop
  endfacet
  facet normal 0.0523081 0.998631 0
    outer loop
      vertex 38.85 22.85 3.99
      vertex 39.2681 22.8281 2.5
      vertex 38.85 22.85 2.5
    endloop
  endfacet
  facet normal 0 1 -0
    outer loop
      vertex 38.85 22.85 2.5
      vertex -38.85 22.85 3.99
      vertex 38.85 22.85 3.99
    endloop
  endfacet
  facet normal 0 1 0
    outer loop
      vertex -38.85 22.85 3.99
      vertex 38.85 22.85 2.5
      vertex -38.85 22.85 2.5
    endloop
  endfacet
  facet normal -0.89101 0.453983 0
    outer loop
      vertex -42.5042 20.4769 2.5
      vertex -42.3141 20.85 3.99
      vertex -42.3141 20.85 2.5
    endloop
  endfacet
  facet normal -0.89101 0.453983 0
    outer loop
      vertex -42.3141 20.85 3.99
      vertex -42.5042 20.4769 2.5
      vertex -42.5042 20.4769 3.99
    endloop
  endfacet
  facet normal -0.544627 0.838678 0
    outer loop
      vertex -40.85 22.3141 2.5
      vertex -41.2011 22.0861 3.99
      vertex -40.85 22.3141 3.99
    endloop
  endfacet
  facet normal -0.544627 0.838678 0
    outer loop
      vertex -41.2011 22.0861 3.99
      vertex -40.85 22.3141 2.5
      vertex -41.2011 22.0861 2.5
    endloop
  endfacet
  facet normal -0.258851 0.965917 0
    outer loop
      vertex -39.6816 22.7626 2.5
      vertex -40.0861 22.6542 3.99
      vertex -39.6816 22.7626 3.99
    endloop
  endfacet
  facet normal -0.258851 0.965917 0
    outer loop
      vertex -40.0861 22.6542 3.99
      vertex -39.6816 22.7626 2.5
      vertex -40.0861 22.6542 2.5
    endloop
  endfacet
  facet normal -0.0523081 0.998631 0
    outer loop
      vertex -38.85 22.85 2.5
      vertex -39.2681 22.8281 3.99
      vertex -38.85 22.85 3.99
    endloop
  endfacet
  facet normal -0.0523081 0.998631 0
    outer loop
      vertex -39.2681 22.8281 3.99
      vertex -38.85 22.85 2.5
      vertex -39.2681 22.8281 2.5
    endloop
  endfacet
  facet normal 0.453983 0.89101 -0
    outer loop
      vertex 40.85 22.3141 2.5
      vertex 40.4769 22.5042 3.99
      vertex 40.85 22.3141 3.99
    endloop
  endfacet
  facet normal 0.453983 0.89101 0
    outer loop
      vertex 40.4769 22.5042 3.99
      vertex 40.85 22.3141 2.5
      vertex 40.4769 22.5042 2.5
    endloop
  endfacet
  facet normal -0.707107 0.707107 0
    outer loop
      vertex -41.8226 21.5265 2.5
      vertex -41.5265 21.8226 3.99
      vertex -41.5265 21.8226 2.5
    endloop
  endfacet
  facet normal -0.707107 0.707107 0
    outer loop
      vertex -41.5265 21.8226 3.99
      vertex -41.8226 21.5265 2.5
      vertex -41.8226 21.5265 3.99
    endloop
  endfacet
  facet normal 0.258851 0.965917 -0
    outer loop
      vertex 40.0861 22.6542 2.5
      vertex 39.6816 22.7626 3.99
      vertex 40.0861 22.6542 3.99
    endloop
  endfacet
  facet normal 0.258851 0.965917 0
    outer loop
      vertex 39.6816 22.7626 3.99
      vertex 40.0861 22.6542 2.5
      vertex 39.6816 22.7626 2.5
    endloop
  endfacet
  facet normal -0.838678 0.544627 0
    outer loop
      vertex -42.3141 20.85 2.5
      vertex -42.0861 21.2011 3.99
      vertex -42.0861 21.2011 2.5
    endloop
  endfacet
  facet normal -0.838678 0.544627 0
    outer loop
      vertex -42.0861 21.2011 3.99
      vertex -42.3141 20.85 2.5
      vertex -42.3141 20.85 3.99
    endloop
  endfacet
  facet normal 0.77715 -0.629315 0
    outer loop
      vertex 41.8226 -21.5265 3.99
      vertex 42.0861 -21.2011 2.5
      vertex 42.0861 -21.2011 3.99
    endloop
  endfacet
  facet normal 0.77715 -0.629315 0
    outer loop
      vertex 42.0861 -21.2011 2.5
      vertex 41.8226 -21.5265 3.99
      vertex 41.8226 -21.5265 2.5
    endloop
  endfacet
  facet normal -0.156453 0.987685 0
    outer loop
      vertex -39.2681 22.8281 2.5
      vertex -39.6816 22.7626 3.99
      vertex -39.2681 22.8281 3.99
    endloop
  endfacet
  facet normal -0.156453 0.987685 0
    outer loop
      vertex -39.6816 22.7626 3.99
      vertex -39.2681 22.8281 2.5
      vertex -39.6816 22.7626 2.5
    endloop
  endfacet
  facet normal -0.629315 -0.77715 0
    outer loop
      vertex -41.5265 -21.8226 2.5
      vertex -41.2011 -22.0861 3.99
      vertex -41.5265 -21.8226 3.99
    endloop
  endfacet
  facet normal -0.629315 -0.77715 -0
    outer loop
      vertex -41.2011 -22.0861 3.99
      vertex -41.5265 -21.8226 2.5
      vertex -41.2011 -22.0861 2.5
    endloop
  endfacet
  facet normal -0.998631 -0.0523081 0
    outer loop
      vertex -42.8281 -19.2681 2.5
      vertex -42.85 -18.85 3.99
      vertex -42.85 -18.85 2.5
    endloop
  endfacet
  facet normal -0.998631 -0.0523081 0
    outer loop
      vertex -42.85 -18.85 3.99
      vertex -42.8281 -19.2681 2.5
      vertex -42.8281 -19.2681 3.99
    endloop
  endfacet
  facet normal -0.998631 0.0523081 0
    outer loop
      vertex -42.85 18.85 2.5
      vertex -42.8281 19.2681 3.99
      vertex -42.8281 19.2681 2.5
    endloop
  endfacet
  facet normal -0.998631 0.0523081 0
    outer loop
      vertex -42.8281 19.2681 3.99
      vertex -42.85 18.85 2.5
      vertex -42.85 18.85 3.99
    endloop
  endfacet
  facet normal 0.707107 0.707107 0
    outer loop
      vertex 41.8226 21.5265 3.99
      vertex 41.5265 21.8226 2.5
      vertex 41.5265 21.8226 3.99
    endloop
  endfacet
  facet normal 0.707107 0.707107 0
    outer loop
      vertex 41.5265 21.8226 2.5
      vertex 41.8226 21.5265 3.99
      vertex 41.8226 21.5265 2.5
    endloop
  endfacet
  facet normal -0.965917 -0.258851 0
    outer loop
      vertex -42.6542 -20.0861 2.5
      vertex -42.7626 -19.6816 3.99
      vertex -42.7626 -19.6816 2.5
    endloop
  endfacet
  facet normal -0.965917 -0.258851 0
    outer loop
      vertex -42.7626 -19.6816 3.99
      vertex -42.6542 -20.0861 2.5
      vertex -42.6542 -20.0861 3.99
    endloop
  endfacet
  facet normal -0.89101 -0.453983 0
    outer loop
      vertex -42.3141 -20.85 2.5
      vertex -42.5042 -20.4769 3.99
      vertex -42.5042 -20.4769 2.5
    endloop
  endfacet
  facet normal -0.89101 -0.453983 0
    outer loop
      vertex -42.5042 -20.4769 3.99
      vertex -42.3141 -20.85 2.5
      vertex -42.3141 -20.85 3.99
    endloop
  endfacet
  facet normal 0.838678 -0.544627 0
    outer loop
      vertex 42.0861 -21.2011 3.99
      vertex 42.3141 -20.85 2.5
      vertex 42.3141 -20.85 3.99
    endloop
  endfacet
  facet normal 0.838678 -0.544627 0
    outer loop
      vertex 42.3141 -20.85 2.5
      vertex 42.0861 -21.2011 3.99
      vertex 42.0861 -21.2011 2.5
    endloop
  endfacet
  facet normal 0 0 1
    outer loop
      vertex 33.924 7.7713 3.99
      vertex -33.924 7.7713 3.99
      vertex 33.924 -7.7713 3.99
    endloop
  endfacet
  facet normal 0 0 1
    outer loop
      vertex 33.924 -7.7713 3.99
      vertex -33.906 -7.88502 3.99
      vertex -33.9 -8 3.99
    endloop
  endfacet
  facet normal 0 0 1
    outer loop
      vertex -33.924 -7.7713 3.99
      vertex 33.924 -7.7713 3.99
      vertex -33.924 7.7713 3.99
    endloop
  endfacet
  facet normal 0 0 1
    outer loop
      vertex 33.924 -7.7713 3.99
      vertex -33.924 -7.7713 3.99
      vertex -33.906 -7.88502 3.99
    endloop
  endfacet
  facet normal -0 0 1
    outer loop
      vertex -33.9538 7.66008 3.99
      vertex -33.924 -7.7713 3.99
      vertex -33.924 7.7713 3.99
    endloop
  endfacet
  facet normal 0 0 1
    outer loop
      vertex -33.9538 7.66008 3.99
      vertex -33.9538 -7.66008 3.99
      vertex -33.924 -7.7713 3.99
    endloop
  endfacet
  facet normal -0 0 1
    outer loop
      vertex -33.9951 7.55259 3.99
      vertex -33.9538 -7.66008 3.99
      vertex -33.9538 7.66008 3.99
    endloop
  endfacet
  facet normal 0 0 1
    outer loop
      vertex -33.9951 7.55259 3.99
      vertex -33.9951 -7.55259 3.99
      vertex -33.9538 -7.66008 3.99
    endloop
  endfacet
  facet normal -0 0 1
    outer loop
      vertex -34.0474 7.45 3.99
      vertex -33.9951 -7.55259 3.99
      vertex -33.9951 7.55259 3.99
    endloop
  endfacet
  facet normal 0 0 1
    outer loop
      vertex -34.0474 7.45 3.99
      vertex -34.0474 -7.45 3.99
      vertex -33.9951 -7.55259 3.99
    endloop
  endfacet
  facet normal -0 0 1
    outer loop
      vertex -34.1101 7.35344 3.99
      vertex -34.0474 -7.45 3.99
      vertex -34.0474 7.45 3.99
    endloop
  endfacet
  facet normal 0 0 1
    outer loop
      vertex -34.1101 7.35344 3.99
      vertex -34.1101 -7.35344 3.99
      vertex -34.0474 -7.45 3.99
    endloop
  endfacet
  facet normal -0 0 1
    outer loop
      vertex -34.1825 7.26396 3.99
      vertex -34.1101 -7.35344 3.99
      vertex -34.1101 7.35344 3.99
    endloop
  endfacet
  facet normal 0 0 1
    outer loop
      vertex -34.1825 7.26396 3.99
      vertex -34.1825 -7.26396 3.99
      vertex -34.1101 -7.35344 3.99
    endloop
  endfacet
  facet normal -0 0 1
    outer loop
      vertex -34.264 7.18254 3.99
      vertex -34.1825 -7.26396 3.99
      vertex -34.1825 7.26396 3.99
    endloop
  endfacet
  facet normal 0 0 1
    outer loop
      vertex -34.264 7.18254 3.99
      vertex -34.264 -7.18254 3.99
      vertex -34.1825 -7.26396 3.99
    endloop
  endfacet
  facet normal -0 0 1
    outer loop
      vertex -34.3534 7.11008 3.99
      vertex -34.264 -7.18254 3.99
      vertex -34.264 7.18254 3.99
    endloop
  endfacet
  facet normal 0 0 1
    outer loop
      vertex -34.3534 7.11008 3.99
      vertex -34.3534 -7.11008 3.99
      vertex -34.264 -7.18254 3.99
    endloop
  endfacet
  facet normal -0 0 1
    outer loop
      vertex -34.45 7.04737 3.99
      vertex -34.3534 -7.11008 3.99
      vertex -34.3534 7.11008 3.99
    endloop
  endfacet
  facet normal 0 0 1
    outer loop
      vertex -34.45 7.04737 3.99
      vertex -34.45 -7.04737 3.99
      vertex -34.3534 -7.11008 3.99
    endloop
  endfacet
  facet normal -0 0 1
    outer loop
      vertex -34.5526 6.9951 3.99
      vertex -34.45 -7.04737 3.99
      vertex -34.45 7.04737 3.99
    endloop
  endfacet
  facet normal 0 0 1
    outer loop
      vertex -34.5526 6.9951 3.99
      vertex -34.5526 -6.9951 3.99
      vertex -34.45 -7.04737 3.99
    endloop
  endfacet
  facet normal -0 0 1
    outer loop
      vertex -34.6601 6.95384 3.99
      vertex -34.5526 -6.9951 3.99
      vertex -34.5526 6.9951 3.99
    endloop
  endfacet
  facet normal 0 0 1
    outer loop
      vertex -34.6601 6.95384 3.99
      vertex -34.6601 -6.95384 3.99
      vertex -34.5526 -6.9951 3.99
    endloop
  endfacet
  facet normal -0 0 1
    outer loop
      vertex -34.7713 6.92404 3.99
      vertex -34.6601 -6.95384 3.99
      vertex -34.6601 6.95384 3.99
    endloop
  endfacet
  facet normal 0 0 1
    outer loop
      vertex -34.7713 6.92404 3.99
      vertex -34.7713 -6.92404 3.99
      vertex -34.6601 -6.95384 3.99
    endloop
  endfacet
  facet normal -0 0 1
    outer loop
      vertex -34.885 6.90603 3.99
      vertex -34.7713 -6.92404 3.99
      vertex -34.7713 6.92404 3.99
    endloop
  endfacet
  facet normal 0 0 1
    outer loop
      vertex -34.885 6.90603 3.99
      vertex -34.885 -6.90603 3.99
      vertex -34.7713 -6.92404 3.99
    endloop
  endfacet
  facet normal -0 0 1
    outer loop
      vertex -35 6.9 3.99
      vertex -34.885 -6.90603 3.99
      vertex -34.885 6.90603 3.99
    endloop
  endfacet
  facet normal 0 0 1
    outer loop
      vertex -35 6.9 3.99
      vertex -35 -6.9 3.99
      vertex -34.885 -6.90603 3.99
    endloop
  endfacet
  facet normal 0 0 1
    outer loop
      vertex -35.115 6.90603 3.99
      vertex -35 -6.9 3.99
      vertex -35 6.9 3.99
    endloop
  endfacet
  facet normal 0 0 1
    outer loop
      vertex -35.115 6.90603 3.99
      vertex -35.115 -6.90603 3.99
      vertex -35 -6.9 3.99
    endloop
  endfacet
  facet normal 0 0 1
    outer loop
      vertex -35.2287 6.92404 3.99
      vertex -35.115 -6.90603 3.99
      vertex -35.115 6.90603 3.99
    endloop
  endfacet
  facet normal 0 0 1
    outer loop
      vertex -35.2287 6.92404 3.99
      vertex -35.2287 -6.92404 3.99
      vertex -35.115 -6.90603 3.99
    endloop
  endfacet
  facet normal 0 0 1
    outer loop
      vertex -35.3399 6.95384 3.99
      vertex -35.2287 -6.92404 3.99
      vertex -35.2287 6.92404 3.99
    endloop
  endfacet
  facet normal 0 0 1
    outer loop
      vertex -35.3399 6.95384 3.99
      vertex -35.3399 -6.95384 3.99
      vertex -35.2287 -6.92404 3.99
    endloop
  endfacet
  facet normal 0 0 1
    outer loop
      vertex -35.4474 6.9951 3.99
      vertex -35.3399 -6.95384 3.99
      vertex -35.3399 6.95384 3.99
    endloop
  endfacet
  facet normal 0 0 1
    outer loop
      vertex -35.4474 6.9951 3.99
      vertex -35.4474 -6.9951 3.99
      vertex -35.3399 -6.95384 3.99
    endloop
  endfacet
  facet normal 0 0 1
    outer loop
      vertex -35.55 7.04737 3.99
      vertex -35.4474 -6.9951 3.99
      vertex -35.4474 6.9951 3.99
    endloop
  endfacet
  facet normal 0 0 1
    outer loop
      vertex -35.55 7.04737 3.99
      vertex -35.55 -7.04737 3.99
      vertex -35.4474 -6.9951 3.99
    endloop
  endfacet
  facet normal 0 0 1
    outer loop
      vertex -35.6466 7.11008 3.99
      vertex -35.55 -7.04737 3.99
      vertex -35.55 7.04737 3.99
    endloop
  endfacet
  facet normal 0 0 1
    outer loop
      vertex -35.6466 7.11008 3.99
      vertex -35.6466 -7.11008 3.99
      vertex -35.55 -7.04737 3.99
    endloop
  endfacet
  facet normal 0 0 1
    outer loop
      vertex -35.736 7.18254 3.99
      vertex -35.6466 -7.11008 3.99
      vertex -35.6466 7.11008 3.99
    endloop
  endfacet
  facet normal 0 0 1
    outer loop
      vertex -35.736 7.18254 3.99
      vertex -35.736 -7.18254 3.99
      vertex -35.6466 -7.11008 3.99
    endloop
  endfacet
  facet normal 0 0 1
    outer loop
      vertex -35.8175 7.26396 3.99
      vertex -35.736 -7.18254 3.99
      vertex -35.736 7.18254 3.99
    endloop
  endfacet
  facet normal 0 0 1
    outer loop
      vertex -35.8175 7.26396 3.99
      vertex -35.8175 -7.26396 3.99
      vertex -35.736 -7.18254 3.99
    endloop
  endfacet
  facet normal 0 0 1
    outer loop
      vertex -35.8899 7.35344 3.99
      vertex -35.8175 -7.26396 3.99
      vertex -35.8175 7.26396 3.99
    endloop
  endfacet
  facet normal 0 0 1
    outer loop
      vertex -35.8899 7.35344 3.99
      vertex -35.8899 -7.35344 3.99
      vertex -35.8175 -7.26396 3.99
    endloop
  endfacet
  facet normal 0 0 1
    outer loop
      vertex -35.9526 7.45 3.99
      vertex -35.8899 -7.35344 3.99
      vertex -35.8899 7.35344 3.99
    endloop
  endfacet
  facet normal 0 0 1
    outer loop
      vertex -35.9526 7.45 3.99
      vertex -35.9526 -7.45 3.99
      vertex -35.8899 -7.35344 3.99
    endloop
  endfacet
  facet normal 0 0 1
    outer loop
      vertex -36.0049 7.55259 3.99
      vertex -35.9526 -7.45 3.99
      vertex -35.9526 7.45 3.99
    endloop
  endfacet
  facet normal 0 0 1
    outer loop
      vertex -36.0049 7.55259 3.99
      vertex -36.0049 -7.55259 3.99
      vertex -35.9526 -7.45 3.99
    endloop
  endfacet
  facet normal 0 0 1
    outer loop
      vertex -36.0462 7.66008 3.99
      vertex -36.0049 -7.55259 3.99
      vertex -36.0049 7.55259 3.99
    endloop
  endfacet
  facet normal 0 0 1
    outer loop
      vertex -36.0462 7.66008 3.99
      vertex -36.0462 -7.66008 3.99
      vertex -36.0049 -7.55259 3.99
    endloop
  endfacet
  facet normal 0 0 1
    outer loop
      vertex -42.85 18.85 3.99
      vertex -36.0462 7.66008 3.99
      vertex -36.076 7.7713 3.99
    endloop
  endfacet
  facet normal 0 0 1
    outer loop
      vertex -36.0462 7.66008 3.99
      vertex -42.85 18.85 3.99
      vertex -36.0462 -7.66008 3.99
    endloop
  endfacet
  facet normal 0 0 1
    outer loop
      vertex -42.85 18.85 3.99
      vertex -36.076 7.7713 3.99
      vertex -36.094 7.88502 3.99
    endloop
  endfacet
  facet normal 0 0 1
    outer loop
      vertex -42.85 -18.85 3.99
      vertex -36.0462 -7.66008 3.99
      vertex -42.85 18.85 3.99
    endloop
  endfacet
  facet normal 0 0 1
    outer loop
      vertex -42.85 18.85 3.99
      vertex -36.094 7.88502 3.99
      vertex -36.1 8 3.99
    endloop
  endfacet
  facet normal 0 0 1
    outer loop
      vertex -36.0462 -7.66008 3.99
      vertex -42.85 -18.85 3.99
      vertex -36.076 -7.7713 3.99
    endloop
  endfacet
  facet normal 0 0 1
    outer loop
      vertex 36.0462 7.66008 3.99
      vertex 42.85 18.85 3.99
      vertex 36.076 7.7713 3.99
    endloop
  endfacet
  facet normal 0 0 1
    outer loop
      vertex 42.85 -18.85 3.99
      vertex 36.094 -7.88502 3.99
      vertex 36.1 -8 3.99
    endloop
  endfacet
  facet normal 0 0 1
    outer loop
      vertex 42.85 18.85 3.99
      vertex 36.0462 7.66008 3.99
      vertex 42.85 -18.85 3.99
    endloop
  endfacet
  facet normal 0 0 1
    outer loop
      vertex 42.85 -18.85 3.99
      vertex 36.076 -7.7713 3.99
      vertex 36.094 -7.88502 3.99
    endloop
  endfacet
  facet normal -0 0 1
    outer loop
      vertex 36.0462 -7.66008 3.99
      vertex 42.85 -18.85 3.99
      vertex 36.0462 7.66008 3.99
    endloop
  endfacet
  facet normal 0 0 1
    outer loop
      vertex 42.85 -18.85 3.99
      vertex 36.0462 -7.66008 3.99
      vertex 36.076 -7.7713 3.99
    endloop
  endfacet
  facet normal -0 0 1
    outer loop
      vertex 36.0049 7.55259 3.99
      vertex 36.0462 -7.66008 3.99
      vertex 36.0462 7.66008 3.99
    endloop
  endfacet
  facet normal 0 0 1
    outer loop
      vertex 36.0049 7.55259 3.99
      vertex 36.0049 -7.55259 3.99
      vertex 36.0462 -7.66008 3.99
    endloop
  endfacet
  facet normal -0 0 1
    outer loop
      vertex 35.9526 7.45 3.99
      vertex 36.0049 -7.55259 3.99
      vertex 36.0049 7.55259 3.99
    endloop
  endfacet
  facet normal 0 0 1
    outer loop
      vertex 35.9526 7.45 3.99
      vertex 35.9526 -7.45 3.99
      vertex 36.0049 -7.55259 3.99
    endloop
  endfacet
  facet normal -0 0 1
    outer loop
      vertex 35.8899 7.35344 3.99
      vertex 35.9526 -7.45 3.99
      vertex 35.9526 7.45 3.99
    endloop
  endfacet
  facet normal 0 0 1
    outer loop
      vertex 35.8899 7.35344 3.99
      vertex 35.8899 -7.35344 3.99
      vertex 35.9526 -7.45 3.99
    endloop
  endfacet
  facet normal -0 0 1
    outer loop
      vertex 35.8175 7.26396 3.99
      vertex 35.8899 -7.35344 3.99
      vertex 35.8899 7.35344 3.99
    endloop
  endfacet
  facet normal 0 0 1
    outer loop
      vertex 35.8175 7.26396 3.99
      vertex 35.8175 -7.26396 3.99
      vertex 35.8899 -7.35344 3.99
    endloop
  endfacet
  facet normal -0 0 1
    outer loop
      vertex 35.736 7.18254 3.99
      vertex 35.8175 -7.26396 3.99
      vertex 35.8175 7.26396 3.99
    endloop
  endfacet
  facet normal 0 0 1
    outer loop
      vertex 35.736 7.18254 3.99
      vertex 35.736 -7.18254 3.99
      vertex 35.8175 -7.26396 3.99
    endloop
  endfacet
  facet normal -0 0 1
    outer loop
      vertex 35.6466 7.11008 3.99
      vertex 35.736 -7.18254 3.99
      vertex 35.736 7.18254 3.99
    endloop
  endfacet
  facet normal 0 0 1
    outer loop
      vertex 35.6466 7.11008 3.99
      vertex 35.6466 -7.11008 3.99
      vertex 35.736 -7.18254 3.99
    endloop
  endfacet
  facet normal -0 0 1
    outer loop
      vertex 35.55 7.04737 3.99
      vertex 35.6466 -7.11008 3.99
      vertex 35.6466 7.11008 3.99
    endloop
  endfacet
  facet normal 0 0 1
    outer loop
      vertex 35.55 7.04737 3.99
      vertex 35.55 -7.04737 3.99
      vertex 35.6466 -7.11008 3.99
    endloop
  endfacet
  facet normal -0 0 1
    outer loop
      vertex 35.4474 6.9951 3.99
      vertex 35.55 -7.04737 3.99
      vertex 35.55 7.04737 3.99
    endloop
  endfacet
  facet normal 0 0 1
    outer loop
      vertex 35.4474 6.9951 3.99
      vertex 35.4474 -6.9951 3.99
      vertex 35.55 -7.04737 3.99
    endloop
  endfacet
  facet normal -0 0 1
    outer loop
      vertex 35.3399 6.95384 3.99
      vertex 35.4474 -6.9951 3.99
      vertex 35.4474 6.9951 3.99
    endloop
  endfacet
  facet normal 0 0 1
    outer loop
      vertex 35.3399 6.95384 3.99
      vertex 35.3399 -6.95384 3.99
      vertex 35.4474 -6.9951 3.99
    endloop
  endfacet
  facet normal -0 0 1
    outer loop
      vertex 35.2287 6.92404 3.99
      vertex 35.3399 -6.95384 3.99
      vertex 35.3399 6.95384 3.99
    endloop
  endfacet
  facet normal 0 0 1
    outer loop
      vertex 35.2287 6.92404 3.99
      vertex 35.2287 -6.92404 3.99
      vertex 35.3399 -6.95384 3.99
    endloop
  endfacet
  facet normal -0 0 1
    outer loop
      vertex 35.115 6.90603 3.99
      vertex 35.2287 -6.92404 3.99
      vertex 35.2287 6.92404 3.99
    endloop
  endfacet
  facet normal 0 0 1
    outer loop
      vertex 35.115 6.90603 3.99
      vertex 35.115 -6.90603 3.99
      vertex 35.2287 -6.92404 3.99
    endloop
  endfacet
  facet normal -0 0 1
    outer loop
      vertex 35 6.9 3.99
      vertex 35.115 -6.90603 3.99
      vertex 35.115 6.90603 3.99
    endloop
  endfacet
  facet normal 0 0 1
    outer loop
      vertex 35 6.9 3.99
      vertex 35 -6.9 3.99
      vertex 35.115 -6.90603 3.99
    endloop
  endfacet
  facet normal 0 0 1
    outer loop
      vertex 34.885 6.90603 3.99
      vertex 35 -6.9 3.99
      vertex 35 6.9 3.99
    endloop
  endfacet
  facet normal 0 0 1
    outer loop
      vertex 34.885 6.90603 3.99
      vertex 34.885 -6.90603 3.99
      vertex 35 -6.9 3.99
    endloop
  endfacet
  facet normal 0 0 1
    outer loop
      vertex 34.7713 6.92404 3.99
      vertex 34.885 -6.90603 3.99
      vertex 34.885 6.90603 3.99
    endloop
  endfacet
  facet normal 0 0 1
    outer loop
      vertex 34.7713 6.92404 3.99
      vertex 34.7713 -6.92404 3.99
      vertex 34.885 -6.90603 3.99
    endloop
  endfacet
  facet normal 0 0 1
    outer loop
      vertex 34.6601 6.95384 3.99
      vertex 34.7713 -6.92404 3.99
      vertex 34.7713 6.92404 3.99
    endloop
  endfacet
  facet normal 0 0 1
    outer loop
      vertex 34.6601 6.95384 3.99
      vertex 34.6601 -6.95384 3.99
      vertex 34.7713 -6.92404 3.99
    endloop
  endfacet
  facet normal 0 0 1
    outer loop
      vertex 34.5526 6.9951 3.99
      vertex 34.6601 -6.95384 3.99
      vertex 34.6601 6.95384 3.99
    endloop
  endfacet
  facet normal 0 0 1
    outer loop
      vertex 34.5526 6.9951 3.99
      vertex 34.5526 -6.9951 3.99
      vertex 34.6601 -6.95384 3.99
    endloop
  endfacet
  facet normal 0 0 1
    outer loop
      vertex 34.45 7.04737 3.99
      vertex 34.5526 -6.9951 3.99
      vertex 34.5526 6.9951 3.99
    endloop
  endfacet
  facet normal 0 0 1
    outer loop
      vertex 34.45 7.04737 3.99
      vertex 34.45 -7.04737 3.99
      vertex 34.5526 -6.9951 3.99
    endloop
  endfacet
  facet normal 0 0 1
    outer loop
      vertex 34.3534 7.11008 3.99
      vertex 34.45 -7.04737 3.99
      vertex 34.45 7.04737 3.99
    endloop
  endfacet
  facet normal 0 0 1
    outer loop
      vertex 34.3534 7.11008 3.99
      vertex 34.3534 -7.11008 3.99
      vertex 34.45 -7.04737 3.99
    endloop
  endfacet
  facet normal 0 0 1
    outer loop
      vertex 34.264 7.18254 3.99
      vertex 34.3534 -7.11008 3.99
      vertex 34.3534 7.11008 3.99
    endloop
  endfacet
  facet normal 0 0 1
    outer loop
      vertex 34.264 7.18254 3.99
      vertex 34.264 -7.18254 3.99
      vertex 34.3534 -7.11008 3.99
    endloop
  endfacet
  facet normal 0 0 1
    outer loop
      vertex 34.1825 7.26396 3.99
      vertex 34.264 -7.18254 3.99
      vertex 34.264 7.18254 3.99
    endloop
  endfacet
  facet normal 0 0 1
    outer loop
      vertex 34.1825 7.26396 3.99
      vertex 34.1825 -7.26396 3.99
      vertex 34.264 -7.18254 3.99
    endloop
  endfacet
  facet normal 0 0 1
    outer loop
      vertex 34.1101 7.35344 3.99
      vertex 34.1825 -7.26396 3.99
      vertex 34.1825 7.26396 3.99
    endloop
  endfacet
  facet normal 0 0 1
    outer loop
      vertex 34.1101 7.35344 3.99
      vertex 34.1101 -7.35344 3.99
      vertex 34.1825 -7.26396 3.99
    endloop
  endfacet
  facet normal 0 0 1
    outer loop
      vertex 34.0474 7.45 3.99
      vertex 34.1101 -7.35344 3.99
      vertex 34.1101 7.35344 3.99
    endloop
  endfacet
  facet normal 0 0 1
    outer loop
      vertex 34.0474 7.45 3.99
      vertex 34.0474 -7.45 3.99
      vertex 34.1101 -7.35344 3.99
    endloop
  endfacet
  facet normal 0 0 1
    outer loop
      vertex 33.9951 7.55259 3.99
      vertex 34.0474 -7.45 3.99
      vertex 34.0474 7.45 3.99
    endloop
  endfacet
  facet normal 0 0 1
    outer loop
      vertex 33.9951 7.55259 3.99
      vertex 33.9951 -7.55259 3.99
      vertex 34.0474 -7.45 3.99
    endloop
  endfacet
  facet normal 0 0 1
    outer loop
      vertex 33.9538 7.66008 3.99
      vertex 33.9951 -7.55259 3.99
      vertex 33.9951 7.55259 3.99
    endloop
  endfacet
  facet normal 0 0 1
    outer loop
      vertex 33.9538 7.66008 3.99
      vertex 33.9538 -7.66008 3.99
      vertex 33.9951 -7.55259 3.99
    endloop
  endfacet
  facet normal 0 0 1
    outer loop
      vertex 33.924 7.7713 3.99
      vertex 33.9538 -7.66008 3.99
      vertex 33.9538 7.66008 3.99
    endloop
  endfacet
  facet normal 0 0 1
    outer loop
      vertex 33.924 7.7713 3.99
      vertex 33.924 -7.7713 3.99
      vertex 33.9538 -7.66008 3.99
    endloop
  endfacet
  facet normal 0 0 1
    outer loop
      vertex -33.906 7.88502 3.99
      vertex 33.906 7.88502 3.99
      vertex -33.9 8 3.99
    endloop
  endfacet
  facet normal 0 0 1
    outer loop
      vertex 33.906 7.88502 3.99
      vertex -33.906 7.88502 3.99
      vertex 33.924 7.7713 3.99
    endloop
  endfacet
  facet normal -0 0 1
    outer loop
      vertex -33.9 8 3.99
      vertex 33.906 7.88502 3.99
      vertex 33.9 8 3.99
    endloop
  endfacet
  facet normal 0 0 1
    outer loop
      vertex -33.924 7.7713 3.99
      vertex 33.924 7.7713 3.99
      vertex -33.906 7.88502 3.99
    endloop
  endfacet
  facet normal 0 0 1
    outer loop
      vertex 38.85 22.85 3.99
      vertex 42.85 18.85 3.99
      vertex 42.8281 19.2681 3.99
    endloop
  endfacet
  facet normal 0 0 1
    outer loop
      vertex 36.094 7.88502 3.99
      vertex 42.85 18.85 3.99
      vertex 36.1 8 3.99
    endloop
  endfacet
  facet normal 0 0 1
    outer loop
      vertex 38.85 22.85 3.99
      vertex 42.8281 19.2681 3.99
      vertex 42.7626 19.6816 3.99
    endloop
  endfacet
  facet normal 0 0 1
    outer loop
      vertex 36.076 7.7713 3.99
      vertex 42.85 18.85 3.99
      vertex 36.094 7.88502 3.99
    endloop
  endfacet
  facet normal 0 0 1
    outer loop
      vertex 38.85 22.85 3.99
      vertex 42.7626 19.6816 3.99
      vertex 42.6542 20.0861 3.99
    endloop
  endfacet
  facet normal -0 0 1
    outer loop
      vertex 36.094 -8.11498 3.99
      vertex 42.85 -18.85 3.99
      vertex 36.1 -8 3.99
    endloop
  endfacet
  facet normal 0 0 1
    outer loop
      vertex 38.85 22.85 3.99
      vertex 42.6542 20.0861 3.99
      vertex 42.5042 20.4769 3.99
    endloop
  endfacet
  facet normal -0 0 1
    outer loop
      vertex 36.076 -8.2287 3.99
      vertex 42.85 -18.85 3.99
      vertex 36.094 -8.11498 3.99
    endloop
  endfacet
  facet normal 0 0 1
    outer loop
      vertex 38.85 22.85 3.99
      vertex 42.5042 20.4769 3.99
      vertex 42.3141 20.85 3.99
    endloop
  endfacet
  facet normal -0 0 1
    outer loop
      vertex 36.0462 -8.33992 3.99
      vertex 42.85 -18.85 3.99
      vertex 36.076 -8.2287 3.99
    endloop
  endfacet
  facet normal 0 0 1
    outer loop
      vertex 38.85 22.85 3.99
      vertex 42.3141 20.85 3.99
      vertex 42.0861 21.2011 3.99
    endloop
  endfacet
  facet normal -0 0 1
    outer loop
      vertex 36.0049 -8.44741 3.99
      vertex 42.85 -18.85 3.99
      vertex 36.0462 -8.33992 3.99
    endloop
  endfacet
  facet normal 0 0 1
    outer loop
      vertex 38.85 22.85 3.99
      vertex 42.0861 21.2011 3.99
      vertex 41.8226 21.5265 3.99
    endloop
  endfacet
  facet normal -0 0 1
    outer loop
      vertex 35.9526 -8.55 3.99
      vertex 42.85 -18.85 3.99
      vertex 36.0049 -8.44741 3.99
    endloop
  endfacet
  facet normal 0 0 1
    outer loop
      vertex 38.85 22.85 3.99
      vertex 41.8226 21.5265 3.99
      vertex 41.5265 21.8226 3.99
    endloop
  endfacet
  facet normal -0 0 1
    outer loop
      vertex 35.8899 -8.64656 3.99
      vertex 42.85 -18.85 3.99
      vertex 35.9526 -8.55 3.99
    endloop
  endfacet
  facet normal 0 0 1
    outer loop
      vertex 38.85 22.85 3.99
      vertex 41.5265 21.8226 3.99
      vertex 41.2011 22.0861 3.99
    endloop
  endfacet
  facet normal -0 0 1
    outer loop
      vertex 35.8175 -8.73604 3.99
      vertex 42.85 -18.85 3.99
      vertex 35.8899 -8.64656 3.99
    endloop
  endfacet
  facet normal 0 0 1
    outer loop
      vertex 38.85 22.85 3.99
      vertex 41.2011 22.0861 3.99
      vertex 40.85 22.3141 3.99
    endloop
  endfacet
  facet normal -0 0 1
    outer loop
      vertex 35.736 -8.81746 3.99
      vertex 42.85 -18.85 3.99
      vertex 35.8175 -8.73604 3.99
    endloop
  endfacet
  facet normal 0 0 1
    outer loop
      vertex 38.85 22.85 3.99
      vertex 40.85 22.3141 3.99
      vertex 40.4769 22.5042 3.99
    endloop
  endfacet
  facet normal -0 0 1
    outer loop
      vertex 35.6466 -8.88992 3.99
      vertex 42.85 -18.85 3.99
      vertex 35.736 -8.81746 3.99
    endloop
  endfacet
  facet normal 0 0 1
    outer loop
      vertex 38.85 22.85 3.99
      vertex 40.4769 22.5042 3.99
      vertex 40.0861 22.6542 3.99
    endloop
  endfacet
  facet normal -0 0 1
    outer loop
      vertex 35.55 -8.95263 3.99
      vertex 42.85 -18.85 3.99
      vertex 35.6466 -8.88992 3.99
    endloop
  endfacet
  facet normal 0 0 1
    outer loop
      vertex 38.85 22.85 3.99
      vertex 40.0861 22.6542 3.99
      vertex 39.6816 22.7626 3.99
    endloop
  endfacet
  facet normal -0 0 1
    outer loop
      vertex 35.4474 -9.0049 3.99
      vertex 42.85 -18.85 3.99
      vertex 35.55 -8.95263 3.99
    endloop
  endfacet
  facet normal 0 0 1
    outer loop
      vertex 38.85 22.85 3.99
      vertex 39.6816 22.7626 3.99
      vertex 39.2681 22.8281 3.99
    endloop
  endfacet
  facet normal -0 0 1
    outer loop
      vertex 35.3399 -9.04616 3.99
      vertex 42.85 -18.85 3.99
      vertex 35.4474 -9.0049 3.99
    endloop
  endfacet
  facet normal 0 0 1
    outer loop
      vertex 35.115 9.09397 3.99
      vertex 42.85 18.85 3.99
      vertex 38.85 22.85 3.99
    endloop
  endfacet
  facet normal -0 0 1
    outer loop
      vertex 35.2287 -9.07596 3.99
      vertex 42.85 -18.85 3.99
      vertex 35.3399 -9.04616 3.99
    endloop
  endfacet
  facet normal -0 0 1
    outer loop
      vertex 35.115 -9.09397 3.99
      vertex 42.85 -18.85 3.99
      vertex 35.2287 -9.07596 3.99
    endloop
  endfacet
  facet normal 0 0 1
    outer loop
      vertex 42.85 18.85 3.99
      vertex 36.094 8.11498 3.99
      vertex 36.1 8 3.99
    endloop
  endfacet
  facet normal 0 0 1
    outer loop
      vertex 42.85 18.85 3.99
      vertex 36.076 8.2287 3.99
      vertex 36.094 8.11498 3.99
    endloop
  endfacet
  facet normal 0 0 1
    outer loop
      vertex 42.85 18.85 3.99
      vertex 36.0462 8.33992 3.99
      vertex 36.076 8.2287 3.99
    endloop
  endfacet
  facet normal 0 0 1
    outer loop
      vertex 42.85 18.85 3.99
      vertex 36.0049 8.44741 3.99
      vertex 36.0462 8.33992 3.99
    endloop
  endfacet
  facet normal 0 0 1
    outer loop
      vertex 42.85 18.85 3.99
      vertex 35.9526 8.55 3.99
      vertex 36.0049 8.44741 3.99
    endloop
  endfacet
  facet normal 0 0 1
    outer loop
      vertex 42.85 18.85 3.99
      vertex 35.8899 8.64656 3.99
      vertex 35.9526 8.55 3.99
    endloop
  endfacet
  facet normal 0 0 1
    outer loop
      vertex 42.85 18.85 3.99
      vertex 35.8175 8.73604 3.99
      vertex 35.8899 8.64656 3.99
    endloop
  endfacet
  facet normal 0 0 1
    outer loop
      vertex 42.85 18.85 3.99
      vertex 35.736 8.81746 3.99
      vertex 35.8175 8.73604 3.99
    endloop
  endfacet
  facet normal 0 0 1
    outer loop
      vertex 42.85 18.85 3.99
      vertex 35.6466 8.88992 3.99
      vertex 35.736 8.81746 3.99
    endloop
  endfacet
  facet normal 0 0 1
    outer loop
      vertex 42.85 18.85 3.99
      vertex 35.55 8.95263 3.99
      vertex 35.6466 8.88992 3.99
    endloop
  endfacet
  facet normal 0 0 1
    outer loop
      vertex 42.85 18.85 3.99
      vertex 35.4474 9.0049 3.99
      vertex 35.55 8.95263 3.99
    endloop
  endfacet
  facet normal 0 0 1
    outer loop
      vertex 42.85 18.85 3.99
      vertex 35.3399 9.04616 3.99
      vertex 35.4474 9.0049 3.99
    endloop
  endfacet
  facet normal 0 0 1
    outer loop
      vertex 42.85 18.85 3.99
      vertex 35.2287 9.07596 3.99
      vertex 35.3399 9.04616 3.99
    endloop
  endfacet
  facet normal 0 0 1
    outer loop
      vertex 42.85 18.85 3.99
      vertex 35.115 9.09397 3.99
      vertex 35.2287 9.07596 3.99
    endloop
  endfacet
  facet normal 0 0 1
    outer loop
      vertex 38.85 22.85 3.99
      vertex 35 9.1 3.99
      vertex 35.115 9.09397 3.99
    endloop
  endfacet
  facet normal 0 0 1
    outer loop
      vertex 38.85 22.85 3.99
      vertex 34.885 9.09397 3.99
      vertex 35 9.1 3.99
    endloop
  endfacet
  facet normal 0 0 1
    outer loop
      vertex 38.85 22.85 3.99
      vertex 34.7713 9.07596 3.99
      vertex 34.885 9.09397 3.99
    endloop
  endfacet
  facet normal 0 0 1
    outer loop
      vertex 38.85 22.85 3.99
      vertex 34.6601 9.04616 3.99
      vertex 34.7713 9.07596 3.99
    endloop
  endfacet
  facet normal 0 0 1
    outer loop
      vertex 38.85 22.85 3.99
      vertex 34.5526 9.0049 3.99
      vertex 34.6601 9.04616 3.99
    endloop
  endfacet
  facet normal 0 0 1
    outer loop
      vertex 38.85 22.85 3.99
      vertex 34.45 8.95263 3.99
      vertex 34.5526 9.0049 3.99
    endloop
  endfacet
  facet normal 0 0 1
    outer loop
      vertex 38.85 22.85 3.99
      vertex 34.3534 8.88992 3.99
      vertex 34.45 8.95263 3.99
    endloop
  endfacet
  facet normal 0 0 1
    outer loop
      vertex 38.85 22.85 3.99
      vertex 34.264 8.81746 3.99
      vertex 34.3534 8.88992 3.99
    endloop
  endfacet
  facet normal 0 0 1
    outer loop
      vertex 38.85 22.85 3.99
      vertex 34.1825 8.73604 3.99
      vertex 34.264 8.81746 3.99
    endloop
  endfacet
  facet normal 0 0 1
    outer loop
      vertex 38.85 22.85 3.99
      vertex 34.1101 8.64656 3.99
      vertex 34.1825 8.73604 3.99
    endloop
  endfacet
  facet normal 0 0 1
    outer loop
      vertex 38.85 22.85 3.99
      vertex 34.0474 8.55 3.99
      vertex 34.1101 8.64656 3.99
    endloop
  endfacet
  facet normal 0 0 1
    outer loop
      vertex -34.0474 8.55 3.99
      vertex 34.0474 8.55 3.99
      vertex 38.85 22.85 3.99
    endloop
  endfacet
  facet normal 0 0 1
    outer loop
      vertex 34.0474 8.55 3.99
      vertex -34.0474 8.55 3.99
      vertex 33.9951 8.44741 3.99
    endloop
  endfacet
  facet normal 0 0 1
    outer loop
      vertex 33.924 -7.7713 3.99
      vertex -33.9 -8 3.99
      vertex 33.906 -7.88502 3.99
    endloop
  endfacet
  facet normal 0 0 1
    outer loop
      vertex 33.906 8.11498 3.99
      vertex -33.9 8 3.99
      vertex 33.9 8 3.99
    endloop
  endfacet
  facet normal 0 0 1
    outer loop
      vertex -33.906 8.11498 3.99
      vertex 33.906 8.11498 3.99
      vertex 33.924 8.2287 3.99
    endloop
  endfacet
  facet normal 0 0 1
    outer loop
      vertex -33.924 8.2287 3.99
      vertex 33.924 8.2287 3.99
      vertex 33.9538 8.33992 3.99
    endloop
  endfacet
  facet normal 0 -0 1
    outer loop
      vertex -33.9951 8.44741 3.99
      vertex 33.9951 8.44741 3.99
      vertex -34.0474 8.55 3.99
    endloop
  endfacet
  facet normal 0 0 1
    outer loop
      vertex 33.906 8.11498 3.99
      vertex -33.906 8.11498 3.99
      vertex -33.9 8 3.99
    endloop
  endfacet
  facet normal 0 0 1
    outer loop
      vertex 33.924 8.2287 3.99
      vertex -33.924 8.2287 3.99
      vertex -33.906 8.11498 3.99
    endloop
  endfacet
  facet normal 0 0 1
    outer loop
      vertex 33.9538 8.33992 3.99
      vertex -33.9538 8.33992 3.99
      vertex -33.924 8.2287 3.99
    endloop
  endfacet
  facet normal 0 0 1
    outer loop
      vertex 33.9538 8.33992 3.99
      vertex -33.9951 8.44741 3.99
      vertex -33.9538 8.33992 3.99
    endloop
  endfacet
  facet normal 0 0 1
    outer loop
      vertex 33.9951 8.44741 3.99
      vertex -33.9951 8.44741 3.99
      vertex 33.9538 8.33992 3.99
    endloop
  endfacet
  facet normal -0 0 1
    outer loop
      vertex -38.85 22.85 3.99
      vertex -34.0474 8.55 3.99
      vertex 38.85 22.85 3.99
    endloop
  endfacet
  facet normal 0 0 1
    outer loop
      vertex -34.0474 8.55 3.99
      vertex -38.85 22.85 3.99
      vertex -34.1101 8.64656 3.99
    endloop
  endfacet
  facet normal 0 0 1
    outer loop
      vertex -34.1101 8.64656 3.99
      vertex -38.85 22.85 3.99
      vertex -34.1825 8.73604 3.99
    endloop
  endfacet
  facet normal 0 0 1
    outer loop
      vertex -34.1825 8.73604 3.99
      vertex -38.85 22.85 3.99
      vertex -34.264 8.81746 3.99
    endloop
  endfacet
  facet normal 0 0 1
    outer loop
      vertex -34.264 8.81746 3.99
      vertex -38.85 22.85 3.99
      vertex -34.3534 8.88992 3.99
    endloop
  endfacet
  facet normal 0 0 1
    outer loop
      vertex -34.3534 8.88992 3.99
      vertex -38.85 22.85 3.99
      vertex -34.45 8.95263 3.99
    endloop
  endfacet
  facet normal 0 0 1
    outer loop
      vertex -34.45 8.95263 3.99
      vertex -38.85 22.85 3.99
      vertex -34.5526 9.0049 3.99
    endloop
  endfacet
  facet normal 0 0 1
    outer loop
      vertex -34.5526 9.0049 3.99
      vertex -38.85 22.85 3.99
      vertex -34.6601 9.04616 3.99
    endloop
  endfacet
  facet normal 0 0 1
    outer loop
      vertex -34.6601 9.04616 3.99
      vertex -38.85 22.85 3.99
      vertex -34.7713 9.07596 3.99
    endloop
  endfacet
  facet normal 0 0 1
    outer loop
      vertex -34.7713 9.07596 3.99
      vertex -38.85 22.85 3.99
      vertex -34.885 9.09397 3.99
    endloop
  endfacet
  facet normal 0 0 1
    outer loop
      vertex -34.885 9.09397 3.99
      vertex -38.85 22.85 3.99
      vertex -35 9.1 3.99
    endloop
  endfacet
  facet normal 0 0 1
    outer loop
      vertex -35 9.1 3.99
      vertex -38.85 22.85 3.99
      vertex -35.115 9.09397 3.99
    endloop
  endfacet
  facet normal 0 0 1
    outer loop
      vertex -36.094 8.11498 3.99
      vertex -42.85 18.85 3.99
      vertex -36.1 8 3.99
    endloop
  endfacet
  facet normal 0 0 1
    outer loop
      vertex -36.076 8.2287 3.99
      vertex -42.85 18.85 3.99
      vertex -36.094 8.11498 3.99
    endloop
  endfacet
  facet normal 0 0 1
    outer loop
      vertex -36.0462 8.33992 3.99
      vertex -42.85 18.85 3.99
      vertex -36.076 8.2287 3.99
    endloop
  endfacet
  facet normal 0 0 1
    outer loop
      vertex -36.0049 8.44741 3.99
      vertex -42.85 18.85 3.99
      vertex -36.0462 8.33992 3.99
    endloop
  endfacet
  facet normal 0 0 1
    outer loop
      vertex -35.9526 8.55 3.99
      vertex -42.85 18.85 3.99
      vertex -36.0049 8.44741 3.99
    endloop
  endfacet
  facet normal 0 0 1
    outer loop
      vertex -35.8899 8.64656 3.99
      vertex -42.85 18.85 3.99
      vertex -35.9526 8.55 3.99
    endloop
  endfacet
  facet normal 0 0 1
    outer loop
      vertex -35.8175 8.73604 3.99
      vertex -42.85 18.85 3.99
      vertex -35.8899 8.64656 3.99
    endloop
  endfacet
  facet normal 0 0 1
    outer loop
      vertex -35.736 8.81746 3.99
      vertex -42.85 18.85 3.99
      vertex -35.8175 8.73604 3.99
    endloop
  endfacet
  facet normal 0 0 1
    outer loop
      vertex -35.6466 8.88992 3.99
      vertex -42.85 18.85 3.99
      vertex -35.736 8.81746 3.99
    endloop
  endfacet
  facet normal 0 0 1
    outer loop
      vertex -35.55 8.95263 3.99
      vertex -42.85 18.85 3.99
      vertex -35.6466 8.88992 3.99
    endloop
  endfacet
  facet normal 0 0 1
    outer loop
      vertex -35.4474 9.0049 3.99
      vertex -42.85 18.85 3.99
      vertex -35.55 8.95263 3.99
    endloop
  endfacet
  facet normal 0 0 1
    outer loop
      vertex -35.3399 9.04616 3.99
      vertex -42.85 18.85 3.99
      vertex -35.4474 9.0049 3.99
    endloop
  endfacet
  facet normal 0 0 1
    outer loop
      vertex -35.2287 9.07596 3.99
      vertex -42.85 18.85 3.99
      vertex -35.3399 9.04616 3.99
    endloop
  endfacet
  facet normal 0 0 1
    outer loop
      vertex -35.115 9.09397 3.99
      vertex -42.85 18.85 3.99
      vertex -35.2287 9.07596 3.99
    endloop
  endfacet
  facet normal -0 0 1
    outer loop
      vertex -42.85 18.85 3.99
      vertex -35.115 9.09397 3.99
      vertex -38.85 22.85 3.99
    endloop
  endfacet
  facet normal 0 0 1
    outer loop
      vertex 42.85 -18.85 3.99
      vertex 38.85 -22.85 3.99
      vertex 42.8281 -19.2681 3.99
    endloop
  endfacet
  facet normal 0 0 1
    outer loop
      vertex 42.8281 -19.2681 3.99
      vertex 38.85 -22.85 3.99
      vertex 42.7626 -19.6816 3.99
    endloop
  endfacet
  facet normal 0 0 1
    outer loop
      vertex 42.7626 -19.6816 3.99
      vertex 38.85 -22.85 3.99
      vertex 42.6542 -20.0861 3.99
    endloop
  endfacet
  facet normal 0 0 1
    outer loop
      vertex 42.5042 -20.4769 3.99
      vertex 38.85 -22.85 3.99
      vertex 42.3141 -20.85 3.99
    endloop
  endfacet
  facet normal 0 0 1
    outer loop
      vertex 42.3141 -20.85 3.99
      vertex 38.85 -22.85 3.99
      vertex 42.0861 -21.2011 3.99
    endloop
  endfacet
  facet normal 0 0 1
    outer loop
      vertex 42.0861 -21.2011 3.99
      vertex 38.85 -22.85 3.99
      vertex 41.8226 -21.5265 3.99
    endloop
  endfacet
  facet normal 0 0 1
    outer loop
      vertex 41.8226 -21.5265 3.99
      vertex 38.85 -22.85 3.99
      vertex 41.5265 -21.8226 3.99
    endloop
  endfacet
  facet normal 0 0 1
    outer loop
      vertex 41.2011 -22.0861 3.99
      vertex 38.85 -22.85 3.99
      vertex 40.85 -22.3141 3.99
    endloop
  endfacet
  facet normal 0 0 1
    outer loop
      vertex 40.85 -22.3141 3.99
      vertex 38.85 -22.85 3.99
      vertex 40.4769 -22.5042 3.99
    endloop
  endfacet
  facet normal 0 0 1
    outer loop
      vertex 40.4769 -22.5042 3.99
      vertex 38.85 -22.85 3.99
      vertex 40.0861 -22.6542 3.99
    endloop
  endfacet
  facet normal 0 0 1
    outer loop
      vertex 40.0861 -22.6542 3.99
      vertex 38.85 -22.85 3.99
      vertex 39.6816 -22.7626 3.99
    endloop
  endfacet
  facet normal 0 0 1
    outer loop
      vertex 39.6816 -22.7626 3.99
      vertex 38.85 -22.85 3.99
      vertex 39.2681 -22.8281 3.99
    endloop
  endfacet
  facet normal 0 0 1
    outer loop
      vertex 41.5265 -21.8226 3.99
      vertex 38.85 -22.85 3.99
      vertex 41.2011 -22.0861 3.99
    endloop
  endfacet
  facet normal 0 0 1
    outer loop
      vertex 42.6542 -20.0861 3.99
      vertex 38.85 -22.85 3.99
      vertex 42.5042 -20.4769 3.99
    endloop
  endfacet
  facet normal 0 0 1
    outer loop
      vertex 42.85 -18.85 3.99
      vertex 35.115 -9.09397 3.99
      vertex 38.85 -22.85 3.99
    endloop
  endfacet
  facet normal -0 0 1
    outer loop
      vertex 35 -9.1 3.99
      vertex 38.85 -22.85 3.99
      vertex 35.115 -9.09397 3.99
    endloop
  endfacet
  facet normal 0 0 1
    outer loop
      vertex 34.885 -9.09397 3.99
      vertex 38.85 -22.85 3.99
      vertex 35 -9.1 3.99
    endloop
  endfacet
  facet normal 0 0 1
    outer loop
      vertex 34.7713 -9.07596 3.99
      vertex 38.85 -22.85 3.99
      vertex 34.885 -9.09397 3.99
    endloop
  endfacet
  facet normal 0 0 1
    outer loop
      vertex 34.6601 -9.04616 3.99
      vertex 38.85 -22.85 3.99
      vertex 34.7713 -9.07596 3.99
    endloop
  endfacet
  facet normal 0 0 1
    outer loop
      vertex 34.5526 -9.0049 3.99
      vertex 38.85 -22.85 3.99
      vertex 34.6601 -9.04616 3.99
    endloop
  endfacet
  facet normal 0 0 1
    outer loop
      vertex 34.45 -8.95263 3.99
      vertex 38.85 -22.85 3.99
      vertex 34.5526 -9.0049 3.99
    endloop
  endfacet
  facet normal 0 0 1
    outer loop
      vertex 34.3534 -8.88992 3.99
      vertex 38.85 -22.85 3.99
      vertex 34.45 -8.95263 3.99
    endloop
  endfacet
  facet normal 0 0 1
    outer loop
      vertex 34.264 -8.81746 3.99
      vertex 38.85 -22.85 3.99
      vertex 34.3534 -8.88992 3.99
    endloop
  endfacet
  facet normal 0 0 1
    outer loop
      vertex 34.1825 -8.73604 3.99
      vertex 38.85 -22.85 3.99
      vertex 34.264 -8.81746 3.99
    endloop
  endfacet
  facet normal 0 0 1
    outer loop
      vertex 34.1101 -8.64656 3.99
      vertex 38.85 -22.85 3.99
      vertex 34.1825 -8.73604 3.99
    endloop
  endfacet
  facet normal 0 0 1
    outer loop
      vertex 34.0474 -8.55 3.99
      vertex 38.85 -22.85 3.99
      vertex 34.1101 -8.64656 3.99
    endloop
  endfacet
  facet normal 0 0 1
    outer loop
      vertex -34.0474 -8.55 3.99
      vertex 34.0474 -8.55 3.99
      vertex 33.9951 -8.44741 3.99
    endloop
  endfacet
  facet normal 0 0 1
    outer loop
      vertex -33.9951 -8.44741 3.99
      vertex 33.9951 -8.44741 3.99
      vertex 33.9538 -8.33992 3.99
    endloop
  endfacet
  facet normal 0 0 1
    outer loop
      vertex 33.906 -7.88502 3.99
      vertex -33.9 -8 3.99
      vertex 33.9 -8 3.99
    endloop
  endfacet
  facet normal 0 0 1
    outer loop
      vertex 33.9 -8 3.99
      vertex -33.9 -8 3.99
      vertex 33.906 -8.11498 3.99
    endloop
  endfacet
  facet normal 0 0 1
    outer loop
      vertex -33.906 -8.11498 3.99
      vertex 33.906 -8.11498 3.99
      vertex -33.9 -8 3.99
    endloop
  endfacet
  facet normal 0 0 1
    outer loop
      vertex 33.906 -8.11498 3.99
      vertex -33.906 -8.11498 3.99
      vertex 33.924 -8.2287 3.99
    endloop
  endfacet
  facet normal 0 0 1
    outer loop
      vertex -33.924 -8.2287 3.99
      vertex 33.924 -8.2287 3.99
      vertex -33.906 -8.11498 3.99
    endloop
  endfacet
  facet normal 0 0 1
    outer loop
      vertex 33.924 -8.2287 3.99
      vertex -33.924 -8.2287 3.99
      vertex 33.9538 -8.33992 3.99
    endloop
  endfacet
  facet normal 0 0 1
    outer loop
      vertex -33.9538 -8.33992 3.99
      vertex 33.9538 -8.33992 3.99
      vertex -33.924 -8.2287 3.99
    endloop
  endfacet
  facet normal 0 0 1
    outer loop
      vertex -33.9951 -8.44741 3.99
      vertex 33.9538 -8.33992 3.99
      vertex -33.9538 -8.33992 3.99
    endloop
  endfacet
  facet normal 0 0 1
    outer loop
      vertex 33.9951 -8.44741 3.99
      vertex -33.9951 -8.44741 3.99
      vertex -34.0474 -8.55 3.99
    endloop
  endfacet
  facet normal 0 0 1
    outer loop
      vertex 34.0474 -8.55 3.99
      vertex -34.0474 -8.55 3.99
      vertex 38.85 -22.85 3.99
    endloop
  endfacet
  facet normal 0 0 1
    outer loop
      vertex -38.85 -22.85 3.99
      vertex -34.0474 -8.55 3.99
      vertex -34.1101 -8.64656 3.99
    endloop
  endfacet
  facet normal 0 0 1
    outer loop
      vertex -38.85 -22.85 3.99
      vertex -34.1101 -8.64656 3.99
      vertex -34.1825 -8.73604 3.99
    endloop
  endfacet
  facet normal 0 0 1
    outer loop
      vertex -38.85 -22.85 3.99
      vertex -34.1825 -8.73604 3.99
      vertex -34.264 -8.81746 3.99
    endloop
  endfacet
  facet normal 0 0 1
    outer loop
      vertex -38.85 -22.85 3.99
      vertex -34.264 -8.81746 3.99
      vertex -34.3534 -8.88992 3.99
    endloop
  endfacet
  facet normal 0 0 1
    outer loop
      vertex -38.85 -22.85 3.99
      vertex -34.3534 -8.88992 3.99
      vertex -34.45 -8.95263 3.99
    endloop
  endfacet
  facet normal 0 0 1
    outer loop
      vertex -38.85 -22.85 3.99
      vertex -34.45 -8.95263 3.99
      vertex -34.5526 -9.0049 3.99
    endloop
  endfacet
  facet normal 0 0 1
    outer loop
      vertex -38.85 -22.85 3.99
      vertex -34.5526 -9.0049 3.99
      vertex -34.6601 -9.04616 3.99
    endloop
  endfacet
  facet normal 0 0 1
    outer loop
      vertex -38.85 -22.85 3.99
      vertex -34.6601 -9.04616 3.99
      vertex -34.7713 -9.07596 3.99
    endloop
  endfacet
  facet normal 0 0 1
    outer loop
      vertex -38.85 -22.85 3.99
      vertex -34.7713 -9.07596 3.99
      vertex -34.885 -9.09397 3.99
    endloop
  endfacet
  facet normal 0 0 1
    outer loop
      vertex -38.85 -22.85 3.99
      vertex -34.885 -9.09397 3.99
      vertex -35 -9.1 3.99
    endloop
  endfacet
  facet normal 0 0 1
    outer loop
      vertex -38.85 -22.85 3.99
      vertex -35 -9.1 3.99
      vertex -35.115 -9.09397 3.99
    endloop
  endfacet
  facet normal 0 0 1
    outer loop
      vertex -42.85 -18.85 3.99
      vertex -35.115 -9.09397 3.99
      vertex -35.2287 -9.07596 3.99
    endloop
  endfacet
  facet normal 0 0 1
    outer loop
      vertex -36.076 -7.7713 3.99
      vertex -42.85 -18.85 3.99
      vertex -36.094 -7.88502 3.99
    endloop
  endfacet
  facet normal 0 0 1
    outer loop
      vertex -34.0474 -8.55 3.99
      vertex -38.85 -22.85 3.99
      vertex 38.85 -22.85 3.99
    endloop
  endfacet
  facet normal 0 0 1
    outer loop
      vertex -42.85 -18.85 3.99
      vertex -35.2287 -9.07596 3.99
      vertex -35.3399 -9.04616 3.99
    endloop
  endfacet
  facet normal 0 0 1
    outer loop
      vertex -42.85 -18.85 3.99
      vertex -35.3399 -9.04616 3.99
      vertex -35.4474 -9.0049 3.99
    endloop
  endfacet
  facet normal 0 0 1
    outer loop
      vertex -42.85 -18.85 3.99
      vertex -35.4474 -9.0049 3.99
      vertex -35.55 -8.95263 3.99
    endloop
  endfacet
  facet normal 0 0 1
    outer loop
      vertex -42.85 -18.85 3.99
      vertex -35.55 -8.95263 3.99
      vertex -35.6466 -8.88992 3.99
    endloop
  endfacet
  facet normal 0 0 1
    outer loop
      vertex -42.85 -18.85 3.99
      vertex -35.6466 -8.88992 3.99
      vertex -35.736 -8.81746 3.99
    endloop
  endfacet
  facet normal 0 0 1
    outer loop
      vertex -42.85 -18.85 3.99
      vertex -35.736 -8.81746 3.99
      vertex -35.8175 -8.73604 3.99
    endloop
  endfacet
  facet normal 0 0 1
    outer loop
      vertex -42.85 -18.85 3.99
      vertex -35.8175 -8.73604 3.99
      vertex -35.8899 -8.64656 3.99
    endloop
  endfacet
  facet normal 0 0 1
    outer loop
      vertex -42.85 -18.85 3.99
      vertex -35.8899 -8.64656 3.99
      vertex -35.9526 -8.55 3.99
    endloop
  endfacet
  facet normal 0 0 1
    outer loop
      vertex -42.85 -18.85 3.99
      vertex -35.9526 -8.55 3.99
      vertex -36.0049 -8.44741 3.99
    endloop
  endfacet
  facet normal 0 0 1
    outer loop
      vertex -42.85 -18.85 3.99
      vertex -36.0049 -8.44741 3.99
      vertex -36.0462 -8.33992 3.99
    endloop
  endfacet
  facet normal 0 0 1
    outer loop
      vertex -42.85 -18.85 3.99
      vertex -36.0462 -8.33992 3.99
      vertex -36.076 -8.2287 3.99
    endloop
  endfacet
  facet normal 0 0 1
    outer loop
      vertex -42.85 -18.85 3.99
      vertex -36.076 -8.2287 3.99
      vertex -36.094 -8.11498 3.99
    endloop
  endfacet
  facet normal 0 0 1
    outer loop
      vertex -36.094 -7.88502 3.99
      vertex -42.85 -18.85 3.99
      vertex -36.1 -8 3.99
    endloop
  endfacet
  facet normal 0 0 1
    outer loop
      vertex -42.85 18.85 3.99
      vertex -38.85 22.85 3.99
      vertex -39.2681 22.8281 3.99
    endloop
  endfacet
  facet normal 0 0 1
    outer loop
      vertex -36.1 -8 3.99
      vertex -42.85 -18.85 3.99
      vertex -36.094 -8.11498 3.99
    endloop
  endfacet
  facet normal 0 0 1
    outer loop
      vertex -42.85 18.85 3.99
      vertex -39.2681 22.8281 3.99
      vertex -39.6816 22.7626 3.99
    endloop
  endfacet
  facet normal 0 0 1
    outer loop
      vertex -35.115 -9.09397 3.99
      vertex -42.85 -18.85 3.99
      vertex -38.85 -22.85 3.99
    endloop
  endfacet
  facet normal 0 0 1
    outer loop
      vertex -42.85 18.85 3.99
      vertex -39.6816 22.7626 3.99
      vertex -40.0861 22.6542 3.99
    endloop
  endfacet
  facet normal 0 0 1
    outer loop
      vertex -38.85 -22.85 3.99
      vertex -42.85 -18.85 3.99
      vertex -39.2681 -22.8281 3.99
    endloop
  endfacet
  facet normal 0 0 1
    outer loop
      vertex -42.85 18.85 3.99
      vertex -40.0861 22.6542 3.99
      vertex -40.4769 22.5042 3.99
    endloop
  endfacet
  facet normal 0 0 1
    outer loop
      vertex -39.2681 -22.8281 3.99
      vertex -42.85 -18.85 3.99
      vertex -39.6816 -22.7626 3.99
    endloop
  endfacet
  facet normal 0 0 1
    outer loop
      vertex -42.85 18.85 3.99
      vertex -40.4769 22.5042 3.99
      vertex -40.85 22.3141 3.99
    endloop
  endfacet
  facet normal 0 0 1
    outer loop
      vertex -39.6816 -22.7626 3.99
      vertex -42.85 -18.85 3.99
      vertex -40.0861 -22.6542 3.99
    endloop
  endfacet
  facet normal 0 0 1
    outer loop
      vertex -42.85 18.85 3.99
      vertex -40.85 22.3141 3.99
      vertex -41.2011 22.0861 3.99
    endloop
  endfacet
  facet normal 0 0 1
    outer loop
      vertex -40.0861 -22.6542 3.99
      vertex -42.85 -18.85 3.99
      vertex -40.4769 -22.5042 3.99
    endloop
  endfacet
  facet normal 0 0 1
    outer loop
      vertex -42.85 18.85 3.99
      vertex -41.2011 22.0861 3.99
      vertex -41.5265 21.8226 3.99
    endloop
  endfacet
  facet normal 0 0 1
    outer loop
      vertex -40.4769 -22.5042 3.99
      vertex -42.85 -18.85 3.99
      vertex -40.85 -22.3141 3.99
    endloop
  endfacet
  facet normal 0 0 1
    outer loop
      vertex -42.85 18.85 3.99
      vertex -41.5265 21.8226 3.99
      vertex -41.8226 21.5265 3.99
    endloop
  endfacet
  facet normal 0 0 1
    outer loop
      vertex -40.85 -22.3141 3.99
      vertex -42.85 -18.85 3.99
      vertex -41.2011 -22.0861 3.99
    endloop
  endfacet
  facet normal 0 0 1
    outer loop
      vertex -42.85 18.85 3.99
      vertex -41.8226 21.5265 3.99
      vertex -42.0861 21.2011 3.99
    endloop
  endfacet
  facet normal 0 0 1
    outer loop
      vertex -41.2011 -22.0861 3.99
      vertex -42.85 -18.85 3.99
      vertex -41.5265 -21.8226 3.99
    endloop
  endfacet
  facet normal 0 0 1
    outer loop
      vertex -42.85 18.85 3.99
      vertex -42.0861 21.2011 3.99
      vertex -42.3141 20.85 3.99
    endloop
  endfacet
  facet normal 0 0 1
    outer loop
      vertex -41.5265 -21.8226 3.99
      vertex -42.85 -18.85 3.99
      vertex -41.8226 -21.5265 3.99
    endloop
  endfacet
  facet normal 0 0 1
    outer loop
      vertex -42.85 18.85 3.99
      vertex -42.3141 20.85 3.99
      vertex -42.5042 20.4769 3.99
    endloop
  endfacet
  facet normal 0 0 1
    outer loop
      vertex -41.8226 -21.5265 3.99
      vertex -42.85 -18.85 3.99
      vertex -42.0861 -21.2011 3.99
    endloop
  endfacet
  facet normal 0 0 1
    outer loop
      vertex -42.85 18.85 3.99
      vertex -42.5042 20.4769 3.99
      vertex -42.6542 20.0861 3.99
    endloop
  endfacet
  facet normal 0 0 1
    outer loop
      vertex -42.0861 -21.2011 3.99
      vertex -42.85 -18.85 3.99
      vertex -42.3141 -20.85 3.99
    endloop
  endfacet
  facet normal 0 0 1
    outer loop
      vertex -42.85 18.85 3.99
      vertex -42.6542 20.0861 3.99
      vertex -42.7626 19.6816 3.99
    endloop
  endfacet
  facet normal 0 0 1
    outer loop
      vertex -42.3141 -20.85 3.99
      vertex -42.85 -18.85 3.99
      vertex -42.5042 -20.4769 3.99
    endloop
  endfacet
  facet normal 0 0 1
    outer loop
      vertex -42.85 18.85 3.99
      vertex -42.7626 19.6816 3.99
      vertex -42.8281 19.2681 3.99
    endloop
  endfacet
  facet normal 0 0 1
    outer loop
      vertex -42.5042 -20.4769 3.99
      vertex -42.85 -18.85 3.99
      vertex -42.6542 -20.0861 3.99
    endloop
  endfacet
  facet normal 0 0 1
    outer loop
      vertex -42.6542 -20.0861 3.99
      vertex -42.85 -18.85 3.99
      vertex -42.7626 -19.6816 3.99
    endloop
  endfacet
  facet normal 0 0 1
    outer loop
      vertex -42.7626 -19.6816 3.99
      vertex -42.85 -18.85 3.99
      vertex -42.8281 -19.2681 3.99
    endloop
  endfacet
  facet normal 0.89101 -0.453983 0
    outer loop
      vertex 42.3141 -20.85 3.99
      vertex 42.5042 -20.4769 2.5
      vertex 42.5042 -20.4769 3.99
    endloop
  endfacet
  facet normal 0.89101 -0.453983 0
    outer loop
      vertex 42.5042 -20.4769 2.5
      vertex 42.3141 -20.85 3.99
      vertex 42.3141 -20.85 2.5
    endloop
  endfacet
  facet normal -0.358339 0.933592 0
    outer loop
      vertex -40.0861 22.6542 2.5
      vertex -40.4769 22.5042 3.99
      vertex -40.0861 22.6542 3.99
    endloop
  endfacet
  facet normal -0.358339 0.933592 0
    outer loop
      vertex -40.4769 22.5042 3.99
      vertex -40.0861 22.6542 2.5
      vertex -40.4769 22.5042 2.5
    endloop
  endfacet
  facet normal -0.544627 -0.838678 0
    outer loop
      vertex -41.2011 -22.0861 2.5
      vertex -40.85 -22.3141 3.99
      vertex -41.2011 -22.0861 3.99
    endloop
  endfacet
  facet normal -0.544627 -0.838678 -0
    outer loop
      vertex -40.85 -22.3141 3.99
      vertex -41.2011 -22.0861 2.5
      vertex -40.85 -22.3141 2.5
    endloop
  endfacet
  facet normal -0.987685 -0.156453 0
    outer loop
      vertex -42.7626 -19.6816 2.5
      vertex -42.8281 -19.2681 3.99
      vertex -42.8281 -19.2681 2.5
    endloop
  endfacet
  facet normal -0.987685 -0.156453 0
    outer loop
      vertex -42.8281 -19.2681 3.99
      vertex -42.7626 -19.6816 2.5
      vertex -42.7626 -19.6816 3.99
    endloop
  endfacet
  facet normal 0.838678 0.544627 0
    outer loop
      vertex 42.3141 20.85 3.99
      vertex 42.0861 21.2011 2.5
      vertex 42.0861 21.2011 3.99
    endloop
  endfacet
  facet normal 0.838678 0.544627 0
    outer loop
      vertex 42.0861 21.2011 2.5
      vertex 42.3141 20.85 3.99
      vertex 42.3141 20.85 2.5
    endloop
  endfacet
  facet normal -0.629315 0.77715 0
    outer loop
      vertex -41.2011 22.0861 2.5
      vertex -41.5265 21.8226 3.99
      vertex -41.2011 22.0861 3.99
    endloop
  endfacet
  facet normal -0.629315 0.77715 0
    outer loop
      vertex -41.5265 21.8226 3.99
      vertex -41.2011 22.0861 2.5
      vertex -41.5265 21.8226 2.5
    endloop
  endfacet
  facet normal 0.965917 0.258851 0
    outer loop
      vertex 42.7626 19.6816 3.99
      vertex 42.6542 20.0861 2.5
      vertex 42.6542 20.0861 3.99
    endloop
  endfacet
  facet normal 0.965917 0.258851 0
    outer loop
      vertex 42.6542 20.0861 2.5
      vertex 42.7626 19.6816 3.99
      vertex 42.7626 19.6816 2.5
    endloop
  endfacet
  facet normal -0.965917 0.258851 0
    outer loop
      vertex -42.7626 19.6816 2.5
      vertex -42.6542 20.0861 3.99
      vertex -42.6542 20.0861 2.5
    endloop
  endfacet
  facet normal -0.965917 0.258851 0
    outer loop
      vertex -42.6542 20.0861 3.99
      vertex -42.7626 19.6816 2.5
      vertex -42.7626 19.6816 3.99
    endloop
  endfacet
  facet normal 0.358339 0.933592 -0
    outer loop
      vertex 40.4769 22.5042 2.5
      vertex 40.0861 22.6542 3.99
      vertex 40.4769 22.5042 3.99
    endloop
  endfacet
  facet normal 0.358339 0.933592 0
    outer loop
      vertex 40.0861 22.6542 3.99
      vertex 40.4769 22.5042 2.5
      vertex 40.0861 22.6542 2.5
    endloop
  endfacet
  facet normal 0.544627 0.838678 -0
    outer loop
      vertex 41.2011 22.0861 2.5
      vertex 40.85 22.3141 3.99
      vertex 41.2011 22.0861 3.99
    endloop
  endfacet
  facet normal 0.544627 0.838678 0
    outer loop
      vertex 40.85 22.3141 3.99
      vertex 41.2011 22.0861 2.5
      vertex 40.85 22.3141 2.5
    endloop
  endfacet
  facet normal 0.156453 0.987685 -0
    outer loop
      vertex 39.6816 22.7626 2.5
      vertex 39.2681 22.8281 3.99
      vertex 39.6816 22.7626 3.99
    endloop
  endfacet
  facet normal 0.156453 0.987685 0
    outer loop
      vertex 39.2681 22.8281 3.99
      vertex 39.6816 22.7626 2.5
      vertex 39.2681 22.8281 2.5
    endloop
  endfacet
  facet normal -0.987685 0.156453 0
    outer loop
      vertex -42.8281 19.2681 2.5
      vertex -42.7626 19.6816 3.99
      vertex -42.7626 19.6816 2.5
    endloop
  endfacet
  facet normal -0.987685 0.156453 0
    outer loop
      vertex -42.7626 19.6816 3.99
      vertex -42.8281 19.2681 2.5
      vertex -42.8281 19.2681 3.99
    endloop
  endfacet
  facet normal 0.544627 -0.838678 0
    outer loop
      vertex 40.85 -22.3141 2.5
      vertex 41.2011 -22.0861 3.99
      vertex 40.85 -22.3141 3.99
    endloop
  endfacet
  facet normal 0.544627 -0.838678 0
    outer loop
      vertex 41.2011 -22.0861 3.99
      vertex 40.85 -22.3141 2.5
      vertex 41.2011 -22.0861 2.5
    endloop
  endfacet
  facet normal 0.987685 0.156453 0
    outer loop
      vertex 42.8281 19.2681 3.99
      vertex 42.7626 19.6816 2.5
      vertex 42.7626 19.6816 3.99
    endloop
  endfacet
  facet normal 0.987685 0.156453 0
    outer loop
      vertex 42.7626 19.6816 2.5
      vertex 42.8281 19.2681 3.99
      vertex 42.8281 19.2681 2.5
    endloop
  endfacet
  facet normal -0.933592 -0.358339 0
    outer loop
      vertex -42.5042 -20.4769 2.5
      vertex -42.6542 -20.0861 3.99
      vertex -42.6542 -20.0861 2.5
    endloop
  endfacet
  facet normal -0.933592 -0.358339 0
    outer loop
      vertex -42.6542 -20.0861 3.99
      vertex -42.5042 -20.4769 2.5
      vertex -42.5042 -20.4769 3.99
    endloop
  endfacet
  facet normal -0.838678 -0.544627 0
    outer loop
      vertex -42.0861 -21.2011 2.5
      vertex -42.3141 -20.85 3.99
      vertex -42.3141 -20.85 2.5
    endloop
  endfacet
  facet normal -0.838678 -0.544627 0
    outer loop
      vertex -42.3141 -20.85 3.99
      vertex -42.0861 -21.2011 2.5
      vertex -42.0861 -21.2011 3.99
    endloop
  endfacet
  facet normal 0.89101 0.453983 0
    outer loop
      vertex 42.5042 20.4769 3.99
      vertex 42.3141 20.85 2.5
      vertex 42.3141 20.85 3.99
    endloop
  endfacet
  facet normal 0.89101 0.453983 0
    outer loop
      vertex 42.3141 20.85 2.5
      vertex 42.5042 20.4769 3.99
      vertex 42.5042 20.4769 2.5
    endloop
  endfacet
  facet normal -0.77715 -0.629315 0
    outer loop
      vertex -41.8226 -21.5265 2.5
      vertex -42.0861 -21.2011 3.99
      vertex -42.0861 -21.2011 2.5
    endloop
  endfacet
  facet normal -0.77715 -0.629315 0
    outer loop
      vertex -42.0861 -21.2011 3.99
      vertex -41.8226 -21.5265 2.5
      vertex -41.8226 -21.5265 3.99
    endloop
  endfacet
  facet normal 0.629315 -0.77715 0
    outer loop
      vertex 41.2011 -22.0861 2.5
      vertex 41.5265 -21.8226 3.99
      vertex 41.2011 -22.0861 3.99
    endloop
  endfacet
  facet normal 0.629315 -0.77715 0
    outer loop
      vertex 41.5265 -21.8226 3.99
      vertex 41.2011 -22.0861 2.5
      vertex 41.5265 -21.8226 2.5
    endloop
  endfacet
  facet normal 0.998631 -0.0523081 0
    outer loop
      vertex 42.8281 -19.2681 3.99
      vertex 42.85 -18.85 2.5
      vertex 42.85 -18.85 3.99
    endloop
  endfacet
  facet normal 0.998631 -0.0523081 0
    outer loop
      vertex 42.85 -18.85 2.5
      vertex 42.8281 -19.2681 3.99
      vertex 42.8281 -19.2681 2.5
    endloop
  endfacet
  facet normal 0.629315 0.77715 -0
    outer loop
      vertex 41.5265 21.8226 2.5
      vertex 41.2011 22.0861 3.99
      vertex 41.5265 21.8226 3.99
    endloop
  endfacet
  facet normal 0.629315 0.77715 0
    outer loop
      vertex 41.2011 22.0861 3.99
      vertex 41.5265 21.8226 2.5
      vertex 41.2011 22.0861 2.5
    endloop
  endfacet
  facet normal 0.933592 0.358339 0
    outer loop
      vertex 42.6542 20.0861 3.99
      vertex 42.5042 20.4769 2.5
      vertex 42.5042 20.4769 3.99
    endloop
  endfacet
  facet normal 0.933592 0.358339 0
    outer loop
      vertex 42.5042 20.4769 2.5
      vertex 42.6542 20.0861 3.99
      vertex 42.6542 20.0861 2.5
    endloop
  endfacet
  facet normal 0.453983 -0.89101 0
    outer loop
      vertex 40.4769 -22.5042 2.5
      vertex 40.85 -22.3141 3.99
      vertex 40.4769 -22.5042 3.99
    endloop
  endfacet
  facet normal 0.453983 -0.89101 0
    outer loop
      vertex 40.85 -22.3141 3.99
      vertex 40.4769 -22.5042 2.5
      vertex 40.85 -22.3141 2.5
    endloop
  endfacet
  facet normal 0.629663 -0.776868 0
    outer loop
      vertex 34.264 8.81746 1
      vertex 34.3534 8.88992 3.99
      vertex 34.264 8.81746 3.99
    endloop
  endfacet
  facet normal 0.629663 -0.776868 0
    outer loop
      vertex 34.3534 8.88992 3.99
      vertex 34.264 8.81746 1
      vertex 34.3534 8.88992 1
    endloop
  endfacet
  facet normal -0.987704 -0.156337 0
    outer loop
      vertex 36.094 8.11498 0.999999
      vertex 36.076 8.2287 3.99
      vertex 36.076 8.2287 0.999999
    endloop
  endfacet
  facet normal -0.987704 -0.156337 0
    outer loop
      vertex 36.076 8.2287 3.99
      vertex 36.094 8.11498 0.999999
      vertex 36.094 8.11498 3.99
    endloop
  endfacet
  facet normal 0.933469 -0.358659 0
    outer loop
      vertex 33.9538 8.33992 3.99
      vertex 33.9951 8.44741 1
      vertex 33.9951 8.44741 3.99
    endloop
  endfacet
  facet normal 0.933469 -0.358659 0
    outer loop
      vertex 33.9951 8.44741 1
      vertex 33.9538 8.33992 3.99
      vertex 33.9538 8.33992 1
    endloop
  endfacet
  facet normal 0.706759 -0.707454 0
    outer loop
      vertex 34.1825 8.73604 1
      vertex 34.264 8.81746 3.99
      vertex 34.1825 8.73604 3.99
    endloop
  endfacet
  facet normal 0.706759 -0.707454 0
    outer loop
      vertex 34.264 8.81746 3.99
      vertex 34.1825 8.73604 1
      vertex 34.264 8.81746 1
    endloop
  endfacet
  facet normal -0.0523628 0.998628 0
    outer loop
      vertex 35.115 6.90603 3.99
      vertex 35 6.9 1
      vertex 35 6.9 3.99
    endloop
  endfacet
  facet normal -0.0523628 0.998628 0
    outer loop
      vertex 35.115 6.90603 0.999999
      vertex 35 6.9 1
      vertex 35.115 6.90603 3.99
    endloop
  endfacet
  facet normal -0.0523628 0.998628 0
    outer loop
      vertex 35 6.9 1
      vertex 35.115 6.90603 0.999999
      vertex 35 6.9 0.999999
    endloop
  endfacet
  facet normal -0.629663 -0.776868 0
    outer loop
      vertex 35.6466 8.88992 0.999999
      vertex 35.736 8.81746 3.99
      vertex 35.6466 8.88992 3.99
    endloop
  endfacet
  facet normal -0.629663 -0.776868 -0
    outer loop
      vertex 35.736 8.81746 3.99
      vertex 35.6466 8.88992 0.999999
      vertex 35.736 8.81746 0.999999
    endloop
  endfacet
  facet normal 0.998641 -0.0521121 0
    outer loop
      vertex 33.9 8 3.99
      vertex 33.906 8.11498 1
      vertex 33.906 8.11498 3.99
    endloop
  endfacet
  facet normal 0.998641 -0.0521121 0
    outer loop
      vertex 33.906 8.11498 1
      vertex 33.9 8 3.99
      vertex 33.9 8 1
    endloop
  endfacet
  facet normal -0.998641 0.0521121 0
    outer loop
      vertex 36.094 7.88502 0.999999
      vertex 36.1 8 3.99
      vertex 36.1 8 0.999999
    endloop
  endfacet
  facet normal -0.998641 0.0521121 0
    outer loop
      vertex 36.1 8 3.99
      vertex 36.094 7.88502 0.999999
      vertex 36.094 7.88502 3.99
    endloop
  endfacet
  facet normal -0.890909 -0.454182 0
    outer loop
      vertex 36.0049 8.44741 0.999999
      vertex 35.9526 8.55 3.99
      vertex 35.9526 8.55 0.999999
    endloop
  endfacet
  facet normal -0.890909 -0.454182 0
    outer loop
      vertex 35.9526 8.55 3.99
      vertex 36.0049 8.44741 0.999999
      vertex 36.0049 8.44741 3.99
    endloop
  endfacet
  facet normal 0.838698 0.544598 0
    outer loop
      vertex 34.1101 7.35344 3.99
      vertex 34.0474 7.45 1
      vertex 34.0474 7.45 3.99
    endloop
  endfacet
  facet normal 0.838698 0.544598 0
    outer loop
      vertex 34.0474 7.45 1
      vertex 34.1101 7.35344 3.99
      vertex 34.1101 7.35344 1
    endloop
  endfacet
  facet normal -0.998641 -0.0521121 0
    outer loop
      vertex 36.1 8 0.999999
      vertex 36.094 8.11498 3.99
      vertex 36.094 8.11498 0.999999
    endloop
  endfacet
  facet normal -0.998641 -0.0521121 0
    outer loop
      vertex 36.094 8.11498 3.99
      vertex 36.1 8 0.999999
      vertex 36.1 8 3.99
    endloop
  endfacet
  facet normal -0.358327 -0.933596 0
    outer loop
      vertex 35.3399 9.04616 0.999999
      vertex 35.4474 9.0049 3.99
      vertex 35.3399 9.04616 3.99
    endloop
  endfacet
  facet normal -0.358327 -0.933596 -0
    outer loop
      vertex 35.4474 9.0049 3.99
      vertex 35.3399 9.04616 0.999999
      vertex 35.4474 9.0049 0.999999
    endloop
  endfacet
  facet normal -0.0523628 -0.998628 0
    outer loop
      vertex 35 9.1 1
      vertex 35.115 9.09397 3.99
      vertex 35 9.1 3.99
    endloop
  endfacet
  facet normal -0.0523628 -0.998628 0
    outer loop
      vertex 35.115 9.09397 0.999999
      vertex 35 9.1 1
      vertex 35 9.1 0.999999
    endloop
  endfacet
  facet normal -0.0523628 -0.998628 0
    outer loop
      vertex 35 9.1 1
      vertex 35.115 9.09397 0.999999
      vertex 35.115 9.09397 3.99
    endloop
  endfacet
  facet normal -0.777399 -0.629008 0
    outer loop
      vertex 35.8899 8.64656 0.999999
      vertex 35.8175 8.73604 3.99
      vertex 35.8175 8.73604 0.999999
    endloop
  endfacet
  facet normal -0.777399 -0.629008 0
    outer loop
      vertex 35.8175 8.73604 3.99
      vertex 35.8899 8.64656 0.999999
      vertex 35.8899 8.64656 3.99
    endloop
  endfacet
  facet normal 0.0523628 0.998628 -0
    outer loop
      vertex 35 6.9 1
      vertex 34.885 6.90603 3.99
      vertex 35 6.9 3.99
    endloop
  endfacet
  facet normal 0.0523628 0.998628 0
    outer loop
      vertex 34.885 6.90603 3.99
      vertex 35 6.9 1
      vertex 34.885 6.90603 1
    endloop
  endfacet
  facet normal -0.965929 0.258808 0
    outer loop
      vertex 36.0462 7.66008 0.999999
      vertex 36.076 7.7713 3.99
      vertex 36.076 7.7713 0.999999
    endloop
  endfacet
  facet normal -0.965929 0.258808 0
    outer loop
      vertex 36.076 7.7713 3.99
      vertex 36.0462 7.66008 0.999999
      vertex 36.0462 7.66008 3.99
    endloop
  endfacet
  facet normal -0.5445 -0.838761 0
    outer loop
      vertex 35.55 8.95263 0.999999
      vertex 35.6466 8.88992 3.99
      vertex 35.55 8.95263 3.99
    endloop
  endfacet
  facet normal -0.5445 -0.838761 -0
    outer loop
      vertex 35.6466 8.88992 3.99
      vertex 35.55 8.95263 0.999999
      vertex 35.6466 8.88992 0.999999
    endloop
  endfacet
  facet normal -0.965929 -0.258808 0
    outer loop
      vertex 36.076 8.2287 0.999999
      vertex 36.0462 8.33992 3.99
      vertex 36.0462 8.33992 0.999999
    endloop
  endfacet
  facet normal -0.965929 -0.258808 0
    outer loop
      vertex 36.0462 8.33992 3.99
      vertex 36.076 8.2287 0.999999
      vertex 36.076 8.2287 3.99
    endloop
  endfacet
  facet normal 0.965929 0.258808 0
    outer loop
      vertex 33.9538 7.66008 3.99
      vertex 33.924 7.7713 1
      vertex 33.924 7.7713 3.99
    endloop
  endfacet
  facet normal 0.965929 0.258808 0
    outer loop
      vertex 33.924 7.7713 1
      vertex 33.9538 7.66008 3.99
      vertex 33.9538 7.66008 1
    endloop
  endfacet
  facet normal 0.777399 -0.629008 0
    outer loop
      vertex 34.1101 8.64656 3.99
      vertex 34.1825 8.73604 1
      vertex 34.1825 8.73604 3.99
    endloop
  endfacet
  facet normal 0.777399 -0.629008 0
    outer loop
      vertex 34.1825 8.73604 1
      vertex 34.1101 8.64656 3.99
      vertex 34.1101 8.64656 1
    endloop
  endfacet
  facet normal 0.156449 -0.987686 0
    outer loop
      vertex 34.7713 9.07596 1
      vertex 34.885 9.09397 3.99
      vertex 34.7713 9.07596 3.99
    endloop
  endfacet
  facet normal 0.156449 -0.987686 0
    outer loop
      vertex 34.885 9.09397 3.99
      vertex 34.7713 9.07596 1
      vertex 34.885 9.09397 1
    endloop
  endfacet
  facet normal -0.706759 0.707454 0
    outer loop
      vertex 35.8175 7.26396 0.999999
      vertex 35.736 7.18254 3.99
      vertex 35.8175 7.26396 3.99
    endloop
  endfacet
  facet normal -0.706759 0.707454 0
    outer loop
      vertex 35.736 7.18254 3.99
      vertex 35.8175 7.26396 0.999999
      vertex 35.736 7.18254 0.999999
    endloop
  endfacet
  facet normal -0.45394 -0.891032 0
    outer loop
      vertex 35.4474 9.0049 0.999999
      vertex 35.55 8.95263 3.99
      vertex 35.4474 9.0049 3.99
    endloop
  endfacet
  facet normal -0.45394 -0.891032 -0
    outer loop
      vertex 35.55 8.95263 3.99
      vertex 35.4474 9.0049 0.999999
      vertex 35.55 8.95263 0.999999
    endloop
  endfacet
  facet normal -0.987704 0.156337 0
    outer loop
      vertex 36.076 7.7713 0.999999
      vertex 36.094 7.88502 3.99
      vertex 36.094 7.88502 0.999999
    endloop
  endfacet
  facet normal -0.987704 0.156337 0
    outer loop
      vertex 36.094 7.88502 3.99
      vertex 36.076 7.7713 0.999999
      vertex 36.076 7.7713 3.99
    endloop
  endfacet
  facet normal -0.706759 -0.707454 0
    outer loop
      vertex 35.736 8.81746 0.999999
      vertex 35.8175 8.73604 3.99
      vertex 35.736 8.81746 3.99
    endloop
  endfacet
  facet normal -0.706759 -0.707454 -0
    outer loop
      vertex 35.8175 8.73604 3.99
      vertex 35.736 8.81746 0.999999
      vertex 35.8175 8.73604 0.999999
    endloop
  endfacet
  facet normal -0.358327 0.933596 0
    outer loop
      vertex 35.4474 6.9951 0.999999
      vertex 35.3399 6.95384 3.99
      vertex 35.4474 6.9951 3.99
    endloop
  endfacet
  facet normal -0.358327 0.933596 0
    outer loop
      vertex 35.3399 6.95384 3.99
      vertex 35.4474 6.9951 0.999999
      vertex 35.3399 6.95384 0.999999
    endloop
  endfacet
  facet normal -0.258852 -0.965917 0
    outer loop
      vertex 35.2287 9.07596 0.999999
      vertex 35.3399 9.04616 3.99
      vertex 35.2287 9.07596 3.99
    endloop
  endfacet
  facet normal -0.258852 -0.965917 -0
    outer loop
      vertex 35.3399 9.04616 3.99
      vertex 35.2287 9.07596 0.999999
      vertex 35.3399 9.04616 0.999999
    endloop
  endfacet
  facet normal 0.777399 0.629008 0
    outer loop
      vertex 34.1825 7.26396 3.99
      vertex 34.1101 7.35344 1
      vertex 34.1101 7.35344 3.99
    endloop
  endfacet
  facet normal 0.777399 0.629008 0
    outer loop
      vertex 34.1101 7.35344 1
      vertex 34.1825 7.26396 3.99
      vertex 34.1825 7.26396 1
    endloop
  endfacet
  facet normal 0.5445 -0.838761 0
    outer loop
      vertex 34.3534 8.88992 1
      vertex 34.45 8.95263 3.99
      vertex 34.3534 8.88992 3.99
    endloop
  endfacet
  facet normal 0.5445 -0.838761 0
    outer loop
      vertex 34.45 8.95263 3.99
      vertex 34.3534 8.88992 1
      vertex 34.45 8.95263 1
    endloop
  endfacet
  facet normal 0.987704 0.156337 0
    outer loop
      vertex 33.924 7.7713 3.99
      vertex 33.906 7.88502 1
      vertex 33.906 7.88502 3.99
    endloop
  endfacet
  facet normal 0.987704 0.156337 0
    outer loop
      vertex 33.906 7.88502 1
      vertex 33.924 7.7713 3.99
      vertex 33.924 7.7713 1
    endloop
  endfacet
  facet normal 0.358327 -0.933596 0
    outer loop
      vertex 34.5526 9.0049 1
      vertex 34.6601 9.04616 3.99
      vertex 34.5526 9.0049 3.99
    endloop
  endfacet
  facet normal 0.358327 -0.933596 0
    outer loop
      vertex 34.6601 9.04616 3.99
      vertex 34.5526 9.0049 1
      vertex 34.6601 9.04616 1
    endloop
  endfacet
  facet normal -0.933469 -0.358659 0
    outer loop
      vertex 36.0462 8.33992 0.999999
      vertex 36.0049 8.44741 3.99
      vertex 36.0049 8.44741 0.999999
    endloop
  endfacet
  facet normal -0.933469 -0.358659 0
    outer loop
      vertex 36.0049 8.44741 3.99
      vertex 36.0462 8.33992 0.999999
      vertex 36.0462 8.33992 3.99
    endloop
  endfacet
  facet normal -0.156449 0.987686 0
    outer loop
      vertex 35.2287 6.92404 0.999999
      vertex 35.115 6.90603 3.99
      vertex 35.2287 6.92404 3.99
    endloop
  endfacet
  facet normal -0.156449 0.987686 0
    outer loop
      vertex 35.115 6.90603 3.99
      vertex 35.2287 6.92404 0.999999
      vertex 35.115 6.90603 0.999999
    endloop
  endfacet
  facet normal -0.933469 0.358659 0
    outer loop
      vertex 36.0049 7.55259 0.999999
      vertex 36.0462 7.66008 3.99
      vertex 36.0462 7.66008 0.999999
    endloop
  endfacet
  facet normal -0.933469 0.358659 0
    outer loop
      vertex 36.0462 7.66008 3.99
      vertex 36.0049 7.55259 0.999999
      vertex 36.0049 7.55259 3.99
    endloop
  endfacet
  facet normal -0.777399 0.629008 0
    outer loop
      vertex 35.8175 7.26396 0.999999
      vertex 35.8899 7.35344 3.99
      vertex 35.8899 7.35344 0.999999
    endloop
  endfacet
  facet normal -0.777399 0.629008 0
    outer loop
      vertex 35.8899 7.35344 3.99
      vertex 35.8175 7.26396 0.999999
      vertex 35.8175 7.26396 3.99
    endloop
  endfacet
  facet normal -0.838698 0.544598 0
    outer loop
      vertex 35.8899 7.35344 0.999999
      vertex 35.9526 7.45 3.99
      vertex 35.9526 7.45 0.999999
    endloop
  endfacet
  facet normal -0.838698 0.544598 0
    outer loop
      vertex 35.9526 7.45 3.99
      vertex 35.8899 7.35344 0.999999
      vertex 35.8899 7.35344 3.99
    endloop
  endfacet
  facet normal -0.258852 0.965917 0
    outer loop
      vertex 35.3399 6.95384 0.999999
      vertex 35.2287 6.92404 3.99
      vertex 35.3399 6.95384 3.99
    endloop
  endfacet
  facet normal -0.258852 0.965917 0
    outer loop
      vertex 35.2287 6.92404 3.99
      vertex 35.3399 6.95384 0.999999
      vertex 35.2287 6.92404 0.999999
    endloop
  endfacet
  facet normal 0.890909 0.454182 0
    outer loop
      vertex 34.0474 7.45 3.99
      vertex 33.9951 7.55259 1
      vertex 33.9951 7.55259 3.99
    endloop
  endfacet
  facet normal 0.890909 0.454182 0
    outer loop
      vertex 33.9951 7.55259 1
      vertex 34.0474 7.45 3.99
      vertex 34.0474 7.45 1
    endloop
  endfacet
  facet normal 0.45394 0.891032 -0
    outer loop
      vertex 34.5526 6.9951 1
      vertex 34.45 7.04737 3.99
      vertex 34.5526 6.9951 3.99
    endloop
  endfacet
  facet normal 0.45394 0.891032 0
    outer loop
      vertex 34.45 7.04737 3.99
      vertex 34.5526 6.9951 1
      vertex 34.45 7.04737 1
    endloop
  endfacet
  facet normal 0.706759 0.707454 -0
    outer loop
      vertex 34.264 7.18254 1
      vertex 34.1825 7.26396 3.99
      vertex 34.264 7.18254 3.99
    endloop
  endfacet
  facet normal 0.706759 0.707454 0
    outer loop
      vertex 34.1825 7.26396 3.99
      vertex 34.264 7.18254 1
      vertex 34.1825 7.26396 1
    endloop
  endfacet
  facet normal 0.629663 0.776868 -0
    outer loop
      vertex 34.3534 7.11008 1
      vertex 34.264 7.18254 3.99
      vertex 34.3534 7.11008 3.99
    endloop
  endfacet
  facet normal 0.629663 0.776868 0
    outer loop
      vertex 34.264 7.18254 3.99
      vertex 34.3534 7.11008 1
      vertex 34.264 7.18254 1
    endloop
  endfacet
  facet normal 0.838698 -0.544598 0
    outer loop
      vertex 34.0474 8.55 3.99
      vertex 34.1101 8.64656 1
      vertex 34.1101 8.64656 3.99
    endloop
  endfacet
  facet normal 0.838698 -0.544598 0
    outer loop
      vertex 34.1101 8.64656 1
      vertex 34.0474 8.55 3.99
      vertex 34.0474 8.55 1
    endloop
  endfacet
  facet normal -0.838698 -0.544598 0
    outer loop
      vertex 35.9526 8.55 0.999999
      vertex 35.8899 8.64656 3.99
      vertex 35.8899 8.64656 0.999999
    endloop
  endfacet
  facet normal -0.838698 -0.544598 0
    outer loop
      vertex 35.8899 8.64656 3.99
      vertex 35.9526 8.55 0.999999
      vertex 35.9526 8.55 3.99
    endloop
  endfacet
  facet normal 0.0523628 -0.998628 0
    outer loop
      vertex 34.885 9.09397 1
      vertex 35 9.1 3.99
      vertex 34.885 9.09397 3.99
    endloop
  endfacet
  facet normal 0.0523628 -0.998628 0
    outer loop
      vertex 35 9.1 3.99
      vertex 34.885 9.09397 1
      vertex 35 9.1 1
    endloop
  endfacet
  facet normal 0.358327 0.933596 -0
    outer loop
      vertex 34.6601 6.95384 1
      vertex 34.5526 6.9951 3.99
      vertex 34.6601 6.95384 3.99
    endloop
  endfacet
  facet normal 0.358327 0.933596 0
    outer loop
      vertex 34.5526 6.9951 3.99
      vertex 34.6601 6.95384 1
      vertex 34.5526 6.9951 1
    endloop
  endfacet
  facet normal 0.933469 0.358659 0
    outer loop
      vertex 33.9951 7.55259 3.99
      vertex 33.9538 7.66008 1
      vertex 33.9538 7.66008 3.99
    endloop
  endfacet
  facet normal 0.933469 0.358659 0
    outer loop
      vertex 33.9538 7.66008 1
      vertex 33.9951 7.55259 3.99
      vertex 33.9951 7.55259 1
    endloop
  endfacet
  facet normal 0.987704 -0.156337 0
    outer loop
      vertex 33.906 8.11498 3.99
      vertex 33.924 8.2287 1
      vertex 33.924 8.2287 3.99
    endloop
  endfacet
  facet normal 0.987704 -0.156337 0
    outer loop
      vertex 33.924 8.2287 1
      vertex 33.906 8.11498 3.99
      vertex 33.906 8.11498 1
    endloop
  endfacet
  facet normal 0.258852 -0.965917 0
    outer loop
      vertex 34.6601 9.04616 1
      vertex 34.7713 9.07596 3.99
      vertex 34.6601 9.04616 3.99
    endloop
  endfacet
  facet normal 0.258852 -0.965917 0
    outer loop
      vertex 34.7713 9.07596 3.99
      vertex 34.6601 9.04616 1
      vertex 34.7713 9.07596 1
    endloop
  endfacet
  facet normal 0.965929 -0.258808 0
    outer loop
      vertex 33.924 8.2287 3.99
      vertex 33.9538 8.33992 1
      vertex 33.9538 8.33992 3.99
    endloop
  endfacet
  facet normal 0.965929 -0.258808 0
    outer loop
      vertex 33.9538 8.33992 1
      vertex 33.924 8.2287 3.99
      vertex 33.924 8.2287 1
    endloop
  endfacet
  facet normal 0.258852 0.965917 -0
    outer loop
      vertex 34.7713 6.92404 1
      vertex 34.6601 6.95384 3.99
      vertex 34.7713 6.92404 3.99
    endloop
  endfacet
  facet normal 0.258852 0.965917 0
    outer loop
      vertex 34.6601 6.95384 3.99
      vertex 34.7713 6.92404 1
      vertex 34.6601 6.95384 1
    endloop
  endfacet
  facet normal -0.45394 0.891032 0
    outer loop
      vertex 35.55 7.04737 0.999999
      vertex 35.4474 6.9951 3.99
      vertex 35.55 7.04737 3.99
    endloop
  endfacet
  facet normal -0.45394 0.891032 0
    outer loop
      vertex 35.4474 6.9951 3.99
      vertex 35.55 7.04737 0.999999
      vertex 35.4474 6.9951 0.999999
    endloop
  endfacet
  facet normal 0.998641 0.0521121 0
    outer loop
      vertex 33.906 7.88502 3.99
      vertex 33.9 8 1
      vertex 33.9 8 3.99
    endloop
  endfacet
  facet normal 0.998641 0.0521121 0
    outer loop
      vertex 33.9 8 1
      vertex 33.906 7.88502 3.99
      vertex 33.906 7.88502 1
    endloop
  endfacet
  facet normal 0.890909 -0.454182 0
    outer loop
      vertex 33.9951 8.44741 3.99
      vertex 34.0474 8.55 1
      vertex 34.0474 8.55 3.99
    endloop
  endfacet
  facet normal 0.890909 -0.454182 0
    outer loop
      vertex 34.0474 8.55 1
      vertex 33.9951 8.44741 3.99
      vertex 33.9951 8.44741 1
    endloop
  endfacet
  facet normal -0.156449 -0.987686 0
    outer loop
      vertex 35.115 9.09397 0.999999
      vertex 35.2287 9.07596 3.99
      vertex 35.115 9.09397 3.99
    endloop
  endfacet
  facet normal -0.156449 -0.987686 -0
    outer loop
      vertex 35.2287 9.07596 3.99
      vertex 35.115 9.09397 0.999999
      vertex 35.2287 9.07596 0.999999
    endloop
  endfacet
  facet normal -0.890909 0.454182 0
    outer loop
      vertex 35.9526 7.45 0.999999
      vertex 36.0049 7.55259 3.99
      vertex 36.0049 7.55259 0.999999
    endloop
  endfacet
  facet normal -0.890909 0.454182 0
    outer loop
      vertex 36.0049 7.55259 3.99
      vertex 35.9526 7.45 0.999999
      vertex 35.9526 7.45 3.99
    endloop
  endfacet
  facet normal 0.5445 0.838761 -0
    outer loop
      vertex 34.45 7.04737 1
      vertex 34.3534 7.11008 3.99
      vertex 34.45 7.04737 3.99
    endloop
  endfacet
  facet normal 0.5445 0.838761 0
    outer loop
      vertex 34.3534 7.11008 3.99
      vertex 34.45 7.04737 1
      vertex 34.3534 7.11008 1
    endloop
  endfacet
  facet normal -0.5445 0.838761 0
    outer loop
      vertex 35.6466 7.11008 0.999999
      vertex 35.55 7.04737 3.99
      vertex 35.6466 7.11008 3.99
    endloop
  endfacet
  facet normal -0.5445 0.838761 0
    outer loop
      vertex 35.55 7.04737 3.99
      vertex 35.6466 7.11008 0.999999
      vertex 35.55 7.04737 0.999999
    endloop
  endfacet
  facet normal -0.629663 0.776868 0
    outer loop
      vertex 35.736 7.18254 0.999999
      vertex 35.6466 7.11008 3.99
      vertex 35.736 7.18254 3.99
    endloop
  endfacet
  facet normal -0.629663 0.776868 0
    outer loop
      vertex 35.6466 7.11008 3.99
      vertex 35.736 7.18254 0.999999
      vertex 35.6466 7.11008 0.999999
    endloop
  endfacet
  facet normal 0.156449 0.987686 -0
    outer loop
      vertex 34.885 6.90603 1
      vertex 34.7713 6.92404 3.99
      vertex 34.885 6.90603 3.99
    endloop
  endfacet
  facet normal 0.156449 0.987686 0
    outer loop
      vertex 34.7713 6.92404 3.99
      vertex 34.885 6.90603 1
      vertex 34.7713 6.92404 1
    endloop
  endfacet
  facet normal 0.45394 -0.891032 0
    outer loop
      vertex 34.45 8.95263 1
      vertex 34.5526 9.0049 3.99
      vertex 34.45 8.95263 3.99
    endloop
  endfacet
  facet normal 0.45394 -0.891032 0
    outer loop
      vertex 34.5526 9.0049 3.99
      vertex 34.45 8.95263 1
      vertex 34.5526 9.0049 1
    endloop
  endfacet
  facet normal -0.987697 -0.156378 0
    outer loop
      vertex 36.8896 8.1986 0
      vertex 36.8585 8.39503 0.999999
      vertex 36.8585 8.39503 0
    endloop
  endfacet
  facet normal -0.987697 -0.156378 0
    outer loop
      vertex 36.8585 8.39503 0.999999
      vertex 36.8896 8.1986 0
      vertex 36.8896 8.1986 0.999999
    endloop
  endfacet
  facet normal -0.998632 -0.0522949 0
    outer loop
      vertex 36.9 8 0
      vertex 36.8896 8.1986 0.999999
      vertex 36.8896 8.1986 0
    endloop
  endfacet
  facet normal -0.998632 -0.0522949 0
    outer loop
      vertex 36.8896 8.1986 0.999999
      vertex 36.9 8 0
      vertex 36.9 8 0.999999
    endloop
  endfacet
  facet normal -0.965892 -0.258946 0
    outer loop
      vertex 36.8585 8.39503 0
      vertex 36.807 8.58713 0.999999
      vertex 36.807 8.58713 0
    endloop
  endfacet
  facet normal -0.965892 -0.258946 0
    outer loop
      vertex 36.807 8.58713 0.999999
      vertex 36.8585 8.39503 0
      vertex 36.8585 8.39503 0.999999
    endloop
  endfacet
  facet normal -0.156451 -0.987686 0
    outer loop
      vertex 35.1986 9.88959 0
      vertex 35.395 9.85848 0.999999
      vertex 35.1986 9.88959 0.999999
    endloop
  endfacet
  facet normal -0.156451 -0.987686 -0
    outer loop
      vertex 35.395 9.85848 0.999999
      vertex 35.1986 9.88959 0
      vertex 35.395 9.85848 0
    endloop
  endfacet
  facet normal -0.453999 0.891002 0
    outer loop
      vertex 35.95 6.35455 0
      vertex 35.7728 6.26426 0.999999
      vertex 35.95 6.35455 0.999999
    endloop
  endfacet
  facet normal -0.453999 0.891002 0
    outer loop
      vertex 35.7728 6.26426 0.999999
      vertex 35.95 6.35455 0
      vertex 35.7728 6.26426 0
    endloop
  endfacet
  facet normal -0.933533 -0.35849 0
    outer loop
      vertex 36.807 8.58713 0
      vertex 36.7357 8.7728 0.999999
      vertex 36.7357 8.7728 0
    endloop
  endfacet
  facet normal -0.933533 -0.35849 0
    outer loop
      vertex 36.7357 8.7728 0.999999
      vertex 36.807 8.58713 0
      vertex 36.807 8.58713 0.999999
    endloop
  endfacet
  facet normal -0.777294 -0.629137 0
    outer loop
      vertex 36.5371 9.11679 0
      vertex 36.412 9.27135 0.999999
      vertex 36.412 9.27135 0
    endloop
  endfacet
  facet normal -0.777294 -0.629137 0
    outer loop
      vertex 36.412 9.27135 0.999999
      vertex 36.5371 9.11679 0
      vertex 36.5371 9.11679 0.999999
    endloop
  endfacet
  facet normal -0.544635 0.838673 0
    outer loop
      vertex 36.1168 6.46287 0
      vertex 35.95 6.35455 0.999999
      vertex 36.1168 6.46287 0.999999
    endloop
  endfacet
  facet normal -0.544635 0.838673 0
    outer loop
      vertex 35.95 6.35455 0.999999
      vertex 36.1168 6.46287 0
      vertex 35.95 6.35455 0
    endloop
  endfacet
  facet normal -0.998632 0.0522949 0
    outer loop
      vertex 36.8896 7.8014 0
      vertex 36.9 8 0.999999
      vertex 36.9 8 0
    endloop
  endfacet
  facet normal -0.998632 0.0522949 0
    outer loop
      vertex 36.9 8 0.999999
      vertex 36.8896 7.8014 0
      vertex 36.8896 7.8014 0.999999
    endloop
  endfacet
  facet normal -0.933533 0.35849 0
    outer loop
      vertex 36.7357 7.2272 0
      vertex 36.807 7.41287 0.999999
      vertex 36.807 7.41287 0
    endloop
  endfacet
  facet normal -0.933533 0.35849 0
    outer loop
      vertex 36.807 7.41287 0.999999
      vertex 36.7357 7.2272 0
      vertex 36.7357 7.2272 0.999999
    endloop
  endfacet
  facet normal -0.258805 -0.96593 0
    outer loop
      vertex 35.395 9.85848 0
      vertex 35.5871 9.80701 0.999999
      vertex 35.395 9.85848 0.999999
    endloop
  endfacet
  facet normal -0.258805 -0.96593 -0
    outer loop
      vertex 35.5871 9.80701 0.999999
      vertex 35.395 9.85848 0
      vertex 35.5871 9.80701 0
    endloop
  endfacet
  facet normal -0.0523451 0.998629 0
    outer loop
      vertex 35.1986 6.11041 0
      vertex 35 6.1 0.999999
      vertex 35.1986 6.11041 0.999999
    endloop
  endfacet
  facet normal -0.0523451 0.998629 0
    outer loop
      vertex 35 6.1 0.999999
      vertex 35.1986 6.11041 0
      vertex 35 6.1 0
    endloop
  endfacet
  facet normal -0.156451 0.987686 0
    outer loop
      vertex 35.395 6.14152 0
      vertex 35.1986 6.11041 0.999999
      vertex 35.395 6.14152 0.999999
    endloop
  endfacet
  facet normal -0.156451 0.987686 0
    outer loop
      vertex 35.1986 6.11041 0.999999
      vertex 35.395 6.14152 0
      vertex 35.1986 6.11041 0
    endloop
  endfacet
  facet normal -0.838704 -0.544587 0
    outer loop
      vertex 36.6454 8.95 0
      vertex 36.5371 9.11679 0.999999
      vertex 36.5371 9.11679 0
    endloop
  endfacet
  facet normal -0.838704 -0.544587 0
    outer loop
      vertex 36.5371 9.11679 0.999999
      vertex 36.6454 8.95 0
      vertex 36.6454 8.95 0.999999
    endloop
  endfacet
  facet normal -0.838704 0.544587 0
    outer loop
      vertex 36.5371 6.88321 0
      vertex 36.6454 7.05 0.999999
      vertex 36.6454 7.05 0
    endloop
  endfacet
  facet normal -0.838704 0.544587 0
    outer loop
      vertex 36.6454 7.05 0.999999
      vertex 36.5371 6.88321 0
      vertex 36.5371 6.88321 0.999999
    endloop
  endfacet
  facet normal -0.358309 -0.933603 0
    outer loop
      vertex 35.5871 9.80701 0
      vertex 35.7728 9.73574 0.999999
      vertex 35.5871 9.80701 0.999999
    endloop
  endfacet
  facet normal -0.358309 -0.933603 -0
    outer loop
      vertex 35.7728 9.73574 0.999999
      vertex 35.5871 9.80701 0
      vertex 35.7728 9.73574 0
    endloop
  endfacet
  facet normal -0.890982 -0.454039 0
    outer loop
      vertex 36.7357 8.7728 0
      vertex 36.6454 8.95 0.999999
      vertex 36.6454 8.95 0
    endloop
  endfacet
  facet normal -0.890982 -0.454039 0
    outer loop
      vertex 36.6454 8.95 0.999999
      vertex 36.7357 8.7728 0
      vertex 36.7357 8.7728 0.999999
    endloop
  endfacet
  facet normal -0.965892 0.258946 0
    outer loop
      vertex 36.807 7.41287 0
      vertex 36.8585 7.60497 0.999999
      vertex 36.8585 7.60497 0
    endloop
  endfacet
  facet normal -0.965892 0.258946 0
    outer loop
      vertex 36.8585 7.60497 0.999999
      vertex 36.807 7.41287 0
      vertex 36.807 7.41287 0.999999
    endloop
  endfacet
  facet normal -0.358309 0.933603 0
    outer loop
      vertex 35.7728 6.26426 0
      vertex 35.5871 6.19299 0.999999
      vertex 35.7728 6.26426 0.999999
    endloop
  endfacet
  facet normal -0.358309 0.933603 0
    outer loop
      vertex 35.5871 6.19299 0.999999
      vertex 35.7728 6.26426 0
      vertex 35.5871 6.19299 0
    endloop
  endfacet
  facet normal -0.629467 -0.777027 0
    outer loop
      vertex 36.1168 9.53713 0
      vertex 36.2713 9.41197 0.999999
      vertex 36.1168 9.53713 0.999999
    endloop
  endfacet
  facet normal -0.629467 -0.777027 -0
    outer loop
      vertex 36.2713 9.41197 0.999999
      vertex 36.1168 9.53713 0
      vertex 36.2713 9.41197 0
    endloop
  endfacet
  facet normal -0.258805 0.96593 0
    outer loop
      vertex 35.5871 6.19299 0
      vertex 35.395 6.14152 0.999999
      vertex 35.5871 6.19299 0.999999
    endloop
  endfacet
  facet normal -0.258805 0.96593 0
    outer loop
      vertex 35.395 6.14152 0.999999
      vertex 35.5871 6.19299 0
      vertex 35.395 6.14152 0
    endloop
  endfacet
  facet normal -0.890982 0.454039 0
    outer loop
      vertex 36.6454 7.05 0
      vertex 36.7357 7.2272 0.999999
      vertex 36.7357 7.2272 0
    endloop
  endfacet
  facet normal -0.890982 0.454039 0
    outer loop
      vertex 36.7357 7.2272 0.999999
      vertex 36.6454 7.05 0
      vertex 36.6454 7.05 0.999999
    endloop
  endfacet
  facet normal -0.777294 0.629137 0
    outer loop
      vertex 36.412 6.72865 0
      vertex 36.5371 6.88321 0.999999
      vertex 36.5371 6.88321 0
    endloop
  endfacet
  facet normal -0.777294 0.629137 0
    outer loop
      vertex 36.5371 6.88321 0.999999
      vertex 36.412 6.72865 0
      vertex 36.412 6.72865 0.999999
    endloop
  endfacet
  facet normal -0.544635 -0.838673 0
    outer loop
      vertex 35.95 9.64545 0
      vertex 36.1168 9.53713 0.999999
      vertex 35.95 9.64545 0.999999
    endloop
  endfacet
  facet normal -0.544635 -0.838673 -0
    outer loop
      vertex 36.1168 9.53713 0.999999
      vertex 35.95 9.64545 0
      vertex 36.1168 9.53713 0
    endloop
  endfacet
  facet normal -0.987697 0.156378 0
    outer loop
      vertex 36.8585 7.60497 0
      vertex 36.8896 7.8014 0.999999
      vertex 36.8896 7.8014 0
    endloop
  endfacet
  facet normal -0.987697 0.156378 0
    outer loop
      vertex 36.8896 7.8014 0.999999
      vertex 36.8585 7.60497 0
      vertex 36.8585 7.60497 0.999999
    endloop
  endfacet
  facet normal -0.0523451 -0.998629 0
    outer loop
      vertex 35 9.9 0
      vertex 35.1986 9.88959 0.999999
      vertex 35 9.9 0.999999
    endloop
  endfacet
  facet normal -0.0523451 -0.998629 -0
    outer loop
      vertex 35.1986 9.88959 0.999999
      vertex 35 9.9 0
      vertex 35.1986 9.88959 0
    endloop
  endfacet
  facet normal -0.453999 -0.891002 0
    outer loop
      vertex 35.7728 9.73574 0
      vertex 35.95 9.64545 0.999999
      vertex 35.7728 9.73574 0.999999
    endloop
  endfacet
  facet normal -0.453999 -0.891002 -0
    outer loop
      vertex 35.95 9.64545 0.999999
      vertex 35.7728 9.73574 0
      vertex 35.95 9.64545 0
    endloop
  endfacet
  facet normal -0.706906 -0.707308 0
    outer loop
      vertex 36.2713 9.41197 0
      vertex 36.412 9.27135 0.999999
      vertex 36.2713 9.41197 0.999999
    endloop
  endfacet
  facet normal -0.706906 -0.707308 -0
    outer loop
      vertex 36.412 9.27135 0.999999
      vertex 36.2713 9.41197 0
      vertex 36.412 9.27135 0
    endloop
  endfacet
  facet normal 0 0 -1
    outer loop
      vertex 36.1 8 0.999999
      vertex 36.9 8 0.999999
      vertex 36.8896 7.8014 0.999999
    endloop
  endfacet
  facet normal 0 0 -1
    outer loop
      vertex 36.094 7.88502 0.999999
      vertex 36.8896 7.8014 0.999999
      vertex 36.8585 7.60497 0.999999
    endloop
  endfacet
  facet normal 0 0 -1
    outer loop
      vertex 36.9 8 0.999999
      vertex 36.1 8 0.999999
      vertex 36.8896 8.1986 0.999999
    endloop
  endfacet
  facet normal 0 0 -1
    outer loop
      vertex 36.076 7.7713 0.999999
      vertex 36.8585 7.60497 0.999999
      vertex 36.807 7.41287 0.999999
    endloop
  endfacet
  facet normal 0 0 -1
    outer loop
      vertex 36.094 8.11498 0.999999
      vertex 36.8896 8.1986 0.999999
      vertex 36.1 8 0.999999
    endloop
  endfacet
  facet normal 0 0 -1
    outer loop
      vertex 36.0462 7.66008 0.999999
      vertex 36.807 7.41287 0.999999
      vertex 36.7357 7.2272 0.999999
    endloop
  endfacet
  facet normal -0 0 -1
    outer loop
      vertex 36.8896 8.1986 0.999999
      vertex 36.094 8.11498 0.999999
      vertex 36.8585 8.39503 0.999999
    endloop
  endfacet
  facet normal 0 0 -1
    outer loop
      vertex 36.0049 7.55259 0.999999
      vertex 36.7357 7.2272 0.999999
      vertex 36.6454 7.05 0.999999
    endloop
  endfacet
  facet normal 0 0 -1
    outer loop
      vertex 36.076 8.2287 0.999999
      vertex 36.8585 8.39503 0.999999
      vertex 36.094 8.11498 0.999999
    endloop
  endfacet
  facet normal 0 0 -1
    outer loop
      vertex 35.9526 7.45 0.999999
      vertex 36.6454 7.05 0.999999
      vertex 36.5371 6.88321 0.999999
    endloop
  endfacet
  facet normal -0 0 -1
    outer loop
      vertex 36.8585 8.39503 0.999999
      vertex 36.076 8.2287 0.999999
      vertex 36.807 8.58713 0.999999
    endloop
  endfacet
  facet normal 0 0 -1
    outer loop
      vertex 35.8899 7.35344 0.999999
      vertex 36.5371 6.88321 0.999999
      vertex 36.412 6.72865 0.999999
    endloop
  endfacet
  facet normal 0 0 -1
    outer loop
      vertex 36.0462 8.33992 0.999999
      vertex 36.807 8.58713 0.999999
      vertex 36.076 8.2287 0.999999
    endloop
  endfacet
  facet normal 0 0 -1
    outer loop
      vertex 35.8175 7.26396 0.999999
      vertex 36.412 6.72865 0.999999
      vertex 36.2713 6.58803 0.999999
    endloop
  endfacet
  facet normal -0 0 -1
    outer loop
      vertex 36.807 8.58713 0.999999
      vertex 36.0462 8.33992 0.999999
      vertex 36.7357 8.7728 0.999999
    endloop
  endfacet
  facet normal 0 0 -1
    outer loop
      vertex 35.736 7.18254 0.999999
      vertex 36.2713 6.58803 0.999999
      vertex 36.1168 6.46287 0.999999
    endloop
  endfacet
  facet normal 0 0 -1
    outer loop
      vertex 36.0049 8.44741 0.999999
      vertex 36.7357 8.7728 0.999999
      vertex 36.0462 8.33992 0.999999
    endloop
  endfacet
  facet normal -0 0 -1
    outer loop
      vertex 36.7357 8.7728 0.999999
      vertex 36.0049 8.44741 0.999999
      vertex 36.6454 8.95 0.999999
    endloop
  endfacet
  facet normal 0 0 -1
    outer loop
      vertex 36.8896 7.8014 0.999999
      vertex 36.094 7.88502 0.999999
      vertex 36.1 8 0.999999
    endloop
  endfacet
  facet normal 0 0 -1
    outer loop
      vertex 36.8585 7.60497 0.999999
      vertex 36.076 7.7713 0.999999
      vertex 36.094 7.88502 0.999999
    endloop
  endfacet
  facet normal 0 0 -1
    outer loop
      vertex 36.807 7.41287 0.999999
      vertex 36.0462 7.66008 0.999999
      vertex 36.076 7.7713 0.999999
    endloop
  endfacet
  facet normal 0 0 -1
    outer loop
      vertex 36.7357 7.2272 0.999999
      vertex 36.0049 7.55259 0.999999
      vertex 36.0462 7.66008 0.999999
    endloop
  endfacet
  facet normal 0 0 -1
    outer loop
      vertex 36.6454 7.05 0.999999
      vertex 35.9526 7.45 0.999999
      vertex 36.0049 7.55259 0.999999
    endloop
  endfacet
  facet normal 0 0 -1
    outer loop
      vertex 35.6466 7.11008 0.999999
      vertex 36.1168 6.46287 0.999999
      vertex 35.95 6.35455 0.999999
    endloop
  endfacet
  facet normal 0 0 -1
    outer loop
      vertex 36.5371 6.88321 0.999999
      vertex 35.8899 7.35344 0.999999
      vertex 35.9526 7.45 0.999999
    endloop
  endfacet
  facet normal 0 0 -1
    outer loop
      vertex 36.412 6.72865 0.999999
      vertex 35.8175 7.26396 0.999999
      vertex 35.8899 7.35344 0.999999
    endloop
  endfacet
  facet normal 0 0 -1
    outer loop
      vertex 35.55 7.04737 0.999999
      vertex 35.95 6.35455 0.999999
      vertex 35.7728 6.26426 0.999999
    endloop
  endfacet
  facet normal 0 0 -1
    outer loop
      vertex 36.2713 6.58803 0.999999
      vertex 35.736 7.18254 0.999999
      vertex 35.8175 7.26396 0.999999
    endloop
  endfacet
  facet normal 0 0 -1
    outer loop
      vertex 36.1168 6.46287 0.999999
      vertex 35.6466 7.11008 0.999999
      vertex 35.736 7.18254 0.999999
    endloop
  endfacet
  facet normal 0 0 -1
    outer loop
      vertex 35.4474 6.9951 0.999999
      vertex 35.7728 6.26426 0.999999
      vertex 35.5871 6.19299 0.999999
    endloop
  endfacet
  facet normal 0 0 -1
    outer loop
      vertex 35.95 6.35455 0.999999
      vertex 35.55 7.04737 0.999999
      vertex 35.6466 7.11008 0.999999
    endloop
  endfacet
  facet normal 0 0 -1
    outer loop
      vertex 35.7728 6.26426 0.999999
      vertex 35.4474 6.9951 0.999999
      vertex 35.55 7.04737 0.999999
    endloop
  endfacet
  facet normal 0 0 -1
    outer loop
      vertex 35.3399 6.95384 0.999999
      vertex 35.5871 6.19299 0.999999
      vertex 35.395 6.14152 0.999999
    endloop
  endfacet
  facet normal 0 0 -1
    outer loop
      vertex 35.5871 6.19299 0.999999
      vertex 35.3399 6.95384 0.999999
      vertex 35.4474 6.9951 0.999999
    endloop
  endfacet
  facet normal 0 0 -1
    outer loop
      vertex 35.395 6.14152 0.999999
      vertex 35.2287 6.92404 0.999999
      vertex 35.3399 6.95384 0.999999
    endloop
  endfacet
  facet normal 0 0 -1
    outer loop
      vertex 35.1986 6.11041 0.999999
      vertex 35.2287 6.92404 0.999999
      vertex 35.395 6.14152 0.999999
    endloop
  endfacet
  facet normal 0 0 -1
    outer loop
      vertex 35.1986 6.11041 0.999999
      vertex 35.115 6.90603 0.999999
      vertex 35.2287 6.92404 0.999999
    endloop
  endfacet
  facet normal 0 0 -1
    outer loop
      vertex 35 6.1 0.999999
      vertex 35.115 6.90603 0.999999
      vertex 35.1986 6.11041 0.999999
    endloop
  endfacet
  facet normal 0 0 -1
    outer loop
      vertex 35.115 6.90603 0.999999
      vertex 35 6.1 0.999999
      vertex 35 6.9 0.999999
    endloop
  endfacet
  facet normal 0 0 -1
    outer loop
      vertex 35.9526 8.55 0.999999
      vertex 36.6454 8.95 0.999999
      vertex 36.0049 8.44741 0.999999
    endloop
  endfacet
  facet normal -0 0 -1
    outer loop
      vertex 36.6454 8.95 0.999999
      vertex 35.9526 8.55 0.999999
      vertex 36.5371 9.11679 0.999999
    endloop
  endfacet
  facet normal 0 0 -1
    outer loop
      vertex 35.8899 8.64656 0.999999
      vertex 36.5371 9.11679 0.999999
      vertex 35.9526 8.55 0.999999
    endloop
  endfacet
  facet normal -0 0 -1
    outer loop
      vertex 36.5371 9.11679 0.999999
      vertex 35.8899 8.64656 0.999999
      vertex 36.412 9.27135 0.999999
    endloop
  endfacet
  facet normal 0 0 -1
    outer loop
      vertex 35.8175 8.73604 0.999999
      vertex 36.412 9.27135 0.999999
      vertex 35.8899 8.64656 0.999999
    endloop
  endfacet
  facet normal -0 0 -1
    outer loop
      vertex 36.412 9.27135 0.999999
      vertex 35.8175 8.73604 0.999999
      vertex 36.2713 9.41197 0.999999
    endloop
  endfacet
  facet normal 0 0 -1
    outer loop
      vertex 35.736 8.81746 0.999999
      vertex 36.2713 9.41197 0.999999
      vertex 35.8175 8.73604 0.999999
    endloop
  endfacet
  facet normal -0 0 -1
    outer loop
      vertex 36.2713 9.41197 0.999999
      vertex 35.736 8.81746 0.999999
      vertex 36.1168 9.53713 0.999999
    endloop
  endfacet
  facet normal 0 0 -1
    outer loop
      vertex 35.6466 8.88992 0.999999
      vertex 36.1168 9.53713 0.999999
      vertex 35.736 8.81746 0.999999
    endloop
  endfacet
  facet normal -0 0 -1
    outer loop
      vertex 36.1168 9.53713 0.999999
      vertex 35.6466 8.88992 0.999999
      vertex 35.95 9.64545 0.999999
    endloop
  endfacet
  facet normal 0 0 -1
    outer loop
      vertex 35.55 8.95263 0.999999
      vertex 35.95 9.64545 0.999999
      vertex 35.6466 8.88992 0.999999
    endloop
  endfacet
  facet normal -0 0 -1
    outer loop
      vertex 35.95 9.64545 0.999999
      vertex 35.55 8.95263 0.999999
      vertex 35.7728 9.73574 0.999999
    endloop
  endfacet
  facet normal 0 0 -1
    outer loop
      vertex 35.4474 9.0049 0.999999
      vertex 35.7728 9.73574 0.999999
      vertex 35.55 8.95263 0.999999
    endloop
  endfacet
  facet normal -0 0 -1
    outer loop
      vertex 35.7728 9.73574 0.999999
      vertex 35.4474 9.0049 0.999999
      vertex 35.5871 9.80701 0.999999
    endloop
  endfacet
  facet normal 0 0 -1
    outer loop
      vertex 35.3399 9.04616 0.999999
      vertex 35.5871 9.80701 0.999999
      vertex 35.4474 9.0049 0.999999
    endloop
  endfacet
  facet normal -0 0 -1
    outer loop
      vertex 35.5871 9.80701 0.999999
      vertex 35.3399 9.04616 0.999999
      vertex 35.395 9.85848 0.999999
    endloop
  endfacet
  facet normal 0 0 -1
    outer loop
      vertex 35.2287 9.07596 0.999999
      vertex 35.395 9.85848 0.999999
      vertex 35.3399 9.04616 0.999999
    endloop
  endfacet
  facet normal 0 0 -1
    outer loop
      vertex 35.2287 9.07596 0.999999
      vertex 35.1986 9.88959 0.999999
      vertex 35.395 9.85848 0.999999
    endloop
  endfacet
  facet normal 0 0 -1
    outer loop
      vertex 35.115 9.09397 0.999999
      vertex 35.1986 9.88959 0.999999
      vertex 35.2287 9.07596 0.999999
    endloop
  endfacet
  facet normal 0 0 -1
    outer loop
      vertex 35 9.1 0.999999
      vertex 35.1986 9.88959 0.999999
      vertex 35.115 9.09397 0.999999
    endloop
  endfacet
  facet normal -0 0 -1
    outer loop
      vertex 35.1986 9.88959 0.999999
      vertex 35 9.1 0.999999
      vertex 35 9.9 0.999999
    endloop
  endfacet
  facet normal -0.706906 0.707308 0
    outer loop
      vertex 36.412 6.72865 0
      vertex 36.2713 6.58803 0.999999
      vertex 36.412 6.72865 0.999999
    endloop
  endfacet
  facet normal -0.706906 0.707308 0
    outer loop
      vertex 36.2713 6.58803 0.999999
      vertex 36.412 6.72865 0
      vertex 36.2713 6.58803 0
    endloop
  endfacet
  facet normal -0.629467 0.777027 0
    outer loop
      vertex 36.2713 6.58803 0
      vertex 36.1168 6.46287 0.999999
      vertex 36.2713 6.58803 0.999999
    endloop
  endfacet
  facet normal -0.629467 0.777027 0
    outer loop
      vertex 36.1168 6.46287 0.999999
      vertex 36.2713 6.58803 0
      vertex 36.1168 6.46287 0
    endloop
  endfacet
  facet normal -0.45394 0.891032 0
    outer loop
      vertex -34.45 7.04737 1
      vertex -34.5526 6.9951 3.99
      vertex -34.45 7.04737 3.99
    endloop
  endfacet
  facet normal -0.45394 0.891032 0
    outer loop
      vertex -34.5526 6.9951 3.99
      vertex -34.45 7.04737 1
      vertex -34.5526 6.9951 1
    endloop
  endfacet
  facet normal -0.258852 -0.965917 0
    outer loop
      vertex -34.7713 9.07596 1
      vertex -34.6601 9.04616 3.99
      vertex -34.7713 9.07596 3.99
    endloop
  endfacet
  facet normal -0.258852 -0.965917 -0
    outer loop
      vertex -34.6601 9.04616 3.99
      vertex -34.7713 9.07596 1
      vertex -34.6601 9.04616 1
    endloop
  endfacet
  facet normal -0.258852 0.965917 0
    outer loop
      vertex -34.6601 6.95384 1
      vertex -34.7713 6.92404 3.99
      vertex -34.6601 6.95384 3.99
    endloop
  endfacet
  facet normal -0.258852 0.965917 0
    outer loop
      vertex -34.7713 6.92404 3.99
      vertex -34.6601 6.95384 1
      vertex -34.7713 6.92404 1
    endloop
  endfacet
  facet normal -0.987704 -0.156337 0
    outer loop
      vertex -33.906 8.11498 1
      vertex -33.924 8.2287 3.99
      vertex -33.924 8.2287 1
    endloop
  endfacet
  facet normal -0.987704 -0.156337 0
    outer loop
      vertex -33.924 8.2287 3.99
      vertex -33.906 8.11498 1
      vertex -33.906 8.11498 3.99
    endloop
  endfacet
  facet normal -0.777399 -0.629008 0
    outer loop
      vertex -34.1101 8.64656 1
      vertex -34.1825 8.73604 3.99
      vertex -34.1825 8.73604 1
    endloop
  endfacet
  facet normal -0.777399 -0.629008 0
    outer loop
      vertex -34.1825 8.73604 3.99
      vertex -34.1101 8.64656 1
      vertex -34.1101 8.64656 3.99
    endloop
  endfacet
  facet normal 0.933469 0.358659 0
    outer loop
      vertex -36.0049 7.55259 3.99
      vertex -36.0462 7.66008 0.999999
      vertex -36.0462 7.66008 3.99
    endloop
  endfacet
  facet normal 0.933469 0.358659 0
    outer loop
      vertex -36.0462 7.66008 0.999999
      vertex -36.0049 7.55259 3.99
      vertex -36.0049 7.55259 0.999999
    endloop
  endfacet
  facet normal 0.258852 0.965917 -0
    outer loop
      vertex -35.2287 6.92404 0.999999
      vertex -35.3399 6.95384 3.99
      vertex -35.2287 6.92404 3.99
    endloop
  endfacet
  facet normal 0.258852 0.965917 0
    outer loop
      vertex -35.3399 6.95384 3.99
      vertex -35.2287 6.92404 0.999999
      vertex -35.3399 6.95384 0.999999
    endloop
  endfacet
  facet normal -0.45394 -0.891032 0
    outer loop
      vertex -34.5526 9.0049 1
      vertex -34.45 8.95263 3.99
      vertex -34.5526 9.0049 3.99
    endloop
  endfacet
  facet normal -0.45394 -0.891032 -0
    outer loop
      vertex -34.45 8.95263 3.99
      vertex -34.5526 9.0049 1
      vertex -34.45 8.95263 1
    endloop
  endfacet
  facet normal -0.629663 -0.776868 0
    outer loop
      vertex -34.3534 8.88992 1
      vertex -34.264 8.81746 3.99
      vertex -34.3534 8.88992 3.99
    endloop
  endfacet
  facet normal -0.629663 -0.776868 -0
    outer loop
      vertex -34.264 8.81746 3.99
      vertex -34.3534 8.88992 1
      vertex -34.264 8.81746 1
    endloop
  endfacet
  facet normal 0.890909 -0.454182 0
    outer loop
      vertex -36.0049 8.44741 3.99
      vertex -35.9526 8.55 0.999999
      vertex -35.9526 8.55 3.99
    endloop
  endfacet
  facet normal 0.890909 -0.454182 0
    outer loop
      vertex -35.9526 8.55 0.999999
      vertex -36.0049 8.44741 3.99
      vertex -36.0049 8.44741 0.999999
    endloop
  endfacet
  facet normal -0.777399 0.629008 0
    outer loop
      vertex -34.1825 7.26396 1
      vertex -34.1101 7.35344 3.99
      vertex -34.1101 7.35344 1
    endloop
  endfacet
  facet normal -0.777399 0.629008 0
    outer loop
      vertex -34.1101 7.35344 3.99
      vertex -34.1825 7.26396 1
      vertex -34.1825 7.26396 3.99
    endloop
  endfacet
  facet normal -0.0523628 -0.998628 0
    outer loop
      vertex -35 9.1 1
      vertex -34.885 9.09397 3.99
      vertex -35 9.1 3.99
    endloop
  endfacet
  facet normal -0.0523628 -0.998628 -0
    outer loop
      vertex -34.885 9.09397 3.99
      vertex -35 9.1 1
      vertex -34.885 9.09397 1
    endloop
  endfacet
  facet normal -0.706759 -0.707454 0
    outer loop
      vertex -34.264 8.81746 1
      vertex -34.1825 8.73604 3.99
      vertex -34.264 8.81746 3.99
    endloop
  endfacet
  facet normal -0.706759 -0.707454 -0
    outer loop
      vertex -34.1825 8.73604 3.99
      vertex -34.264 8.81746 1
      vertex -34.1825 8.73604 1
    endloop
  endfacet
  facet normal -0.965929 -0.258808 0
    outer loop
      vertex -33.924 8.2287 1
      vertex -33.9538 8.33992 3.99
      vertex -33.9538 8.33992 1
    endloop
  endfacet
  facet normal -0.965929 -0.258808 0
    outer loop
      vertex -33.9538 8.33992 3.99
      vertex -33.924 8.2287 1
      vertex -33.924 8.2287 3.99
    endloop
  endfacet
  facet normal -0.998641 -0.0521121 0
    outer loop
      vertex -33.9 8 1
      vertex -33.906 8.11498 3.99
      vertex -33.906 8.11498 1
    endloop
  endfacet
  facet normal -0.998641 -0.0521121 0
    outer loop
      vertex -33.906 8.11498 3.99
      vertex -33.9 8 1
      vertex -33.9 8 3.99
    endloop
  endfacet
  facet normal -0.987704 0.156337 0
    outer loop
      vertex -33.924 7.7713 1
      vertex -33.906 7.88502 3.99
      vertex -33.906 7.88502 1
    endloop
  endfacet
  facet normal -0.987704 0.156337 0
    outer loop
      vertex -33.906 7.88502 3.99
      vertex -33.924 7.7713 1
      vertex -33.924 7.7713 3.99
    endloop
  endfacet
  facet normal 0.358327 0.933596 -0
    outer loop
      vertex -35.3399 6.95384 0.999999
      vertex -35.4474 6.9951 3.99
      vertex -35.3399 6.95384 3.99
    endloop
  endfacet
  facet normal 0.358327 0.933596 0
    outer loop
      vertex -35.4474 6.9951 3.99
      vertex -35.3399 6.95384 0.999999
      vertex -35.4474 6.9951 0.999999
    endloop
  endfacet
  facet normal -0.0523628 0.998628 0
    outer loop
      vertex -34.885 6.90603 1
      vertex -35 6.9 3.99
      vertex -34.885 6.90603 3.99
    endloop
  endfacet
  facet normal -0.0523628 0.998628 0
    outer loop
      vertex -35 6.9 3.99
      vertex -34.885 6.90603 1
      vertex -35 6.9 1
    endloop
  endfacet
  facet normal 0.998641 0.0521121 0
    outer loop
      vertex -36.094 7.88502 3.99
      vertex -36.1 8 0.999999
      vertex -36.1 8 3.99
    endloop
  endfacet
  facet normal 0.998641 0.0521121 0
    outer loop
      vertex -36.1 8 0.999999
      vertex -36.094 7.88502 3.99
      vertex -36.094 7.88502 0.999999
    endloop
  endfacet
  facet normal 0.965929 0.258808 0
    outer loop
      vertex -36.0462 7.66008 3.99
      vertex -36.076 7.7713 0.999999
      vertex -36.076 7.7713 3.99
    endloop
  endfacet
  facet normal 0.965929 0.258808 0
    outer loop
      vertex -36.076 7.7713 0.999999
      vertex -36.0462 7.66008 3.99
      vertex -36.0462 7.66008 0.999999
    endloop
  endfacet
  facet normal 0.0523628 -0.998628 0
    outer loop
      vertex -35.115 9.09397 3.99
      vertex -35 9.1 1
      vertex -35 9.1 3.99
    endloop
  endfacet
  facet normal 0.0523628 -0.998628 0
    outer loop
      vertex -35.115 9.09397 0.999999
      vertex -35 9.1 1
      vertex -35.115 9.09397 3.99
    endloop
  endfacet
  facet normal 0.0523628 -0.998628 0
    outer loop
      vertex -35 9.1 1
      vertex -35.115 9.09397 0.999999
      vertex -35 9.1 0.999999
    endloop
  endfacet
  facet normal -0.890909 -0.454182 0
    outer loop
      vertex -33.9951 8.44741 1
      vertex -34.0474 8.55 3.99
      vertex -34.0474 8.55 1
    endloop
  endfacet
  facet normal -0.890909 -0.454182 0
    outer loop
      vertex -34.0474 8.55 3.99
      vertex -33.9951 8.44741 1
      vertex -33.9951 8.44741 3.99
    endloop
  endfacet
  facet normal -0.156449 -0.987686 0
    outer loop
      vertex -34.885 9.09397 1
      vertex -34.7713 9.07596 3.99
      vertex -34.885 9.09397 3.99
    endloop
  endfacet
  facet normal -0.156449 -0.987686 -0
    outer loop
      vertex -34.7713 9.07596 3.99
      vertex -34.885 9.09397 1
      vertex -34.7713 9.07596 1
    endloop
  endfacet
  facet normal 0.629663 -0.776868 0
    outer loop
      vertex -35.736 8.81746 0.999999
      vertex -35.6466 8.88992 3.99
      vertex -35.736 8.81746 3.99
    endloop
  endfacet
  facet normal 0.629663 -0.776868 0
    outer loop
      vertex -35.6466 8.88992 3.99
      vertex -35.736 8.81746 0.999999
      vertex -35.6466 8.88992 0.999999
    endloop
  endfacet
  facet normal -0.933469 -0.358659 0
    outer loop
      vertex -33.9538 8.33992 1
      vertex -33.9951 8.44741 3.99
      vertex -33.9951 8.44741 1
    endloop
  endfacet
  facet normal -0.933469 -0.358659 0
    outer loop
      vertex -33.9951 8.44741 3.99
      vertex -33.9538 8.33992 1
      vertex -33.9538 8.33992 3.99
    endloop
  endfacet
  facet normal 0.987704 -0.156337 0
    outer loop
      vertex -36.094 8.11498 3.99
      vertex -36.076 8.2287 0.999999
      vertex -36.076 8.2287 3.99
    endloop
  endfacet
  facet normal 0.987704 -0.156337 0
    outer loop
      vertex -36.076 8.2287 0.999999
      vertex -36.094 8.11498 3.99
      vertex -36.094 8.11498 0.999999
    endloop
  endfacet
  facet normal -0.965929 0.258808 0
    outer loop
      vertex -33.9538 7.66008 1
      vertex -33.924 7.7713 3.99
      vertex -33.924 7.7713 1
    endloop
  endfacet
  facet normal -0.965929 0.258808 0
    outer loop
      vertex -33.924 7.7713 3.99
      vertex -33.9538 7.66008 1
      vertex -33.9538 7.66008 3.99
    endloop
  endfacet
  facet normal 0.156449 0.987686 -0
    outer loop
      vertex -35.115 6.90603 0.999999
      vertex -35.2287 6.92404 3.99
      vertex -35.115 6.90603 3.99
    endloop
  endfacet
  facet normal 0.156449 0.987686 0
    outer loop
      vertex -35.2287 6.92404 3.99
      vertex -35.115 6.90603 0.999999
      vertex -35.2287 6.92404 0.999999
    endloop
  endfacet
  facet normal -0.358327 0.933596 0
    outer loop
      vertex -34.5526 6.9951 1
      vertex -34.6601 6.95384 3.99
      vertex -34.5526 6.9951 3.99
    endloop
  endfacet
  facet normal -0.358327 0.933596 0
    outer loop
      vertex -34.6601 6.95384 3.99
      vertex -34.5526 6.9951 1
      vertex -34.6601 6.95384 1
    endloop
  endfacet
  facet normal -0.5445 -0.838761 0
    outer loop
      vertex -34.45 8.95263 1
      vertex -34.3534 8.88992 3.99
      vertex -34.45 8.95263 3.99
    endloop
  endfacet
  facet normal -0.5445 -0.838761 -0
    outer loop
      vertex -34.3534 8.88992 3.99
      vertex -34.45 8.95263 1
      vertex -34.3534 8.88992 1
    endloop
  endfacet
  facet normal 0.45394 -0.891032 0
    outer loop
      vertex -35.55 8.95263 0.999999
      vertex -35.4474 9.0049 3.99
      vertex -35.55 8.95263 3.99
    endloop
  endfacet
  facet normal 0.45394 -0.891032 0
    outer loop
      vertex -35.4474 9.0049 3.99
      vertex -35.55 8.95263 0.999999
      vertex -35.4474 9.0049 0.999999
    endloop
  endfacet
  facet normal -0.998641 0.0521121 0
    outer loop
      vertex -33.906 7.88502 1
      vertex -33.9 8 3.99
      vertex -33.9 8 1
    endloop
  endfacet
  facet normal -0.998641 0.0521121 0
    outer loop
      vertex -33.9 8 3.99
      vertex -33.906 7.88502 1
      vertex -33.906 7.88502 3.99
    endloop
  endfacet
  facet normal -0.156449 0.987686 0
    outer loop
      vertex -34.7713 6.92404 1
      vertex -34.885 6.90603 3.99
      vertex -34.7713 6.92404 3.99
    endloop
  endfacet
  facet normal -0.156449 0.987686 0
    outer loop
      vertex -34.885 6.90603 3.99
      vertex -34.7713 6.92404 1
      vertex -34.885 6.90603 1
    endloop
  endfacet
  facet normal -0.706759 0.707454 0
    outer loop
      vertex -34.1825 7.26396 1
      vertex -34.264 7.18254 3.99
      vertex -34.1825 7.26396 3.99
    endloop
  endfacet
  facet normal -0.706759 0.707454 0
    outer loop
      vertex -34.264 7.18254 3.99
      vertex -34.1825 7.26396 1
      vertex -34.264 7.18254 1
    endloop
  endfacet
  facet normal 0.258852 -0.965917 0
    outer loop
      vertex -35.3399 9.04616 0.999999
      vertex -35.2287 9.07596 3.99
      vertex -35.3399 9.04616 3.99
    endloop
  endfacet
  facet normal 0.258852 -0.965917 0
    outer loop
      vertex -35.2287 9.07596 3.99
      vertex -35.3399 9.04616 0.999999
      vertex -35.2287 9.07596 0.999999
    endloop
  endfacet
  facet normal -0.933469 0.358659 0
    outer loop
      vertex -33.9951 7.55259 1
      vertex -33.9538 7.66008 3.99
      vertex -33.9538 7.66008 1
    endloop
  endfacet
  facet normal -0.933469 0.358659 0
    outer loop
      vertex -33.9538 7.66008 3.99
      vertex -33.9951 7.55259 1
      vertex -33.9951 7.55259 3.99
    endloop
  endfacet
  facet normal 0.777399 0.629008 0
    outer loop
      vertex -35.8175 7.26396 3.99
      vertex -35.8899 7.35344 0.999999
      vertex -35.8899 7.35344 3.99
    endloop
  endfacet
  facet normal 0.777399 0.629008 0
    outer loop
      vertex -35.8899 7.35344 0.999999
      vertex -35.8175 7.26396 3.99
      vertex -35.8175 7.26396 0.999999
    endloop
  endfacet
  facet normal 0.965929 -0.258808 0
    outer loop
      vertex -36.076 8.2287 3.99
      vertex -36.0462 8.33992 0.999999
      vertex -36.0462 8.33992 3.99
    endloop
  endfacet
  facet normal 0.965929 -0.258808 0
    outer loop
      vertex -36.0462 8.33992 0.999999
      vertex -36.076 8.2287 3.99
      vertex -36.076 8.2287 0.999999
    endloop
  endfacet
  facet normal -0.838698 -0.544598 0
    outer loop
      vertex -34.0474 8.55 1
      vertex -34.1101 8.64656 3.99
      vertex -34.1101 8.64656 1
    endloop
  endfacet
  facet normal -0.838698 -0.544598 0
    outer loop
      vertex -34.1101 8.64656 3.99
      vertex -34.0474 8.55 1
      vertex -34.0474 8.55 3.99
    endloop
  endfacet
  facet normal -0.838698 0.544598 0
    outer loop
      vertex -34.1101 7.35344 1
      vertex -34.0474 7.45 3.99
      vertex -34.0474 7.45 1
    endloop
  endfacet
  facet normal -0.838698 0.544598 0
    outer loop
      vertex -34.0474 7.45 3.99
      vertex -34.1101 7.35344 1
      vertex -34.1101 7.35344 3.99
    endloop
  endfacet
  facet normal 0.706759 0.707454 -0
    outer loop
      vertex -35.736 7.18254 0.999999
      vertex -35.8175 7.26396 3.99
      vertex -35.736 7.18254 3.99
    endloop
  endfacet
  facet normal 0.706759 0.707454 0
    outer loop
      vertex -35.8175 7.26396 3.99
      vertex -35.736 7.18254 0.999999
      vertex -35.8175 7.26396 0.999999
    endloop
  endfacet
  facet normal 0.838698 0.544598 0
    outer loop
      vertex -35.8899 7.35344 3.99
      vertex -35.9526 7.45 0.999999
      vertex -35.9526 7.45 3.99
    endloop
  endfacet
  facet normal 0.838698 0.544598 0
    outer loop
      vertex -35.9526 7.45 0.999999
      vertex -35.8899 7.35344 3.99
      vertex -35.8899 7.35344 0.999999
    endloop
  endfacet
  facet normal 0.706759 -0.707454 0
    outer loop
      vertex -35.8175 8.73604 0.999999
      vertex -35.736 8.81746 3.99
      vertex -35.8175 8.73604 3.99
    endloop
  endfacet
  facet normal 0.706759 -0.707454 0
    outer loop
      vertex -35.736 8.81746 3.99
      vertex -35.8175 8.73604 0.999999
      vertex -35.736 8.81746 0.999999
    endloop
  endfacet
  facet normal 0.156449 -0.987686 0
    outer loop
      vertex -35.2287 9.07596 0.999999
      vertex -35.115 9.09397 3.99
      vertex -35.2287 9.07596 3.99
    endloop
  endfacet
  facet normal 0.156449 -0.987686 0
    outer loop
      vertex -35.115 9.09397 3.99
      vertex -35.2287 9.07596 0.999999
      vertex -35.115 9.09397 0.999999
    endloop
  endfacet
  facet normal 0.998641 -0.0521121 0
    outer loop
      vertex -36.1 8 3.99
      vertex -36.094 8.11498 0.999999
      vertex -36.094 8.11498 3.99
    endloop
  endfacet
  facet normal 0.998641 -0.0521121 0
    outer loop
      vertex -36.094 8.11498 0.999999
      vertex -36.1 8 3.99
      vertex -36.1 8 0.999999
    endloop
  endfacet
  facet normal -0.5445 0.838761 0
    outer loop
      vertex -34.3534 7.11008 1
      vertex -34.45 7.04737 3.99
      vertex -34.3534 7.11008 3.99
    endloop
  endfacet
  facet normal -0.5445 0.838761 0
    outer loop
      vertex -34.45 7.04737 3.99
      vertex -34.3534 7.11008 1
      vertex -34.45 7.04737 1
    endloop
  endfacet
  facet normal 0.358327 -0.933596 0
    outer loop
      vertex -35.4474 9.0049 0.999999
      vertex -35.3399 9.04616 3.99
      vertex -35.4474 9.0049 3.99
    endloop
  endfacet
  facet normal 0.358327 -0.933596 0
    outer loop
      vertex -35.3399 9.04616 3.99
      vertex -35.4474 9.0049 0.999999
      vertex -35.3399 9.04616 0.999999
    endloop
  endfacet
  facet normal 0.838698 -0.544598 0
    outer loop
      vertex -35.9526 8.55 3.99
      vertex -35.8899 8.64656 0.999999
      vertex -35.8899 8.64656 3.99
    endloop
  endfacet
  facet normal 0.838698 -0.544598 0
    outer loop
      vertex -35.8899 8.64656 0.999999
      vertex -35.9526 8.55 3.99
      vertex -35.9526 8.55 0.999999
    endloop
  endfacet
  facet normal 0.0523628 0.998628 -0
    outer loop
      vertex -35 6.9 1
      vertex -35.115 6.90603 3.99
      vertex -35 6.9 3.99
    endloop
  endfacet
  facet normal 0.0523628 0.998628 0
    outer loop
      vertex -35.115 6.90603 0.999999
      vertex -35 6.9 1
      vertex -35 6.9 0.999999
    endloop
  endfacet
  facet normal 0.0523628 0.998628 0
    outer loop
      vertex -35 6.9 1
      vertex -35.115 6.90603 0.999999
      vertex -35.115 6.90603 3.99
    endloop
  endfacet
  facet normal 0.5445 -0.838761 0
    outer loop
      vertex -35.6466 8.88992 0.999999
      vertex -35.55 8.95263 3.99
      vertex -35.6466 8.88992 3.99
    endloop
  endfacet
  facet normal 0.5445 -0.838761 0
    outer loop
      vertex -35.55 8.95263 3.99
      vertex -35.6466 8.88992 0.999999
      vertex -35.55 8.95263 0.999999
    endloop
  endfacet
  facet normal 0.987704 0.156337 0
    outer loop
      vertex -36.076 7.7713 3.99
      vertex -36.094 7.88502 0.999999
      vertex -36.094 7.88502 3.99
    endloop
  endfacet
  facet normal 0.987704 0.156337 0
    outer loop
      vertex -36.094 7.88502 0.999999
      vertex -36.076 7.7713 3.99
      vertex -36.076 7.7713 0.999999
    endloop
  endfacet
  facet normal 0.777399 -0.629008 0
    outer loop
      vertex -35.8899 8.64656 3.99
      vertex -35.8175 8.73604 0.999999
      vertex -35.8175 8.73604 3.99
    endloop
  endfacet
  facet normal 0.777399 -0.629008 0
    outer loop
      vertex -35.8175 8.73604 0.999999
      vertex -35.8899 8.64656 3.99
      vertex -35.8899 8.64656 0.999999
    endloop
  endfacet
  facet normal -0.358327 -0.933596 0
    outer loop
      vertex -34.6601 9.04616 1
      vertex -34.5526 9.0049 3.99
      vertex -34.6601 9.04616 3.99
    endloop
  endfacet
  facet normal -0.358327 -0.933596 -0
    outer loop
      vertex -34.5526 9.0049 3.99
      vertex -34.6601 9.04616 1
      vertex -34.5526 9.0049 1
    endloop
  endfacet
  facet normal -0.890909 0.454182 0
    outer loop
      vertex -34.0474 7.45 1
      vertex -33.9951 7.55259 3.99
      vertex -33.9951 7.55259 1
    endloop
  endfacet
  facet normal -0.890909 0.454182 0
    outer loop
      vertex -33.9951 7.55259 3.99
      vertex -34.0474 7.45 1
      vertex -34.0474 7.45 3.99
    endloop
  endfacet
  facet normal 0.45394 0.891032 -0
    outer loop
      vertex -35.4474 6.9951 0.999999
      vertex -35.55 7.04737 3.99
      vertex -35.4474 6.9951 3.99
    endloop
  endfacet
  facet normal 0.45394 0.891032 0
    outer loop
      vertex -35.55 7.04737 3.99
      vertex -35.4474 6.9951 0.999999
      vertex -35.55 7.04737 0.999999
    endloop
  endfacet
  facet normal 0.933469 -0.358659 0
    outer loop
      vertex -36.0462 8.33992 3.99
      vertex -36.0049 8.44741 0.999999
      vertex -36.0049 8.44741 3.99
    endloop
  endfacet
  facet normal 0.933469 -0.358659 0
    outer loop
      vertex -36.0049 8.44741 0.999999
      vertex -36.0462 8.33992 3.99
      vertex -36.0462 8.33992 0.999999
    endloop
  endfacet
  facet normal 0.5445 0.838761 -0
    outer loop
      vertex -35.55 7.04737 0.999999
      vertex -35.6466 7.11008 3.99
      vertex -35.55 7.04737 3.99
    endloop
  endfacet
  facet normal 0.5445 0.838761 0
    outer loop
      vertex -35.6466 7.11008 3.99
      vertex -35.55 7.04737 0.999999
      vertex -35.6466 7.11008 0.999999
    endloop
  endfacet
  facet normal 0.890909 0.454182 0
    outer loop
      vertex -35.9526 7.45 3.99
      vertex -36.0049 7.55259 0.999999
      vertex -36.0049 7.55259 3.99
    endloop
  endfacet
  facet normal 0.890909 0.454182 0
    outer loop
      vertex -36.0049 7.55259 0.999999
      vertex -35.9526 7.45 3.99
      vertex -35.9526 7.45 0.999999
    endloop
  endfacet
  facet normal -0.629663 0.776868 0
    outer loop
      vertex -34.264 7.18254 1
      vertex -34.3534 7.11008 3.99
      vertex -34.264 7.18254 3.99
    endloop
  endfacet
  facet normal -0.629663 0.776868 0
    outer loop
      vertex -34.3534 7.11008 3.99
      vertex -34.264 7.18254 1
      vertex -34.3534 7.11008 1
    endloop
  endfacet
  facet normal 0.629663 0.776868 -0
    outer loop
      vertex -35.6466 7.11008 0.999999
      vertex -35.736 7.18254 3.99
      vertex -35.6466 7.11008 3.99
    endloop
  endfacet
  facet normal 0.629663 0.776868 0
    outer loop
      vertex -35.736 7.18254 3.99
      vertex -35.6466 7.11008 0.999999
      vertex -35.736 7.18254 0.999999
    endloop
  endfacet
  facet normal 0.890982 -0.454039 0
    outer loop
      vertex -36.7357 8.7728 0.999999
      vertex -36.6454 8.95 0
      vertex -36.6454 8.95 0.999999
    endloop
  endfacet
  facet normal 0.890982 -0.454039 0
    outer loop
      vertex -36.6454 8.95 0
      vertex -36.7357 8.7728 0.999999
      vertex -36.7357 8.7728 0
    endloop
  endfacet
  facet normal 0.453999 0.891002 -0
    outer loop
      vertex -35.7728 6.26426 0
      vertex -35.95 6.35455 0.999999
      vertex -35.7728 6.26426 0.999999
    endloop
  endfacet
  facet normal 0.453999 0.891002 0
    outer loop
      vertex -35.95 6.35455 0.999999
      vertex -35.7728 6.26426 0
      vertex -35.95 6.35455 0
    endloop
  endfacet
  facet normal 0.258805 -0.96593 0
    outer loop
      vertex -35.5871 9.80701 0
      vertex -35.395 9.85848 0.999999
      vertex -35.5871 9.80701 0.999999
    endloop
  endfacet
  facet normal 0.258805 -0.96593 0
    outer loop
      vertex -35.395 9.85848 0.999999
      vertex -35.5871 9.80701 0
      vertex -35.395 9.85848 0
    endloop
  endfacet
  facet normal 0.933533 -0.35849 0
    outer loop
      vertex -36.807 8.58713 0.999999
      vertex -36.7357 8.7728 0
      vertex -36.7357 8.7728 0.999999
    endloop
  endfacet
  facet normal 0.933533 -0.35849 0
    outer loop
      vertex -36.7357 8.7728 0
      vertex -36.807 8.58713 0.999999
      vertex -36.807 8.58713 0
    endloop
  endfacet
  facet normal 0.629467 -0.777027 0
    outer loop
      vertex -36.2713 9.41197 0
      vertex -36.1168 9.53713 0.999999
      vertex -36.2713 9.41197 0.999999
    endloop
  endfacet
  facet normal 0.629467 -0.777027 0
    outer loop
      vertex -36.1168 9.53713 0.999999
      vertex -36.2713 9.41197 0
      vertex -36.1168 9.53713 0
    endloop
  endfacet
  facet normal 0.998632 -0.0522949 0
    outer loop
      vertex -36.9 8 0.999999
      vertex -36.8896 8.1986 0
      vertex -36.8896 8.1986 0.999999
    endloop
  endfacet
  facet normal 0.998632 -0.0522949 0
    outer loop
      vertex -36.8896 8.1986 0
      vertex -36.9 8 0.999999
      vertex -36.9 8 0
    endloop
  endfacet
  facet normal 0.0523451 0.998629 -0
    outer loop
      vertex -35 6.1 0
      vertex -35.1986 6.11041 0.999999
      vertex -35 6.1 0.999999
    endloop
  endfacet
  facet normal 0.0523451 0.998629 0
    outer loop
      vertex -35.1986 6.11041 0.999999
      vertex -35 6.1 0
      vertex -35.1986 6.11041 0
    endloop
  endfacet
  facet normal 0.777294 -0.629137 0
    outer loop
      vertex -36.5371 9.11679 0.999999
      vertex -36.412 9.27135 0
      vertex -36.412 9.27135 0.999999
    endloop
  endfacet
  facet normal 0.777294 -0.629137 0
    outer loop
      vertex -36.412 9.27135 0
      vertex -36.5371 9.11679 0.999999
      vertex -36.5371 9.11679 0
    endloop
  endfacet
  facet normal 0.987697 -0.156378 0
    outer loop
      vertex -36.8896 8.1986 0.999999
      vertex -36.8585 8.39503 0
      vertex -36.8585 8.39503 0.999999
    endloop
  endfacet
  facet normal 0.987697 -0.156378 0
    outer loop
      vertex -36.8585 8.39503 0
      vertex -36.8896 8.1986 0.999999
      vertex -36.8896 8.1986 0
    endloop
  endfacet
  facet normal 0.156451 -0.987686 0
    outer loop
      vertex -35.395 9.85848 0
      vertex -35.1986 9.88959 0.999999
      vertex -35.395 9.85848 0.999999
    endloop
  endfacet
  facet normal 0.156451 -0.987686 0
    outer loop
      vertex -35.1986 9.88959 0.999999
      vertex -35.395 9.85848 0
      vertex -35.1986 9.88959 0
    endloop
  endfacet
  facet normal 0.987697 0.156378 0
    outer loop
      vertex -36.8585 7.60497 0.999999
      vertex -36.8896 7.8014 0
      vertex -36.8896 7.8014 0.999999
    endloop
  endfacet
  facet normal 0.987697 0.156378 0
    outer loop
      vertex -36.8896 7.8014 0
      vertex -36.8585 7.60497 0.999999
      vertex -36.8585 7.60497 0
    endloop
  endfacet
  facet normal 0.998632 0.0522949 0
    outer loop
      vertex -36.8896 7.8014 0.999999
      vertex -36.9 8 0
      vertex -36.9 8 0.999999
    endloop
  endfacet
  facet normal 0.998632 0.0522949 0
    outer loop
      vertex -36.9 8 0
      vertex -36.8896 7.8014 0.999999
      vertex -36.8896 7.8014 0
    endloop
  endfacet
  facet normal 0.544635 -0.838673 0
    outer loop
      vertex -36.1168 9.53713 0
      vertex -35.95 9.64545 0.999999
      vertex -36.1168 9.53713 0.999999
    endloop
  endfacet
  facet normal 0.544635 -0.838673 0
    outer loop
      vertex -35.95 9.64545 0.999999
      vertex -36.1168 9.53713 0
      vertex -35.95 9.64545 0
    endloop
  endfacet
  facet normal 0 0 -1
    outer loop
      vertex -35 6.1 0.999999
      vertex -35.115 6.90603 0.999999
      vertex -35 6.9 0.999999
    endloop
  endfacet
  facet normal 0 0 -1
    outer loop
      vertex -35.1986 6.11041 0.999999
      vertex -35.115 6.90603 0.999999
      vertex -35 6.1 0.999999
    endloop
  endfacet
  facet normal 0 0 -1
    outer loop
      vertex -35.1986 6.11041 0.999999
      vertex -35.2287 6.92404 0.999999
      vertex -35.115 6.90603 0.999999
    endloop
  endfacet
  facet normal 0 0 -1
    outer loop
      vertex -35.395 6.14152 0.999999
      vertex -35.2287 6.92404 0.999999
      vertex -35.1986 6.11041 0.999999
    endloop
  endfacet
  facet normal -0 0 -1
    outer loop
      vertex -35.2287 6.92404 0.999999
      vertex -35.395 6.14152 0.999999
      vertex -35.3399 6.95384 0.999999
    endloop
  endfacet
  facet normal 0 0 -1
    outer loop
      vertex -35.5871 6.19299 0.999999
      vertex -35.3399 6.95384 0.999999
      vertex -35.395 6.14152 0.999999
    endloop
  endfacet
  facet normal -0 0 -1
    outer loop
      vertex -35.3399 6.95384 0.999999
      vertex -35.5871 6.19299 0.999999
      vertex -35.4474 6.9951 0.999999
    endloop
  endfacet
  facet normal 0 0 -1
    outer loop
      vertex -35.7728 6.26426 0.999999
      vertex -35.4474 6.9951 0.999999
      vertex -35.5871 6.19299 0.999999
    endloop
  endfacet
  facet normal -0 0 -1
    outer loop
      vertex -35.4474 6.9951 0.999999
      vertex -35.7728 6.26426 0.999999
      vertex -35.55 7.04737 0.999999
    endloop
  endfacet
  facet normal 0 0 -1
    outer loop
      vertex -35.95 6.35455 0.999999
      vertex -35.55 7.04737 0.999999
      vertex -35.7728 6.26426 0.999999
    endloop
  endfacet
  facet normal -0 0 -1
    outer loop
      vertex -35.55 7.04737 0.999999
      vertex -35.95 6.35455 0.999999
      vertex -35.6466 7.11008 0.999999
    endloop
  endfacet
  facet normal 0 0 -1
    outer loop
      vertex -36.1168 6.46287 0.999999
      vertex -35.6466 7.11008 0.999999
      vertex -35.95 6.35455 0.999999
    endloop
  endfacet
  facet normal -0 0 -1
    outer loop
      vertex -35.6466 7.11008 0.999999
      vertex -36.1168 6.46287 0.999999
      vertex -35.736 7.18254 0.999999
    endloop
  endfacet
  facet normal 0 0 -1
    outer loop
      vertex -36.2713 6.58803 0.999999
      vertex -35.736 7.18254 0.999999
      vertex -36.1168 6.46287 0.999999
    endloop
  endfacet
  facet normal -0 0 -1
    outer loop
      vertex -35.736 7.18254 0.999999
      vertex -36.2713 6.58803 0.999999
      vertex -35.8175 7.26396 0.999999
    endloop
  endfacet
  facet normal 0 0 -1
    outer loop
      vertex -36.412 6.72865 0.999999
      vertex -35.8175 7.26396 0.999999
      vertex -36.2713 6.58803 0.999999
    endloop
  endfacet
  facet normal -0 0 -1
    outer loop
      vertex -35.8175 7.26396 0.999999
      vertex -36.412 6.72865 0.999999
      vertex -35.8899 7.35344 0.999999
    endloop
  endfacet
  facet normal 0 0 -1
    outer loop
      vertex -36.5371 6.88321 0.999999
      vertex -35.8899 7.35344 0.999999
      vertex -36.412 6.72865 0.999999
    endloop
  endfacet
  facet normal -0 0 -1
    outer loop
      vertex -35.8899 7.35344 0.999999
      vertex -36.5371 6.88321 0.999999
      vertex -35.9526 7.45 0.999999
    endloop
  endfacet
  facet normal -0 0 -1
    outer loop
      vertex -35.9526 7.45 0.999999
      vertex -36.6454 7.05 0.999999
      vertex -36.0049 7.55259 0.999999
    endloop
  endfacet
  facet normal 0 0 -1
    outer loop
      vertex -36.6454 7.05 0.999999
      vertex -35.9526 7.45 0.999999
      vertex -36.5371 6.88321 0.999999
    endloop
  endfacet
  facet normal 0 0 -1
    outer loop
      vertex -35.115 9.09397 0.999999
      vertex -35 9.9 0.999999
      vertex -35 9.1 0.999999
    endloop
  endfacet
  facet normal 0 0 -1
    outer loop
      vertex -35.115 9.09397 0.999999
      vertex -35.1986 9.88959 0.999999
      vertex -35 9.9 0.999999
    endloop
  endfacet
  facet normal 0 0 -1
    outer loop
      vertex -35.2287 9.07596 0.999999
      vertex -35.1986 9.88959 0.999999
      vertex -35.115 9.09397 0.999999
    endloop
  endfacet
  facet normal 0 0 -1
    outer loop
      vertex -35.395 9.85848 0.999999
      vertex -35.2287 9.07596 0.999999
      vertex -35.3399 9.04616 0.999999
    endloop
  endfacet
  facet normal 0 0 -1
    outer loop
      vertex -35.2287 9.07596 0.999999
      vertex -35.395 9.85848 0.999999
      vertex -35.1986 9.88959 0.999999
    endloop
  endfacet
  facet normal 0 0 -1
    outer loop
      vertex -35.5871 9.80701 0.999999
      vertex -35.3399 9.04616 0.999999
      vertex -35.4474 9.0049 0.999999
    endloop
  endfacet
  facet normal 0 0 -1
    outer loop
      vertex -35.7728 9.73574 0.999999
      vertex -35.4474 9.0049 0.999999
      vertex -35.55 8.95263 0.999999
    endloop
  endfacet
  facet normal 0 0 -1
    outer loop
      vertex -35.3399 9.04616 0.999999
      vertex -35.5871 9.80701 0.999999
      vertex -35.395 9.85848 0.999999
    endloop
  endfacet
  facet normal 0 0 -1
    outer loop
      vertex -35.95 9.64545 0.999999
      vertex -35.55 8.95263 0.999999
      vertex -35.6466 8.88992 0.999999
    endloop
  endfacet
  facet normal 0 0 -1
    outer loop
      vertex -36.1168 9.53713 0.999999
      vertex -35.6466 8.88992 0.999999
      vertex -35.736 8.81746 0.999999
    endloop
  endfacet
  facet normal 0 0 -1
    outer loop
      vertex -35.4474 9.0049 0.999999
      vertex -35.7728 9.73574 0.999999
      vertex -35.5871 9.80701 0.999999
    endloop
  endfacet
  facet normal 0 0 -1
    outer loop
      vertex -36.2713 9.41197 0.999999
      vertex -35.736 8.81746 0.999999
      vertex -35.8175 8.73604 0.999999
    endloop
  endfacet
  facet normal 0 0 -1
    outer loop
      vertex -36.412 9.27135 0.999999
      vertex -35.8175 8.73604 0.999999
      vertex -35.8899 8.64656 0.999999
    endloop
  endfacet
  facet normal 0 0 -1
    outer loop
      vertex -35.55 8.95263 0.999999
      vertex -35.95 9.64545 0.999999
      vertex -35.7728 9.73574 0.999999
    endloop
  endfacet
  facet normal 0 0 -1
    outer loop
      vertex -36.5371 9.11679 0.999999
      vertex -35.8899 8.64656 0.999999
      vertex -35.9526 8.55 0.999999
    endloop
  endfacet
  facet normal 0 0 -1
    outer loop
      vertex -36.6454 8.95 0.999999
      vertex -35.9526 8.55 0.999999
      vertex -36.0049 8.44741 0.999999
    endloop
  endfacet
  facet normal 0 0 -1
    outer loop
      vertex -36.7357 8.7728 0.999999
      vertex -36.0049 8.44741 0.999999
      vertex -36.0462 8.33992 0.999999
    endloop
  endfacet
  facet normal 0 0 -1
    outer loop
      vertex -36.807 8.58713 0.999999
      vertex -36.0462 8.33992 0.999999
      vertex -36.076 8.2287 0.999999
    endloop
  endfacet
  facet normal 0 0 -1
    outer loop
      vertex -36.8585 8.39503 0.999999
      vertex -36.076 8.2287 0.999999
      vertex -36.094 8.11498 0.999999
    endloop
  endfacet
  facet normal 0 0 -1
    outer loop
      vertex -35.6466 8.88992 0.999999
      vertex -36.1168 9.53713 0.999999
      vertex -35.95 9.64545 0.999999
    endloop
  endfacet
  facet normal 0 0 -1
    outer loop
      vertex -36.8896 8.1986 0.999999
      vertex -36.094 8.11498 0.999999
      vertex -36.1 8 0.999999
    endloop
  endfacet
  facet normal 0 0 -1
    outer loop
      vertex -36.7357 7.2272 0.999999
      vertex -36.0049 7.55259 0.999999
      vertex -36.6454 7.05 0.999999
    endloop
  endfacet
  facet normal -0 0 -1
    outer loop
      vertex -36.0049 7.55259 0.999999
      vertex -36.7357 7.2272 0.999999
      vertex -36.0462 7.66008 0.999999
    endloop
  endfacet
  facet normal 0 0 -1
    outer loop
      vertex -35.736 8.81746 0.999999
      vertex -36.2713 9.41197 0.999999
      vertex -36.1168 9.53713 0.999999
    endloop
  endfacet
  facet normal 0 0 -1
    outer loop
      vertex -36.807 7.41287 0.999999
      vertex -36.0462 7.66008 0.999999
      vertex -36.7357 7.2272 0.999999
    endloop
  endfacet
  facet normal 0 0 -1
    outer loop
      vertex -35.8175 8.73604 0.999999
      vertex -36.412 9.27135 0.999999
      vertex -36.2713 9.41197 0.999999
    endloop
  endfacet
  facet normal -0 0 -1
    outer loop
      vertex -36.0462 7.66008 0.999999
      vertex -36.807 7.41287 0.999999
      vertex -36.076 7.7713 0.999999
    endloop
  endfacet
  facet normal 0 0 -1
    outer loop
      vertex -35.8899 8.64656 0.999999
      vertex -36.5371 9.11679 0.999999
      vertex -36.412 9.27135 0.999999
    endloop
  endfacet
  facet normal 0 0 -1
    outer loop
      vertex -36.8585 7.60497 0.999999
      vertex -36.076 7.7713 0.999999
      vertex -36.807 7.41287 0.999999
    endloop
  endfacet
  facet normal 0 0 -1
    outer loop
      vertex -35.9526 8.55 0.999999
      vertex -36.6454 8.95 0.999999
      vertex -36.5371 9.11679 0.999999
    endloop
  endfacet
  facet normal -0 0 -1
    outer loop
      vertex -36.076 7.7713 0.999999
      vertex -36.8585 7.60497 0.999999
      vertex -36.094 7.88502 0.999999
    endloop
  endfacet
  facet normal 0 0 -1
    outer loop
      vertex -36.0049 8.44741 0.999999
      vertex -36.7357 8.7728 0.999999
      vertex -36.6454 8.95 0.999999
    endloop
  endfacet
  facet normal 0 0 -1
    outer loop
      vertex -36.8896 7.8014 0.999999
      vertex -36.094 7.88502 0.999999
      vertex -36.8585 7.60497 0.999999
    endloop
  endfacet
  facet normal 0 0 -1
    outer loop
      vertex -36.0462 8.33992 0.999999
      vertex -36.807 8.58713 0.999999
      vertex -36.7357 8.7728 0.999999
    endloop
  endfacet
  facet normal -0 0 -1
    outer loop
      vertex -36.094 7.88502 0.999999
      vertex -36.8896 7.8014 0.999999
      vertex -36.1 8 0.999999
    endloop
  endfacet
  facet normal 0 0 -1
    outer loop
      vertex -36.076 8.2287 0.999999
      vertex -36.8585 8.39503 0.999999
      vertex -36.807 8.58713 0.999999
    endloop
  endfacet
  facet normal 0 0 -1
    outer loop
      vertex -36.9 8 0.999999
      vertex -36.1 8 0.999999
      vertex -36.8896 7.8014 0.999999
    endloop
  endfacet
  facet normal 0 0 -1
    outer loop
      vertex -36.094 8.11498 0.999999
      vertex -36.8896 8.1986 0.999999
      vertex -36.8585 8.39503 0.999999
    endloop
  endfacet
  facet normal 0 0 -1
    outer loop
      vertex -36.1 8 0.999999
      vertex -36.9 8 0.999999
      vertex -36.8896 8.1986 0.999999
    endloop
  endfacet
  facet normal 0.453999 -0.891002 0
    outer loop
      vertex -35.95 9.64545 0
      vertex -35.7728 9.73574 0.999999
      vertex -35.95 9.64545 0.999999
    endloop
  endfacet
  facet normal 0.453999 -0.891002 0
    outer loop
      vertex -35.7728 9.73574 0.999999
      vertex -35.95 9.64545 0
      vertex -35.7728 9.73574 0
    endloop
  endfacet
  facet normal 0.838704 -0.544587 0
    outer loop
      vertex -36.6454 8.95 0.999999
      vertex -36.5371 9.11679 0
      vertex -36.5371 9.11679 0.999999
    endloop
  endfacet
  facet normal 0.838704 -0.544587 0
    outer loop
      vertex -36.5371 9.11679 0
      vertex -36.6454 8.95 0.999999
      vertex -36.6454 8.95 0
    endloop
  endfacet
  facet normal 0.544635 0.838673 -0
    outer loop
      vertex -35.95 6.35455 0
      vertex -36.1168 6.46287 0.999999
      vertex -35.95 6.35455 0.999999
    endloop
  endfacet
  facet normal 0.544635 0.838673 0
    outer loop
      vertex -36.1168 6.46287 0.999999
      vertex -35.95 6.35455 0
      vertex -36.1168 6.46287 0
    endloop
  endfacet
  facet normal 0.358309 0.933603 -0
    outer loop
      vertex -35.5871 6.19299 0
      vertex -35.7728 6.26426 0.999999
      vertex -35.5871 6.19299 0.999999
    endloop
  endfacet
  facet normal 0.358309 0.933603 0
    outer loop
      vertex -35.7728 6.26426 0.999999
      vertex -35.5871 6.19299 0
      vertex -35.7728 6.26426 0
    endloop
  endfacet
  facet normal 0.156451 0.987686 -0
    outer loop
      vertex -35.1986 6.11041 0
      vertex -35.395 6.14152 0.999999
      vertex -35.1986 6.11041 0.999999
    endloop
  endfacet
  facet normal 0.156451 0.987686 0
    outer loop
      vertex -35.395 6.14152 0.999999
      vertex -35.1986 6.11041 0
      vertex -35.395 6.14152 0
    endloop
  endfacet
  facet normal 0.0523451 -0.998629 0
    outer loop
      vertex -35.1986 9.88959 0
      vertex -35 9.9 0.999999
      vertex -35.1986 9.88959 0.999999
    endloop
  endfacet
  facet normal 0.0523451 -0.998629 0
    outer loop
      vertex -35 9.9 0.999999
      vertex -35.1986 9.88959 0
      vertex -35 9.9 0
    endloop
  endfacet
  facet normal 0.777294 0.629137 0
    outer loop
      vertex -36.412 6.72865 0.999999
      vertex -36.5371 6.88321 0
      vertex -36.5371 6.88321 0.999999
    endloop
  endfacet
  facet normal 0.777294 0.629137 0
    outer loop
      vertex -36.5371 6.88321 0
      vertex -36.412 6.72865 0.999999
      vertex -36.412 6.72865 0
    endloop
  endfacet
  facet normal 0.706906 0.707308 -0
    outer loop
      vertex -36.2713 6.58803 0
      vertex -36.412 6.72865 0.999999
      vertex -36.2713 6.58803 0.999999
    endloop
  endfacet
  facet normal 0.706906 0.707308 0
    outer loop
      vertex -36.412 6.72865 0.999999
      vertex -36.2713 6.58803 0
      vertex -36.412 6.72865 0
    endloop
  endfacet
  facet normal 0.358309 -0.933603 0
    outer loop
      vertex -35.7728 9.73574 0
      vertex -35.5871 9.80701 0.999999
      vertex -35.7728 9.73574 0.999999
    endloop
  endfacet
  facet normal 0.358309 -0.933603 0
    outer loop
      vertex -35.5871 9.80701 0.999999
      vertex -35.7728 9.73574 0
      vertex -35.5871 9.80701 0
    endloop
  endfacet
  facet normal 0.258805 0.96593 -0
    outer loop
      vertex -35.395 6.14152 0
      vertex -35.5871 6.19299 0.999999
      vertex -35.395 6.14152 0.999999
    endloop
  endfacet
  facet normal 0.258805 0.96593 0
    outer loop
      vertex -35.5871 6.19299 0.999999
      vertex -35.395 6.14152 0
      vertex -35.5871 6.19299 0
    endloop
  endfacet
  facet normal 0.838704 0.544587 0
    outer loop
      vertex -36.5371 6.88321 0.999999
      vertex -36.6454 7.05 0
      vertex -36.6454 7.05 0.999999
    endloop
  endfacet
  facet normal 0.838704 0.544587 0
    outer loop
      vertex -36.6454 7.05 0
      vertex -36.5371 6.88321 0.999999
      vertex -36.5371 6.88321 0
    endloop
  endfacet
  facet normal 0.965892 -0.258946 0
    outer loop
      vertex -36.8585 8.39503 0.999999
      vertex -36.807 8.58713 0
      vertex -36.807 8.58713 0.999999
    endloop
  endfacet
  facet normal 0.965892 -0.258946 0
    outer loop
      vertex -36.807 8.58713 0
      vertex -36.8585 8.39503 0.999999
      vertex -36.8585 8.39503 0
    endloop
  endfacet
  facet normal 0.933533 0.35849 0
    outer loop
      vertex -36.7357 7.2272 0.999999
      vertex -36.807 7.41287 0
      vertex -36.807 7.41287 0.999999
    endloop
  endfacet
  facet normal 0.933533 0.35849 0
    outer loop
      vertex -36.807 7.41287 0
      vertex -36.7357 7.2272 0.999999
      vertex -36.7357 7.2272 0
    endloop
  endfacet
  facet normal 0.965892 0.258946 0
    outer loop
      vertex -36.807 7.41287 0.999999
      vertex -36.8585 7.60497 0
      vertex -36.8585 7.60497 0.999999
    endloop
  endfacet
  facet normal 0.965892 0.258946 0
    outer loop
      vertex -36.8585 7.60497 0
      vertex -36.807 7.41287 0.999999
      vertex -36.807 7.41287 0
    endloop
  endfacet
  facet normal 0.629467 0.777027 -0
    outer loop
      vertex -36.1168 6.46287 0
      vertex -36.2713 6.58803 0.999999
      vertex -36.1168 6.46287 0.999999
    endloop
  endfacet
  facet normal 0.629467 0.777027 0
    outer loop
      vertex -36.2713 6.58803 0.999999
      vertex -36.1168 6.46287 0
      vertex -36.2713 6.58803 0
    endloop
  endfacet
  facet normal 0.890982 0.454039 0
    outer loop
      vertex -36.6454 7.05 0.999999
      vertex -36.7357 7.2272 0
      vertex -36.7357 7.2272 0.999999
    endloop
  endfacet
  facet normal 0.890982 0.454039 0
    outer loop
      vertex -36.7357 7.2272 0
      vertex -36.6454 7.05 0.999999
      vertex -36.6454 7.05 0
    endloop
  endfacet
  facet normal 0.706906 -0.707308 0
    outer loop
      vertex -36.412 9.27135 0
      vertex -36.2713 9.41197 0.999999
      vertex -36.412 9.27135 0.999999
    endloop
  endfacet
  facet normal 0.706906 -0.707308 0
    outer loop
      vertex -36.2713 9.41197 0.999999
      vertex -36.412 9.27135 0
      vertex -36.2713 9.41197 0
    endloop
  endfacet
  facet normal -0.706759 -0.707454 0
    outer loop
      vertex 35.736 -7.18254 0.999999
      vertex 35.8175 -7.26396 3.99
      vertex 35.736 -7.18254 3.99
    endloop
  endfacet
  facet normal -0.706759 -0.707454 -0
    outer loop
      vertex 35.8175 -7.26396 3.99
      vertex 35.736 -7.18254 0.999999
      vertex 35.8175 -7.26396 0.999999
    endloop
  endfacet
  facet normal 0.933469 -0.358659 0
    outer loop
      vertex 33.9538 -7.66008 3.99
      vertex 33.9951 -7.55259 1
      vertex 33.9951 -7.55259 3.99
    endloop
  endfacet
  facet normal 0.933469 -0.358659 0
    outer loop
      vertex 33.9951 -7.55259 1
      vertex 33.9538 -7.66008 3.99
      vertex 33.9538 -7.66008 1
    endloop
  endfacet
  facet normal -0.987704 -0.156337 0
    outer loop
      vertex 36.094 -7.88502 0.999999
      vertex 36.076 -7.7713 3.99
      vertex 36.076 -7.7713 0.999999
    endloop
  endfacet
  facet normal -0.987704 -0.156337 0
    outer loop
      vertex 36.076 -7.7713 3.99
      vertex 36.094 -7.88502 0.999999
      vertex 36.094 -7.88502 3.99
    endloop
  endfacet
  facet normal -0.998641 -0.0521121 0
    outer loop
      vertex 36.1 -8 0.999999
      vertex 36.094 -7.88502 3.99
      vertex 36.094 -7.88502 0.999999
    endloop
  endfacet
  facet normal -0.998641 -0.0521121 0
    outer loop
      vertex 36.094 -7.88502 3.99
      vertex 36.1 -8 0.999999
      vertex 36.1 -8 3.99
    endloop
  endfacet
  facet normal -0.987704 0.156337 0
    outer loop
      vertex 36.076 -8.2287 0.999999
      vertex 36.094 -8.11498 3.99
      vertex 36.094 -8.11498 0.999999
    endloop
  endfacet
  facet normal -0.987704 0.156337 0
    outer loop
      vertex 36.094 -8.11498 3.99
      vertex 36.076 -8.2287 0.999999
      vertex 36.076 -8.2287 3.99
    endloop
  endfacet
  facet normal -0.777399 0.629008 0
    outer loop
      vertex 35.8175 -8.73604 0.999999
      vertex 35.8899 -8.64656 3.99
      vertex 35.8899 -8.64656 0.999999
    endloop
  endfacet
  facet normal -0.777399 0.629008 0
    outer loop
      vertex 35.8899 -8.64656 3.99
      vertex 35.8175 -8.73604 0.999999
      vertex 35.8175 -8.73604 3.99
    endloop
  endfacet
  facet normal 0.45394 0.891032 -0
    outer loop
      vertex 34.5526 -9.0049 1
      vertex 34.45 -8.95263 3.99
      vertex 34.5526 -9.0049 3.99
    endloop
  endfacet
  facet normal 0.45394 0.891032 0
    outer loop
      vertex 34.45 -8.95263 3.99
      vertex 34.5526 -9.0049 1
      vertex 34.45 -8.95263 1
    endloop
  endfacet
  facet normal 0.838698 0.544598 0
    outer loop
      vertex 34.1101 -8.64656 3.99
      vertex 34.0474 -8.55 1
      vertex 34.0474 -8.55 3.99
    endloop
  endfacet
  facet normal 0.838698 0.544598 0
    outer loop
      vertex 34.0474 -8.55 1
      vertex 34.1101 -8.64656 3.99
      vertex 34.1101 -8.64656 1
    endloop
  endfacet
  facet normal 0.258852 -0.965917 0
    outer loop
      vertex 34.6601 -6.95384 1
      vertex 34.7713 -6.92404 3.99
      vertex 34.6601 -6.95384 3.99
    endloop
  endfacet
  facet normal 0.258852 -0.965917 0
    outer loop
      vertex 34.7713 -6.92404 3.99
      vertex 34.6601 -6.95384 1
      vertex 34.7713 -6.92404 1
    endloop
  endfacet
  facet normal -0.358327 0.933596 0
    outer loop
      vertex 35.4474 -9.0049 0.999999
      vertex 35.3399 -9.04616 3.99
      vertex 35.4474 -9.0049 3.99
    endloop
  endfacet
  facet normal -0.358327 0.933596 0
    outer loop
      vertex 35.3399 -9.04616 3.99
      vertex 35.4474 -9.0049 0.999999
      vertex 35.3399 -9.04616 0.999999
    endloop
  endfacet
  facet normal -0.0523628 0.998628 0
    outer loop
      vertex 35.115 -9.09397 3.99
      vertex 35 -9.1 1
      vertex 35 -9.1 3.99
    endloop
  endfacet
  facet normal -0.0523628 0.998628 0
    outer loop
      vertex 35.115 -9.09397 0.999999
      vertex 35 -9.1 1
      vertex 35.115 -9.09397 3.99
    endloop
  endfacet
  facet normal -0.0523628 0.998628 0
    outer loop
      vertex 35 -9.1 1
      vertex 35.115 -9.09397 0.999999
      vertex 35 -9.1 0.999999
    endloop
  endfacet
  facet normal 0.45394 -0.891032 0
    outer loop
      vertex 34.45 -7.04737 1
      vertex 34.5526 -6.9951 3.99
      vertex 34.45 -7.04737 3.99
    endloop
  endfacet
  facet normal 0.45394 -0.891032 0
    outer loop
      vertex 34.5526 -6.9951 3.99
      vertex 34.45 -7.04737 1
      vertex 34.5526 -6.9951 1
    endloop
  endfacet
  facet normal 0.358327 -0.933596 0
    outer loop
      vertex 34.5526 -6.9951 1
      vertex 34.6601 -6.95384 3.99
      vertex 34.5526 -6.9951 3.99
    endloop
  endfacet
  facet normal 0.358327 -0.933596 0
    outer loop
      vertex 34.6601 -6.95384 3.99
      vertex 34.5526 -6.9951 1
      vertex 34.6601 -6.95384 1
    endloop
  endfacet
  facet normal 0.777399 -0.629008 0
    outer loop
      vertex 34.1101 -7.35344 3.99
      vertex 34.1825 -7.26396 1
      vertex 34.1825 -7.26396 3.99
    endloop
  endfacet
  facet normal 0.777399 -0.629008 0
    outer loop
      vertex 34.1825 -7.26396 1
      vertex 34.1101 -7.35344 3.99
      vertex 34.1101 -7.35344 1
    endloop
  endfacet
  facet normal 0.156449 -0.987686 0
    outer loop
      vertex 34.7713 -6.92404 1
      vertex 34.885 -6.90603 3.99
      vertex 34.7713 -6.92404 3.99
    endloop
  endfacet
  facet normal 0.156449 -0.987686 0
    outer loop
      vertex 34.885 -6.90603 3.99
      vertex 34.7713 -6.92404 1
      vertex 34.885 -6.90603 1
    endloop
  endfacet
  facet normal 0.629663 -0.776868 0
    outer loop
      vertex 34.264 -7.18254 1
      vertex 34.3534 -7.11008 3.99
      vertex 34.264 -7.18254 3.99
    endloop
  endfacet
  facet normal 0.629663 -0.776868 0
    outer loop
      vertex 34.3534 -7.11008 3.99
      vertex 34.264 -7.18254 1
      vertex 34.3534 -7.11008 1
    endloop
  endfacet
  facet normal -0.965929 0.258808 0
    outer loop
      vertex 36.0462 -8.33992 0.999999
      vertex 36.076 -8.2287 3.99
      vertex 36.076 -8.2287 0.999999
    endloop
  endfacet
  facet normal -0.965929 0.258808 0
    outer loop
      vertex 36.076 -8.2287 3.99
      vertex 36.0462 -8.33992 0.999999
      vertex 36.0462 -8.33992 3.99
    endloop
  endfacet
  facet normal -0.258852 0.965917 0
    outer loop
      vertex 35.3399 -9.04616 0.999999
      vertex 35.2287 -9.07596 3.99
      vertex 35.3399 -9.04616 3.99
    endloop
  endfacet
  facet normal -0.258852 0.965917 0
    outer loop
      vertex 35.2287 -9.07596 3.99
      vertex 35.3399 -9.04616 0.999999
      vertex 35.2287 -9.07596 0.999999
    endloop
  endfacet
  facet normal -0.45394 -0.891032 0
    outer loop
      vertex 35.4474 -6.9951 0.999999
      vertex 35.55 -7.04737 3.99
      vertex 35.4474 -6.9951 3.99
    endloop
  endfacet
  facet normal -0.45394 -0.891032 -0
    outer loop
      vertex 35.55 -7.04737 3.99
      vertex 35.4474 -6.9951 0.999999
      vertex 35.55 -7.04737 0.999999
    endloop
  endfacet
  facet normal 0.777399 0.629008 0
    outer loop
      vertex 34.1825 -8.73604 3.99
      vertex 34.1101 -8.64656 1
      vertex 34.1101 -8.64656 3.99
    endloop
  endfacet
  facet normal 0.777399 0.629008 0
    outer loop
      vertex 34.1101 -8.64656 1
      vertex 34.1825 -8.73604 3.99
      vertex 34.1825 -8.73604 1
    endloop
  endfacet
  facet normal -0.838698 0.544598 0
    outer loop
      vertex 35.8899 -8.64656 0.999999
      vertex 35.9526 -8.55 3.99
      vertex 35.9526 -8.55 0.999999
    endloop
  endfacet
  facet normal -0.838698 0.544598 0
    outer loop
      vertex 35.9526 -8.55 3.99
      vertex 35.8899 -8.64656 0.999999
      vertex 35.8899 -8.64656 3.99
    endloop
  endfacet
  facet normal -0.156449 0.987686 0
    outer loop
      vertex 35.2287 -9.07596 0.999999
      vertex 35.115 -9.09397 3.99
      vertex 35.2287 -9.07596 3.99
    endloop
  endfacet
  facet normal -0.156449 0.987686 0
    outer loop
      vertex 35.115 -9.09397 3.99
      vertex 35.2287 -9.07596 0.999999
      vertex 35.115 -9.09397 0.999999
    endloop
  endfacet
  facet normal -0.838698 -0.544598 0
    outer loop
      vertex 35.9526 -7.45 0.999999
      vertex 35.8899 -7.35344 3.99
      vertex 35.8899 -7.35344 0.999999
    endloop
  endfacet
  facet normal -0.838698 -0.544598 0
    outer loop
      vertex 35.8899 -7.35344 3.99
      vertex 35.9526 -7.45 0.999999
      vertex 35.9526 -7.45 3.99
    endloop
  endfacet
  facet normal -0.890909 -0.454182 0
    outer loop
      vertex 36.0049 -7.55259 0.999999
      vertex 35.9526 -7.45 3.99
      vertex 35.9526 -7.45 0.999999
    endloop
  endfacet
  facet normal -0.890909 -0.454182 0
    outer loop
      vertex 35.9526 -7.45 3.99
      vertex 36.0049 -7.55259 0.999999
      vertex 36.0049 -7.55259 3.99
    endloop
  endfacet
  facet normal 0.706759 -0.707454 0
    outer loop
      vertex 34.1825 -7.26396 1
      vertex 34.264 -7.18254 3.99
      vertex 34.1825 -7.26396 3.99
    endloop
  endfacet
  facet normal 0.706759 -0.707454 0
    outer loop
      vertex 34.264 -7.18254 3.99
      vertex 34.1825 -7.26396 1
      vertex 34.264 -7.18254 1
    endloop
  endfacet
  facet normal -0.629663 -0.776868 0
    outer loop
      vertex 35.6466 -7.11008 0.999999
      vertex 35.736 -7.18254 3.99
      vertex 35.6466 -7.11008 3.99
    endloop
  endfacet
  facet normal -0.629663 -0.776868 -0
    outer loop
      vertex 35.736 -7.18254 3.99
      vertex 35.6466 -7.11008 0.999999
      vertex 35.736 -7.18254 0.999999
    endloop
  endfacet
  facet normal 0.933469 0.358659 0
    outer loop
      vertex 33.9951 -8.44741 3.99
      vertex 33.9538 -8.33992 1
      vertex 33.9538 -8.33992 3.99
    endloop
  endfacet
  facet normal 0.933469 0.358659 0
    outer loop
      vertex 33.9538 -8.33992 1
      vertex 33.9951 -8.44741 3.99
      vertex 33.9951 -8.44741 1
    endloop
  endfacet
  facet normal 0.890909 0.454182 0
    outer loop
      vertex 34.0474 -8.55 3.99
      vertex 33.9951 -8.44741 1
      vertex 33.9951 -8.44741 3.99
    endloop
  endfacet
  facet normal 0.890909 0.454182 0
    outer loop
      vertex 33.9951 -8.44741 1
      vertex 34.0474 -8.55 3.99
      vertex 34.0474 -8.55 1
    endloop
  endfacet
  facet normal -0.777399 -0.629008 0
    outer loop
      vertex 35.8899 -7.35344 0.999999
      vertex 35.8175 -7.26396 3.99
      vertex 35.8175 -7.26396 0.999999
    endloop
  endfacet
  facet normal -0.777399 -0.629008 0
    outer loop
      vertex 35.8175 -7.26396 3.99
      vertex 35.8899 -7.35344 0.999999
      vertex 35.8899 -7.35344 3.99
    endloop
  endfacet
  facet normal -0.45394 0.891032 0
    outer loop
      vertex 35.55 -8.95263 0.999999
      vertex 35.4474 -9.0049 3.99
      vertex 35.55 -8.95263 3.99
    endloop
  endfacet
  facet normal -0.45394 0.891032 0
    outer loop
      vertex 35.4474 -9.0049 3.99
      vertex 35.55 -8.95263 0.999999
      vertex 35.4474 -9.0049 0.999999
    endloop
  endfacet
  facet normal 0.0523628 -0.998628 0
    outer loop
      vertex 34.885 -6.90603 1
      vertex 35 -6.9 3.99
      vertex 34.885 -6.90603 3.99
    endloop
  endfacet
  facet normal 0.0523628 -0.998628 0
    outer loop
      vertex 35 -6.9 3.99
      vertex 34.885 -6.90603 1
      vertex 35 -6.9 1
    endloop
  endfacet
  facet normal -0.933469 -0.358659 0
    outer loop
      vertex 36.0462 -7.66008 0.999999
      vertex 36.0049 -7.55259 3.99
      vertex 36.0049 -7.55259 0.999999
    endloop
  endfacet
  facet normal -0.933469 -0.358659 0
    outer loop
      vertex 36.0049 -7.55259 3.99
      vertex 36.0462 -7.66008 0.999999
      vertex 36.0462 -7.66008 3.99
    endloop
  endfacet
  facet normal 0.706759 0.707454 -0
    outer loop
      vertex 34.264 -8.81746 1
      vertex 34.1825 -8.73604 3.99
      vertex 34.264 -8.81746 3.99
    endloop
  endfacet
  facet normal 0.706759 0.707454 0
    outer loop
      vertex 34.1825 -8.73604 3.99
      vertex 34.264 -8.81746 1
      vertex 34.1825 -8.73604 1
    endloop
  endfacet
  facet normal -0.258852 -0.965917 0
    outer loop
      vertex 35.2287 -6.92404 0.999999
      vertex 35.3399 -6.95384 3.99
      vertex 35.2287 -6.92404 3.99
    endloop
  endfacet
  facet normal -0.258852 -0.965917 -0
    outer loop
      vertex 35.3399 -6.95384 3.99
      vertex 35.2287 -6.92404 0.999999
      vertex 35.3399 -6.95384 0.999999
    endloop
  endfacet
  facet normal 0.965929 -0.258808 0
    outer loop
      vertex 33.924 -7.7713 3.99
      vertex 33.9538 -7.66008 1
      vertex 33.9538 -7.66008 3.99
    endloop
  endfacet
  facet normal 0.965929 -0.258808 0
    outer loop
      vertex 33.9538 -7.66008 1
      vertex 33.924 -7.7713 3.99
      vertex 33.924 -7.7713 1
    endloop
  endfacet
  facet normal -0.890909 0.454182 0
    outer loop
      vertex 35.9526 -8.55 0.999999
      vertex 36.0049 -8.44741 3.99
      vertex 36.0049 -8.44741 0.999999
    endloop
  endfacet
  facet normal -0.890909 0.454182 0
    outer loop
      vertex 36.0049 -8.44741 3.99
      vertex 35.9526 -8.55 0.999999
      vertex 35.9526 -8.55 3.99
    endloop
  endfacet
  facet normal -0.358327 -0.933596 0
    outer loop
      vertex 35.3399 -6.95384 0.999999
      vertex 35.4474 -6.9951 3.99
      vertex 35.3399 -6.95384 3.99
    endloop
  endfacet
  facet normal -0.358327 -0.933596 -0
    outer loop
      vertex 35.4474 -6.9951 3.99
      vertex 35.3399 -6.95384 0.999999
      vertex 35.4474 -6.9951 0.999999
    endloop
  endfacet
  facet normal -0.5445 0.838761 0
    outer loop
      vertex 35.6466 -8.88992 0.999999
      vertex 35.55 -8.95263 3.99
      vertex 35.6466 -8.88992 3.99
    endloop
  endfacet
  facet normal -0.5445 0.838761 0
    outer loop
      vertex 35.55 -8.95263 3.99
      vertex 35.6466 -8.88992 0.999999
      vertex 35.55 -8.95263 0.999999
    endloop
  endfacet
  facet normal -0.933469 0.358659 0
    outer loop
      vertex 36.0049 -8.44741 0.999999
      vertex 36.0462 -8.33992 3.99
      vertex 36.0462 -8.33992 0.999999
    endloop
  endfacet
  facet normal -0.933469 0.358659 0
    outer loop
      vertex 36.0462 -8.33992 3.99
      vertex 36.0049 -8.44741 0.999999
      vertex 36.0049 -8.44741 3.99
    endloop
  endfacet
  facet normal -0.5445 -0.838761 0
    outer loop
      vertex 35.55 -7.04737 0.999999
      vertex 35.6466 -7.11008 3.99
      vertex 35.55 -7.04737 3.99
    endloop
  endfacet
  facet normal -0.5445 -0.838761 -0
    outer loop
      vertex 35.6466 -7.11008 3.99
      vertex 35.55 -7.04737 0.999999
      vertex 35.6466 -7.11008 0.999999
    endloop
  endfacet
  facet normal 0.987704 -0.156337 0
    outer loop
      vertex 33.906 -7.88502 3.99
      vertex 33.924 -7.7713 1
      vertex 33.924 -7.7713 3.99
    endloop
  endfacet
  facet normal 0.987704 -0.156337 0
    outer loop
      vertex 33.924 -7.7713 1
      vertex 33.906 -7.88502 3.99
      vertex 33.906 -7.88502 1
    endloop
  endfacet
  facet normal -0.0523628 -0.998628 0
    outer loop
      vertex 35 -6.9 1
      vertex 35.115 -6.90603 3.99
      vertex 35 -6.9 3.99
    endloop
  endfacet
  facet normal -0.0523628 -0.998628 0
    outer loop
      vertex 35.115 -6.90603 0.999999
      vertex 35 -6.9 1
      vertex 35 -6.9 0.999999
    endloop
  endfacet
  facet normal -0.0523628 -0.998628 0
    outer loop
      vertex 35 -6.9 1
      vertex 35.115 -6.90603 0.999999
      vertex 35.115 -6.90603 3.99
    endloop
  endfacet
  facet normal -0.965929 -0.258808 0
    outer loop
      vertex 36.076 -7.7713 0.999999
      vertex 36.0462 -7.66008 3.99
      vertex 36.0462 -7.66008 0.999999
    endloop
  endfacet
  facet normal -0.965929 -0.258808 0
    outer loop
      vertex 36.0462 -7.66008 3.99
      vertex 36.076 -7.7713 0.999999
      vertex 36.076 -7.7713 3.99
    endloop
  endfacet
  facet normal 0.890909 -0.454182 0
    outer loop
      vertex 33.9951 -7.55259 3.99
      vertex 34.0474 -7.45 1
      vertex 34.0474 -7.45 3.99
    endloop
  endfacet
  facet normal 0.890909 -0.454182 0
    outer loop
      vertex 34.0474 -7.45 1
      vertex 33.9951 -7.55259 3.99
      vertex 33.9951 -7.55259 1
    endloop
  endfacet
  facet normal -0.156449 -0.987686 0
    outer loop
      vertex 35.115 -6.90603 0.999999
      vertex 35.2287 -6.92404 3.99
      vertex 35.115 -6.90603 3.99
    endloop
  endfacet
  facet normal -0.156449 -0.987686 -0
    outer loop
      vertex 35.2287 -6.92404 3.99
      vertex 35.115 -6.90603 0.999999
      vertex 35.2287 -6.92404 0.999999
    endloop
  endfacet
  facet normal 0.965929 0.258808 0
    outer loop
      vertex 33.9538 -8.33992 3.99
      vertex 33.924 -8.2287 1
      vertex 33.924 -8.2287 3.99
    endloop
  endfacet
  facet normal 0.965929 0.258808 0
    outer loop
      vertex 33.924 -8.2287 1
      vertex 33.9538 -8.33992 3.99
      vertex 33.9538 -8.33992 1
    endloop
  endfacet
  facet normal -0.998641 0.0521121 0
    outer loop
      vertex 36.094 -8.11498 0.999999
      vertex 36.1 -8 3.99
      vertex 36.1 -8 0.999999
    endloop
  endfacet
  facet normal -0.998641 0.0521121 0
    outer loop
      vertex 36.1 -8 3.99
      vertex 36.094 -8.11498 0.999999
      vertex 36.094 -8.11498 3.99
    endloop
  endfacet
  facet normal 0.987704 0.156337 0
    outer loop
      vertex 33.924 -8.2287 3.99
      vertex 33.906 -8.11498 1
      vertex 33.906 -8.11498 3.99
    endloop
  endfacet
  facet normal 0.987704 0.156337 0
    outer loop
      vertex 33.906 -8.11498 1
      vertex 33.924 -8.2287 3.99
      vertex 33.924 -8.2287 1
    endloop
  endfacet
  facet normal 0.258852 0.965917 -0
    outer loop
      vertex 34.7713 -9.07596 1
      vertex 34.6601 -9.04616 3.99
      vertex 34.7713 -9.07596 3.99
    endloop
  endfacet
  facet normal 0.258852 0.965917 0
    outer loop
      vertex 34.6601 -9.04616 3.99
      vertex 34.7713 -9.07596 1
      vertex 34.6601 -9.04616 1
    endloop
  endfacet
  facet normal 0.998641 0.0521121 0
    outer loop
      vertex 33.906 -8.11498 3.99
      vertex 33.9 -8 1
      vertex 33.9 -8 3.99
    endloop
  endfacet
  facet normal 0.998641 0.0521121 0
    outer loop
      vertex 33.9 -8 1
      vertex 33.906 -8.11498 3.99
      vertex 33.906 -8.11498 1
    endloop
  endfacet
  facet normal 0.838698 -0.544598 0
    outer loop
      vertex 34.0474 -7.45 3.99
      vertex 34.1101 -7.35344 1
      vertex 34.1101 -7.35344 3.99
    endloop
  endfacet
  facet normal 0.838698 -0.544598 0
    outer loop
      vertex 34.1101 -7.35344 1
      vertex 34.0474 -7.45 3.99
      vertex 34.0474 -7.45 1
    endloop
  endfacet
  facet normal 0.629663 0.776868 -0
    outer loop
      vertex 34.3534 -8.88992 1
      vertex 34.264 -8.81746 3.99
      vertex 34.3534 -8.88992 3.99
    endloop
  endfacet
  facet normal 0.629663 0.776868 0
    outer loop
      vertex 34.264 -8.81746 3.99
      vertex 34.3534 -8.88992 1
      vertex 34.264 -8.81746 1
    endloop
  endfacet
  facet normal 0.5445 0.838761 -0
    outer loop
      vertex 34.45 -8.95263 1
      vertex 34.3534 -8.88992 3.99
      vertex 34.45 -8.95263 3.99
    endloop
  endfacet
  facet normal 0.5445 0.838761 0
    outer loop
      vertex 34.3534 -8.88992 3.99
      vertex 34.45 -8.95263 1
      vertex 34.3534 -8.88992 1
    endloop
  endfacet
  facet normal 0.0523628 0.998628 -0
    outer loop
      vertex 35 -9.1 1
      vertex 34.885 -9.09397 3.99
      vertex 35 -9.1 3.99
    endloop
  endfacet
  facet normal 0.0523628 0.998628 0
    outer loop
      vertex 34.885 -9.09397 3.99
      vertex 35 -9.1 1
      vertex 34.885 -9.09397 1
    endloop
  endfacet
  facet normal 0.5445 -0.838761 0
    outer loop
      vertex 34.3534 -7.11008 1
      vertex 34.45 -7.04737 3.99
      vertex 34.3534 -7.11008 3.99
    endloop
  endfacet
  facet normal 0.5445 -0.838761 0
    outer loop
      vertex 34.45 -7.04737 3.99
      vertex 34.3534 -7.11008 1
      vertex 34.45 -7.04737 1
    endloop
  endfacet
  facet normal 0.998641 -0.0521121 0
    outer loop
      vertex 33.9 -8 3.99
      vertex 33.906 -7.88502 1
      vertex 33.906 -7.88502 3.99
    endloop
  endfacet
  facet normal 0.998641 -0.0521121 0
    outer loop
      vertex 33.906 -7.88502 1
      vertex 33.9 -8 3.99
      vertex 33.9 -8 1
    endloop
  endfacet
  facet normal 0.358327 0.933596 -0
    outer loop
      vertex 34.6601 -9.04616 1
      vertex 34.5526 -9.0049 3.99
      vertex 34.6601 -9.04616 3.99
    endloop
  endfacet
  facet normal 0.358327 0.933596 0
    outer loop
      vertex 34.5526 -9.0049 3.99
      vertex 34.6601 -9.04616 1
      vertex 34.5526 -9.0049 1
    endloop
  endfacet
  facet normal 0.156449 0.987686 -0
    outer loop
      vertex 34.885 -9.09397 1
      vertex 34.7713 -9.07596 3.99
      vertex 34.885 -9.09397 3.99
    endloop
  endfacet
  facet normal 0.156449 0.987686 0
    outer loop
      vertex 34.7713 -9.07596 3.99
      vertex 34.885 -9.09397 1
      vertex 34.7713 -9.07596 1
    endloop
  endfacet
  facet normal -0.706759 0.707454 0
    outer loop
      vertex 35.8175 -8.73604 0.999999
      vertex 35.736 -8.81746 3.99
      vertex 35.8175 -8.73604 3.99
    endloop
  endfacet
  facet normal -0.706759 0.707454 0
    outer loop
      vertex 35.736 -8.81746 3.99
      vertex 35.8175 -8.73604 0.999999
      vertex 35.736 -8.81746 0.999999
    endloop
  endfacet
  facet normal -0.629663 0.776868 0
    outer loop
      vertex 35.736 -8.81746 0.999999
      vertex 35.6466 -8.88992 3.99
      vertex 35.736 -8.81746 3.99
    endloop
  endfacet
  facet normal -0.629663 0.776868 0
    outer loop
      vertex 35.6466 -8.88992 3.99
      vertex 35.736 -8.81746 0.999999
      vertex 35.6466 -8.88992 0.999999
    endloop
  endfacet
  facet normal -0.987697 -0.156378 0
    outer loop
      vertex 36.8896 -7.8014 0
      vertex 36.8585 -7.60497 0.999999
      vertex 36.8585 -7.60497 0
    endloop
  endfacet
  facet normal -0.987697 -0.156378 0
    outer loop
      vertex 36.8585 -7.60497 0.999999
      vertex 36.8896 -7.8014 0
      vertex 36.8896 -7.8014 0.999999
    endloop
  endfacet
  facet normal -0.998632 -0.0522949 0
    outer loop
      vertex 36.9 -8 0
      vertex 36.8896 -7.8014 0.999999
      vertex 36.8896 -7.8014 0
    endloop
  endfacet
  facet normal -0.998632 -0.0522949 0
    outer loop
      vertex 36.8896 -7.8014 0.999999
      vertex 36.9 -8 0
      vertex 36.9 -8 0.999999
    endloop
  endfacet
  facet normal -0.965892 -0.258946 0
    outer loop
      vertex 36.8585 -7.60497 0
      vertex 36.807 -7.41287 0.999999
      vertex 36.807 -7.41287 0
    endloop
  endfacet
  facet normal -0.965892 -0.258946 0
    outer loop
      vertex 36.807 -7.41287 0.999999
      vertex 36.8585 -7.60497 0
      vertex 36.8585 -7.60497 0.999999
    endloop
  endfacet
  facet normal -0.156451 -0.987686 0
    outer loop
      vertex 35.1986 -6.11041 0
      vertex 35.395 -6.14152 0.999999
      vertex 35.1986 -6.11041 0.999999
    endloop
  endfacet
  facet normal -0.156451 -0.987686 -0
    outer loop
      vertex 35.395 -6.14152 0.999999
      vertex 35.1986 -6.11041 0
      vertex 35.395 -6.14152 0
    endloop
  endfacet
  facet normal -0.453999 0.891002 0
    outer loop
      vertex 35.95 -9.64545 0
      vertex 35.7728 -9.73574 0.999999
      vertex 35.95 -9.64545 0.999999
    endloop
  endfacet
  facet normal -0.453999 0.891002 0
    outer loop
      vertex 35.7728 -9.73574 0.999999
      vertex 35.95 -9.64545 0
      vertex 35.7728 -9.73574 0
    endloop
  endfacet
  facet normal -0.933533 -0.35849 0
    outer loop
      vertex 36.807 -7.41287 0
      vertex 36.7357 -7.2272 0.999999
      vertex 36.7357 -7.2272 0
    endloop
  endfacet
  facet normal -0.933533 -0.35849 0
    outer loop
      vertex 36.7357 -7.2272 0.999999
      vertex 36.807 -7.41287 0
      vertex 36.807 -7.41287 0.999999
    endloop
  endfacet
  facet normal -0.777294 -0.629137 0
    outer loop
      vertex 36.5371 -6.88321 0
      vertex 36.412 -6.72865 0.999999
      vertex 36.412 -6.72865 0
    endloop
  endfacet
  facet normal -0.777294 -0.629137 0
    outer loop
      vertex 36.412 -6.72865 0.999999
      vertex 36.5371 -6.88321 0
      vertex 36.5371 -6.88321 0.999999
    endloop
  endfacet
  facet normal -0.544635 0.838673 0
    outer loop
      vertex 36.1168 -9.53713 0
      vertex 35.95 -9.64545 0.999999
      vertex 36.1168 -9.53713 0.999999
    endloop
  endfacet
  facet normal -0.544635 0.838673 0
    outer loop
      vertex 35.95 -9.64545 0.999999
      vertex 36.1168 -9.53713 0
      vertex 35.95 -9.64545 0
    endloop
  endfacet
  facet normal -0.998632 0.0522949 0
    outer loop
      vertex 36.8896 -8.1986 0
      vertex 36.9 -8 0.999999
      vertex 36.9 -8 0
    endloop
  endfacet
  facet normal -0.998632 0.0522949 0
    outer loop
      vertex 36.9 -8 0.999999
      vertex 36.8896 -8.1986 0
      vertex 36.8896 -8.1986 0.999999
    endloop
  endfacet
  facet normal -0.933533 0.35849 0
    outer loop
      vertex 36.7357 -8.7728 0
      vertex 36.807 -8.58713 0.999999
      vertex 36.807 -8.58713 0
    endloop
  endfacet
  facet normal -0.933533 0.35849 0
    outer loop
      vertex 36.807 -8.58713 0.999999
      vertex 36.7357 -8.7728 0
      vertex 36.7357 -8.7728 0.999999
    endloop
  endfacet
  facet normal -0.258805 -0.96593 0
    outer loop
      vertex 35.395 -6.14152 0
      vertex 35.5871 -6.19299 0.999999
      vertex 35.395 -6.14152 0.999999
    endloop
  endfacet
  facet normal -0.258805 -0.96593 -0
    outer loop
      vertex 35.5871 -6.19299 0.999999
      vertex 35.395 -6.14152 0
      vertex 35.5871 -6.19299 0
    endloop
  endfacet
  facet normal -0.0523451 0.998629 0
    outer loop
      vertex 35.1986 -9.88959 0
      vertex 35 -9.9 0.999999
      vertex 35.1986 -9.88959 0.999999
    endloop
  endfacet
  facet normal -0.0523451 0.998629 0
    outer loop
      vertex 35 -9.9 0.999999
      vertex 35.1986 -9.88959 0
      vertex 35 -9.9 0
    endloop
  endfacet
  facet normal -0.156451 0.987686 0
    outer loop
      vertex 35.395 -9.85848 0
      vertex 35.1986 -9.88959 0.999999
      vertex 35.395 -9.85848 0.999999
    endloop
  endfacet
  facet normal -0.156451 0.987686 0
    outer loop
      vertex 35.1986 -9.88959 0.999999
      vertex 35.395 -9.85848 0
      vertex 35.1986 -9.88959 0
    endloop
  endfacet
  facet normal -0.838704 -0.544587 0
    outer loop
      vertex 36.6454 -7.05 0
      vertex 36.5371 -6.88321 0.999999
      vertex 36.5371 -6.88321 0
    endloop
  endfacet
  facet normal -0.838704 -0.544587 0
    outer loop
      vertex 36.5371 -6.88321 0.999999
      vertex 36.6454 -7.05 0
      vertex 36.6454 -7.05 0.999999
    endloop
  endfacet
  facet normal -0.838704 0.544587 0
    outer loop
      vertex 36.5371 -9.11679 0
      vertex 36.6454 -8.95 0.999999
      vertex 36.6454 -8.95 0
    endloop
  endfacet
  facet normal -0.838704 0.544587 0
    outer loop
      vertex 36.6454 -8.95 0.999999
      vertex 36.5371 -9.11679 0
      vertex 36.5371 -9.11679 0.999999
    endloop
  endfacet
  facet normal -0.358309 -0.933603 0
    outer loop
      vertex 35.5871 -6.19299 0
      vertex 35.7728 -6.26426 0.999999
      vertex 35.5871 -6.19299 0.999999
    endloop
  endfacet
  facet normal -0.358309 -0.933603 -0
    outer loop
      vertex 35.7728 -6.26426 0.999999
      vertex 35.5871 -6.19299 0
      vertex 35.7728 -6.26426 0
    endloop
  endfacet
  facet normal -0.890982 -0.454039 0
    outer loop
      vertex 36.7357 -7.2272 0
      vertex 36.6454 -7.05 0.999999
      vertex 36.6454 -7.05 0
    endloop
  endfacet
  facet normal -0.890982 -0.454039 0
    outer loop
      vertex 36.6454 -7.05 0.999999
      vertex 36.7357 -7.2272 0
      vertex 36.7357 -7.2272 0.999999
    endloop
  endfacet
  facet normal -0.965892 0.258946 0
    outer loop
      vertex 36.807 -8.58713 0
      vertex 36.8585 -8.39503 0.999999
      vertex 36.8585 -8.39503 0
    endloop
  endfacet
  facet normal -0.965892 0.258946 0
    outer loop
      vertex 36.8585 -8.39503 0.999999
      vertex 36.807 -8.58713 0
      vertex 36.807 -8.58713 0.999999
    endloop
  endfacet
  facet normal -0.358309 0.933603 0
    outer loop
      vertex 35.7728 -9.73574 0
      vertex 35.5871 -9.80701 0.999999
      vertex 35.7728 -9.73574 0.999999
    endloop
  endfacet
  facet normal -0.358309 0.933603 0
    outer loop
      vertex 35.5871 -9.80701 0.999999
      vertex 35.7728 -9.73574 0
      vertex 35.5871 -9.80701 0
    endloop
  endfacet
  facet normal -0.629467 -0.777027 0
    outer loop
      vertex 36.1168 -6.46287 0
      vertex 36.2713 -6.58803 0.999999
      vertex 36.1168 -6.46287 0.999999
    endloop
  endfacet
  facet normal -0.629467 -0.777027 -0
    outer loop
      vertex 36.2713 -6.58803 0.999999
      vertex 36.1168 -6.46287 0
      vertex 36.2713 -6.58803 0
    endloop
  endfacet
  facet normal -0.0523451 -0.998629 0
    outer loop
      vertex 35 -6.1 0
      vertex 35.1986 -6.11041 0.999999
      vertex 35 -6.1 0.999999
    endloop
  endfacet
  facet normal -0.0523451 -0.998629 -0
    outer loop
      vertex 35.1986 -6.11041 0.999999
      vertex 35 -6.1 0
      vertex 35.1986 -6.11041 0
    endloop
  endfacet
  facet normal -0.258805 0.96593 0
    outer loop
      vertex 35.5871 -9.80701 0
      vertex 35.395 -9.85848 0.999999
      vertex 35.5871 -9.80701 0.999999
    endloop
  endfacet
  facet normal -0.258805 0.96593 0
    outer loop
      vertex 35.395 -9.85848 0.999999
      vertex 35.5871 -9.80701 0
      vertex 35.395 -9.85848 0
    endloop
  endfacet
  facet normal -0.890982 0.454039 0
    outer loop
      vertex 36.6454 -8.95 0
      vertex 36.7357 -8.7728 0.999999
      vertex 36.7357 -8.7728 0
    endloop
  endfacet
  facet normal -0.890982 0.454039 0
    outer loop
      vertex 36.7357 -8.7728 0.999999
      vertex 36.6454 -8.95 0
      vertex 36.6454 -8.95 0.999999
    endloop
  endfacet
  facet normal -0.777294 0.629137 0
    outer loop
      vertex 36.412 -9.27135 0
      vertex 36.5371 -9.11679 0.999999
      vertex 36.5371 -9.11679 0
    endloop
  endfacet
  facet normal -0.777294 0.629137 0
    outer loop
      vertex 36.5371 -9.11679 0.999999
      vertex 36.412 -9.27135 0
      vertex 36.412 -9.27135 0.999999
    endloop
  endfacet
  facet normal -0.544635 -0.838673 0
    outer loop
      vertex 35.95 -6.35455 0
      vertex 36.1168 -6.46287 0.999999
      vertex 35.95 -6.35455 0.999999
    endloop
  endfacet
  facet normal -0.544635 -0.838673 -0
    outer loop
      vertex 36.1168 -6.46287 0.999999
      vertex 35.95 -6.35455 0
      vertex 36.1168 -6.46287 0
    endloop
  endfacet
  facet normal -0.987697 0.156378 0
    outer loop
      vertex 36.8585 -8.39503 0
      vertex 36.8896 -8.1986 0.999999
      vertex 36.8896 -8.1986 0
    endloop
  endfacet
  facet normal -0.987697 0.156378 0
    outer loop
      vertex 36.8896 -8.1986 0.999999
      vertex 36.8585 -8.39503 0
      vertex 36.8585 -8.39503 0.999999
    endloop
  endfacet
  facet normal -0.453999 -0.891002 0
    outer loop
      vertex 35.7728 -6.26426 0
      vertex 35.95 -6.35455 0.999999
      vertex 35.7728 -6.26426 0.999999
    endloop
  endfacet
  facet normal -0.453999 -0.891002 -0
    outer loop
      vertex 35.95 -6.35455 0.999999
      vertex 35.7728 -6.26426 0
      vertex 35.95 -6.35455 0
    endloop
  endfacet
  facet normal -0.706906 -0.707308 0
    outer loop
      vertex 36.2713 -6.58803 0
      vertex 36.412 -6.72865 0.999999
      vertex 36.2713 -6.58803 0.999999
    endloop
  endfacet
  facet normal -0.706906 -0.707308 -0
    outer loop
      vertex 36.412 -6.72865 0.999999
      vertex 36.2713 -6.58803 0
      vertex 36.412 -6.72865 0
    endloop
  endfacet
  facet normal -0.629467 0.777027 0
    outer loop
      vertex 36.2713 -9.41197 0
      vertex 36.1168 -9.53713 0.999999
      vertex 36.2713 -9.41197 0.999999
    endloop
  endfacet
  facet normal -0.629467 0.777027 0
    outer loop
      vertex 36.1168 -9.53713 0.999999
      vertex 36.2713 -9.41197 0
      vertex 36.1168 -9.53713 0
    endloop
  endfacet
  facet normal 0 0 -1
    outer loop
      vertex 36.1 -8 0.999999
      vertex 36.9 -8 0.999999
      vertex 36.8896 -8.1986 0.999999
    endloop
  endfacet
  facet normal 0 0 -1
    outer loop
      vertex 36.094 -8.11498 0.999999
      vertex 36.8896 -8.1986 0.999999
      vertex 36.8585 -8.39503 0.999999
    endloop
  endfacet
  facet normal 0 0 -1
    outer loop
      vertex 36.9 -8 0.999999
      vertex 36.1 -8 0.999999
      vertex 36.8896 -7.8014 0.999999
    endloop
  endfacet
  facet normal 0 0 -1
    outer loop
      vertex 36.076 -8.2287 0.999999
      vertex 36.8585 -8.39503 0.999999
      vertex 36.807 -8.58713 0.999999
    endloop
  endfacet
  facet normal 0 0 -1
    outer loop
      vertex 36.094 -7.88502 0.999999
      vertex 36.8896 -7.8014 0.999999
      vertex 36.1 -8 0.999999
    endloop
  endfacet
  facet normal 0 0 -1
    outer loop
      vertex 36.0462 -8.33992 0.999999
      vertex 36.807 -8.58713 0.999999
      vertex 36.7357 -8.7728 0.999999
    endloop
  endfacet
  facet normal -0 0 -1
    outer loop
      vertex 36.8896 -7.8014 0.999999
      vertex 36.094 -7.88502 0.999999
      vertex 36.8585 -7.60497 0.999999
    endloop
  endfacet
  facet normal 0 0 -1
    outer loop
      vertex 36.0049 -8.44741 0.999999
      vertex 36.7357 -8.7728 0.999999
      vertex 36.6454 -8.95 0.999999
    endloop
  endfacet
  facet normal 0 0 -1
    outer loop
      vertex 36.076 -7.7713 0.999999
      vertex 36.8585 -7.60497 0.999999
      vertex 36.094 -7.88502 0.999999
    endloop
  endfacet
  facet normal 0 0 -1
    outer loop
      vertex 35.9526 -8.55 0.999999
      vertex 36.6454 -8.95 0.999999
      vertex 36.5371 -9.11679 0.999999
    endloop
  endfacet
  facet normal -0 0 -1
    outer loop
      vertex 36.8585 -7.60497 0.999999
      vertex 36.076 -7.7713 0.999999
      vertex 36.807 -7.41287 0.999999
    endloop
  endfacet
  facet normal 0 0 -1
    outer loop
      vertex 35.8899 -8.64656 0.999999
      vertex 36.5371 -9.11679 0.999999
      vertex 36.412 -9.27135 0.999999
    endloop
  endfacet
  facet normal 0 0 -1
    outer loop
      vertex 36.0462 -7.66008 0.999999
      vertex 36.807 -7.41287 0.999999
      vertex 36.076 -7.7713 0.999999
    endloop
  endfacet
  facet normal 0 0 -1
    outer loop
      vertex 35.8175 -8.73604 0.999999
      vertex 36.412 -9.27135 0.999999
      vertex 36.2713 -9.41197 0.999999
    endloop
  endfacet
  facet normal -0 0 -1
    outer loop
      vertex 36.807 -7.41287 0.999999
      vertex 36.0462 -7.66008 0.999999
      vertex 36.7357 -7.2272 0.999999
    endloop
  endfacet
  facet normal 0 0 -1
    outer loop
      vertex 35.736 -8.81746 0.999999
      vertex 36.2713 -9.41197 0.999999
      vertex 36.1168 -9.53713 0.999999
    endloop
  endfacet
  facet normal 0 0 -1
    outer loop
      vertex 36.0049 -7.55259 0.999999
      vertex 36.7357 -7.2272 0.999999
      vertex 36.0462 -7.66008 0.999999
    endloop
  endfacet
  facet normal -0 0 -1
    outer loop
      vertex 36.7357 -7.2272 0.999999
      vertex 36.0049 -7.55259 0.999999
      vertex 36.6454 -7.05 0.999999
    endloop
  endfacet
  facet normal 0 0 -1
    outer loop
      vertex 36.8896 -8.1986 0.999999
      vertex 36.094 -8.11498 0.999999
      vertex 36.1 -8 0.999999
    endloop
  endfacet
  facet normal 0 0 -1
    outer loop
      vertex 36.8585 -8.39503 0.999999
      vertex 36.076 -8.2287 0.999999
      vertex 36.094 -8.11498 0.999999
    endloop
  endfacet
  facet normal 0 0 -1
    outer loop
      vertex 36.807 -8.58713 0.999999
      vertex 36.0462 -8.33992 0.999999
      vertex 36.076 -8.2287 0.999999
    endloop
  endfacet
  facet normal 0 0 -1
    outer loop
      vertex 36.7357 -8.7728 0.999999
      vertex 36.0049 -8.44741 0.999999
      vertex 36.0462 -8.33992 0.999999
    endloop
  endfacet
  facet normal 0 0 -1
    outer loop
      vertex 36.6454 -8.95 0.999999
      vertex 35.9526 -8.55 0.999999
      vertex 36.0049 -8.44741 0.999999
    endloop
  endfacet
  facet normal 0 0 -1
    outer loop
      vertex 35.6466 -8.88992 0.999999
      vertex 36.1168 -9.53713 0.999999
      vertex 35.95 -9.64545 0.999999
    endloop
  endfacet
  facet normal 0 0 -1
    outer loop
      vertex 36.5371 -9.11679 0.999999
      vertex 35.8899 -8.64656 0.999999
      vertex 35.9526 -8.55 0.999999
    endloop
  endfacet
  facet normal 0 0 -1
    outer loop
      vertex 36.412 -9.27135 0.999999
      vertex 35.8175 -8.73604 0.999999
      vertex 35.8899 -8.64656 0.999999
    endloop
  endfacet
  facet normal 0 0 -1
    outer loop
      vertex 35.55 -8.95263 0.999999
      vertex 35.95 -9.64545 0.999999
      vertex 35.7728 -9.73574 0.999999
    endloop
  endfacet
  facet normal 0 0 -1
    outer loop
      vertex 36.2713 -9.41197 0.999999
      vertex 35.736 -8.81746 0.999999
      vertex 35.8175 -8.73604 0.999999
    endloop
  endfacet
  facet normal 0 0 -1
    outer loop
      vertex 36.1168 -9.53713 0.999999
      vertex 35.6466 -8.88992 0.999999
      vertex 35.736 -8.81746 0.999999
    endloop
  endfacet
  facet normal 0 0 -1
    outer loop
      vertex 35.4474 -9.0049 0.999999
      vertex 35.7728 -9.73574 0.999999
      vertex 35.5871 -9.80701 0.999999
    endloop
  endfacet
  facet normal 0 0 -1
    outer loop
      vertex 35.95 -9.64545 0.999999
      vertex 35.55 -8.95263 0.999999
      vertex 35.6466 -8.88992 0.999999
    endloop
  endfacet
  facet normal 0 0 -1
    outer loop
      vertex 35.7728 -9.73574 0.999999
      vertex 35.4474 -9.0049 0.999999
      vertex 35.55 -8.95263 0.999999
    endloop
  endfacet
  facet normal 0 0 -1
    outer loop
      vertex 35.3399 -9.04616 0.999999
      vertex 35.5871 -9.80701 0.999999
      vertex 35.395 -9.85848 0.999999
    endloop
  endfacet
  facet normal 0 0 -1
    outer loop
      vertex 35.5871 -9.80701 0.999999
      vertex 35.3399 -9.04616 0.999999
      vertex 35.4474 -9.0049 0.999999
    endloop
  endfacet
  facet normal 0 0 -1
    outer loop
      vertex 35.395 -9.85848 0.999999
      vertex 35.2287 -9.07596 0.999999
      vertex 35.3399 -9.04616 0.999999
    endloop
  endfacet
  facet normal 0 0 -1
    outer loop
      vertex 35.1986 -9.88959 0.999999
      vertex 35.2287 -9.07596 0.999999
      vertex 35.395 -9.85848 0.999999
    endloop
  endfacet
  facet normal 0 0 -1
    outer loop
      vertex 35.1986 -9.88959 0.999999
      vertex 35.115 -9.09397 0.999999
      vertex 35.2287 -9.07596 0.999999
    endloop
  endfacet
  facet normal 0 0 -1
    outer loop
      vertex 35 -9.9 0.999999
      vertex 35.115 -9.09397 0.999999
      vertex 35.1986 -9.88959 0.999999
    endloop
  endfacet
  facet normal 0 0 -1
    outer loop
      vertex 35.115 -9.09397 0.999999
      vertex 35 -9.9 0.999999
      vertex 35 -9.1 0.999999
    endloop
  endfacet
  facet normal 0 0 -1
    outer loop
      vertex 35.9526 -7.45 0.999999
      vertex 36.6454 -7.05 0.999999
      vertex 36.0049 -7.55259 0.999999
    endloop
  endfacet
  facet normal -0 0 -1
    outer loop
      vertex 36.6454 -7.05 0.999999
      vertex 35.9526 -7.45 0.999999
      vertex 36.5371 -6.88321 0.999999
    endloop
  endfacet
  facet normal 0 0 -1
    outer loop
      vertex 35.8899 -7.35344 0.999999
      vertex 36.5371 -6.88321 0.999999
      vertex 35.9526 -7.45 0.999999
    endloop
  endfacet
  facet normal -0 0 -1
    outer loop
      vertex 36.5371 -6.88321 0.999999
      vertex 35.8899 -7.35344 0.999999
      vertex 36.412 -6.72865 0.999999
    endloop
  endfacet
  facet normal 0 0 -1
    outer loop
      vertex 35.8175 -7.26396 0.999999
      vertex 36.412 -6.72865 0.999999
      vertex 35.8899 -7.35344 0.999999
    endloop
  endfacet
  facet normal -0 0 -1
    outer loop
      vertex 36.412 -6.72865 0.999999
      vertex 35.8175 -7.26396 0.999999
      vertex 36.2713 -6.58803 0.999999
    endloop
  endfacet
  facet normal 0 0 -1
    outer loop
      vertex 35.736 -7.18254 0.999999
      vertex 36.2713 -6.58803 0.999999
      vertex 35.8175 -7.26396 0.999999
    endloop
  endfacet
  facet normal -0 0 -1
    outer loop
      vertex 36.2713 -6.58803 0.999999
      vertex 35.736 -7.18254 0.999999
      vertex 36.1168 -6.46287 0.999999
    endloop
  endfacet
  facet normal 0 0 -1
    outer loop
      vertex 35.6466 -7.11008 0.999999
      vertex 36.1168 -6.46287 0.999999
      vertex 35.736 -7.18254 0.999999
    endloop
  endfacet
  facet normal -0 0 -1
    outer loop
      vertex 36.1168 -6.46287 0.999999
      vertex 35.6466 -7.11008 0.999999
      vertex 35.95 -6.35455 0.999999
    endloop
  endfacet
  facet normal 0 0 -1
    outer loop
      vertex 35.55 -7.04737 0.999999
      vertex 35.95 -6.35455 0.999999
      vertex 35.6466 -7.11008 0.999999
    endloop
  endfacet
  facet normal -0 0 -1
    outer loop
      vertex 35.95 -6.35455 0.999999
      vertex 35.55 -7.04737 0.999999
      vertex 35.7728 -6.26426 0.999999
    endloop
  endfacet
  facet normal 0 0 -1
    outer loop
      vertex 35.4474 -6.9951 0.999999
      vertex 35.7728 -6.26426 0.999999
      vertex 35.55 -7.04737 0.999999
    endloop
  endfacet
  facet normal -0 0 -1
    outer loop
      vertex 35.7728 -6.26426 0.999999
      vertex 35.4474 -6.9951 0.999999
      vertex 35.5871 -6.19299 0.999999
    endloop
  endfacet
  facet normal 0 0 -1
    outer loop
      vertex 35.3399 -6.95384 0.999999
      vertex 35.5871 -6.19299 0.999999
      vertex 35.4474 -6.9951 0.999999
    endloop
  endfacet
  facet normal -0 0 -1
    outer loop
      vertex 35.5871 -6.19299 0.999999
      vertex 35.3399 -6.95384 0.999999
      vertex 35.395 -6.14152 0.999999
    endloop
  endfacet
  facet normal 0 0 -1
    outer loop
      vertex 35.2287 -6.92404 0.999999
      vertex 35.395 -6.14152 0.999999
      vertex 35.3399 -6.95384 0.999999
    endloop
  endfacet
  facet normal 0 0 -1
    outer loop
      vertex 35.2287 -6.92404 0.999999
      vertex 35.1986 -6.11041 0.999999
      vertex 35.395 -6.14152 0.999999
    endloop
  endfacet
  facet normal 0 0 -1
    outer loop
      vertex 35.115 -6.90603 0.999999
      vertex 35.1986 -6.11041 0.999999
      vertex 35.2287 -6.92404 0.999999
    endloop
  endfacet
  facet normal 0 0 -1
    outer loop
      vertex 35 -6.9 0.999999
      vertex 35.1986 -6.11041 0.999999
      vertex 35.115 -6.90603 0.999999
    endloop
  endfacet
  facet normal -0 0 -1
    outer loop
      vertex 35.1986 -6.11041 0.999999
      vertex 35 -6.9 0.999999
      vertex 35 -6.1 0.999999
    endloop
  endfacet
  facet normal -0.706906 0.707308 0
    outer loop
      vertex 36.412 -9.27135 0
      vertex 36.2713 -9.41197 0.999999
      vertex 36.412 -9.27135 0.999999
    endloop
  endfacet
  facet normal -0.706906 0.707308 0
    outer loop
      vertex 36.2713 -9.41197 0.999999
      vertex 36.412 -9.27135 0
      vertex 36.2713 -9.41197 0
    endloop
  endfacet
  facet normal 0.629663 -0.776868 0
    outer loop
      vertex -35.736 -7.18254 0.999999
      vertex -35.6466 -7.11008 3.99
      vertex -35.736 -7.18254 3.99
    endloop
  endfacet
  facet normal 0.629663 -0.776868 0
    outer loop
      vertex -35.6466 -7.11008 3.99
      vertex -35.736 -7.18254 0.999999
      vertex -35.6466 -7.11008 0.999999
    endloop
  endfacet
  facet normal -0.987704 -0.156337 0
    outer loop
      vertex -33.906 -7.88502 1
      vertex -33.924 -7.7713 3.99
      vertex -33.924 -7.7713 1
    endloop
  endfacet
  facet normal -0.987704 -0.156337 0
    outer loop
      vertex -33.924 -7.7713 3.99
      vertex -33.906 -7.88502 1
      vertex -33.906 -7.88502 3.99
    endloop
  endfacet
  facet normal 0.933469 -0.358659 0
    outer loop
      vertex -36.0462 -7.66008 3.99
      vertex -36.0049 -7.55259 0.999999
      vertex -36.0049 -7.55259 3.99
    endloop
  endfacet
  facet normal 0.933469 -0.358659 0
    outer loop
      vertex -36.0049 -7.55259 0.999999
      vertex -36.0462 -7.66008 3.99
      vertex -36.0462 -7.66008 0.999999
    endloop
  endfacet
  facet normal 0.706759 -0.707454 0
    outer loop
      vertex -35.8175 -7.26396 0.999999
      vertex -35.736 -7.18254 3.99
      vertex -35.8175 -7.26396 3.99
    endloop
  endfacet
  facet normal 0.706759 -0.707454 0
    outer loop
      vertex -35.736 -7.18254 3.99
      vertex -35.8175 -7.26396 0.999999
      vertex -35.736 -7.18254 0.999999
    endloop
  endfacet
  facet normal -0.0523628 0.998628 0
    outer loop
      vertex -34.885 -9.09397 1
      vertex -35 -9.1 3.99
      vertex -34.885 -9.09397 3.99
    endloop
  endfacet
  facet normal -0.0523628 0.998628 0
    outer loop
      vertex -35 -9.1 3.99
      vertex -34.885 -9.09397 1
      vertex -35 -9.1 1
    endloop
  endfacet
  facet normal -0.629663 -0.776868 0
    outer loop
      vertex -34.3534 -7.11008 1
      vertex -34.264 -7.18254 3.99
      vertex -34.3534 -7.11008 3.99
    endloop
  endfacet
  facet normal -0.629663 -0.776868 -0
    outer loop
      vertex -34.264 -7.18254 3.99
      vertex -34.3534 -7.11008 1
      vertex -34.264 -7.18254 1
    endloop
  endfacet
  facet normal 0.998641 -0.0521121 0
    outer loop
      vertex -36.1 -8 3.99
      vertex -36.094 -7.88502 0.999999
      vertex -36.094 -7.88502 3.99
    endloop
  endfacet
  facet normal 0.998641 -0.0521121 0
    outer loop
      vertex -36.094 -7.88502 0.999999
      vertex -36.1 -8 3.99
      vertex -36.1 -8 0.999999
    endloop
  endfacet
  facet normal -0.998641 0.0521121 0
    outer loop
      vertex -33.906 -8.11498 1
      vertex -33.9 -8 3.99
      vertex -33.9 -8 1
    endloop
  endfacet
  facet normal -0.998641 0.0521121 0
    outer loop
      vertex -33.9 -8 3.99
      vertex -33.906 -8.11498 1
      vertex -33.906 -8.11498 3.99
    endloop
  endfacet
  facet normal -0.890909 -0.454182 0
    outer loop
      vertex -33.9951 -7.55259 1
      vertex -34.0474 -7.45 3.99
      vertex -34.0474 -7.45 1
    endloop
  endfacet
  facet normal -0.890909 -0.454182 0
    outer loop
      vertex -34.0474 -7.45 3.99
      vertex -33.9951 -7.55259 1
      vertex -33.9951 -7.55259 3.99
    endloop
  endfacet
  facet normal 0.838698 0.544598 0
    outer loop
      vertex -35.8899 -8.64656 3.99
      vertex -35.9526 -8.55 0.999999
      vertex -35.9526 -8.55 3.99
    endloop
  endfacet
  facet normal 0.838698 0.544598 0
    outer loop
      vertex -35.9526 -8.55 0.999999
      vertex -35.8899 -8.64656 3.99
      vertex -35.8899 -8.64656 0.999999
    endloop
  endfacet
  facet normal -0.998641 -0.0521121 0
    outer loop
      vertex -33.9 -8 1
      vertex -33.906 -7.88502 3.99
      vertex -33.906 -7.88502 1
    endloop
  endfacet
  facet normal -0.998641 -0.0521121 0
    outer loop
      vertex -33.906 -7.88502 3.99
      vertex -33.9 -8 1
      vertex -33.9 -8 3.99
    endloop
  endfacet
  facet normal -0.358327 -0.933596 0
    outer loop
      vertex -34.6601 -6.95384 1
      vertex -34.5526 -6.9951 3.99
      vertex -34.6601 -6.95384 3.99
    endloop
  endfacet
  facet normal -0.358327 -0.933596 -0
    outer loop
      vertex -34.5526 -6.9951 3.99
      vertex -34.6601 -6.95384 1
      vertex -34.5526 -6.9951 1
    endloop
  endfacet
  facet normal -0.0523628 -0.998628 0
    outer loop
      vertex -35 -6.9 1
      vertex -34.885 -6.90603 3.99
      vertex -35 -6.9 3.99
    endloop
  endfacet
  facet normal -0.0523628 -0.998628 -0
    outer loop
      vertex -34.885 -6.90603 3.99
      vertex -35 -6.9 1
      vertex -34.885 -6.90603 1
    endloop
  endfacet
  facet normal 0.258852 -0.965917 0
    outer loop
      vertex -35.3399 -6.95384 0.999999
      vertex -35.2287 -6.92404 3.99
      vertex -35.3399 -6.95384 3.99
    endloop
  endfacet
  facet normal 0.258852 -0.965917 0
    outer loop
      vertex -35.2287 -6.92404 3.99
      vertex -35.3399 -6.95384 0.999999
      vertex -35.2287 -6.92404 0.999999
    endloop
  endfacet
  facet normal -0.777399 -0.629008 0
    outer loop
      vertex -34.1101 -7.35344 1
      vertex -34.1825 -7.26396 3.99
      vertex -34.1825 -7.26396 1
    endloop
  endfacet
  facet normal -0.777399 -0.629008 0
    outer loop
      vertex -34.1825 -7.26396 3.99
      vertex -34.1101 -7.35344 1
      vertex -34.1101 -7.35344 3.99
    endloop
  endfacet
  facet normal 0.0523628 0.998628 -0
    outer loop
      vertex -35 -9.1 1
      vertex -35.115 -9.09397 3.99
      vertex -35 -9.1 3.99
    endloop
  endfacet
  facet normal 0.0523628 0.998628 0
    outer loop
      vertex -35.115 -9.09397 0.999999
      vertex -35 -9.1 1
      vertex -35 -9.1 0.999999
    endloop
  endfacet
  facet normal 0.0523628 0.998628 0
    outer loop
      vertex -35 -9.1 1
      vertex -35.115 -9.09397 0.999999
      vertex -35.115 -9.09397 3.99
    endloop
  endfacet
  facet normal -0.965929 0.258808 0
    outer loop
      vertex -33.9538 -8.33992 1
      vertex -33.924 -8.2287 3.99
      vertex -33.924 -8.2287 1
    endloop
  endfacet
  facet normal -0.965929 0.258808 0
    outer loop
      vertex -33.924 -8.2287 3.99
      vertex -33.9538 -8.33992 1
      vertex -33.9538 -8.33992 3.99
    endloop
  endfacet
  facet normal -0.5445 -0.838761 0
    outer loop
      vertex -34.45 -7.04737 1
      vertex -34.3534 -7.11008 3.99
      vertex -34.45 -7.04737 3.99
    endloop
  endfacet
  facet normal -0.5445 -0.838761 -0
    outer loop
      vertex -34.3534 -7.11008 3.99
      vertex -34.45 -7.04737 1
      vertex -34.3534 -7.11008 1
    endloop
  endfacet
  facet normal -0.965929 -0.258808 0
    outer loop
      vertex -33.924 -7.7713 1
      vertex -33.9538 -7.66008 3.99
      vertex -33.9538 -7.66008 1
    endloop
  endfacet
  facet normal -0.965929 -0.258808 0
    outer loop
      vertex -33.9538 -7.66008 3.99
      vertex -33.924 -7.7713 1
      vertex -33.924 -7.7713 3.99
    endloop
  endfacet
  facet normal 0.965929 0.258808 0
    outer loop
      vertex -36.0462 -8.33992 3.99
      vertex -36.076 -8.2287 0.999999
      vertex -36.076 -8.2287 3.99
    endloop
  endfacet
  facet normal 0.965929 0.258808 0
    outer loop
      vertex -36.076 -8.2287 0.999999
      vertex -36.0462 -8.33992 3.99
      vertex -36.0462 -8.33992 0.999999
    endloop
  endfacet
  facet normal 0.777399 -0.629008 0
    outer loop
      vertex -35.8899 -7.35344 3.99
      vertex -35.8175 -7.26396 0.999999
      vertex -35.8175 -7.26396 3.99
    endloop
  endfacet
  facet normal 0.777399 -0.629008 0
    outer loop
      vertex -35.8175 -7.26396 0.999999
      vertex -35.8899 -7.35344 3.99
      vertex -35.8899 -7.35344 0.999999
    endloop
  endfacet
  facet normal 0.156449 -0.987686 0
    outer loop
      vertex -35.2287 -6.92404 0.999999
      vertex -35.115 -6.90603 3.99
      vertex -35.2287 -6.92404 3.99
    endloop
  endfacet
  facet normal 0.156449 -0.987686 0
    outer loop
      vertex -35.115 -6.90603 3.99
      vertex -35.2287 -6.92404 0.999999
      vertex -35.115 -6.90603 0.999999
    endloop
  endfacet
  facet normal -0.706759 0.707454 0
    outer loop
      vertex -34.1825 -8.73604 1
      vertex -34.264 -8.81746 3.99
      vertex -34.1825 -8.73604 3.99
    endloop
  endfacet
  facet normal -0.706759 0.707454 0
    outer loop
      vertex -34.264 -8.81746 3.99
      vertex -34.1825 -8.73604 1
      vertex -34.264 -8.81746 1
    endloop
  endfacet
  facet normal -0.45394 -0.891032 0
    outer loop
      vertex -34.5526 -6.9951 1
      vertex -34.45 -7.04737 3.99
      vertex -34.5526 -6.9951 3.99
    endloop
  endfacet
  facet normal -0.45394 -0.891032 -0
    outer loop
      vertex -34.45 -7.04737 3.99
      vertex -34.5526 -6.9951 1
      vertex -34.45 -7.04737 1
    endloop
  endfacet
  facet normal -0.987704 0.156337 0
    outer loop
      vertex -33.924 -8.2287 1
      vertex -33.906 -8.11498 3.99
      vertex -33.906 -8.11498 1
    endloop
  endfacet
  facet normal -0.987704 0.156337 0
    outer loop
      vertex -33.906 -8.11498 3.99
      vertex -33.924 -8.2287 1
      vertex -33.924 -8.2287 3.99
    endloop
  endfacet
  facet normal -0.706759 -0.707454 0
    outer loop
      vertex -34.264 -7.18254 1
      vertex -34.1825 -7.26396 3.99
      vertex -34.264 -7.18254 3.99
    endloop
  endfacet
  facet normal -0.706759 -0.707454 -0
    outer loop
      vertex -34.1825 -7.26396 3.99
      vertex -34.264 -7.18254 1
      vertex -34.1825 -7.26396 1
    endloop
  endfacet
  facet normal -0.358327 0.933596 0
    outer loop
      vertex -34.5526 -9.0049 1
      vertex -34.6601 -9.04616 3.99
      vertex -34.5526 -9.0049 3.99
    endloop
  endfacet
  facet normal -0.358327 0.933596 0
    outer loop
      vertex -34.6601 -9.04616 3.99
      vertex -34.5526 -9.0049 1
      vertex -34.6601 -9.04616 1
    endloop
  endfacet
  facet normal -0.258852 -0.965917 0
    outer loop
      vertex -34.7713 -6.92404 1
      vertex -34.6601 -6.95384 3.99
      vertex -34.7713 -6.92404 3.99
    endloop
  endfacet
  facet normal -0.258852 -0.965917 -0
    outer loop
      vertex -34.6601 -6.95384 3.99
      vertex -34.7713 -6.92404 1
      vertex -34.6601 -6.95384 1
    endloop
  endfacet
  facet normal 0.777399 0.629008 0
    outer loop
      vertex -35.8175 -8.73604 3.99
      vertex -35.8899 -8.64656 0.999999
      vertex -35.8899 -8.64656 3.99
    endloop
  endfacet
  facet normal 0.777399 0.629008 0
    outer loop
      vertex -35.8899 -8.64656 0.999999
      vertex -35.8175 -8.73604 3.99
      vertex -35.8175 -8.73604 0.999999
    endloop
  endfacet
  facet normal 0.5445 -0.838761 0
    outer loop
      vertex -35.6466 -7.11008 0.999999
      vertex -35.55 -7.04737 3.99
      vertex -35.6466 -7.11008 3.99
    endloop
  endfacet
  facet normal 0.5445 -0.838761 0
    outer loop
      vertex -35.55 -7.04737 3.99
      vertex -35.6466 -7.11008 0.999999
      vertex -35.55 -7.04737 0.999999
    endloop
  endfacet
  facet normal 0.987704 0.156337 0
    outer loop
      vertex -36.076 -8.2287 3.99
      vertex -36.094 -8.11498 0.999999
      vertex -36.094 -8.11498 3.99
    endloop
  endfacet
  facet normal 0.987704 0.156337 0
    outer loop
      vertex -36.094 -8.11498 0.999999
      vertex -36.076 -8.2287 3.99
      vertex -36.076 -8.2287 0.999999
    endloop
  endfacet
  facet normal 0.358327 -0.933596 0
    outer loop
      vertex -35.4474 -6.9951 0.999999
      vertex -35.3399 -6.95384 3.99
      vertex -35.4474 -6.9951 3.99
    endloop
  endfacet
  facet normal 0.358327 -0.933596 0
    outer loop
      vertex -35.3399 -6.95384 3.99
      vertex -35.4474 -6.9951 0.999999
      vertex -35.3399 -6.95384 0.999999
    endloop
  endfacet
  facet normal -0.933469 -0.358659 0
    outer loop
      vertex -33.9538 -7.66008 1
      vertex -33.9951 -7.55259 3.99
      vertex -33.9951 -7.55259 1
    endloop
  endfacet
  facet normal -0.933469 -0.358659 0
    outer loop
      vertex -33.9951 -7.55259 3.99
      vertex -33.9538 -7.66008 1
      vertex -33.9538 -7.66008 3.99
    endloop
  endfacet
  facet normal -0.156449 0.987686 0
    outer loop
      vertex -34.7713 -9.07596 1
      vertex -34.885 -9.09397 3.99
      vertex -34.7713 -9.07596 3.99
    endloop
  endfacet
  facet normal -0.156449 0.987686 0
    outer loop
      vertex -34.885 -9.09397 3.99
      vertex -34.7713 -9.07596 1
      vertex -34.885 -9.09397 1
    endloop
  endfacet
  facet normal -0.933469 0.358659 0
    outer loop
      vertex -33.9951 -8.44741 1
      vertex -33.9538 -8.33992 3.99
      vertex -33.9538 -8.33992 1
    endloop
  endfacet
  facet normal -0.933469 0.358659 0
    outer loop
      vertex -33.9538 -8.33992 3.99
      vertex -33.9951 -8.44741 1
      vertex -33.9951 -8.44741 3.99
    endloop
  endfacet
  facet normal -0.777399 0.629008 0
    outer loop
      vertex -34.1825 -8.73604 1
      vertex -34.1101 -8.64656 3.99
      vertex -34.1101 -8.64656 1
    endloop
  endfacet
  facet normal -0.777399 0.629008 0
    outer loop
      vertex -34.1101 -8.64656 3.99
      vertex -34.1825 -8.73604 1
      vertex -34.1825 -8.73604 3.99
    endloop
  endfacet
  facet normal -0.838698 0.544598 0
    outer loop
      vertex -34.1101 -8.64656 1
      vertex -34.0474 -8.55 3.99
      vertex -34.0474 -8.55 1
    endloop
  endfacet
  facet normal -0.838698 0.544598 0
    outer loop
      vertex -34.0474 -8.55 3.99
      vertex -34.1101 -8.64656 1
      vertex -34.1101 -8.64656 3.99
    endloop
  endfacet
  facet normal -0.258852 0.965917 0
    outer loop
      vertex -34.6601 -9.04616 1
      vertex -34.7713 -9.07596 3.99
      vertex -34.6601 -9.04616 3.99
    endloop
  endfacet
  facet normal -0.258852 0.965917 0
    outer loop
      vertex -34.7713 -9.07596 3.99
      vertex -34.6601 -9.04616 1
      vertex -34.7713 -9.07596 1
    endloop
  endfacet
  facet normal 0.890909 0.454182 0
    outer loop
      vertex -35.9526 -8.55 3.99
      vertex -36.0049 -8.44741 0.999999
      vertex -36.0049 -8.44741 3.99
    endloop
  endfacet
  facet normal 0.890909 0.454182 0
    outer loop
      vertex -36.0049 -8.44741 0.999999
      vertex -35.9526 -8.55 3.99
      vertex -35.9526 -8.55 0.999999
    endloop
  endfacet
  facet normal 0.45394 0.891032 -0
    outer loop
      vertex -35.4474 -9.0049 0.999999
      vertex -35.55 -8.95263 3.99
      vertex -35.4474 -9.0049 3.99
    endloop
  endfacet
  facet normal 0.45394 0.891032 0
    outer loop
      vertex -35.55 -8.95263 3.99
      vertex -35.4474 -9.0049 0.999999
      vertex -35.55 -8.95263 0.999999
    endloop
  endfacet
  facet normal 0.706759 0.707454 -0
    outer loop
      vertex -35.736 -8.81746 0.999999
      vertex -35.8175 -8.73604 3.99
      vertex -35.736 -8.81746 3.99
    endloop
  endfacet
  facet normal 0.706759 0.707454 0
    outer loop
      vertex -35.8175 -8.73604 3.99
      vertex -35.736 -8.81746 0.999999
      vertex -35.8175 -8.73604 0.999999
    endloop
  endfacet
  facet normal 0.629663 0.776868 -0
    outer loop
      vertex -35.6466 -8.88992 0.999999
      vertex -35.736 -8.81746 3.99
      vertex -35.6466 -8.88992 3.99
    endloop
  endfacet
  facet normal 0.629663 0.776868 0
    outer loop
      vertex -35.736 -8.81746 3.99
      vertex -35.6466 -8.88992 0.999999
      vertex -35.736 -8.81746 0.999999
    endloop
  endfacet
  facet normal 0.838698 -0.544598 0
    outer loop
      vertex -35.9526 -7.45 3.99
      vertex -35.8899 -7.35344 0.999999
      vertex -35.8899 -7.35344 3.99
    endloop
  endfacet
  facet normal 0.838698 -0.544598 0
    outer loop
      vertex -35.8899 -7.35344 0.999999
      vertex -35.9526 -7.45 3.99
      vertex -35.9526 -7.45 0.999999
    endloop
  endfacet
  facet normal -0.838698 -0.544598 0
    outer loop
      vertex -34.0474 -7.45 1
      vertex -34.1101 -7.35344 3.99
      vertex -34.1101 -7.35344 1
    endloop
  endfacet
  facet normal -0.838698 -0.544598 0
    outer loop
      vertex -34.1101 -7.35344 3.99
      vertex -34.0474 -7.45 1
      vertex -34.0474 -7.45 3.99
    endloop
  endfacet
  facet normal 0.0523628 -0.998628 0
    outer loop
      vertex -35.115 -6.90603 3.99
      vertex -35 -6.9 1
      vertex -35 -6.9 3.99
    endloop
  endfacet
  facet normal 0.0523628 -0.998628 0
    outer loop
      vertex -35.115 -6.90603 0.999999
      vertex -35 -6.9 1
      vertex -35.115 -6.90603 3.99
    endloop
  endfacet
  facet normal 0.0523628 -0.998628 0
    outer loop
      vertex -35 -6.9 1
      vertex -35.115 -6.90603 0.999999
      vertex -35 -6.9 0.999999
    endloop
  endfacet
  facet normal 0.358327 0.933596 -0
    outer loop
      vertex -35.3399 -9.04616 0.999999
      vertex -35.4474 -9.0049 3.99
      vertex -35.3399 -9.04616 3.99
    endloop
  endfacet
  facet normal 0.358327 0.933596 0
    outer loop
      vertex -35.4474 -9.0049 3.99
      vertex -35.3399 -9.04616 0.999999
      vertex -35.4474 -9.0049 0.999999
    endloop
  endfacet
  facet normal 0.933469 0.358659 0
    outer loop
      vertex -36.0049 -8.44741 3.99
      vertex -36.0462 -8.33992 0.999999
      vertex -36.0462 -8.33992 3.99
    endloop
  endfacet
  facet normal 0.933469 0.358659 0
    outer loop
      vertex -36.0462 -8.33992 0.999999
      vertex -36.0049 -8.44741 3.99
      vertex -36.0049 -8.44741 0.999999
    endloop
  endfacet
  facet normal 0.987704 -0.156337 0
    outer loop
      vertex -36.094 -7.88502 3.99
      vertex -36.076 -7.7713 0.999999
      vertex -36.076 -7.7713 3.99
    endloop
  endfacet
  facet normal 0.987704 -0.156337 0
    outer loop
      vertex -36.076 -7.7713 0.999999
      vertex -36.094 -7.88502 3.99
      vertex -36.094 -7.88502 0.999999
    endloop
  endfacet
  facet normal 0.965929 -0.258808 0
    outer loop
      vertex -36.076 -7.7713 3.99
      vertex -36.0462 -7.66008 0.999999
      vertex -36.0462 -7.66008 3.99
    endloop
  endfacet
  facet normal 0.965929 -0.258808 0
    outer loop
      vertex -36.0462 -7.66008 0.999999
      vertex -36.076 -7.7713 3.99
      vertex -36.076 -7.7713 0.999999
    endloop
  endfacet
  facet normal 0.258852 0.965917 -0
    outer loop
      vertex -35.2287 -9.07596 0.999999
      vertex -35.3399 -9.04616 3.99
      vertex -35.2287 -9.07596 3.99
    endloop
  endfacet
  facet normal 0.258852 0.965917 0
    outer loop
      vertex -35.3399 -9.04616 3.99
      vertex -35.2287 -9.07596 0.999999
      vertex -35.3399 -9.04616 0.999999
    endloop
  endfacet
  facet normal -0.45394 0.891032 0
    outer loop
      vertex -34.45 -8.95263 1
      vertex -34.5526 -9.0049 3.99
      vertex -34.45 -8.95263 3.99
    endloop
  endfacet
  facet normal -0.45394 0.891032 0
    outer loop
      vertex -34.5526 -9.0049 3.99
      vertex -34.45 -8.95263 1
      vertex -34.5526 -9.0049 1
    endloop
  endfacet
  facet normal 0.998641 0.0521121 0
    outer loop
      vertex -36.094 -8.11498 3.99
      vertex -36.1 -8 0.999999
      vertex -36.1 -8 3.99
    endloop
  endfacet
  facet normal 0.998641 0.0521121 0
    outer loop
      vertex -36.1 -8 0.999999
      vertex -36.094 -8.11498 3.99
      vertex -36.094 -8.11498 0.999999
    endloop
  endfacet
  facet normal 0.890909 -0.454182 0
    outer loop
      vertex -36.0049 -7.55259 3.99
      vertex -35.9526 -7.45 0.999999
      vertex -35.9526 -7.45 3.99
    endloop
  endfacet
  facet normal 0.890909 -0.454182 0
    outer loop
      vertex -35.9526 -7.45 0.999999
      vertex -36.0049 -7.55259 3.99
      vertex -36.0049 -7.55259 0.999999
    endloop
  endfacet
  facet normal -0.156449 -0.987686 0
    outer loop
      vertex -34.885 -6.90603 1
      vertex -34.7713 -6.92404 3.99
      vertex -34.885 -6.90603 3.99
    endloop
  endfacet
  facet normal -0.156449 -0.987686 -0
    outer loop
      vertex -34.7713 -6.92404 3.99
      vertex -34.885 -6.90603 1
      vertex -34.7713 -6.92404 1
    endloop
  endfacet
  facet normal -0.890909 0.454182 0
    outer loop
      vertex -34.0474 -8.55 1
      vertex -33.9951 -8.44741 3.99
      vertex -33.9951 -8.44741 1
    endloop
  endfacet
  facet normal -0.890909 0.454182 0
    outer loop
      vertex -33.9951 -8.44741 3.99
      vertex -34.0474 -8.55 1
      vertex -34.0474 -8.55 3.99
    endloop
  endfacet
  facet normal 0.5445 0.838761 -0
    outer loop
      vertex -35.55 -8.95263 0.999999
      vertex -35.6466 -8.88992 3.99
      vertex -35.55 -8.95263 3.99
    endloop
  endfacet
  facet normal 0.5445 0.838761 0
    outer loop
      vertex -35.6466 -8.88992 3.99
      vertex -35.55 -8.95263 0.999999
      vertex -35.6466 -8.88992 0.999999
    endloop
  endfacet
  facet normal -0.5445 0.838761 0
    outer loop
      vertex -34.3534 -8.88992 1
      vertex -34.45 -8.95263 3.99
      vertex -34.3534 -8.88992 3.99
    endloop
  endfacet
  facet normal -0.5445 0.838761 0
    outer loop
      vertex -34.45 -8.95263 3.99
      vertex -34.3534 -8.88992 1
      vertex -34.45 -8.95263 1
    endloop
  endfacet
  facet normal -0.629663 0.776868 0
    outer loop
      vertex -34.264 -8.81746 1
      vertex -34.3534 -8.88992 3.99
      vertex -34.264 -8.81746 3.99
    endloop
  endfacet
  facet normal -0.629663 0.776868 0
    outer loop
      vertex -34.3534 -8.88992 3.99
      vertex -34.264 -8.81746 1
      vertex -34.3534 -8.88992 1
    endloop
  endfacet
  facet normal 0.156449 0.987686 -0
    outer loop
      vertex -35.115 -9.09397 0.999999
      vertex -35.2287 -9.07596 3.99
      vertex -35.115 -9.09397 3.99
    endloop
  endfacet
  facet normal 0.156449 0.987686 0
    outer loop
      vertex -35.2287 -9.07596 3.99
      vertex -35.115 -9.09397 0.999999
      vertex -35.2287 -9.07596 0.999999
    endloop
  endfacet
  facet normal 0.45394 -0.891032 0
    outer loop
      vertex -35.55 -7.04737 0.999999
      vertex -35.4474 -6.9951 3.99
      vertex -35.55 -7.04737 3.99
    endloop
  endfacet
  facet normal 0.45394 -0.891032 0
    outer loop
      vertex -35.4474 -6.9951 3.99
      vertex -35.55 -7.04737 0.999999
      vertex -35.4474 -6.9951 0.999999
    endloop
  endfacet
  facet normal 0.156451 -0.987686 0
    outer loop
      vertex -35.395 -6.14152 0
      vertex -35.1986 -6.11041 0.999999
      vertex -35.395 -6.14152 0.999999
    endloop
  endfacet
  facet normal 0.156451 -0.987686 0
    outer loop
      vertex -35.1986 -6.11041 0.999999
      vertex -35.395 -6.14152 0
      vertex -35.1986 -6.11041 0
    endloop
  endfacet
  facet normal 0.358309 -0.933603 0
    outer loop
      vertex -35.7728 -6.26426 0
      vertex -35.5871 -6.19299 0.999999
      vertex -35.7728 -6.26426 0.999999
    endloop
  endfacet
  facet normal 0.358309 -0.933603 0
    outer loop
      vertex -35.5871 -6.19299 0.999999
      vertex -35.7728 -6.26426 0
      vertex -35.5871 -6.19299 0
    endloop
  endfacet
  facet normal 0.544635 0.838673 -0
    outer loop
      vertex -35.95 -9.64545 0
      vertex -36.1168 -9.53713 0.999999
      vertex -35.95 -9.64545 0.999999
    endloop
  endfacet
  facet normal 0.544635 0.838673 0
    outer loop
      vertex -36.1168 -9.53713 0.999999
      vertex -35.95 -9.64545 0
      vertex -36.1168 -9.53713 0
    endloop
  endfacet
  facet normal 0.706906 0.707308 -0
    outer loop
      vertex -36.2713 -9.41197 0
      vertex -36.412 -9.27135 0.999999
      vertex -36.2713 -9.41197 0.999999
    endloop
  endfacet
  facet normal 0.706906 0.707308 0
    outer loop
      vertex -36.412 -9.27135 0.999999
      vertex -36.2713 -9.41197 0
      vertex -36.412 -9.27135 0
    endloop
  endfacet
  facet normal 0.890982 0.454039 0
    outer loop
      vertex -36.6454 -8.95 0.999999
      vertex -36.7357 -8.7728 0
      vertex -36.7357 -8.7728 0.999999
    endloop
  endfacet
  facet normal 0.890982 0.454039 0
    outer loop
      vertex -36.7357 -8.7728 0
      vertex -36.6454 -8.95 0.999999
      vertex -36.6454 -8.95 0
    endloop
  endfacet
  facet normal 0.0523451 -0.998629 0
    outer loop
      vertex -35.1986 -6.11041 0
      vertex -35 -6.1 0.999999
      vertex -35.1986 -6.11041 0.999999
    endloop
  endfacet
  facet normal 0.0523451 -0.998629 0
    outer loop
      vertex -35 -6.1 0.999999
      vertex -35.1986 -6.11041 0
      vertex -35 -6.1 0
    endloop
  endfacet
  facet normal 0.933533 -0.35849 0
    outer loop
      vertex -36.807 -7.41287 0.999999
      vertex -36.7357 -7.2272 0
      vertex -36.7357 -7.2272 0.999999
    endloop
  endfacet
  facet normal 0.933533 -0.35849 0
    outer loop
      vertex -36.7357 -7.2272 0
      vertex -36.807 -7.41287 0.999999
      vertex -36.807 -7.41287 0
    endloop
  endfacet
  facet normal 0.629467 -0.777027 0
    outer loop
      vertex -36.2713 -6.58803 0
      vertex -36.1168 -6.46287 0.999999
      vertex -36.2713 -6.58803 0.999999
    endloop
  endfacet
  facet normal 0.629467 -0.777027 0
    outer loop
      vertex -36.1168 -6.46287 0.999999
      vertex -36.2713 -6.58803 0
      vertex -36.1168 -6.46287 0
    endloop
  endfacet
  facet normal 0.258805 -0.96593 0
    outer loop
      vertex -35.5871 -6.19299 0
      vertex -35.395 -6.14152 0.999999
      vertex -35.5871 -6.19299 0.999999
    endloop
  endfacet
  facet normal 0.258805 -0.96593 0
    outer loop
      vertex -35.395 -6.14152 0.999999
      vertex -35.5871 -6.19299 0
      vertex -35.395 -6.14152 0
    endloop
  endfacet
  facet normal 0.965892 -0.258946 0
    outer loop
      vertex -36.8585 -7.60497 0.999999
      vertex -36.807 -7.41287 0
      vertex -36.807 -7.41287 0.999999
    endloop
  endfacet
  facet normal 0.965892 -0.258946 0
    outer loop
      vertex -36.807 -7.41287 0
      vertex -36.8585 -7.60497 0.999999
      vertex -36.8585 -7.60497 0
    endloop
  endfacet
  facet normal 0.706906 -0.707308 0
    outer loop
      vertex -36.412 -6.72865 0
      vertex -36.2713 -6.58803 0.999999
      vertex -36.412 -6.72865 0.999999
    endloop
  endfacet
  facet normal 0.706906 -0.707308 0
    outer loop
      vertex -36.2713 -6.58803 0.999999
      vertex -36.412 -6.72865 0
      vertex -36.2713 -6.58803 0
    endloop
  endfacet
  facet normal 0.358309 0.933603 -0
    outer loop
      vertex -35.5871 -9.80701 0
      vertex -35.7728 -9.73574 0.999999
      vertex -35.5871 -9.80701 0.999999
    endloop
  endfacet
  facet normal 0.358309 0.933603 0
    outer loop
      vertex -35.7728 -9.73574 0.999999
      vertex -35.5871 -9.80701 0
      vertex -35.7728 -9.73574 0
    endloop
  endfacet
  facet normal 0.838704 -0.544587 0
    outer loop
      vertex -36.6454 -7.05 0.999999
      vertex -36.5371 -6.88321 0
      vertex -36.5371 -6.88321 0.999999
    endloop
  endfacet
  facet normal 0.838704 -0.544587 0
    outer loop
      vertex -36.5371 -6.88321 0
      vertex -36.6454 -7.05 0.999999
      vertex -36.6454 -7.05 0
    endloop
  endfacet
  facet normal 0.987697 -0.156378 0
    outer loop
      vertex -36.8896 -7.8014 0.999999
      vertex -36.8585 -7.60497 0
      vertex -36.8585 -7.60497 0.999999
    endloop
  endfacet
  facet normal 0.987697 -0.156378 0
    outer loop
      vertex -36.8585 -7.60497 0
      vertex -36.8896 -7.8014 0.999999
      vertex -36.8896 -7.8014 0
    endloop
  endfacet
  facet normal 0.544635 -0.838673 0
    outer loop
      vertex -36.1168 -6.46287 0
      vertex -35.95 -6.35455 0.999999
      vertex -36.1168 -6.46287 0.999999
    endloop
  endfacet
  facet normal 0.544635 -0.838673 0
    outer loop
      vertex -35.95 -6.35455 0.999999
      vertex -36.1168 -6.46287 0
      vertex -35.95 -6.35455 0
    endloop
  endfacet
  facet normal 0.629467 0.777027 -0
    outer loop
      vertex -36.1168 -9.53713 0
      vertex -36.2713 -9.41197 0.999999
      vertex -36.1168 -9.53713 0.999999
    endloop
  endfacet
  facet normal 0.629467 0.777027 0
    outer loop
      vertex -36.2713 -9.41197 0.999999
      vertex -36.1168 -9.53713 0
      vertex -36.2713 -9.41197 0
    endloop
  endfacet
  facet normal 0.933533 0.35849 0
    outer loop
      vertex -36.7357 -8.7728 0.999999
      vertex -36.807 -8.58713 0
      vertex -36.807 -8.58713 0.999999
    endloop
  endfacet
  facet normal 0.933533 0.35849 0
    outer loop
      vertex -36.807 -8.58713 0
      vertex -36.7357 -8.7728 0.999999
      vertex -36.7357 -8.7728 0
    endloop
  endfacet
  facet normal 0.0523451 0.998629 -0
    outer loop
      vertex -35 -9.9 0
      vertex -35.1986 -9.88959 0.999999
      vertex -35 -9.9 0.999999
    endloop
  endfacet
  facet normal 0.0523451 0.998629 0
    outer loop
      vertex -35.1986 -9.88959 0.999999
      vertex -35 -9.9 0
      vertex -35.1986 -9.88959 0
    endloop
  endfacet
  facet normal 0.998632 -0.0522949 0
    outer loop
      vertex -36.9 -8 0.999999
      vertex -36.8896 -7.8014 0
      vertex -36.8896 -7.8014 0.999999
    endloop
  endfacet
  facet normal 0.998632 -0.0522949 0
    outer loop
      vertex -36.8896 -7.8014 0
      vertex -36.9 -8 0.999999
      vertex -36.9 -8 0
    endloop
  endfacet
  facet normal 0.777294 0.629137 0
    outer loop
      vertex -36.412 -9.27135 0.999999
      vertex -36.5371 -9.11679 0
      vertex -36.5371 -9.11679 0.999999
    endloop
  endfacet
  facet normal 0.777294 0.629137 0
    outer loop
      vertex -36.5371 -9.11679 0
      vertex -36.412 -9.27135 0.999999
      vertex -36.412 -9.27135 0
    endloop
  endfacet
  facet normal 0.453999 0.891002 -0
    outer loop
      vertex -35.7728 -9.73574 0
      vertex -35.95 -9.64545 0.999999
      vertex -35.7728 -9.73574 0.999999
    endloop
  endfacet
  facet normal 0.453999 0.891002 0
    outer loop
      vertex -35.95 -9.64545 0.999999
      vertex -35.7728 -9.73574 0
      vertex -35.95 -9.64545 0
    endloop
  endfacet
  facet normal 0.777294 -0.629137 0
    outer loop
      vertex -36.5371 -6.88321 0.999999
      vertex -36.412 -6.72865 0
      vertex -36.412 -6.72865 0.999999
    endloop
  endfacet
  facet normal 0.777294 -0.629137 0
    outer loop
      vertex -36.412 -6.72865 0
      vertex -36.5371 -6.88321 0.999999
      vertex -36.5371 -6.88321 0
    endloop
  endfacet
  facet normal 0.838704 0.544587 0
    outer loop
      vertex -36.5371 -9.11679 0.999999
      vertex -36.6454 -8.95 0
      vertex -36.6454 -8.95 0.999999
    endloop
  endfacet
  facet normal 0.838704 0.544587 0
    outer loop
      vertex -36.6454 -8.95 0
      vertex -36.5371 -9.11679 0.999999
      vertex -36.5371 -9.11679 0
    endloop
  endfacet
  facet normal 0.965892 0.258946 0
    outer loop
      vertex -36.807 -8.58713 0.999999
      vertex -36.8585 -8.39503 0
      vertex -36.8585 -8.39503 0.999999
    endloop
  endfacet
  facet normal 0.965892 0.258946 0
    outer loop
      vertex -36.8585 -8.39503 0
      vertex -36.807 -8.58713 0.999999
      vertex -36.807 -8.58713 0
    endloop
  endfacet
  facet normal 0.258805 0.96593 -0
    outer loop
      vertex -35.395 -9.85848 0
      vertex -35.5871 -9.80701 0.999999
      vertex -35.395 -9.85848 0.999999
    endloop
  endfacet
  facet normal 0.258805 0.96593 0
    outer loop
      vertex -35.5871 -9.80701 0.999999
      vertex -35.395 -9.85848 0
      vertex -35.5871 -9.80701 0
    endloop
  endfacet
  facet normal 0.998632 0.0522949 0
    outer loop
      vertex -36.8896 -8.1986 0.999999
      vertex -36.9 -8 0
      vertex -36.9 -8 0.999999
    endloop
  endfacet
  facet normal 0.998632 0.0522949 0
    outer loop
      vertex -36.9 -8 0
      vertex -36.8896 -8.1986 0.999999
      vertex -36.8896 -8.1986 0
    endloop
  endfacet
  facet normal 0.890982 -0.454039 0
    outer loop
      vertex -36.7357 -7.2272 0.999999
      vertex -36.6454 -7.05 0
      vertex -36.6454 -7.05 0.999999
    endloop
  endfacet
  facet normal 0.890982 -0.454039 0
    outer loop
      vertex -36.6454 -7.05 0
      vertex -36.7357 -7.2272 0.999999
      vertex -36.7357 -7.2272 0
    endloop
  endfacet
  facet normal 0.987697 0.156378 0
    outer loop
      vertex -36.8585 -8.39503 0.999999
      vertex -36.8896 -8.1986 0
      vertex -36.8896 -8.1986 0.999999
    endloop
  endfacet
  facet normal 0.987697 0.156378 0
    outer loop
      vertex -36.8896 -8.1986 0
      vertex -36.8585 -8.39503 0.999999
      vertex -36.8585 -8.39503 0
    endloop
  endfacet
  facet normal 0.156451 0.987686 -0
    outer loop
      vertex -35.1986 -9.88959 0
      vertex -35.395 -9.85848 0.999999
      vertex -35.1986 -9.88959 0.999999
    endloop
  endfacet
  facet normal 0.156451 0.987686 0
    outer loop
      vertex -35.395 -9.85848 0.999999
      vertex -35.1986 -9.88959 0
      vertex -35.395 -9.85848 0
    endloop
  endfacet
  facet normal 0.453999 -0.891002 0
    outer loop
      vertex -35.95 -6.35455 0
      vertex -35.7728 -6.26426 0.999999
      vertex -35.95 -6.35455 0.999999
    endloop
  endfacet
  facet normal 0.453999 -0.891002 0
    outer loop
      vertex -35.7728 -6.26426 0.999999
      vertex -35.95 -6.35455 0
      vertex -35.7728 -6.26426 0
    endloop
  endfacet
  facet normal 0 0 -1
    outer loop
      vertex -35 -9.9 0.999999
      vertex -35.115 -9.09397 0.999999
      vertex -35 -9.1 0.999999
    endloop
  endfacet
  facet normal 0 0 -1
    outer loop
      vertex -35.1986 -9.88959 0.999999
      vertex -35.115 -9.09397 0.999999
      vertex -35 -9.9 0.999999
    endloop
  endfacet
  facet normal 0 0 -1
    outer loop
      vertex -35.1986 -9.88959 0.999999
      vertex -35.2287 -9.07596 0.999999
      vertex -35.115 -9.09397 0.999999
    endloop
  endfacet
  facet normal 0 0 -1
    outer loop
      vertex -35.395 -9.85848 0.999999
      vertex -35.2287 -9.07596 0.999999
      vertex -35.1986 -9.88959 0.999999
    endloop
  endfacet
  facet normal -0 0 -1
    outer loop
      vertex -35.2287 -9.07596 0.999999
      vertex -35.395 -9.85848 0.999999
      vertex -35.3399 -9.04616 0.999999
    endloop
  endfacet
  facet normal 0 0 -1
    outer loop
      vertex -35.5871 -9.80701 0.999999
      vertex -35.3399 -9.04616 0.999999
      vertex -35.395 -9.85848 0.999999
    endloop
  endfacet
  facet normal -0 0 -1
    outer loop
      vertex -35.3399 -9.04616 0.999999
      vertex -35.5871 -9.80701 0.999999
      vertex -35.4474 -9.0049 0.999999
    endloop
  endfacet
  facet normal 0 0 -1
    outer loop
      vertex -35.7728 -9.73574 0.999999
      vertex -35.4474 -9.0049 0.999999
      vertex -35.5871 -9.80701 0.999999
    endloop
  endfacet
  facet normal -0 0 -1
    outer loop
      vertex -35.4474 -9.0049 0.999999
      vertex -35.7728 -9.73574 0.999999
      vertex -35.55 -8.95263 0.999999
    endloop
  endfacet
  facet normal 0 0 -1
    outer loop
      vertex -35.95 -9.64545 0.999999
      vertex -35.55 -8.95263 0.999999
      vertex -35.7728 -9.73574 0.999999
    endloop
  endfacet
  facet normal -0 0 -1
    outer loop
      vertex -35.55 -8.95263 0.999999
      vertex -35.95 -9.64545 0.999999
      vertex -35.6466 -8.88992 0.999999
    endloop
  endfacet
  facet normal 0 0 -1
    outer loop
      vertex -36.1168 -9.53713 0.999999
      vertex -35.6466 -8.88992 0.999999
      vertex -35.95 -9.64545 0.999999
    endloop
  endfacet
  facet normal -0 0 -1
    outer loop
      vertex -35.6466 -8.88992 0.999999
      vertex -36.1168 -9.53713 0.999999
      vertex -35.736 -8.81746 0.999999
    endloop
  endfacet
  facet normal 0 0 -1
    outer loop
      vertex -36.2713 -9.41197 0.999999
      vertex -35.736 -8.81746 0.999999
      vertex -36.1168 -9.53713 0.999999
    endloop
  endfacet
  facet normal -0 0 -1
    outer loop
      vertex -35.736 -8.81746 0.999999
      vertex -36.2713 -9.41197 0.999999
      vertex -35.8175 -8.73604 0.999999
    endloop
  endfacet
  facet normal 0 0 -1
    outer loop
      vertex -36.412 -9.27135 0.999999
      vertex -35.8175 -8.73604 0.999999
      vertex -36.2713 -9.41197 0.999999
    endloop
  endfacet
  facet normal -0 0 -1
    outer loop
      vertex -35.8175 -8.73604 0.999999
      vertex -36.412 -9.27135 0.999999
      vertex -35.8899 -8.64656 0.999999
    endloop
  endfacet
  facet normal 0 0 -1
    outer loop
      vertex -36.5371 -9.11679 0.999999
      vertex -35.8899 -8.64656 0.999999
      vertex -36.412 -9.27135 0.999999
    endloop
  endfacet
  facet normal -0 0 -1
    outer loop
      vertex -35.8899 -8.64656 0.999999
      vertex -36.5371 -9.11679 0.999999
      vertex -35.9526 -8.55 0.999999
    endloop
  endfacet
  facet normal -0 0 -1
    outer loop
      vertex -35.9526 -8.55 0.999999
      vertex -36.6454 -8.95 0.999999
      vertex -36.0049 -8.44741 0.999999
    endloop
  endfacet
  facet normal 0 0 -1
    outer loop
      vertex -36.6454 -8.95 0.999999
      vertex -35.9526 -8.55 0.999999
      vertex -36.5371 -9.11679 0.999999
    endloop
  endfacet
  facet normal 0 0 -1
    outer loop
      vertex -35.115 -6.90603 0.999999
      vertex -35 -6.1 0.999999
      vertex -35 -6.9 0.999999
    endloop
  endfacet
  facet normal 0 0 -1
    outer loop
      vertex -35.115 -6.90603 0.999999
      vertex -35.1986 -6.11041 0.999999
      vertex -35 -6.1 0.999999
    endloop
  endfacet
  facet normal 0 0 -1
    outer loop
      vertex -35.2287 -6.92404 0.999999
      vertex -35.1986 -6.11041 0.999999
      vertex -35.115 -6.90603 0.999999
    endloop
  endfacet
  facet normal 0 0 -1
    outer loop
      vertex -35.395 -6.14152 0.999999
      vertex -35.2287 -6.92404 0.999999
      vertex -35.3399 -6.95384 0.999999
    endloop
  endfacet
  facet normal 0 0 -1
    outer loop
      vertex -35.2287 -6.92404 0.999999
      vertex -35.395 -6.14152 0.999999
      vertex -35.1986 -6.11041 0.999999
    endloop
  endfacet
  facet normal 0 0 -1
    outer loop
      vertex -35.5871 -6.19299 0.999999
      vertex -35.3399 -6.95384 0.999999
      vertex -35.4474 -6.9951 0.999999
    endloop
  endfacet
  facet normal 0 0 -1
    outer loop
      vertex -35.7728 -6.26426 0.999999
      vertex -35.4474 -6.9951 0.999999
      vertex -35.55 -7.04737 0.999999
    endloop
  endfacet
  facet normal 0 0 -1
    outer loop
      vertex -35.3399 -6.95384 0.999999
      vertex -35.5871 -6.19299 0.999999
      vertex -35.395 -6.14152 0.999999
    endloop
  endfacet
  facet normal 0 0 -1
    outer loop
      vertex -35.95 -6.35455 0.999999
      vertex -35.55 -7.04737 0.999999
      vertex -35.6466 -7.11008 0.999999
    endloop
  endfacet
  facet normal 0 0 -1
    outer loop
      vertex -36.1168 -6.46287 0.999999
      vertex -35.6466 -7.11008 0.999999
      vertex -35.736 -7.18254 0.999999
    endloop
  endfacet
  facet normal 0 0 -1
    outer loop
      vertex -35.4474 -6.9951 0.999999
      vertex -35.7728 -6.26426 0.999999
      vertex -35.5871 -6.19299 0.999999
    endloop
  endfacet
  facet normal 0 0 -1
    outer loop
      vertex -36.2713 -6.58803 0.999999
      vertex -35.736 -7.18254 0.999999
      vertex -35.8175 -7.26396 0.999999
    endloop
  endfacet
  facet normal 0 0 -1
    outer loop
      vertex -36.412 -6.72865 0.999999
      vertex -35.8175 -7.26396 0.999999
      vertex -35.8899 -7.35344 0.999999
    endloop
  endfacet
  facet normal 0 0 -1
    outer loop
      vertex -35.55 -7.04737 0.999999
      vertex -35.95 -6.35455 0.999999
      vertex -35.7728 -6.26426 0.999999
    endloop
  endfacet
  facet normal 0 0 -1
    outer loop
      vertex -36.5371 -6.88321 0.999999
      vertex -35.8899 -7.35344 0.999999
      vertex -35.9526 -7.45 0.999999
    endloop
  endfacet
  facet normal 0 0 -1
    outer loop
      vertex -36.6454 -7.05 0.999999
      vertex -35.9526 -7.45 0.999999
      vertex -36.0049 -7.55259 0.999999
    endloop
  endfacet
  facet normal 0 0 -1
    outer loop
      vertex -36.7357 -7.2272 0.999999
      vertex -36.0049 -7.55259 0.999999
      vertex -36.0462 -7.66008 0.999999
    endloop
  endfacet
  facet normal 0 0 -1
    outer loop
      vertex -36.807 -7.41287 0.999999
      vertex -36.0462 -7.66008 0.999999
      vertex -36.076 -7.7713 0.999999
    endloop
  endfacet
  facet normal 0 0 -1
    outer loop
      vertex -36.8585 -7.60497 0.999999
      vertex -36.076 -7.7713 0.999999
      vertex -36.094 -7.88502 0.999999
    endloop
  endfacet
  facet normal 0 0 -1
    outer loop
      vertex -35.6466 -7.11008 0.999999
      vertex -36.1168 -6.46287 0.999999
      vertex -35.95 -6.35455 0.999999
    endloop
  endfacet
  facet normal 0 0 -1
    outer loop
      vertex -36.8896 -7.8014 0.999999
      vertex -36.094 -7.88502 0.999999
      vertex -36.1 -8 0.999999
    endloop
  endfacet
  facet normal 0 0 -1
    outer loop
      vertex -36.7357 -8.7728 0.999999
      vertex -36.0049 -8.44741 0.999999
      vertex -36.6454 -8.95 0.999999
    endloop
  endfacet
  facet normal -0 0 -1
    outer loop
      vertex -36.0049 -8.44741 0.999999
      vertex -36.7357 -8.7728 0.999999
      vertex -36.0462 -8.33992 0.999999
    endloop
  endfacet
  facet normal 0 0 -1
    outer loop
      vertex -35.736 -7.18254 0.999999
      vertex -36.2713 -6.58803 0.999999
      vertex -36.1168 -6.46287 0.999999
    endloop
  endfacet
  facet normal 0 0 -1
    outer loop
      vertex -36.807 -8.58713 0.999999
      vertex -36.0462 -8.33992 0.999999
      vertex -36.7357 -8.7728 0.999999
    endloop
  endfacet
  facet normal 0 0 -1
    outer loop
      vertex -35.8175 -7.26396 0.999999
      vertex -36.412 -6.72865 0.999999
      vertex -36.2713 -6.58803 0.999999
    endloop
  endfacet
  facet normal -0 0 -1
    outer loop
      vertex -36.0462 -8.33992 0.999999
      vertex -36.807 -8.58713 0.999999
      vertex -36.076 -8.2287 0.999999
    endloop
  endfacet
  facet normal 0 0 -1
    outer loop
      vertex -35.8899 -7.35344 0.999999
      vertex -36.5371 -6.88321 0.999999
      vertex -36.412 -6.72865 0.999999
    endloop
  endfacet
  facet normal 0 0 -1
    outer loop
      vertex -36.8585 -8.39503 0.999999
      vertex -36.076 -8.2287 0.999999
      vertex -36.807 -8.58713 0.999999
    endloop
  endfacet
  facet normal 0 0 -1
    outer loop
      vertex -35.9526 -7.45 0.999999
      vertex -36.6454 -7.05 0.999999
      vertex -36.5371 -6.88321 0.999999
    endloop
  endfacet
  facet normal -0 0 -1
    outer loop
      vertex -36.076 -8.2287 0.999999
      vertex -36.8585 -8.39503 0.999999
      vertex -36.094 -8.11498 0.999999
    endloop
  endfacet
  facet normal 0 0 -1
    outer loop
      vertex -36.0049 -7.55259 0.999999
      vertex -36.7357 -7.2272 0.999999
      vertex -36.6454 -7.05 0.999999
    endloop
  endfacet
  facet normal 0 0 -1
    outer loop
      vertex -36.8896 -8.1986 0.999999
      vertex -36.094 -8.11498 0.999999
      vertex -36.8585 -8.39503 0.999999
    endloop
  endfacet
  facet normal 0 0 -1
    outer loop
      vertex -36.0462 -7.66008 0.999999
      vertex -36.807 -7.41287 0.999999
      vertex -36.7357 -7.2272 0.999999
    endloop
  endfacet
  facet normal -0 0 -1
    outer loop
      vertex -36.094 -8.11498 0.999999
      vertex -36.8896 -8.1986 0.999999
      vertex -36.1 -8 0.999999
    endloop
  endfacet
  facet normal 0 0 -1
    outer loop
      vertex -36.076 -7.7713 0.999999
      vertex -36.8585 -7.60497 0.999999
      vertex -36.807 -7.41287 0.999999
    endloop
  endfacet
  facet normal 0 0 -1
    outer loop
      vertex -36.9 -8 0.999999
      vertex -36.1 -8 0.999999
      vertex -36.8896 -8.1986 0.999999
    endloop
  endfacet
  facet normal 0 0 -1
    outer loop
      vertex -36.094 -7.88502 0.999999
      vertex -36.8896 -7.8014 0.999999
      vertex -36.8585 -7.60497 0.999999
    endloop
  endfacet
  facet normal 0 0 -1
    outer loop
      vertex -36.1 -8 0.999999
      vertex -36.9 -8 0.999999
      vertex -36.8896 -7.8014 0.999999
    endloop
  endfacet
  facet normal -1 0 0
    outer loop
      vertex -12.5 9.5 1
      vertex -12.5 10.5 1.25
      vertex -12.5 10.5 1
    endloop
  endfacet
  facet normal -1 -0 0
    outer loop
      vertex -12.5 10.5 1.25
      vertex -12.5 9.5 1
      vertex -12.5 9.5 1.25
    endloop
  endfacet
  facet normal 0 0 -1
    outer loop
      vertex -20.5 9.5 1.25
      vertex -12.5 10.5 1.25
      vertex -12.5 9.5 1.25
    endloop
  endfacet
  facet normal -0 0 -1
    outer loop
      vertex -12.5 10.5 1.25
      vertex -20.5 9.5 1.25
      vertex -20.5 10.5 1.25
    endloop
  endfacet
  facet normal 1 -0 0
    outer loop
      vertex -20.5 9.5 1.25
      vertex -20.5 10.5 1
      vertex -20.5 10.5 1.25
    endloop
  endfacet
  facet normal 1 0 0
    outer loop
      vertex -20.5 10.5 1
      vertex -20.5 9.5 1.25
      vertex -20.5 9.5 1
    endloop
  endfacet
  facet normal 0 -1 0
    outer loop
      vertex -20.5 10.5 1
      vertex -12.5 10.5 1.25
      vertex -20.5 10.5 1.25
    endloop
  endfacet
  facet normal 0 -1 -0
    outer loop
      vertex -12.5 10.5 1.25
      vertex -20.5 10.5 1
      vertex -12.5 10.5 1
    endloop
  endfacet
  facet normal 0 1 -0
    outer loop
      vertex -12.5 9.5 1
      vertex -20.5 9.5 1.25
      vertex -12.5 9.5 1.25
    endloop
  endfacet
  facet normal 0 1 0
    outer loop
      vertex -20.5 9.5 1.25
      vertex -12.5 9.5 1
      vertex -20.5 9.5 1
    endloop
  endfacet
  facet normal -1 0 0
    outer loop
      vertex -12.5 -10.5 1
      vertex -12.5 -9.5 1.25
      vertex -12.5 -9.5 1
    endloop
  endfacet
  facet normal -1 -0 0
    outer loop
      vertex -12.5 -9.5 1.25
      vertex -12.5 -10.5 1
      vertex -12.5 -10.5 1.25
    endloop
  endfacet
  facet normal 0 0 -1
    outer loop
      vertex -20.5 -10.5 1.25
      vertex -12.5 -9.5 1.25
      vertex -12.5 -10.5 1.25
    endloop
  endfacet
  facet normal -0 0 -1
    outer loop
      vertex -12.5 -9.5 1.25
      vertex -20.5 -10.5 1.25
      vertex -20.5 -9.5 1.25
    endloop
  endfacet
  facet normal 1 -0 0
    outer loop
      vertex -20.5 -10.5 1.25
      vertex -20.5 -9.5 1
      vertex -20.5 -9.5 1.25
    endloop
  endfacet
  facet normal 1 0 0
    outer loop
      vertex -20.5 -9.5 1
      vertex -20.5 -10.5 1.25
      vertex -20.5 -10.5 1
    endloop
  endfacet
  facet normal 0 -1 0
    outer loop
      vertex -20.5 -9.5 1
      vertex -12.5 -9.5 1.25
      vertex -20.5 -9.5 1.25
    endloop
  endfacet
  facet normal 0 -1 -0
    outer loop
      vertex -12.5 -9.5 1.25
      vertex -20.5 -9.5 1
      vertex -12.5 -9.5 1
    endloop
  endfacet
  facet normal 0 1 -0
    outer loop
      vertex -12.5 -10.5 1
      vertex -20.5 -10.5 1.25
      vertex -12.5 -10.5 1.25
    endloop
  endfacet
  facet normal 0 1 0
    outer loop
      vertex -20.5 -10.5 1.25
      vertex -12.5 -10.5 1
      vertex -20.5 -10.5 1
    endloop
  endfacet
  facet normal -1 0 0
    outer loop
      vertex -1.5 9.5 1
      vertex -1.5 10.5 1.25
      vertex -1.5 10.5 1
    endloop
  endfacet
  facet normal -1 -0 0
    outer loop
      vertex -1.5 10.5 1.25
      vertex -1.5 9.5 1
      vertex -1.5 9.5 1.25
    endloop
  endfacet
  facet normal 0 0 -1
    outer loop
      vertex -9.5 9.5 1.25
      vertex -1.5 10.5 1.25
      vertex -1.5 9.5 1.25
    endloop
  endfacet
  facet normal -0 0 -1
    outer loop
      vertex -1.5 10.5 1.25
      vertex -9.5 9.5 1.25
      vertex -9.5 10.5 1.25
    endloop
  endfacet
  facet normal 1 -0 0
    outer loop
      vertex -9.5 9.5 1.25
      vertex -9.5 10.5 1
      vertex -9.5 10.5 1.25
    endloop
  endfacet
  facet normal 1 0 0
    outer loop
      vertex -9.5 10.5 1
      vertex -9.5 9.5 1.25
      vertex -9.5 9.5 1
    endloop
  endfacet
  facet normal 0 -1 0
    outer loop
      vertex -9.5 10.5 1
      vertex -1.5 10.5 1.25
      vertex -9.5 10.5 1.25
    endloop
  endfacet
  facet normal 0 -1 -0
    outer loop
      vertex -1.5 10.5 1.25
      vertex -9.5 10.5 1
      vertex -1.5 10.5 1
    endloop
  endfacet
  facet normal 0 1 -0
    outer loop
      vertex -1.5 9.5 1
      vertex -9.5 9.5 1.25
      vertex -1.5 9.5 1.25
    endloop
  endfacet
  facet normal 0 1 0
    outer loop
      vertex -9.5 9.5 1.25
      vertex -1.5 9.5 1
      vertex -9.5 9.5 1
    endloop
  endfacet
  facet normal -1 0 0
    outer loop
      vertex -1.5 -10.5 1
      vertex -1.5 -9.5 1.25
      vertex -1.5 -9.5 1
    endloop
  endfacet
  facet normal -1 -0 0
    outer loop
      vertex -1.5 -9.5 1.25
      vertex -1.5 -10.5 1
      vertex -1.5 -10.5 1.25
    endloop
  endfacet
  facet normal 0 0 -1
    outer loop
      vertex -9.5 -10.5 1.25
      vertex -1.5 -9.5 1.25
      vertex -1.5 -10.5 1.25
    endloop
  endfacet
  facet normal -0 0 -1
    outer loop
      vertex -1.5 -9.5 1.25
      vertex -9.5 -10.5 1.25
      vertex -9.5 -9.5 1.25
    endloop
  endfacet
  facet normal 1 -0 0
    outer loop
      vertex -9.5 -10.5 1.25
      vertex -9.5 -9.5 1
      vertex -9.5 -9.5 1.25
    endloop
  endfacet
  facet normal 1 0 0
    outer loop
      vertex -9.5 -9.5 1
      vertex -9.5 -10.5 1.25
      vertex -9.5 -10.5 1
    endloop
  endfacet
  facet normal 0 -1 0
    outer loop
      vertex -9.5 -9.5 1
      vertex -1.5 -9.5 1.25
      vertex -9.5 -9.5 1.25
    endloop
  endfacet
  facet normal 0 -1 -0
    outer loop
      vertex -1.5 -9.5 1.25
      vertex -9.5 -9.5 1
      vertex -1.5 -9.5 1
    endloop
  endfacet
  facet normal 0 1 -0
    outer loop
      vertex -1.5 -10.5 1
      vertex -9.5 -10.5 1.25
      vertex -1.5 -10.5 1.25
    endloop
  endfacet
  facet normal 0 1 0
    outer loop
      vertex -9.5 -10.5 1.25
      vertex -1.5 -10.5 1
      vertex -9.5 -10.5 1
    endloop
  endfacet
  facet normal -1 0 0
    outer loop
      vertex 9.5 9.5 1
      vertex 9.5 10.5 1.25
      vertex 9.5 10.5 1
    endloop
  endfacet
  facet normal -1 -0 0
    outer loop
      vertex 9.5 10.5 1.25
      vertex 9.5 9.5 1
      vertex 9.5 9.5 1.25
    endloop
  endfacet
  facet normal 0 0 -1
    outer loop
      vertex 1.5 9.5 1.25
      vertex 9.5 10.5 1.25
      vertex 9.5 9.5 1.25
    endloop
  endfacet
  facet normal -0 0 -1
    outer loop
      vertex 9.5 10.5 1.25
      vertex 1.5 9.5 1.25
      vertex 1.5 10.5 1.25
    endloop
  endfacet
  facet normal 1 -0 0
    outer loop
      vertex 1.5 9.5 1.25
      vertex 1.5 10.5 1
      vertex 1.5 10.5 1.25
    endloop
  endfacet
  facet normal 1 0 0
    outer loop
      vertex 1.5 10.5 1
      vertex 1.5 9.5 1.25
      vertex 1.5 9.5 1
    endloop
  endfacet
  facet normal 0 -1 0
    outer loop
      vertex 1.5 10.5 1
      vertex 9.5 10.5 1.25
      vertex 1.5 10.5 1.25
    endloop
  endfacet
  facet normal 0 -1 -0
    outer loop
      vertex 9.5 10.5 1.25
      vertex 1.5 10.5 1
      vertex 9.5 10.5 1
    endloop
  endfacet
  facet normal 0 1 -0
    outer loop
      vertex 9.5 9.5 1
      vertex 1.5 9.5 1.25
      vertex 9.5 9.5 1.25
    endloop
  endfacet
  facet normal 0 1 0
    outer loop
      vertex 1.5 9.5 1.25
      vertex 9.5 9.5 1
      vertex 1.5 9.5 1
    endloop
  endfacet
  facet normal -1 0 0
    outer loop
      vertex 9.5 -10.5 1
      vertex 9.5 -9.5 1.25
      vertex 9.5 -9.5 1
    endloop
  endfacet
  facet normal -1 -0 0
    outer loop
      vertex 9.5 -9.5 1.25
      vertex 9.5 -10.5 1
      vertex 9.5 -10.5 1.25
    endloop
  endfacet
  facet normal 0 0 -1
    outer loop
      vertex 1.5 -10.5 1.25
      vertex 9.5 -9.5 1.25
      vertex 9.5 -10.5 1.25
    endloop
  endfacet
  facet normal -0 0 -1
    outer loop
      vertex 9.5 -9.5 1.25
      vertex 1.5 -10.5 1.25
      vertex 1.5 -9.5 1.25
    endloop
  endfacet
  facet normal 1 -0 0
    outer loop
      vertex 1.5 -10.5 1.25
      vertex 1.5 -9.5 1
      vertex 1.5 -9.5 1.25
    endloop
  endfacet
  facet normal 1 0 0
    outer loop
      vertex 1.5 -9.5 1
      vertex 1.5 -10.5 1.25
      vertex 1.5 -10.5 1
    endloop
  endfacet
  facet normal 0 -1 0
    outer loop
      vertex 1.5 -9.5 1
      vertex 9.5 -9.5 1.25
      vertex 1.5 -9.5 1.25
    endloop
  endfacet
  facet normal 0 -1 -0
    outer loop
      vertex 9.5 -9.5 1.25
      vertex 1.5 -9.5 1
      vertex 9.5 -9.5 1
    endloop
  endfacet
  facet normal 0 1 -0
    outer loop
      vertex 9.5 -10.5 1
      vertex 1.5 -10.5 1.25
      vertex 9.5 -10.5 1.25
    endloop
  endfacet
  facet normal 0 1 0
    outer loop
      vertex 1.5 -10.5 1.25
      vertex 9.5 -10.5 1
      vertex 1.5 -10.5 1
    endloop
  endfacet
  facet normal -1 0 0
    outer loop
      vertex 20.5 9.5 1
      vertex 20.5 10.5 1.25
      vertex 20.5 10.5 1
    endloop
  endfacet
  facet normal -1 -0 0
    outer loop
      vertex 20.5 10.5 1.25
      vertex 20.5 9.5 1
      vertex 20.5 9.5 1.25
    endloop
  endfacet
  facet normal 0 0 -1
    outer loop
      vertex 12.5 9.5 1.25
      vertex 20.5 10.5 1.25
      vertex 20.5 9.5 1.25
    endloop
  endfacet
  facet normal -0 0 -1
    outer loop
      vertex 20.5 10.5 1.25
      vertex 12.5 9.5 1.25
      vertex 12.5 10.5 1.25
    endloop
  endfacet
  facet normal 1 -0 0
    outer loop
      vertex 12.5 9.5 1.25
      vertex 12.5 10.5 1
      vertex 12.5 10.5 1.25
    endloop
  endfacet
  facet normal 1 0 0
    outer loop
      vertex 12.5 10.5 1
      vertex 12.5 9.5 1.25
      vertex 12.5 9.5 1
    endloop
  endfacet
  facet normal 0 -1 0
    outer loop
      vertex 12.5 10.5 1
      vertex 20.5 10.5 1.25
      vertex 12.5 10.5 1.25
    endloop
  endfacet
  facet normal 0 -1 -0
    outer loop
      vertex 20.5 10.5 1.25
      vertex 12.5 10.5 1
      vertex 20.5 10.5 1
    endloop
  endfacet
  facet normal 0 1 -0
    outer loop
      vertex 20.5 9.5 1
      vertex 12.5 9.5 1.25
      vertex 20.5 9.5 1.25
    endloop
  endfacet
  facet normal 0 1 0
    outer loop
      vertex 12.5 9.5 1.25
      vertex 20.5 9.5 1
      vertex 12.5 9.5 1
    endloop
  endfacet
  facet normal -1 0 0
    outer loop
      vertex 20.5 -10.5 1
      vertex 20.5 -9.5 1.25
      vertex 20.5 -9.5 1
    endloop
  endfacet
  facet normal -1 -0 0
    outer loop
      vertex 20.5 -9.5 1.25
      vertex 20.5 -10.5 1
      vertex 20.5 -10.5 1.25
    endloop
  endfacet
  facet normal 0 0 -1
    outer loop
      vertex 12.5 -10.5 1.25
      vertex 20.5 -9.5 1.25
      vertex 20.5 -10.5 1.25
    endloop
  endfacet
  facet normal -0 0 -1
    outer loop
      vertex 20.5 -9.5 1.25
      vertex 12.5 -10.5 1.25
      vertex 12.5 -9.5 1.25
    endloop
  endfacet
  facet normal 1 -0 0
    outer loop
      vertex 12.5 -10.5 1.25
      vertex 12.5 -9.5 1
      vertex 12.5 -9.5 1.25
    endloop
  endfacet
  facet normal 1 0 0
    outer loop
      vertex 12.5 -9.5 1
      vertex 12.5 -10.5 1.25
      vertex 12.5 -10.5 1
    endloop
  endfacet
  facet normal 0 -1 0
    outer loop
      vertex 12.5 -9.5 1
      vertex 20.5 -9.5 1.25
      vertex 12.5 -9.5 1.25
    endloop
  endfacet
  facet normal 0 -1 -0
    outer loop
      vertex 20.5 -9.5 1.25
      vertex 12.5 -9.5 1
      vertex 20.5 -9.5 1
    endloop
  endfacet
  facet normal 0 1 -0
    outer loop
      vertex 20.5 -10.5 1
      vertex 12.5 -10.5 1.25
      vertex 20.5 -10.5 1.25
    endloop
  endfacet
  facet normal 0 1 0
    outer loop
      vertex 12.5 -10.5 1.25
      vertex 20.5 -10.5 1
      vertex 12.5 -10.5 1
    endloop
  endfacet
  facet normal -0.258911 0.965901 0
    outer loop
      vertex 33.618 -18.9021 0
      vertex 33.4158 -18.9563 1
      vertex 33.618 -18.9021 1
    endloop
  endfacet
  facet normal -0.258911 0.965901 0
    outer loop
      vertex 33.4158 -18.9563 1
      vertex 33.618 -18.9021 0
      vertex 33.4158 -18.9563 0
    endloop
  endfacet
  facet normal -0.629171 0.777267 0
    outer loop
      vertex 34.3383 -18.4863 0
      vertex 34.1756 -18.618 1
      vertex 34.3383 -18.4863 1
    endloop
  endfacet
  facet normal -0.629171 0.777267 0
    outer loop
      vertex 34.1756 -18.618 1
      vertex 34.3383 -18.4863 0
      vertex 34.1756 -18.618 0
    endloop
  endfacet
  facet normal 0 1 -0
    outer loop
      vertex 33 -19 0
      vertex -33 -19 1
      vertex 33 -19 1
    endloop
  endfacet
  facet normal 0 1 0
    outer loop
      vertex -33 -19 1
      vertex 33 -19 0
      vertex -33 -19 0
    endloop
  endfacet
  facet normal -0.156257 0.987716 0
    outer loop
      vertex 33.4158 -18.9563 0
      vertex 33.2091 -18.989 1
      vertex 33.4158 -18.9563 1
    endloop
  endfacet
  facet normal -0.156257 0.987716 0
    outer loop
      vertex 33.2091 -18.989 1
      vertex 33.4158 -18.9563 0
      vertex 33.2091 -18.989 0
    endloop
  endfacet
  facet normal -0.777267 -0.629171 0
    outer loop
      vertex 34.618 18.1756 0
      vertex 34.4863 18.3383 1
      vertex 34.4863 18.3383 0
    endloop
  endfacet
  facet normal -0.777267 -0.629171 0
    outer loop
      vertex 34.4863 18.3383 1
      vertex 34.618 18.1756 0
      vertex 34.618 18.1756 1
    endloop
  endfacet
  facet normal -0.0525338 0.998619 0
    outer loop
      vertex 33.2091 -18.989 0
      vertex 33 -19 1
      vertex 33.2091 -18.989 1
    endloop
  endfacet
  facet normal -0.0525338 0.998619 0
    outer loop
      vertex 33 -19 1
      vertex 33.2091 -18.989 0
      vertex 33 -19 0
    endloop
  endfacet
  facet normal 0.358179 -0.933653 0
    outer loop
      vertex -33.8135 18.8271 0
      vertex -33.618 18.9021 1
      vertex -33.8135 18.8271 1
    endloop
  endfacet
  facet normal 0.358179 -0.933653 0
    outer loop
      vertex -33.618 18.9021 1
      vertex -33.8135 18.8271 0
      vertex -33.618 18.9021 0
    endloop
  endfacet
  facet normal 0.965901 -0.258911 0
    outer loop
      vertex -34.9563 17.4158 1
      vertex -34.9021 17.618 0
      vertex -34.9021 17.618 1
    endloop
  endfacet
  facet normal 0.965901 -0.258911 0
    outer loop
      vertex -34.9021 17.618 0
      vertex -34.9563 17.4158 1
      vertex -34.9563 17.4158 0
    endloop
  endfacet
  facet normal 0.258911 0.965901 -0
    outer loop
      vertex -33.4158 -18.9563 0
      vertex -33.618 -18.9021 1
      vertex -33.4158 -18.9563 1
    endloop
  endfacet
  facet normal 0.258911 0.965901 0
    outer loop
      vertex -33.618 -18.9021 1
      vertex -33.4158 -18.9563 0
      vertex -33.618 -18.9021 0
    endloop
  endfacet
  facet normal 0.544854 -0.838531 0
    outer loop
      vertex -34.1756 18.618 0
      vertex -34 18.7321 1
      vertex -34.1756 18.618 1
    endloop
  endfacet
  facet normal 0.544854 -0.838531 0
    outer loop
      vertex -34 18.7321 1
      vertex -34.1756 18.618 0
      vertex -34 18.7321 0
    endloop
  endfacet
  facet normal 0.45389 0.891058 -0
    outer loop
      vertex -33.8135 -18.8271 0
      vertex -34 -18.7321 1
      vertex -33.8135 -18.8271 1
    endloop
  endfacet
  facet normal 0.45389 0.891058 0
    outer loop
      vertex -34 -18.7321 1
      vertex -33.8135 -18.8271 0
      vertex -34 -18.7321 0
    endloop
  endfacet
  facet normal 0.629171 0.777267 -0
    outer loop
      vertex -34.1756 -18.618 0
      vertex -34.3383 -18.4863 1
      vertex -34.1756 -18.618 1
    endloop
  endfacet
  facet normal 0.629171 0.777267 0
    outer loop
      vertex -34.3383 -18.4863 1
      vertex -34.1756 -18.618 0
      vertex -34.3383 -18.4863 0
    endloop
  endfacet
  facet normal -0.891058 -0.45389 0
    outer loop
      vertex 34.8271 17.8135 0
      vertex 34.7321 18 1
      vertex 34.7321 18 0
    endloop
  endfacet
  facet normal -0.891058 -0.45389 0
    outer loop
      vertex 34.7321 18 1
      vertex 34.8271 17.8135 0
      vertex 34.8271 17.8135 1
    endloop
  endfacet
  facet normal 0.998619 0.0525338 0
    outer loop
      vertex -34.989 -17.2091 1
      vertex -35 -17 0
      vertex -35 -17 1
    endloop
  endfacet
  facet normal 0.998619 0.0525338 0
    outer loop
      vertex -35 -17 0
      vertex -34.989 -17.2091 1
      vertex -34.989 -17.2091 0
    endloop
  endfacet
  facet normal 0.358179 0.933653 -0
    outer loop
      vertex -33.618 -18.9021 0
      vertex -33.8135 -18.8271 1
      vertex -33.618 -18.9021 1
    endloop
  endfacet
  facet normal 0.358179 0.933653 0
    outer loop
      vertex -33.8135 -18.8271 1
      vertex -33.618 -18.9021 0
      vertex -33.8135 -18.8271 0
    endloop
  endfacet
  facet normal -0.998619 -0.0525338 0
    outer loop
      vertex 35 17 0
      vertex 34.989 17.2091 1
      vertex 34.989 17.2091 0
    endloop
  endfacet
  facet normal -0.998619 -0.0525338 0
    outer loop
      vertex 34.989 17.2091 1
      vertex 35 17 0
      vertex 35 17 1
    endloop
  endfacet
  facet normal -1 0 0
    outer loop
      vertex 35 6.1 0
      vertex 35 -6.1 0
      vertex 35 6.1 0.999999
    endloop
  endfacet
  facet normal -1 0 0
    outer loop
      vertex 35 6.1 0.999999
      vertex 35 6.9 1
      vertex 35 6.9 0.999999
    endloop
  endfacet
  facet normal -1 0 0
    outer loop
      vertex 35 -6.1 0.999999
      vertex 35 6.1 0.999999
      vertex 35 -6.1 0
    endloop
  endfacet
  facet normal -1 0 0
    outer loop
      vertex 35 -6.1 0.999999
      vertex 35 6.9 1
      vertex 35 6.1 0.999999
    endloop
  endfacet
  facet normal -1 0 0
    outer loop
      vertex 35 -6.9 1
      vertex 35 -6.1 0.999999
      vertex 35 -6.9 0.999999
    endloop
  endfacet
  facet normal -1 0 0
    outer loop
      vertex 35 -6.1 0.999999
      vertex 35 -6.9 1
      vertex 35 6.9 1
    endloop
  endfacet
  facet normal -1 0 0
    outer loop
      vertex 35 9.9 0
      vertex 35 17 1
      vertex 35 17 0
    endloop
  endfacet
  facet normal -1 0 0
    outer loop
      vertex 35 9.9 0.999999
      vertex 35 17 1
      vertex 35 9.9 0
    endloop
  endfacet
  facet normal -1 0 0
    outer loop
      vertex 35 9.1 1
      vertex 35 9.9 0.999999
      vertex 35 9.1 0.999999
    endloop
  endfacet
  facet normal -1 0 0
    outer loop
      vertex 35 9.9 0.999999
      vertex 35 9.1 1
      vertex 35 17 1
    endloop
  endfacet
  facet normal -1 0 0
    outer loop
      vertex 35 -9.9 0
      vertex 35 -17 0
      vertex 35 -9.9 0.999999
    endloop
  endfacet
  facet normal -1 0 0
    outer loop
      vertex 35 -9.9 0.999999
      vertex 35 -9.1 1
      vertex 35 -9.1 0.999999
    endloop
  endfacet
  facet normal -1 0 0
    outer loop
      vertex 35 -9.9 0.999999
      vertex 35 -17 1
      vertex 35 -9.1 1
    endloop
  endfacet
  facet normal -1 0 0
    outer loop
      vertex 35 -17 1
      vertex 35 -9.9 0.999999
      vertex 35 -17 0
    endloop
  endfacet
  facet normal 1 0 0
    outer loop
      vertex -35 17 1
      vertex -35 9.9 0.999999
      vertex -35 17 0
    endloop
  endfacet
  facet normal 1 -0 0
    outer loop
      vertex -35 9.1 1
      vertex -35 9.9 0.999999
      vertex -35 17 1
    endloop
  endfacet
  facet normal 1 0 0
    outer loop
      vertex -35 9.9 0.999999
      vertex -35 9.1 1
      vertex -35 9.1 0.999999
    endloop
  endfacet
  facet normal 1 0 0
    outer loop
      vertex -35 17 0
      vertex -35 9.9 0.999999
      vertex -35 9.9 0
    endloop
  endfacet
  facet normal 1 0 0
    outer loop
      vertex -35 6.9 1
      vertex -35 6.1 0.999999
      vertex -35 6.9 0.999999
    endloop
  endfacet
  facet normal 1 0 0
    outer loop
      vertex -35 6.1 0.999999
      vertex -35 -6.1 0.999999
      vertex -35 6.1 0
    endloop
  endfacet
  facet normal 1 0 0
    outer loop
      vertex -35 6.9 1
      vertex -35 -6.1 0.999999
      vertex -35 6.1 0.999999
    endloop
  endfacet
  facet normal 1 -0 0
    outer loop
      vertex -35 -6.9 1
      vertex -35 -6.1 0.999999
      vertex -35 6.9 1
    endloop
  endfacet
  facet normal 1 0 0
    outer loop
      vertex -35 -6.1 0.999999
      vertex -35 -6.9 1
      vertex -35 -6.9 0.999999
    endloop
  endfacet
  facet normal 1 0 0
    outer loop
      vertex -35 6.1 0
      vertex -35 -6.1 0.999999
      vertex -35 -6.1 0
    endloop
  endfacet
  facet normal 1 0 0
    outer loop
      vertex -35 -9.1 1
      vertex -35 -9.9 0.999999
      vertex -35 -9.1 0.999999
    endloop
  endfacet
  facet normal 1 -0 0
    outer loop
      vertex -35 -17 1
      vertex -35 -9.9 0.999999
      vertex -35 -9.1 1
    endloop
  endfacet
  facet normal 1 0 0
    outer loop
      vertex -35 -17 1
      vertex -35 -9.9 0
      vertex -35 -9.9 0.999999
    endloop
  endfacet
  facet normal 1 0 0
    outer loop
      vertex -35 -9.9 0
      vertex -35 -17 1
      vertex -35 -17 0
    endloop
  endfacet
  facet normal -0.998619 0.0525338 0
    outer loop
      vertex 34.989 -17.2091 0
      vertex 35 -17 1
      vertex 35 -17 0
    endloop
  endfacet
  facet normal -0.998619 0.0525338 0
    outer loop
      vertex 35 -17 1
      vertex 34.989 -17.2091 0
      vertex 34.989 -17.2091 1
    endloop
  endfacet
  facet normal 0.987716 -0.156257 0
    outer loop
      vertex -34.989 17.2091 1
      vertex -34.9563 17.4158 0
      vertex -34.9563 17.4158 1
    endloop
  endfacet
  facet normal 0.987716 -0.156257 0
    outer loop
      vertex -34.9563 17.4158 0
      vertex -34.989 17.2091 1
      vertex -34.989 17.2091 0
    endloop
  endfacet
  facet normal 0.45389 -0.891058 0
    outer loop
      vertex -34 18.7321 0
      vertex -33.8135 18.8271 1
      vertex -34 18.7321 1
    endloop
  endfacet
  facet normal 0.45389 -0.891058 0
    outer loop
      vertex -33.8135 18.8271 1
      vertex -34 18.7321 0
      vertex -33.8135 18.8271 0
    endloop
  endfacet
  facet normal 0.156257 0.987716 -0
    outer loop
      vertex -33.2091 -18.989 0
      vertex -33.4158 -18.9563 1
      vertex -33.2091 -18.989 1
    endloop
  endfacet
  facet normal 0.156257 0.987716 0
    outer loop
      vertex -33.4158 -18.9563 1
      vertex -33.2091 -18.989 0
      vertex -33.4158 -18.9563 0
    endloop
  endfacet
  facet normal 0.933653 -0.358179 0
    outer loop
      vertex -34.9021 17.618 1
      vertex -34.8271 17.8135 0
      vertex -34.8271 17.8135 1
    endloop
  endfacet
  facet normal 0.933653 -0.358179 0
    outer loop
      vertex -34.8271 17.8135 0
      vertex -34.9021 17.618 1
      vertex -34.9021 17.618 0
    endloop
  endfacet
  facet normal 0.0525338 0.998619 -0
    outer loop
      vertex -33 -19 0
      vertex -33.2091 -18.989 1
      vertex -33 -19 1
    endloop
  endfacet
  facet normal 0.0525338 0.998619 0
    outer loop
      vertex -33.2091 -18.989 1
      vertex -33 -19 0
      vertex -33.2091 -18.989 0
    endloop
  endfacet
  facet normal 0.707107 -0.707107 0
    outer loop
      vertex -34.4863 18.3383 1
      vertex -34.3383 18.4863 0
      vertex -34.3383 18.4863 1
    endloop
  endfacet
  facet normal 0.707107 -0.707107 0
    outer loop
      vertex -34.3383 18.4863 0
      vertex -34.4863 18.3383 1
      vertex -34.4863 18.3383 0
    endloop
  endfacet
  facet normal 0 -1 0
    outer loop
      vertex -33 19 0
      vertex 33 19 1
      vertex -33 19 1
    endloop
  endfacet
  facet normal 0 -1 -0
    outer loop
      vertex 33 19 1
      vertex -33 19 0
      vertex 33 19 0
    endloop
  endfacet
  facet normal 0.258911 -0.965901 0
    outer loop
      vertex -33.618 18.9021 0
      vertex -33.4158 18.9563 1
      vertex -33.618 18.9021 1
    endloop
  endfacet
  facet normal 0.258911 -0.965901 0
    outer loop
      vertex -33.4158 18.9563 1
      vertex -33.618 18.9021 0
      vertex -33.4158 18.9563 0
    endloop
  endfacet
  facet normal -0.838531 0.544854 0
    outer loop
      vertex 34.618 -18.1756 0
      vertex 34.7321 -18 1
      vertex 34.7321 -18 0
    endloop
  endfacet
  facet normal -0.838531 0.544854 0
    outer loop
      vertex 34.7321 -18 1
      vertex 34.618 -18.1756 0
      vertex 34.618 -18.1756 1
    endloop
  endfacet
  facet normal 0.838531 -0.544854 0
    outer loop
      vertex -34.7321 18 1
      vertex -34.618 18.1756 0
      vertex -34.618 18.1756 1
    endloop
  endfacet
  facet normal 0.838531 -0.544854 0
    outer loop
      vertex -34.618 18.1756 0
      vertex -34.7321 18 1
      vertex -34.7321 18 0
    endloop
  endfacet
  facet normal 0.0525338 -0.998619 0
    outer loop
      vertex -33.2091 18.989 0
      vertex -33 19 1
      vertex -33.2091 18.989 1
    endloop
  endfacet
  facet normal 0.0525338 -0.998619 0
    outer loop
      vertex -33 19 1
      vertex -33.2091 18.989 0
      vertex -33 19 0
    endloop
  endfacet
  facet normal -0.629171 -0.777267 0
    outer loop
      vertex 34.1756 18.618 0
      vertex 34.3383 18.4863 1
      vertex 34.1756 18.618 1
    endloop
  endfacet
  facet normal -0.629171 -0.777267 -0
    outer loop
      vertex 34.3383 18.4863 1
      vertex 34.1756 18.618 0
      vertex 34.3383 18.4863 0
    endloop
  endfacet
  facet normal -0.258911 -0.965901 0
    outer loop
      vertex 33.4158 18.9563 0
      vertex 33.618 18.9021 1
      vertex 33.4158 18.9563 1
    endloop
  endfacet
  facet normal -0.258911 -0.965901 -0
    outer loop
      vertex 33.618 18.9021 1
      vertex 33.4158 18.9563 0
      vertex 33.618 18.9021 0
    endloop
  endfacet
  facet normal -0.45389 -0.891058 0
    outer loop
      vertex 33.8135 18.8271 0
      vertex 34 18.7321 1
      vertex 33.8135 18.8271 1
    endloop
  endfacet
  facet normal -0.45389 -0.891058 -0
    outer loop
      vertex 34 18.7321 1
      vertex 33.8135 18.8271 0
      vertex 34 18.7321 0
    endloop
  endfacet
  facet normal 0.156257 -0.987716 0
    outer loop
      vertex -33.4158 18.9563 0
      vertex -33.2091 18.989 1
      vertex -33.4158 18.9563 1
    endloop
  endfacet
  facet normal 0.156257 -0.987716 0
    outer loop
      vertex -33.2091 18.989 1
      vertex -33.4158 18.9563 0
      vertex -33.2091 18.989 0
    endloop
  endfacet
  facet normal 0.777267 -0.629171 0
    outer loop
      vertex -34.618 18.1756 1
      vertex -34.4863 18.3383 0
      vertex -34.4863 18.3383 1
    endloop
  endfacet
  facet normal 0.777267 -0.629171 0
    outer loop
      vertex -34.4863 18.3383 0
      vertex -34.618 18.1756 1
      vertex -34.618 18.1756 0
    endloop
  endfacet
  facet normal 0.987716 0.156257 0
    outer loop
      vertex -34.9563 -17.4158 1
      vertex -34.989 -17.2091 0
      vertex -34.989 -17.2091 1
    endloop
  endfacet
  facet normal 0.987716 0.156257 0
    outer loop
      vertex -34.989 -17.2091 0
      vertex -34.9563 -17.4158 1
      vertex -34.9563 -17.4158 0
    endloop
  endfacet
  facet normal 0.891058 -0.45389 0
    outer loop
      vertex -34.8271 17.8135 1
      vertex -34.7321 18 0
      vertex -34.7321 18 1
    endloop
  endfacet
  facet normal 0.891058 -0.45389 0
    outer loop
      vertex -34.7321 18 0
      vertex -34.8271 17.8135 1
      vertex -34.8271 17.8135 0
    endloop
  endfacet
  facet normal 0.998619 -0.0525338 0
    outer loop
      vertex -35 17 1
      vertex -34.989 17.2091 0
      vertex -34.989 17.2091 1
    endloop
  endfacet
  facet normal 0.998619 -0.0525338 0
    outer loop
      vertex -34.989 17.2091 0
      vertex -35 17 1
      vertex -35 17 0
    endloop
  endfacet
  facet normal 0.707107 0.707107 0
    outer loop
      vertex -34.3383 -18.4863 1
      vertex -34.4863 -18.3383 0
      vertex -34.4863 -18.3383 1
    endloop
  endfacet
  facet normal 0.707107 0.707107 0
    outer loop
      vertex -34.4863 -18.3383 0
      vertex -34.3383 -18.4863 1
      vertex -34.3383 -18.4863 0
    endloop
  endfacet
  facet normal -0.0525338 -0.998619 0
    outer loop
      vertex 33 19 0
      vertex 33.2091 18.989 1
      vertex 33 19 1
    endloop
  endfacet
  facet normal -0.0525338 -0.998619 -0
    outer loop
      vertex 33.2091 18.989 1
      vertex 33 19 0
      vertex 33.2091 18.989 0
    endloop
  endfacet
  facet normal -0.933653 -0.358179 0
    outer loop
      vertex 34.9021 17.618 0
      vertex 34.8271 17.8135 1
      vertex 34.8271 17.8135 0
    endloop
  endfacet
  facet normal -0.933653 -0.358179 0
    outer loop
      vertex 34.8271 17.8135 1
      vertex 34.9021 17.618 0
      vertex 34.9021 17.618 1
    endloop
  endfacet
  facet normal -0.891058 0.45389 0
    outer loop
      vertex 34.7321 -18 0
      vertex 34.8271 -17.8135 1
      vertex 34.8271 -17.8135 0
    endloop
  endfacet
  facet normal -0.891058 0.45389 0
    outer loop
      vertex 34.8271 -17.8135 1
      vertex 34.7321 -18 0
      vertex 34.7321 -18 1
    endloop
  endfacet
  facet normal -0.838531 -0.544854 0
    outer loop
      vertex 34.7321 18 0
      vertex 34.618 18.1756 1
      vertex 34.618 18.1756 0
    endloop
  endfacet
  facet normal -0.838531 -0.544854 0
    outer loop
      vertex 34.618 18.1756 1
      vertex 34.7321 18 0
      vertex 34.7321 18 1
    endloop
  endfacet
  facet normal 0.629171 -0.777267 0
    outer loop
      vertex -34.3383 18.4863 0
      vertex -34.1756 18.618 1
      vertex -34.3383 18.4863 1
    endloop
  endfacet
  facet normal 0.629171 -0.777267 0
    outer loop
      vertex -34.1756 18.618 1
      vertex -34.3383 18.4863 0
      vertex -34.1756 18.618 0
    endloop
  endfacet
  facet normal -0.707107 -0.707107 0
    outer loop
      vertex 34.4863 18.3383 0
      vertex 34.3383 18.4863 1
      vertex 34.3383 18.4863 0
    endloop
  endfacet
  facet normal -0.707107 -0.707107 0
    outer loop
      vertex 34.3383 18.4863 1
      vertex 34.4863 18.3383 0
      vertex 34.4863 18.3383 1
    endloop
  endfacet
  facet normal -0.358179 -0.933653 0
    outer loop
      vertex 33.618 18.9021 0
      vertex 33.8135 18.8271 1
      vertex 33.618 18.9021 1
    endloop
  endfacet
  facet normal -0.358179 -0.933653 -0
    outer loop
      vertex 33.8135 18.8271 1
      vertex 33.618 18.9021 0
      vertex 33.8135 18.8271 0
    endloop
  endfacet
  facet normal -0.965901 -0.258911 0
    outer loop
      vertex 34.9563 17.4158 0
      vertex 34.9021 17.618 1
      vertex 34.9021 17.618 0
    endloop
  endfacet
  facet normal -0.965901 -0.258911 0
    outer loop
      vertex 34.9021 17.618 1
      vertex 34.9563 17.4158 0
      vertex 34.9563 17.4158 1
    endloop
  endfacet
  facet normal -0.544854 0.838531 0
    outer loop
      vertex 34.1756 -18.618 0
      vertex 34 -18.7321 1
      vertex 34.1756 -18.618 1
    endloop
  endfacet
  facet normal -0.544854 0.838531 0
    outer loop
      vertex 34 -18.7321 1
      vertex 34.1756 -18.618 0
      vertex 34 -18.7321 0
    endloop
  endfacet
  facet normal 0.777267 0.629171 0
    outer loop
      vertex -34.4863 -18.3383 1
      vertex -34.618 -18.1756 0
      vertex -34.618 -18.1756 1
    endloop
  endfacet
  facet normal 0.777267 0.629171 0
    outer loop
      vertex -34.618 -18.1756 0
      vertex -34.4863 -18.3383 1
      vertex -34.4863 -18.3383 0
    endloop
  endfacet
  facet normal -0.965901 0.258911 0
    outer loop
      vertex 34.9021 -17.618 0
      vertex 34.9563 -17.4158 1
      vertex 34.9563 -17.4158 0
    endloop
  endfacet
  facet normal -0.965901 0.258911 0
    outer loop
      vertex 34.9563 -17.4158 1
      vertex 34.9021 -17.618 0
      vertex 34.9021 -17.618 1
    endloop
  endfacet
  facet normal -0.156257 -0.987716 0
    outer loop
      vertex 33.2091 18.989 0
      vertex 33.4158 18.9563 1
      vertex 33.2091 18.989 1
    endloop
  endfacet
  facet normal -0.156257 -0.987716 -0
    outer loop
      vertex 33.4158 18.9563 1
      vertex 33.2091 18.989 0
      vertex 33.4158 18.9563 0
    endloop
  endfacet
  facet normal -0.777267 0.629171 0
    outer loop
      vertex 34.4863 -18.3383 0
      vertex 34.618 -18.1756 1
      vertex 34.618 -18.1756 0
    endloop
  endfacet
  facet normal -0.777267 0.629171 0
    outer loop
      vertex 34.618 -18.1756 1
      vertex 34.4863 -18.3383 0
      vertex 34.4863 -18.3383 1
    endloop
  endfacet
  facet normal -0.544854 -0.838531 0
    outer loop
      vertex 34 18.7321 0
      vertex 34.1756 18.618 1
      vertex 34 18.7321 1
    endloop
  endfacet
  facet normal -0.544854 -0.838531 -0
    outer loop
      vertex 34.1756 18.618 1
      vertex 34 18.7321 0
      vertex 34.1756 18.618 0
    endloop
  endfacet
  facet normal -0.987716 -0.156257 0
    outer loop
      vertex 34.989 17.2091 0
      vertex 34.9563 17.4158 1
      vertex 34.9563 17.4158 0
    endloop
  endfacet
  facet normal -0.987716 -0.156257 0
    outer loop
      vertex 34.9563 17.4158 1
      vertex 34.989 17.2091 0
      vertex 34.989 17.2091 1
    endloop
  endfacet
  facet normal -0.933653 0.358179 0
    outer loop
      vertex 34.8271 -17.8135 0
      vertex 34.9021 -17.618 1
      vertex 34.9021 -17.618 0
    endloop
  endfacet
  facet normal -0.933653 0.358179 0
    outer loop
      vertex 34.9021 -17.618 1
      vertex 34.8271 -17.8135 0
      vertex 34.8271 -17.8135 1
    endloop
  endfacet
  facet normal 0.544854 0.838531 -0
    outer loop
      vertex -34 -18.7321 0
      vertex -34.1756 -18.618 1
      vertex -34 -18.7321 1
    endloop
  endfacet
  facet normal 0.544854 0.838531 0
    outer loop
      vertex -34.1756 -18.618 1
      vertex -34 -18.7321 0
      vertex -34.1756 -18.618 0
    endloop
  endfacet
  facet normal 0.838531 0.544854 0
    outer loop
      vertex -34.618 -18.1756 1
      vertex -34.7321 -18 0
      vertex -34.7321 -18 1
    endloop
  endfacet
  facet normal 0.838531 0.544854 0
    outer loop
      vertex -34.7321 -18 0
      vertex -34.618 -18.1756 1
      vertex -34.618 -18.1756 0
    endloop
  endfacet
  facet normal -0.707107 0.707107 0
    outer loop
      vertex 34.3383 -18.4863 0
      vertex 34.4863 -18.3383 1
      vertex 34.4863 -18.3383 0
    endloop
  endfacet
  facet normal -0.707107 0.707107 0
    outer loop
      vertex 34.4863 -18.3383 1
      vertex 34.3383 -18.4863 0
      vertex 34.3383 -18.4863 1
    endloop
  endfacet
  facet normal -0.987716 0.156257 0
    outer loop
      vertex 34.9563 -17.4158 0
      vertex 34.989 -17.2091 1
      vertex 34.989 -17.2091 0
    endloop
  endfacet
  facet normal -0.987716 0.156257 0
    outer loop
      vertex 34.989 -17.2091 1
      vertex 34.9563 -17.4158 0
      vertex 34.9563 -17.4158 1
    endloop
  endfacet
  facet normal 0.965901 0.258911 0
    outer loop
      vertex -34.9021 -17.618 1
      vertex -34.9563 -17.4158 0
      vertex -34.9563 -17.4158 1
    endloop
  endfacet
  facet normal 0.965901 0.258911 0
    outer loop
      vertex -34.9563 -17.4158 0
      vertex -34.9021 -17.618 1
      vertex -34.9021 -17.618 0
    endloop
  endfacet
  facet normal 0.933653 0.358179 0
    outer loop
      vertex -34.8271 -17.8135 1
      vertex -34.9021 -17.618 0
      vertex -34.9021 -17.618 1
    endloop
  endfacet
  facet normal 0.933653 0.358179 0
    outer loop
      vertex -34.9021 -17.618 0
      vertex -34.8271 -17.8135 1
      vertex -34.8271 -17.8135 0
    endloop
  endfacet
  facet normal 0.891058 0.45389 0
    outer loop
      vertex -34.7321 -18 1
      vertex -34.8271 -17.8135 0
      vertex -34.8271 -17.8135 1
    endloop
  endfacet
  facet normal 0.891058 0.45389 0
    outer loop
      vertex -34.8271 -17.8135 0
      vertex -34.7321 -18 1
      vertex -34.7321 -18 0
    endloop
  endfacet
  facet normal 0 0 -1
    outer loop
      vertex 33 -19 1
      vertex 35 -17 1
      vertex 34.989 -17.2091 1
    endloop
  endfacet
  facet normal 0 0 -1
    outer loop
      vertex 33 -19 1
      vertex 34.989 -17.2091 1
      vertex 34.9563 -17.4158 1
    endloop
  endfacet
  facet normal 0 0 -1
    outer loop
      vertex 33 -19 1
      vertex 34.9563 -17.4158 1
      vertex 34.9021 -17.618 1
    endloop
  endfacet
  facet normal 0 0 -1
    outer loop
      vertex 35 -17 1
      vertex 34.885 -9.09397 1
      vertex 35 -9.1 1
    endloop
  endfacet
  facet normal 0 0 -1
    outer loop
      vertex 33 -19 1
      vertex 34.9021 -17.618 1
      vertex 34.8271 -17.8135 1
    endloop
  endfacet
  facet normal 0 0 -1
    outer loop
      vertex 35 -17 1
      vertex 34.7713 -9.07596 1
      vertex 34.885 -9.09397 1
    endloop
  endfacet
  facet normal 0 0 -1
    outer loop
      vertex 33 -19 1
      vertex 34.8271 -17.8135 1
      vertex 34.7321 -18 1
    endloop
  endfacet
  facet normal 0 0 -1
    outer loop
      vertex 35 -17 1
      vertex 34.6601 -9.04616 1
      vertex 34.7713 -9.07596 1
    endloop
  endfacet
  facet normal 0 0 -1
    outer loop
      vertex 33 -19 1
      vertex 34.7321 -18 1
      vertex 34.618 -18.1756 1
    endloop
  endfacet
  facet normal 0 0 -1
    outer loop
      vertex 35 -17 1
      vertex 34.5526 -9.0049 1
      vertex 34.6601 -9.04616 1
    endloop
  endfacet
  facet normal 0 0 -1
    outer loop
      vertex 33 -19 1
      vertex 34.618 -18.1756 1
      vertex 34.4863 -18.3383 1
    endloop
  endfacet
  facet normal 0 0 -1
    outer loop
      vertex 35 -17 1
      vertex 34.45 -8.95263 1
      vertex 34.5526 -9.0049 1
    endloop
  endfacet
  facet normal 0 -0 -1
    outer loop
      vertex 34.1825 -8.73604 1
      vertex 35 -17 1
      vertex 33 -19 1
    endloop
  endfacet
  facet normal 0 0 -1
    outer loop
      vertex 33 -19 1
      vertex 34.4863 -18.3383 1
      vertex 34.3383 -18.4863 1
    endloop
  endfacet
  facet normal 0 0 -1
    outer loop
      vertex 35 -17 1
      vertex 34.3534 -8.88992 1
      vertex 34.45 -8.95263 1
    endloop
  endfacet
  facet normal 0 0 -1
    outer loop
      vertex 35 -17 1
      vertex 34.264 -8.81746 1
      vertex 34.3534 -8.88992 1
    endloop
  endfacet
  facet normal 0 0 -1
    outer loop
      vertex 33 -19 1
      vertex 34.3383 -18.4863 1
      vertex 34.1756 -18.618 1
    endloop
  endfacet
  facet normal 0 0 -1
    outer loop
      vertex 35 -17 1
      vertex 34.1825 -8.73604 1
      vertex 34.264 -8.81746 1
    endloop
  endfacet
  facet normal -0 0 -1
    outer loop
      vertex 34.1825 -8.73604 1
      vertex 33 -19 1
      vertex 34.1101 -8.64656 1
    endloop
  endfacet
  facet normal 0 0 -1
    outer loop
      vertex 33 -19 1
      vertex 34.1756 -18.618 1
      vertex 34 -18.7321 1
    endloop
  endfacet
  facet normal 0 0 -1
    outer loop
      vertex 20.5 -10.5 1
      vertex 34.1101 -8.64656 1
      vertex 33 -19 1
    endloop
  endfacet
  facet normal -0 0 -1
    outer loop
      vertex 34.1101 -8.64656 1
      vertex 20.5 -10.5 1
      vertex 34.0474 -8.55 1
    endloop
  endfacet
  facet normal -0 0 -1
    outer loop
      vertex 34.0474 -8.55 1
      vertex 20.5 -10.5 1
      vertex 33.9951 -8.44741 1
    endloop
  endfacet
  facet normal -0 0 -1
    outer loop
      vertex 33.9951 -8.44741 1
      vertex 20.5 -10.5 1
      vertex 33.9538 -8.33992 1
    endloop
  endfacet
  facet normal -0 0 -1
    outer loop
      vertex 33.9538 -8.33992 1
      vertex 20.5 -10.5 1
      vertex 33.924 -8.2287 1
    endloop
  endfacet
  facet normal 0 0 -1
    outer loop
      vertex 20.5 -9.5 1
      vertex 33.924 -8.2287 1
      vertex 20.5 -10.5 1
    endloop
  endfacet
  facet normal 0 0 -1
    outer loop
      vertex 33 -19 1
      vertex 34 -18.7321 1
      vertex 33.8135 -18.8271 1
    endloop
  endfacet
  facet normal 0 0 -1
    outer loop
      vertex 34.885 -6.90603 1
      vertex 35 6.9 1
      vertex 35 -6.9 1
    endloop
  endfacet
  facet normal 0 0 -1
    outer loop
      vertex 34.885 -6.90603 1
      vertex 34.885 6.90603 1
      vertex 35 6.9 1
    endloop
  endfacet
  facet normal 0 0 -1
    outer loop
      vertex 34.7713 -6.92404 1
      vertex 34.885 6.90603 1
      vertex 34.885 -6.90603 1
    endloop
  endfacet
  facet normal 0 0 -1
    outer loop
      vertex 34.7713 -6.92404 1
      vertex 34.7713 6.92404 1
      vertex 34.885 6.90603 1
    endloop
  endfacet
  facet normal 0 0 -1
    outer loop
      vertex 34.6601 -6.95384 1
      vertex 34.7713 6.92404 1
      vertex 34.7713 -6.92404 1
    endloop
  endfacet
  facet normal 0 0 -1
    outer loop
      vertex 34.6601 -6.95384 1
      vertex 34.6601 6.95384 1
      vertex 34.7713 6.92404 1
    endloop
  endfacet
  facet normal 0 0 -1
    outer loop
      vertex 34.5526 -6.9951 1
      vertex 34.6601 6.95384 1
      vertex 34.6601 -6.95384 1
    endloop
  endfacet
  facet normal 0 0 -1
    outer loop
      vertex 34.5526 -6.9951 1
      vertex 34.5526 6.9951 1
      vertex 34.6601 6.95384 1
    endloop
  endfacet
  facet normal 0 0 -1
    outer loop
      vertex 34.45 -7.04737 1
      vertex 34.5526 6.9951 1
      vertex 34.5526 -6.9951 1
    endloop
  endfacet
  facet normal 0 0 -1
    outer loop
      vertex 34.45 -7.04737 1
      vertex 34.45 7.04737 1
      vertex 34.5526 6.9951 1
    endloop
  endfacet
  facet normal 0 0 -1
    outer loop
      vertex 34.3534 -7.11008 1
      vertex 34.45 7.04737 1
      vertex 34.45 -7.04737 1
    endloop
  endfacet
  facet normal 0 0 -1
    outer loop
      vertex 34.3534 -7.11008 1
      vertex 34.3534 7.11008 1
      vertex 34.45 7.04737 1
    endloop
  endfacet
  facet normal 0 0 -1
    outer loop
      vertex 34.264 -7.18254 1
      vertex 34.3534 7.11008 1
      vertex 34.3534 -7.11008 1
    endloop
  endfacet
  facet normal 0 0 -1
    outer loop
      vertex 34.264 -7.18254 1
      vertex 34.264 7.18254 1
      vertex 34.3534 7.11008 1
    endloop
  endfacet
  facet normal 0 0 -1
    outer loop
      vertex 34.1825 -7.26396 1
      vertex 34.264 7.18254 1
      vertex 34.264 -7.18254 1
    endloop
  endfacet
  facet normal 0 0 -1
    outer loop
      vertex 34.1825 -7.26396 1
      vertex 34.1825 7.26396 1
      vertex 34.264 7.18254 1
    endloop
  endfacet
  facet normal 0 0 -1
    outer loop
      vertex 34.1101 -7.35344 1
      vertex 34.1825 7.26396 1
      vertex 34.1825 -7.26396 1
    endloop
  endfacet
  facet normal 0 0 -1
    outer loop
      vertex 34.1101 -7.35344 1
      vertex 34.1101 7.35344 1
      vertex 34.1825 7.26396 1
    endloop
  endfacet
  facet normal 0 0 -1
    outer loop
      vertex 34.0474 -7.45 1
      vertex 34.1101 7.35344 1
      vertex 34.1101 -7.35344 1
    endloop
  endfacet
  facet normal 0 0 -1
    outer loop
      vertex 34.0474 -7.45 1
      vertex 34.0474 7.45 1
      vertex 34.1101 7.35344 1
    endloop
  endfacet
  facet normal 0 0 -1
    outer loop
      vertex 33.9951 -7.55259 1
      vertex 34.0474 7.45 1
      vertex 34.0474 -7.45 1
    endloop
  endfacet
  facet normal 0 0 -1
    outer loop
      vertex 33.9951 -7.55259 1
      vertex 33.9951 7.55259 1
      vertex 34.0474 7.45 1
    endloop
  endfacet
  facet normal 0 0 -1
    outer loop
      vertex 33.9538 -7.66008 1
      vertex 33.9951 7.55259 1
      vertex 33.9951 -7.55259 1
    endloop
  endfacet
  facet normal 0 0 -1
    outer loop
      vertex 33.9538 -7.66008 1
      vertex 33.9538 7.66008 1
      vertex 33.9951 7.55259 1
    endloop
  endfacet
  facet normal 0 0 -1
    outer loop
      vertex 33.924 -7.7713 1
      vertex 33.9538 7.66008 1
      vertex 33.9538 -7.66008 1
    endloop
  endfacet
  facet normal 0 0 -1
    outer loop
      vertex 33.924 -7.7713 1
      vertex 33.924 7.7713 1
      vertex 33.9538 7.66008 1
    endloop
  endfacet
  facet normal 0 0 -1
    outer loop
      vertex 33.906 -7.88502 1
      vertex 33.924 7.7713 1
      vertex 33.924 -7.7713 1
    endloop
  endfacet
  facet normal 0 0 -1
    outer loop
      vertex 33.906 -7.88502 1
      vertex 33.906 7.88502 1
      vertex 33.924 7.7713 1
    endloop
  endfacet
  facet normal 0 0 -1
    outer loop
      vertex 33.9 -8 1
      vertex 33.906 7.88502 1
      vertex 33.906 -7.88502 1
    endloop
  endfacet
  facet normal -0 0 -1
    outer loop
      vertex 33.906 7.88502 1
      vertex 33.9 -8 1
      vertex 33.9 8 1
    endloop
  endfacet
  facet normal 0 0 -1
    outer loop
      vertex 34.885 9.09397 1
      vertex 35 17 1
      vertex 35 9.1 1
    endloop
  endfacet
  facet normal 0 0 -1
    outer loop
      vertex 34.7713 9.07596 1
      vertex 35 17 1
      vertex 34.885 9.09397 1
    endloop
  endfacet
  facet normal 0 0 -1
    outer loop
      vertex 34.6601 9.04616 1
      vertex 35 17 1
      vertex 34.7713 9.07596 1
    endloop
  endfacet
  facet normal 0 0 -1
    outer loop
      vertex 34.5526 9.0049 1
      vertex 35 17 1
      vertex 34.6601 9.04616 1
    endloop
  endfacet
  facet normal 0 0 -1
    outer loop
      vertex 34.45 8.95263 1
      vertex 35 17 1
      vertex 34.5526 9.0049 1
    endloop
  endfacet
  facet normal 0 0 -1
    outer loop
      vertex 34.3534 8.88992 1
      vertex 35 17 1
      vertex 34.45 8.95263 1
    endloop
  endfacet
  facet normal 0 0 -1
    outer loop
      vertex 34.264 8.81746 1
      vertex 35 17 1
      vertex 34.3534 8.88992 1
    endloop
  endfacet
  facet normal 0 0 -1
    outer loop
      vertex 34.1825 8.73604 1
      vertex 35 17 1
      vertex 34.264 8.81746 1
    endloop
  endfacet
  facet normal 0 0 -1
    outer loop
      vertex 35 17 1
      vertex 33 19 1
      vertex 34.989 17.2091 1
    endloop
  endfacet
  facet normal 0 0 -1
    outer loop
      vertex 34.9563 17.4158 1
      vertex 33 19 1
      vertex 34.9021 17.618 1
    endloop
  endfacet
  facet normal 0 0 -1
    outer loop
      vertex 34.9021 17.618 1
      vertex 33 19 1
      vertex 34.8271 17.8135 1
    endloop
  endfacet
  facet normal 0 0 -1
    outer loop
      vertex 34.8271 17.8135 1
      vertex 33 19 1
      vertex 34.7321 18 1
    endloop
  endfacet
  facet normal 0 0 -1
    outer loop
      vertex 34.7321 18 1
      vertex 33 19 1
      vertex 34.618 18.1756 1
    endloop
  endfacet
  facet normal 0 0 -1
    outer loop
      vertex 34.618 18.1756 1
      vertex 33 19 1
      vertex 34.4863 18.3383 1
    endloop
  endfacet
  facet normal 0 0 -1
    outer loop
      vertex 34.989 17.2091 1
      vertex 33 19 1
      vertex 34.9563 17.4158 1
    endloop
  endfacet
  facet normal -0 0 -1
    outer loop
      vertex 35 17 1
      vertex 34.1825 8.73604 1
      vertex 33 19 1
    endloop
  endfacet
  facet normal 0 0 -1
    outer loop
      vertex 34.4863 18.3383 1
      vertex 33 19 1
      vertex 34.3383 18.4863 1
    endloop
  endfacet
  facet normal 0 0 -1
    outer loop
      vertex 33 19 1
      vertex 34.1825 8.73604 1
      vertex 34.1101 8.64656 1
    endloop
  endfacet
  facet normal 0 0 -1
    outer loop
      vertex 20.5 10.5 1
      vertex 34.1101 8.64656 1
      vertex 34.0474 8.55 1
    endloop
  endfacet
  facet normal 0 0 -1
    outer loop
      vertex 34.3383 18.4863 1
      vertex 33 19 1
      vertex 34.1756 18.618 1
    endloop
  endfacet
  facet normal 0 0 -1
    outer loop
      vertex 20.5 10.5 1
      vertex 34.0474 8.55 1
      vertex 33.9951 8.44741 1
    endloop
  endfacet
  facet normal 0 0 -1
    outer loop
      vertex 20.5 10.5 1
      vertex 33.9951 8.44741 1
      vertex 33.9538 8.33992 1
    endloop
  endfacet
  facet normal 0 0 -1
    outer loop
      vertex 20.5 10.5 1
      vertex 33.9538 8.33992 1
      vertex 33.924 8.2287 1
    endloop
  endfacet
  facet normal 0 0 -1
    outer loop
      vertex 20.5 9.5 1
      vertex 33.924 8.2287 1
      vertex 33.906 8.11498 1
    endloop
  endfacet
  facet normal 0 0 -1
    outer loop
      vertex 20.5 9.5 1
      vertex 33.906 8.11498 1
      vertex 33.9 8 1
    endloop
  endfacet
  facet normal 0 0 -1
    outer loop
      vertex 34.1756 18.618 1
      vertex 33 19 1
      vertex 34 18.7321 1
    endloop
  endfacet
  facet normal -0 0 -1
    outer loop
      vertex 33.9 -8 1
      vertex 20.5 -9.5 1
      vertex 33.9 8 1
    endloop
  endfacet
  facet normal 0 0 -1
    outer loop
      vertex 33 -19 1
      vertex 33.8135 -18.8271 1
      vertex 33.618 -18.9021 1
    endloop
  endfacet
  facet normal 0 0 -1
    outer loop
      vertex 20.5 9.5 1
      vertex 33.9 8 1
      vertex 20.5 -9.5 1
    endloop
  endfacet
  facet normal 0 0 -1
    outer loop
      vertex 33 -19 1
      vertex 33.618 -18.9021 1
      vertex 33.4158 -18.9563 1
    endloop
  endfacet
  facet normal 0 0 -1
    outer loop
      vertex 33.924 8.2287 1
      vertex 20.5 9.5 1
      vertex 20.5 10.5 1
    endloop
  endfacet
  facet normal 0 0 -1
    outer loop
      vertex 33 -19 1
      vertex 33.4158 -18.9563 1
      vertex 33.2091 -18.989 1
    endloop
  endfacet
  facet normal 0 0 -1
    outer loop
      vertex 34 18.7321 1
      vertex 33 19 1
      vertex 33.8135 18.8271 1
    endloop
  endfacet
  facet normal -0 0 -1
    outer loop
      vertex 33.924 -8.2287 1
      vertex 20.5 -9.5 1
      vertex 33.906 -8.11498 1
    endloop
  endfacet
  facet normal 0 0 -1
    outer loop
      vertex 33.8135 18.8271 1
      vertex 33 19 1
      vertex 33.618 18.9021 1
    endloop
  endfacet
  facet normal -0 0 -1
    outer loop
      vertex 33.906 -8.11498 1
      vertex 20.5 -9.5 1
      vertex 33.9 -8 1
    endloop
  endfacet
  facet normal 0 0 -1
    outer loop
      vertex 33 -19 1
      vertex 12.5 -10.5 1
      vertex 20.5 -10.5 1
    endloop
  endfacet
  facet normal 0 0 -1
    outer loop
      vertex 9.5 -9.5 1
      vertex 12.5 -9.5 1
      vertex 12.5 -10.5 1
    endloop
  endfacet
  facet normal 0 0 -1
    outer loop
      vertex 12.5 -9.5 1
      vertex 9.5 -9.5 1
      vertex 12.5 9.5 1
    endloop
  endfacet
  facet normal 0 0 -1
    outer loop
      vertex 9.5 -9.5 1
      vertex 12.5 -10.5 1
      vertex 9.5 -10.5 1
    endloop
  endfacet
  facet normal 0 0 -1
    outer loop
      vertex 33 -19 1
      vertex 9.5 -10.5 1
      vertex 12.5 -10.5 1
    endloop
  endfacet
  facet normal 0 0 -1
    outer loop
      vertex 33 -19 1
      vertex 1.5 -10.5 1
      vertex 9.5 -10.5 1
    endloop
  endfacet
  facet normal 0 0 -1
    outer loop
      vertex -1.5 -9.5 1
      vertex 1.5 -9.5 1
      vertex 1.5 -10.5 1
    endloop
  endfacet
  facet normal 0 0 -1
    outer loop
      vertex 1.5 -9.5 1
      vertex -1.5 -9.5 1
      vertex 1.5 9.5 1
    endloop
  endfacet
  facet normal 0 0 -1
    outer loop
      vertex -1.5 -9.5 1
      vertex 1.5 -10.5 1
      vertex -1.5 -10.5 1
    endloop
  endfacet
  facet normal 0 0 -1
    outer loop
      vertex 33 -19 1
      vertex -1.5 -10.5 1
      vertex 1.5 -10.5 1
    endloop
  endfacet
  facet normal 0 0 -1
    outer loop
      vertex -33 -19 1
      vertex -1.5 -10.5 1
      vertex 33 -19 1
    endloop
  endfacet
  facet normal 0 0 -1
    outer loop
      vertex -12.5 -9.5 1
      vertex -9.5 -9.5 1
      vertex -9.5 -10.5 1
    endloop
  endfacet
  facet normal 0 0 -1
    outer loop
      vertex -9.5 -9.5 1
      vertex -12.5 -9.5 1
      vertex -9.5 9.5 1
    endloop
  endfacet
  facet normal 0 0 -1
    outer loop
      vertex -12.5 -9.5 1
      vertex -9.5 -10.5 1
      vertex -12.5 -10.5 1
    endloop
  endfacet
  facet normal -0 0 -1
    outer loop
      vertex -1.5 -10.5 1
      vertex -33 -19 1
      vertex -9.5 -10.5 1
    endloop
  endfacet
  facet normal -0 0 -1
    outer loop
      vertex -9.5 -10.5 1
      vertex -33 -19 1
      vertex -12.5 -10.5 1
    endloop
  endfacet
  facet normal 0 0 -1
    outer loop
      vertex -33.924 -8.2287 1
      vertex -20.5 -9.5 1
      vertex -20.5 -10.5 1
    endloop
  endfacet
  facet normal 0 0 -1
    outer loop
      vertex -34.1825 -7.26396 1
      vertex -20.5 -9.5 1
      vertex -34.1101 -7.35344 1
    endloop
  endfacet
  facet normal 0 0 -1
    outer loop
      vertex -34.1101 -8.64656 1
      vertex -20.5 -10.5 1
      vertex -33 -19 1
    endloop
  endfacet
  facet normal -0 0 -1
    outer loop
      vertex -12.5 -10.5 1
      vertex -33 -19 1
      vertex -20.5 -10.5 1
    endloop
  endfacet
  facet normal 0 0 -1
    outer loop
      vertex -20.5 -9.5 1
      vertex -33.924 -7.7713 1
      vertex -33.9538 -7.66008 1
    endloop
  endfacet
  facet normal 0 0 -1
    outer loop
      vertex -33.906 8.11498 1
      vertex -20.5 9.5 1
      vertex -33.9 8 1
    endloop
  endfacet
  facet normal 0 0 -1
    outer loop
      vertex -20.5 -9.5 1
      vertex -33.9538 -7.66008 1
      vertex -33.9951 -7.55259 1
    endloop
  endfacet
  facet normal 0 -0 -1
    outer loop
      vertex -33.9 8 1
      vertex -20.5 9.5 1
      vertex -33.906 7.88502 1
    endloop
  endfacet
  facet normal 0 0 -1
    outer loop
      vertex -20.5 -9.5 1
      vertex -33.9951 -7.55259 1
      vertex -34.0474 -7.45 1
    endloop
  endfacet
  facet normal 0 -0 -1
    outer loop
      vertex -33.906 7.88502 1
      vertex -20.5 9.5 1
      vertex -33.924 7.7713 1
    endloop
  endfacet
  facet normal 0 0 -1
    outer loop
      vertex -20.5 -9.5 1
      vertex -34.0474 -7.45 1
      vertex -34.1101 -7.35344 1
    endloop
  endfacet
  facet normal 0 -0 -1
    outer loop
      vertex -33.924 7.7713 1
      vertex -20.5 9.5 1
      vertex -33.9538 7.66008 1
    endloop
  endfacet
  facet normal 0 0 -1
    outer loop
      vertex -20.5 -9.5 1
      vertex -34.1825 -7.26396 1
      vertex -20.5 9.5 1
    endloop
  endfacet
  facet normal 0 -0 -1
    outer loop
      vertex -33.9538 7.66008 1
      vertex -20.5 9.5 1
      vertex -33.9951 7.55259 1
    endloop
  endfacet
  facet normal 0 -0 -1
    outer loop
      vertex -34.0474 7.45 1
      vertex -20.5 9.5 1
      vertex -34.1101 7.35344 1
    endloop
  endfacet
  facet normal 0 -0 -1
    outer loop
      vertex -33.9951 7.55259 1
      vertex -20.5 9.5 1
      vertex -34.0474 7.45 1
    endloop
  endfacet
  facet normal 0 0 -1
    outer loop
      vertex -34.1825 7.26396 1
      vertex -20.5 9.5 1
      vertex -34.1825 -7.26396 1
    endloop
  endfacet
  facet normal 0 0 -1
    outer loop
      vertex -20.5 9.5 1
      vertex -34.1825 7.26396 1
      vertex -34.1101 7.35344 1
    endloop
  endfacet
  facet normal 0 0 -1
    outer loop
      vertex -34.264 -7.18254 1
      vertex -34.1825 7.26396 1
      vertex -34.1825 -7.26396 1
    endloop
  endfacet
  facet normal 0 0 -1
    outer loop
      vertex -34.264 -7.18254 1
      vertex -34.264 7.18254 1
      vertex -34.1825 7.26396 1
    endloop
  endfacet
  facet normal 0 0 -1
    outer loop
      vertex -34.3534 -7.11008 1
      vertex -34.264 7.18254 1
      vertex -34.264 -7.18254 1
    endloop
  endfacet
  facet normal 0 0 -1
    outer loop
      vertex -34.3534 -7.11008 1
      vertex -34.3534 7.11008 1
      vertex -34.264 7.18254 1
    endloop
  endfacet
  facet normal 0 0 -1
    outer loop
      vertex -34.45 -7.04737 1
      vertex -34.3534 7.11008 1
      vertex -34.3534 -7.11008 1
    endloop
  endfacet
  facet normal 0 0 -1
    outer loop
      vertex -34.45 -7.04737 1
      vertex -34.45 7.04737 1
      vertex -34.3534 7.11008 1
    endloop
  endfacet
  facet normal 0 0 -1
    outer loop
      vertex -34.5526 -6.9951 1
      vertex -34.45 7.04737 1
      vertex -34.45 -7.04737 1
    endloop
  endfacet
  facet normal 0 0 -1
    outer loop
      vertex -34.5526 -6.9951 1
      vertex -34.5526 6.9951 1
      vertex -34.45 7.04737 1
    endloop
  endfacet
  facet normal 0 0 -1
    outer loop
      vertex -34.6601 -6.95384 1
      vertex -34.5526 6.9951 1
      vertex -34.5526 -6.9951 1
    endloop
  endfacet
  facet normal 0 0 -1
    outer loop
      vertex -34.6601 -6.95384 1
      vertex -34.6601 6.95384 1
      vertex -34.5526 6.9951 1
    endloop
  endfacet
  facet normal 0 0 -1
    outer loop
      vertex -34.7713 -6.92404 1
      vertex -34.6601 6.95384 1
      vertex -34.6601 -6.95384 1
    endloop
  endfacet
  facet normal 0 0 -1
    outer loop
      vertex -34.7713 -6.92404 1
      vertex -34.7713 6.92404 1
      vertex -34.6601 6.95384 1
    endloop
  endfacet
  facet normal 0 0 -1
    outer loop
      vertex -34.885 -6.90603 1
      vertex -34.7713 6.92404 1
      vertex -34.7713 -6.92404 1
    endloop
  endfacet
  facet normal 0 0 -1
    outer loop
      vertex -34.885 -6.90603 1
      vertex -34.885 6.90603 1
      vertex -34.7713 6.92404 1
    endloop
  endfacet
  facet normal 0 0 -1
    outer loop
      vertex -35 -6.9 1
      vertex -34.885 6.90603 1
      vertex -34.885 -6.90603 1
    endloop
  endfacet
  facet normal 0 0 -1
    outer loop
      vertex -34.885 6.90603 1
      vertex -35 -6.9 1
      vertex -35 6.9 1
    endloop
  endfacet
  facet normal -0 0 -1
    outer loop
      vertex -20.5 9.5 1
      vertex -33.924 8.2287 1
      vertex -20.5 10.5 1
    endloop
  endfacet
  facet normal 0 0 -1
    outer loop
      vertex -33.9538 8.33992 1
      vertex -20.5 10.5 1
      vertex -33.924 8.2287 1
    endloop
  endfacet
  facet normal 0 0 -1
    outer loop
      vertex -33.9951 8.44741 1
      vertex -20.5 10.5 1
      vertex -33.9538 8.33992 1
    endloop
  endfacet
  facet normal 0 0 -1
    outer loop
      vertex -34.0474 8.55 1
      vertex -20.5 10.5 1
      vertex -33.9951 8.44741 1
    endloop
  endfacet
  facet normal 0 0 -1
    outer loop
      vertex -34.1101 8.64656 1
      vertex -20.5 10.5 1
      vertex -34.0474 8.55 1
    endloop
  endfacet
  facet normal -0 0 -1
    outer loop
      vertex -20.5 10.5 1
      vertex -34.1101 8.64656 1
      vertex -33 19 1
    endloop
  endfacet
  facet normal 0 0 -1
    outer loop
      vertex -34.1825 8.73604 1
      vertex -33 19 1
      vertex -34.1101 8.64656 1
    endloop
  endfacet
  facet normal 0 0 -1
    outer loop
      vertex -33 19 1
      vertex -35 17 1
      vertex -33.8135 18.8271 1
    endloop
  endfacet
  facet normal 0 0 -1
    outer loop
      vertex -33.8135 18.8271 1
      vertex -35 17 1
      vertex -34 18.7321 1
    endloop
  endfacet
  facet normal 0 0 -1
    outer loop
      vertex -33 19 1
      vertex -34.1825 8.73604 1
      vertex -35 17 1
    endloop
  endfacet
  facet normal 0 0 -1
    outer loop
      vertex -35 17 1
      vertex -34.1825 8.73604 1
      vertex -34.264 8.81746 1
    endloop
  endfacet
  facet normal 0 0 -1
    outer loop
      vertex -34 18.7321 1
      vertex -35 17 1
      vertex -34.1756 18.618 1
    endloop
  endfacet
  facet normal 0 0 -1
    outer loop
      vertex -35 17 1
      vertex -34.264 8.81746 1
      vertex -34.3534 8.88992 1
    endloop
  endfacet
  facet normal 0 0 -1
    outer loop
      vertex -35 17 1
      vertex -34.3534 8.88992 1
      vertex -34.45 8.95263 1
    endloop
  endfacet
  facet normal 0 0 -1
    outer loop
      vertex -34.1756 18.618 1
      vertex -35 17 1
      vertex -34.3383 18.4863 1
    endloop
  endfacet
  facet normal 0 0 -1
    outer loop
      vertex -35 17 1
      vertex -34.45 8.95263 1
      vertex -34.5526 9.0049 1
    endloop
  endfacet
  facet normal 0 0 -1
    outer loop
      vertex -34.3383 18.4863 1
      vertex -35 17 1
      vertex -34.4863 18.3383 1
    endloop
  endfacet
  facet normal 0 0 -1
    outer loop
      vertex -35 17 1
      vertex -34.5526 9.0049 1
      vertex -34.6601 9.04616 1
    endloop
  endfacet
  facet normal 0 0 -1
    outer loop
      vertex -34.4863 18.3383 1
      vertex -35 17 1
      vertex -34.618 18.1756 1
    endloop
  endfacet
  facet normal 0 0 -1
    outer loop
      vertex -35 17 1
      vertex -34.6601 9.04616 1
      vertex -34.7713 9.07596 1
    endloop
  endfacet
  facet normal 0 0 -1
    outer loop
      vertex -34.618 18.1756 1
      vertex -35 17 1
      vertex -34.7321 18 1
    endloop
  endfacet
  facet normal 0 0 -1
    outer loop
      vertex -35 17 1
      vertex -34.7713 9.07596 1
      vertex -34.885 9.09397 1
    endloop
  endfacet
  facet normal 0 0 -1
    outer loop
      vertex -34.7321 18 1
      vertex -35 17 1
      vertex -34.8271 17.8135 1
    endloop
  endfacet
  facet normal 0 0 -1
    outer loop
      vertex -34.8271 17.8135 1
      vertex -35 17 1
      vertex -34.9021 17.618 1
    endloop
  endfacet
  facet normal 0 0 -1
    outer loop
      vertex -34.9021 17.618 1
      vertex -35 17 1
      vertex -34.9563 17.4158 1
    endloop
  endfacet
  facet normal 0 0 -1
    outer loop
      vertex -35 17 1
      vertex -34.885 9.09397 1
      vertex -35 9.1 1
    endloop
  endfacet
  facet normal 0 0 -1
    outer loop
      vertex -34.9563 17.4158 1
      vertex -35 17 1
      vertex -34.989 17.2091 1
    endloop
  endfacet
  facet normal 0 0 -1
    outer loop
      vertex -20.5 -9.5 1
      vertex -12.5 9.5 1
      vertex -12.5 -9.5 1
    endloop
  endfacet
  facet normal -0 0 -1
    outer loop
      vertex -12.5 9.5 1
      vertex -20.5 -9.5 1
      vertex -20.5 9.5 1
    endloop
  endfacet
  facet normal 0 0 -1
    outer loop
      vertex -9.5 -9.5 1
      vertex -1.5 9.5 1
      vertex -1.5 -9.5 1
    endloop
  endfacet
  facet normal -0 0 -1
    outer loop
      vertex -1.5 9.5 1
      vertex -9.5 -9.5 1
      vertex -9.5 9.5 1
    endloop
  endfacet
  facet normal 0 0 -1
    outer loop
      vertex 1.5 -9.5 1
      vertex 9.5 9.5 1
      vertex 9.5 -9.5 1
    endloop
  endfacet
  facet normal -0 0 -1
    outer loop
      vertex 9.5 9.5 1
      vertex 1.5 -9.5 1
      vertex 1.5 9.5 1
    endloop
  endfacet
  facet normal 0 0 -1
    outer loop
      vertex 12.5 -9.5 1
      vertex 20.5 9.5 1
      vertex 20.5 -9.5 1
    endloop
  endfacet
  facet normal -0 0 -1
    outer loop
      vertex 20.5 9.5 1
      vertex 12.5 -9.5 1
      vertex 12.5 9.5 1
    endloop
  endfacet
  facet normal 0 0 -1
    outer loop
      vertex 33.618 18.9021 1
      vertex 33 19 1
      vertex 33.4158 18.9563 1
    endloop
  endfacet
  facet normal 0 0 -1
    outer loop
      vertex 33.4158 18.9563 1
      vertex 33 19 1
      vertex 33.2091 18.989 1
    endloop
  endfacet
  facet normal 0 0 -1
    outer loop
      vertex 34.1101 8.64656 1
      vertex 20.5 10.5 1
      vertex 33 19 1
    endloop
  endfacet
  facet normal 0 0 -1
    outer loop
      vertex 12.5 10.5 1
      vertex 33 19 1
      vertex 20.5 10.5 1
    endloop
  endfacet
  facet normal 0 0 -1
    outer loop
      vertex 9.5 9.5 1
      vertex 12.5 9.5 1
      vertex 9.5 -9.5 1
    endloop
  endfacet
  facet normal 0 0 -1
    outer loop
      vertex 12.5 9.5 1
      vertex 9.5 9.5 1
      vertex 12.5 10.5 1
    endloop
  endfacet
  facet normal 0 0 -1
    outer loop
      vertex 9.5 10.5 1
      vertex 12.5 10.5 1
      vertex 9.5 9.5 1
    endloop
  endfacet
  facet normal 0 0 -1
    outer loop
      vertex 12.5 10.5 1
      vertex 9.5 10.5 1
      vertex 33 19 1
    endloop
  endfacet
  facet normal 0 0 -1
    outer loop
      vertex 1.5 10.5 1
      vertex 33 19 1
      vertex 9.5 10.5 1
    endloop
  endfacet
  facet normal 0 0 -1
    outer loop
      vertex -1.5 9.5 1
      vertex 1.5 9.5 1
      vertex -1.5 -9.5 1
    endloop
  endfacet
  facet normal 0 0 -1
    outer loop
      vertex 1.5 9.5 1
      vertex -1.5 9.5 1
      vertex 1.5 10.5 1
    endloop
  endfacet
  facet normal 0 0 -1
    outer loop
      vertex -1.5 10.5 1
      vertex 1.5 10.5 1
      vertex -1.5 9.5 1
    endloop
  endfacet
  facet normal 0 0 -1
    outer loop
      vertex -1.5 10.5 1
      vertex 33 19 1
      vertex 1.5 10.5 1
    endloop
  endfacet
  facet normal 0 0 -1
    outer loop
      vertex -33 19 1
      vertex -1.5 10.5 1
      vertex -9.5 10.5 1
    endloop
  endfacet
  facet normal 0 0 -1
    outer loop
      vertex -12.5 9.5 1
      vertex -9.5 9.5 1
      vertex -12.5 -9.5 1
    endloop
  endfacet
  facet normal 0 0 -1
    outer loop
      vertex -9.5 9.5 1
      vertex -12.5 9.5 1
      vertex -9.5 10.5 1
    endloop
  endfacet
  facet normal 0 0 -1
    outer loop
      vertex -12.5 10.5 1
      vertex -9.5 10.5 1
      vertex -12.5 9.5 1
    endloop
  endfacet
  facet normal 0 0 -1
    outer loop
      vertex -33 19 1
      vertex -9.5 10.5 1
      vertex -12.5 10.5 1
    endloop
  endfacet
  facet normal 0 0 -1
    outer loop
      vertex -33 19 1
      vertex -12.5 10.5 1
      vertex -20.5 10.5 1
    endloop
  endfacet
  facet normal 0 0 -1
    outer loop
      vertex -1.5 10.5 1
      vertex -33 19 1
      vertex 33 19 1
    endloop
  endfacet
  facet normal 0 0 -1
    outer loop
      vertex -20.5 -9.5 1
      vertex -33.906 -8.11498 1
      vertex -33.9 -8 1
    endloop
  endfacet
  facet normal 0 0 -1
    outer loop
      vertex -35 -17 1
      vertex -33 -19 1
      vertex -33.2091 -18.989 1
    endloop
  endfacet
  facet normal 0 0 -1
    outer loop
      vertex -20.5 -9.5 1
      vertex -33.906 -7.88502 1
      vertex -33.924 -7.7713 1
    endloop
  endfacet
  facet normal 0 0 -1
    outer loop
      vertex -35 -17 1
      vertex -33.2091 -18.989 1
      vertex -33.4158 -18.9563 1
    endloop
  endfacet
  facet normal 0 0 -1
    outer loop
      vertex -33.924 8.2287 1
      vertex -20.5 9.5 1
      vertex -33.906 8.11498 1
    endloop
  endfacet
  facet normal 0 0 -1
    outer loop
      vertex -35 -17 1
      vertex -33.4158 -18.9563 1
      vertex -33.618 -18.9021 1
    endloop
  endfacet
  facet normal 0 0 -1
    outer loop
      vertex -33 19 1
      vertex -33.8135 18.8271 1
      vertex -33.2091 18.989 1
    endloop
  endfacet
  facet normal 0 0 -1
    outer loop
      vertex -35 -17 1
      vertex -33.618 -18.9021 1
      vertex -33.8135 -18.8271 1
    endloop
  endfacet
  facet normal 0 0 -1
    outer loop
      vertex -33.2091 18.989 1
      vertex -33.8135 18.8271 1
      vertex -33.4158 18.9563 1
    endloop
  endfacet
  facet normal 0 0 -1
    outer loop
      vertex -33.4158 18.9563 1
      vertex -33.8135 18.8271 1
      vertex -33.618 18.9021 1
    endloop
  endfacet
  facet normal 0 0 -1
    outer loop
      vertex -20.5 -9.5 1
      vertex -33.9 -8 1
      vertex -33.906 -7.88502 1
    endloop
  endfacet
  facet normal 0 0 -1
    outer loop
      vertex -20.5 -9.5 1
      vertex -33.924 -8.2287 1
      vertex -33.906 -8.11498 1
    endloop
  endfacet
  facet normal 0 0 -1
    outer loop
      vertex -20.5 -10.5 1
      vertex -33.9538 -8.33992 1
      vertex -33.924 -8.2287 1
    endloop
  endfacet
  facet normal 0 0 -1
    outer loop
      vertex -20.5 -10.5 1
      vertex -33.9951 -8.44741 1
      vertex -33.9538 -8.33992 1
    endloop
  endfacet
  facet normal 0 0 -1
    outer loop
      vertex -35 -17 1
      vertex -33.8135 -18.8271 1
      vertex -34 -18.7321 1
    endloop
  endfacet
  facet normal 0 0 -1
    outer loop
      vertex -20.5 -10.5 1
      vertex -34.0474 -8.55 1
      vertex -33.9951 -8.44741 1
    endloop
  endfacet
  facet normal 0 0 -1
    outer loop
      vertex -20.5 -10.5 1
      vertex -34.1101 -8.64656 1
      vertex -34.0474 -8.55 1
    endloop
  endfacet
  facet normal 0 0 -1
    outer loop
      vertex -35 -17 1
      vertex -34 -18.7321 1
      vertex -34.1756 -18.618 1
    endloop
  endfacet
  facet normal 0 0 -1
    outer loop
      vertex -33 -19 1
      vertex -35 -17 1
      vertex -34.1825 -8.73604 1
    endloop
  endfacet
  facet normal 0 0 -1
    outer loop
      vertex -33 -19 1
      vertex -34.1825 -8.73604 1
      vertex -34.1101 -8.64656 1
    endloop
  endfacet
  facet normal 0 0 -1
    outer loop
      vertex -35 -17 1
      vertex -34.1756 -18.618 1
      vertex -34.3383 -18.4863 1
    endloop
  endfacet
  facet normal 0 0 -1
    outer loop
      vertex -34.1825 -8.73604 1
      vertex -35 -17 1
      vertex -34.264 -8.81746 1
    endloop
  endfacet
  facet normal 0 0 -1
    outer loop
      vertex -34.264 -8.81746 1
      vertex -35 -17 1
      vertex -34.3534 -8.88992 1
    endloop
  endfacet
  facet normal 0 0 -1
    outer loop
      vertex -35 -17 1
      vertex -34.3383 -18.4863 1
      vertex -34.4863 -18.3383 1
    endloop
  endfacet
  facet normal 0 0 -1
    outer loop
      vertex -34.3534 -8.88992 1
      vertex -35 -17 1
      vertex -34.45 -8.95263 1
    endloop
  endfacet
  facet normal 0 0 -1
    outer loop
      vertex -35 -17 1
      vertex -34.4863 -18.3383 1
      vertex -34.618 -18.1756 1
    endloop
  endfacet
  facet normal 0 0 -1
    outer loop
      vertex -34.45 -8.95263 1
      vertex -35 -17 1
      vertex -34.5526 -9.0049 1
    endloop
  endfacet
  facet normal 0 0 -1
    outer loop
      vertex -35 -17 1
      vertex -34.618 -18.1756 1
      vertex -34.7321 -18 1
    endloop
  endfacet
  facet normal 0 0 -1
    outer loop
      vertex -34.5526 -9.0049 1
      vertex -35 -17 1
      vertex -34.6601 -9.04616 1
    endloop
  endfacet
  facet normal 0 0 -1
    outer loop
      vertex -35 -17 1
      vertex -34.7321 -18 1
      vertex -34.8271 -17.8135 1
    endloop
  endfacet
  facet normal 0 0 -1
    outer loop
      vertex -34.6601 -9.04616 1
      vertex -35 -17 1
      vertex -34.7713 -9.07596 1
    endloop
  endfacet
  facet normal 0 0 -1
    outer loop
      vertex -35 -17 1
      vertex -34.8271 -17.8135 1
      vertex -34.9021 -17.618 1
    endloop
  endfacet
  facet normal 0 0 -1
    outer loop
      vertex -35 -17 1
      vertex -34.9021 -17.618 1
      vertex -34.9563 -17.4158 1
    endloop
  endfacet
  facet normal 0 0 -1
    outer loop
      vertex -35 -17 1
      vertex -34.9563 -17.4158 1
      vertex -34.989 -17.2091 1
    endloop
  endfacet
  facet normal 0 0 -1
    outer loop
      vertex -34.7713 -9.07596 1
      vertex -35 -17 1
      vertex -34.885 -9.09397 1
    endloop
  endfacet
  facet normal 0 0 -1
    outer loop
      vertex -34.885 -9.09397 1
      vertex -35 -17 1
      vertex -35 -9.1 1
    endloop
  endfacet
  facet normal -0.45389 0.891058 0
    outer loop
      vertex 34 -18.7321 0
      vertex 33.8135 -18.8271 1
      vertex 34 -18.7321 1
    endloop
  endfacet
  facet normal -0.45389 0.891058 0
    outer loop
      vertex 33.8135 -18.8271 1
      vertex 34 -18.7321 0
      vertex 33.8135 -18.8271 0
    endloop
  endfacet
  facet normal -0.358179 0.933653 0
    outer loop
      vertex 33.8135 -18.8271 0
      vertex 33.618 -18.9021 1
      vertex 33.8135 -18.8271 1
    endloop
  endfacet
  facet normal -0.358179 0.933653 0
    outer loop
      vertex 33.618 -18.9021 1
      vertex 33.8135 -18.8271 0
      vertex 33.618 -18.9021 0
    endloop
  endfacet
endsolid OpenSCAD_Model
