solid OpenSCAD_Model
  facet normal -0.951005 -0.309175 0
    outer loop
      vertex 36.076 17.2287 0.999999
      vertex 36.0049 17.4474 2.5
      vertex 36.0049 17.4474 0.999999
    endloop
  endfacet
  facet normal -0.951005 -0.309175 0
    outer loop
      vertex 36.0049 17.4474 2.5
      vertex 36.076 17.2287 0.999999
      vertex 36.076 17.2287 2.5
    endloop
  endfacet
  facet normal -0.994539 -0.104368 0
    outer loop
      vertex 36.1 17 0.999999
      vertex 36.076 17.2287 2.5
      vertex 36.076 17.2287 0.999999
    endloop
  endfacet
  facet normal -0.994539 -0.104368 0
    outer loop
      vertex 36.076 17.2287 2.5
      vertex 36.1 17 0.999999
      vertex 36.1 17 2.5
    endloop
  endfacet
  facet normal -0.866041 -0.499973 0
    outer loop
      vertex 36.0049 17.4474 0.999999
      vertex 35.8899 17.6466 2.5
      vertex 35.8899 17.6466 0.999999
    endloop
  endfacet
  facet normal -0.866041 -0.499973 0
    outer loop
      vertex 35.8899 17.6466 2.5
      vertex 36.0049 17.4474 0.999999
      vertex 36.0049 17.4474 2.5
    endloop
  endfacet
  facet normal -0.7431 -0.669181 0
    outer loop
      vertex 35.8899 17.6466 0.999999
      vertex 35.736 17.8175 2.5
      vertex 35.736 17.8175 0.999999
    endloop
  endfacet
  facet normal -0.7431 -0.669181 0
    outer loop
      vertex 35.736 17.8175 2.5
      vertex 35.8899 17.6466 0.999999
      vertex 35.8899 17.6466 2.5
    endloop
  endfacet
  facet normal -0.207895 0.978151 0
    outer loop
      vertex 35.3399 15.9538 0.999999
      vertex 35.115 15.906 2.5
      vertex 35.3399 15.9538 2.5
    endloop
  endfacet
  facet normal -0.207895 0.978151 0
    outer loop
      vertex 35.115 15.906 2.5
      vertex 35.3399 15.9538 0.999999
      vertex 35.115 15.906 0.999999
    endloop
  endfacet
  facet normal 0.994539 0.104368 0
    outer loop
      vertex 33.924 16.7713 2.5
      vertex 33.9 17 1
      vertex 33.9 17 2.5
    endloop
  endfacet
  facet normal 0.994539 0.104368 0
    outer loop
      vertex 33.9 17 1
      vertex 33.924 16.7713 2.5
      vertex 33.924 16.7713 1
    endloop
  endfacet
  facet normal 0.58768 0.809093 -0
    outer loop
      vertex 34.45 16.0474 1
      vertex 34.264 16.1825 2.5
      vertex 34.45 16.0474 2.5
    endloop
  endfacet
  facet normal 0.58768 0.809093 0
    outer loop
      vertex 34.264 16.1825 2.5
      vertex 34.45 16.0474 1
      vertex 34.264 16.1825 1
    endloop
  endfacet
  facet normal -0.866041 0.499973 0
    outer loop
      vertex 35.8899 16.3534 0.999999
      vertex 36.0049 16.5526 2.5
      vertex 36.0049 16.5526 0.999999
    endloop
  endfacet
  facet normal -0.866041 0.499973 0
    outer loop
      vertex 36.0049 16.5526 2.5
      vertex 35.8899 16.3534 0.999999
      vertex 35.8899 16.3534 2.5
    endloop
  endfacet
  facet normal -0.7431 0.669181 0
    outer loop
      vertex 35.736 16.1825 0.999999
      vertex 35.8899 16.3534 2.5
      vertex 35.8899 16.3534 0.999999
    endloop
  endfacet
  facet normal -0.7431 0.669181 0
    outer loop
      vertex 35.8899 16.3534 2.5
      vertex 35.736 16.1825 0.999999
      vertex 35.736 16.1825 2.5
    endloop
  endfacet
  facet normal -0.406945 -0.913453 0
    outer loop
      vertex 35.3399 18.0462 0.999999
      vertex 35.55 17.9526 2.5
      vertex 35.3399 18.0462 2.5
    endloop
  endfacet
  facet normal -0.406945 -0.913453 -0
    outer loop
      vertex 35.55 17.9526 2.5
      vertex 35.3399 18.0462 0.999999
      vertex 35.55 17.9526 0.999999
    endloop
  endfacet
  facet normal 0.866041 -0.499973 0
    outer loop
      vertex 33.9951 17.4474 2.5
      vertex 34.1101 17.6466 1
      vertex 34.1101 17.6466 2.5
    endloop
  endfacet
  facet normal 0.866041 -0.499973 0
    outer loop
      vertex 34.1101 17.6466 1
      vertex 33.9951 17.4474 2.5
      vertex 33.9951 17.4474 1
    endloop
  endfacet
  facet normal -0.58768 0.809093 0
    outer loop
      vertex 35.736 16.1825 0.999999
      vertex 35.55 16.0474 2.5
      vertex 35.736 16.1825 2.5
    endloop
  endfacet
  facet normal -0.58768 0.809093 0
    outer loop
      vertex 35.55 16.0474 2.5
      vertex 35.736 16.1825 0.999999
      vertex 35.55 16.0474 0.999999
    endloop
  endfacet
  facet normal -0.207895 -0.978151 0
    outer loop
      vertex 35.115 18.094 0.999999
      vertex 35.3399 18.0462 2.5
      vertex 35.115 18.094 2.5
    endloop
  endfacet
  facet normal -0.207895 -0.978151 -0
    outer loop
      vertex 35.3399 18.0462 2.5
      vertex 35.115 18.094 0.999999
      vertex 35.3399 18.0462 0.999999
    endloop
  endfacet
  facet normal -0.58768 -0.809093 0
    outer loop
      vertex 35.55 17.9526 0.999999
      vertex 35.736 17.8175 2.5
      vertex 35.55 17.9526 2.5
    endloop
  endfacet
  facet normal -0.58768 -0.809093 -0
    outer loop
      vertex 35.736 17.8175 2.5
      vertex 35.55 17.9526 0.999999
      vertex 35.736 17.8175 0.999999
    endloop
  endfacet
  facet normal -0.951005 0.309175 0
    outer loop
      vertex 36.0049 16.5526 0.999999
      vertex 36.076 16.7713 2.5
      vertex 36.076 16.7713 0.999999
    endloop
  endfacet
  facet normal -0.951005 0.309175 0
    outer loop
      vertex 36.076 16.7713 2.5
      vertex 36.0049 16.5526 0.999999
      vertex 36.0049 16.5526 2.5
    endloop
  endfacet
  facet normal -0.994539 0.104368 0
    outer loop
      vertex 36.076 16.7713 0.999999
      vertex 36.1 17 2.5
      vertex 36.1 17 0.999999
    endloop
  endfacet
  facet normal -0.994539 0.104368 0
    outer loop
      vertex 36.1 17 2.5
      vertex 36.076 16.7713 0.999999
      vertex 36.076 16.7713 2.5
    endloop
  endfacet
  facet normal 0.7431 -0.669181 0
    outer loop
      vertex 34.1101 17.6466 2.5
      vertex 34.264 17.8175 1
      vertex 34.264 17.8175 2.5
    endloop
  endfacet
  facet normal 0.7431 -0.669181 0
    outer loop
      vertex 34.264 17.8175 1
      vertex 34.1101 17.6466 2.5
      vertex 34.1101 17.6466 1
    endloop
  endfacet
  facet normal 0.866041 0.499973 0
    outer loop
      vertex 34.1101 16.3534 2.5
      vertex 33.9951 16.5526 1
      vertex 33.9951 16.5526 2.5
    endloop
  endfacet
  facet normal 0.866041 0.499973 0
    outer loop
      vertex 33.9951 16.5526 1
      vertex 34.1101 16.3534 2.5
      vertex 34.1101 16.3534 1
    endloop
  endfacet
  facet normal 0.58768 -0.809093 0
    outer loop
      vertex 34.264 17.8175 1
      vertex 34.45 17.9526 2.5
      vertex 34.264 17.8175 2.5
    endloop
  endfacet
  facet normal 0.58768 -0.809093 0
    outer loop
      vertex 34.45 17.9526 2.5
      vertex 34.264 17.8175 1
      vertex 34.45 17.9526 1
    endloop
  endfacet
  facet normal 0 -1 0
    outer loop
      vertex 34.885 18.094 0.999999
      vertex 35.115 18.094 2.5
      vertex 34.885 18.094 2.5
    endloop
  endfacet
  facet normal 0 -1 -0
    outer loop
      vertex 35.115 18.094 2.5
      vertex 34.885 18.094 0.999999
      vertex 35.115 18.094 0.999999
    endloop
  endfacet
  facet normal 0.406945 -0.913453 0
    outer loop
      vertex 34.45 17.9526 1
      vertex 34.6601 18.0462 2.5
      vertex 34.45 17.9526 2.5
    endloop
  endfacet
  facet normal 0.406945 -0.913453 0
    outer loop
      vertex 34.6601 18.0462 2.5
      vertex 34.45 17.9526 1
      vertex 34.6601 18.0462 1
    endloop
  endfacet
  facet normal -0.406945 0.913453 0
    outer loop
      vertex 35.55 16.0474 0.999999
      vertex 35.3399 15.9538 2.5
      vertex 35.55 16.0474 2.5
    endloop
  endfacet
  facet normal -0.406945 0.913453 0
    outer loop
      vertex 35.3399 15.9538 2.5
      vertex 35.55 16.0474 0.999999
      vertex 35.3399 15.9538 0.999999
    endloop
  endfacet
  facet normal 0.994539 -0.104368 0
    outer loop
      vertex 33.9 17 2.5
      vertex 33.924 17.2287 1
      vertex 33.924 17.2287 2.5
    endloop
  endfacet
  facet normal 0.994539 -0.104368 0
    outer loop
      vertex 33.924 17.2287 1
      vertex 33.9 17 2.5
      vertex 33.9 17 1
    endloop
  endfacet
  facet normal 0.951005 0.309175 0
    outer loop
      vertex 33.9951 16.5526 2.5
      vertex 33.924 16.7713 1
      vertex 33.924 16.7713 2.5
    endloop
  endfacet
  facet normal 0.951005 0.309175 0
    outer loop
      vertex 33.924 16.7713 1
      vertex 33.9951 16.5526 2.5
      vertex 33.9951 16.5526 1
    endloop
  endfacet
  facet normal 0.951005 -0.309175 0
    outer loop
      vertex 33.924 17.2287 2.5
      vertex 33.9951 17.4474 1
      vertex 33.9951 17.4474 2.5
    endloop
  endfacet
  facet normal 0.951005 -0.309175 0
    outer loop
      vertex 33.9951 17.4474 1
      vertex 33.924 17.2287 2.5
      vertex 33.924 17.2287 1
    endloop
  endfacet
  facet normal 0.205163 -0.978728 0
    outer loop
      vertex 34.6892 18.0523 1
      vertex 34.6601 18.0462 2.5
      vertex 34.6601 18.0462 1
    endloop
  endfacet
  facet normal 0.207895 -0.978151 5.53517e-05
    outer loop
      vertex 34.6601 18.0462 2.5
      vertex 34.6892 18.0523 1
      vertex 34.885 18.094 2.5
    endloop
  endfacet
  facet normal 0.208301 -0.978065 0
    outer loop
      vertex 34.885 18.094 0.999999
      vertex 34.6892 18.0523 1
      vertex 34.6892 18.0523 0.999999
    endloop
  endfacet
  facet normal 0.208301 -0.978065 0
    outer loop
      vertex 34.6892 18.0523 1
      vertex 34.885 18.094 0.999999
      vertex 34.885 18.094 2.5
    endloop
  endfacet
  facet normal 0.7431 0.669181 0
    outer loop
      vertex 34.264 16.1825 2.5
      vertex 34.1101 16.3534 1
      vertex 34.1101 16.3534 2.5
    endloop
  endfacet
  facet normal 0.7431 0.669181 0
    outer loop
      vertex 34.1101 16.3534 1
      vertex 34.264 16.1825 2.5
      vertex 34.264 16.1825 1
    endloop
  endfacet
  facet normal 0 1 0
    outer loop
      vertex 35.115 15.906 2.5
      vertex 35 15.906 1
      vertex 34.885 15.906 2.5
    endloop
  endfacet
  facet normal 0 1 -0
    outer loop
      vertex 35.115 15.906 0.999999
      vertex 35 15.906 1
      vertex 35.115 15.906 2.5
    endloop
  endfacet
  facet normal 0 1 0
    outer loop
      vertex 35 15.906 1
      vertex 35.115 15.906 0.999999
      vertex 35 15.906 0.999999
    endloop
  endfacet
  facet normal 0 1 0
    outer loop
      vertex 34.885 15.906 2.5
      vertex 35 15.906 1
      vertex 34.885 15.906 1
    endloop
  endfacet
  facet normal 0.207895 0.978151 -0
    outer loop
      vertex 34.885 15.906 1
      vertex 34.6601 15.9538 2.5
      vertex 34.885 15.906 2.5
    endloop
  endfacet
  facet normal 0.207895 0.978151 0
    outer loop
      vertex 34.6601 15.9538 2.5
      vertex 34.885 15.906 1
      vertex 34.6601 15.9538 1
    endloop
  endfacet
  facet normal 0.406945 0.913453 -0
    outer loop
      vertex 34.6601 15.9538 1
      vertex 34.45 16.0474 2.5
      vertex 34.6601 15.9538 2.5
    endloop
  endfacet
  facet normal 0.406945 0.913453 0
    outer loop
      vertex 34.45 16.0474 2.5
      vertex 34.6601 15.9538 1
      vertex 34.45 16.0474 1
    endloop
  endfacet
  facet normal -0.951023 0.30912 0
    outer loop
      vertex 36.7357 16.2272 0
      vertex 36.8585 16.605 0.999999
      vertex 36.8585 16.605 0
    endloop
  endfacet
  facet normal -0.951023 0.30912 0
    outer loop
      vertex 36.8585 16.605 0.999999
      vertex 36.7357 16.2272 0
      vertex 36.7357 16.2272 0.999999
    endloop
  endfacet
  facet normal -0.951023 -0.30912 0
    outer loop
      vertex 36.8585 17.395 0
      vertex 36.7357 17.7728 0.999999
      vertex 36.7357 17.7728 0
    endloop
  endfacet
  facet normal -0.951023 -0.30912 0
    outer loop
      vertex 36.7357 17.7728 0.999999
      vertex 36.8585 17.395 0
      vertex 36.8585 17.395 0.999999
    endloop
  endfacet
  facet normal -0.994526 -0.104488 0
    outer loop
      vertex 36.9 17 0
      vertex 36.8585 17.395 0.999999
      vertex 36.8585 17.395 0
    endloop
  endfacet
  facet normal -0.994526 -0.104488 0
    outer loop
      vertex 36.8585 17.395 0.999999
      vertex 36.9 17 0
      vertex 36.9 17 0.999999
    endloop
  endfacet
  facet normal -0.866035 -0.499984 0
    outer loop
      vertex 36.7357 17.7728 0
      vertex 36.5371 18.1168 0.999999
      vertex 36.5371 18.1168 0
    endloop
  endfacet
  facet normal -0.866035 -0.499984 0
    outer loop
      vertex 36.5371 18.1168 0.999999
      vertex 36.7357 17.7728 0
      vertex 36.7357 17.7728 0.999999
    endloop
  endfacet
  facet normal -0.994526 0.104488 0
    outer loop
      vertex 36.8585 16.605 0
      vertex 36.9 17 0.999999
      vertex 36.9 17 0
    endloop
  endfacet
  facet normal -0.994526 0.104488 0
    outer loop
      vertex 36.9 17 0.999999
      vertex 36.8585 16.605 0
      vertex 36.8585 16.605 0.999999
    endloop
  endfacet
  facet normal -0.743144 -0.669132 0
    outer loop
      vertex 36.5371 18.1168 0
      vertex 36.2713 18.412 0.999999
      vertex 36.2713 18.412 0
    endloop
  endfacet
  facet normal -0.743144 -0.669132 0
    outer loop
      vertex 36.2713 18.412 0.999999
      vertex 36.5371 18.1168 0
      vertex 36.5371 18.1168 0.999999
    endloop
  endfacet
  facet normal 0.207964 -0.978136 0
    outer loop
      vertex 34.4129 18.807 0
      vertex 34.8014 18.8896 0.999999
      vertex 34.4129 18.807 0.999999
    endloop
  endfacet
  facet normal 0.207964 -0.978136 0
    outer loop
      vertex 34.8014 18.8896 0.999999
      vertex 34.4129 18.807 0
      vertex 34.8014 18.8896 0
    endloop
  endfacet
  facet normal 0.406562 -0.913623 0
    outer loop
      vertex 34.0929 18.6646 0
      vertex 34.4129 18.807 0.999999
      vertex 34.0929 18.6646 0.999999
    endloop
  endfacet
  facet normal 0.406562 -0.913623 0
    outer loop
      vertex 34.4129 18.807 0.999999
      vertex 34.0929 18.6646 0
      vertex 34.4129 18.807 0
    endloop
  endfacet
  facet normal -0.207964 -0.978136 0
    outer loop
      vertex 35.1986 18.8896 0
      vertex 35.5871 18.807 0.999999
      vertex 35.1986 18.8896 0.999999
    endloop
  endfacet
  facet normal -0.207964 -0.978136 -0
    outer loop
      vertex 35.5871 18.807 0.999999
      vertex 35.1986 18.8896 0
      vertex 35.5871 18.807 0
    endloop
  endfacet
  facet normal -0.743144 0.669132 0
    outer loop
      vertex 36.2713 15.588 0
      vertex 36.5371 15.8832 0.999999
      vertex 36.5371 15.8832 0
    endloop
  endfacet
  facet normal -0.743144 0.669132 0
    outer loop
      vertex 36.5371 15.8832 0.999999
      vertex 36.2713 15.588 0
      vertex 36.2713 15.588 0.999999
    endloop
  endfacet
  facet normal 0 -1 0
    outer loop
      vertex 34.8014 18.8896 0
      vertex 35.1986 18.8896 0.999999
      vertex 34.8014 18.8896 0.999999
    endloop
  endfacet
  facet normal 0 -1 -0
    outer loop
      vertex 35.1986 18.8896 0.999999
      vertex 34.8014 18.8896 0
      vertex 35.1986 18.8896 0
    endloop
  endfacet
  facet normal -0.866035 0.499984 0
    outer loop
      vertex 36.5371 15.8832 0
      vertex 36.7357 16.2272 0.999999
      vertex 36.7357 16.2272 0
    endloop
  endfacet
  facet normal -0.866035 0.499984 0
    outer loop
      vertex 36.7357 16.2272 0.999999
      vertex 36.5371 15.8832 0
      vertex 36.5371 15.8832 0.999999
    endloop
  endfacet
  facet normal -0.587722 -0.809063 0
    outer loop
      vertex 35.95 18.6454 0
      vertex 36.2713 18.412 0.999999
      vertex 35.95 18.6454 0.999999
    endloop
  endfacet
  facet normal -0.587722 -0.809063 -0
    outer loop
      vertex 36.2713 18.412 0.999999
      vertex 35.95 18.6454 0
      vertex 36.2713 18.412 0
    endloop
  endfacet
  facet normal -0.406792 -0.913521 0
    outer loop
      vertex 35.5871 18.807 0
      vertex 35.95 18.6454 0.999999
      vertex 35.5871 18.807 0.999999
    endloop
  endfacet
  facet normal -0.406792 -0.913521 -0
    outer loop
      vertex 35.95 18.6454 0.999999
      vertex 35.5871 18.807 0
      vertex 35.95 18.6454 0
    endloop
  endfacet
  facet normal 0 1 -0
    outer loop
      vertex 35.1986 15.1104 0
      vertex 35 15.1104 0.999999
      vertex 35.1986 15.1104 0.999999
    endloop
  endfacet
  facet normal 0 1 0
    outer loop
      vertex 35 15.1104 0.999999
      vertex 35.1986 15.1104 0
      vertex 35 15.1104 0
    endloop
  endfacet
  facet normal 0 0 -1
    outer loop
      vertex 36.1 17 0.999999
      vertex 36.9 17 0.999999
      vertex 36.8585 16.605 0.999999
    endloop
  endfacet
  facet normal 0 0 -1
    outer loop
      vertex 36.076 16.7713 0.999999
      vertex 36.8585 16.605 0.999999
      vertex 36.7357 16.2272 0.999999
    endloop
  endfacet
  facet normal 0 0 -1
    outer loop
      vertex 36.9 17 0.999999
      vertex 36.1 17 0.999999
      vertex 36.8585 17.395 0.999999
    endloop
  endfacet
  facet normal 0 0 -1
    outer loop
      vertex 36.0049 16.5526 0.999999
      vertex 36.7357 16.2272 0.999999
      vertex 36.5371 15.8832 0.999999
    endloop
  endfacet
  facet normal 0 0 -1
    outer loop
      vertex 36.076 17.2287 0.999999
      vertex 36.8585 17.395 0.999999
      vertex 36.1 17 0.999999
    endloop
  endfacet
  facet normal 0 0 -1
    outer loop
      vertex 35.8899 16.3534 0.999999
      vertex 36.5371 15.8832 0.999999
      vertex 36.2713 15.588 0.999999
    endloop
  endfacet
  facet normal -0 0 -1
    outer loop
      vertex 36.8585 17.395 0.999999
      vertex 36.076 17.2287 0.999999
      vertex 36.7357 17.7728 0.999999
    endloop
  endfacet
  facet normal 0 0 -1
    outer loop
      vertex 36.0049 17.4474 0.999999
      vertex 36.7357 17.7728 0.999999
      vertex 36.076 17.2287 0.999999
    endloop
  endfacet
  facet normal 0 0 -1
    outer loop
      vertex 36.8585 16.605 0.999999
      vertex 36.076 16.7713 0.999999
      vertex 36.1 17 0.999999
    endloop
  endfacet
  facet normal 0 0 -1
    outer loop
      vertex 36.7357 16.2272 0.999999
      vertex 36.0049 16.5526 0.999999
      vertex 36.076 16.7713 0.999999
    endloop
  endfacet
  facet normal 0 0 -1
    outer loop
      vertex 35.736 16.1825 0.999999
      vertex 36.2713 15.588 0.999999
      vertex 35.95 15.3546 0.999999
    endloop
  endfacet
  facet normal 0 0 -1
    outer loop
      vertex 36.5371 15.8832 0.999999
      vertex 35.8899 16.3534 0.999999
      vertex 36.0049 16.5526 0.999999
    endloop
  endfacet
  facet normal 0 0 -1
    outer loop
      vertex 36.2713 15.588 0.999999
      vertex 35.736 16.1825 0.999999
      vertex 35.8899 16.3534 0.999999
    endloop
  endfacet
  facet normal 0 0 -1
    outer loop
      vertex 35.55 16.0474 0.999999
      vertex 35.95 15.3546 0.999999
      vertex 35.5871 15.193 0.999999
    endloop
  endfacet
  facet normal 0 0 -1
    outer loop
      vertex 35.95 15.3546 0.999999
      vertex 35.55 16.0474 0.999999
      vertex 35.736 16.1825 0.999999
    endloop
  endfacet
  facet normal 0 0 -1
    outer loop
      vertex 35.5871 15.193 0.999999
      vertex 35.3399 15.9538 0.999999
      vertex 35.55 16.0474 0.999999
    endloop
  endfacet
  facet normal 0 0 -1
    outer loop
      vertex 35.1986 15.1104 0.999999
      vertex 35.3399 15.9538 0.999999
      vertex 35.5871 15.193 0.999999
    endloop
  endfacet
  facet normal 0 0 -1
    outer loop
      vertex 35.1986 15.1104 0.999999
      vertex 35.115 15.906 0.999999
      vertex 35.3399 15.9538 0.999999
    endloop
  endfacet
  facet normal 0 0 -1
    outer loop
      vertex 35 15.1104 0.999999
      vertex 35.115 15.906 0.999999
      vertex 35.1986 15.1104 0.999999
    endloop
  endfacet
  facet normal -0 0 -1
    outer loop
      vertex 35.115 15.906 0.999999
      vertex 35 15.1104 0.999999
      vertex 35 15.906 0.999999
    endloop
  endfacet
  facet normal -0 0 -1
    outer loop
      vertex 36.7357 17.7728 0.999999
      vertex 36.0049 17.4474 0.999999
      vertex 36.5371 18.1168 0.999999
    endloop
  endfacet
  facet normal 0 0 -1
    outer loop
      vertex 35.8899 17.6466 0.999999
      vertex 36.5371 18.1168 0.999999
      vertex 36.0049 17.4474 0.999999
    endloop
  endfacet
  facet normal -0 0 -1
    outer loop
      vertex 36.5371 18.1168 0.999999
      vertex 35.8899 17.6466 0.999999
      vertex 36.2713 18.412 0.999999
    endloop
  endfacet
  facet normal 0 0 -1
    outer loop
      vertex 35.736 17.8175 0.999999
      vertex 36.2713 18.412 0.999999
      vertex 35.8899 17.6466 0.999999
    endloop
  endfacet
  facet normal -0 0 -1
    outer loop
      vertex 36.2713 18.412 0.999999
      vertex 35.736 17.8175 0.999999
      vertex 35.95 18.6454 0.999999
    endloop
  endfacet
  facet normal 0 0 -1
    outer loop
      vertex 35.55 17.9526 0.999999
      vertex 35.95 18.6454 0.999999
      vertex 35.736 17.8175 0.999999
    endloop
  endfacet
  facet normal -0 0 -1
    outer loop
      vertex 35.95 18.6454 0.999999
      vertex 35.55 17.9526 0.999999
      vertex 35.5871 18.807 0.999999
    endloop
  endfacet
  facet normal 0 0 -1
    outer loop
      vertex 35.3399 18.0462 0.999999
      vertex 35.5871 18.807 0.999999
      vertex 35.55 17.9526 0.999999
    endloop
  endfacet
  facet normal 0 0 -1
    outer loop
      vertex 35.3399 18.0462 0.999999
      vertex 35.1986 18.8896 0.999999
      vertex 35.5871 18.807 0.999999
    endloop
  endfacet
  facet normal 0 0 -1
    outer loop
      vertex 35.115 18.094 0.999999
      vertex 35.1986 18.8896 0.999999
      vertex 35.3399 18.0462 0.999999
    endloop
  endfacet
  facet normal 0 0 -1
    outer loop
      vertex 34.885 18.094 0.999999
      vertex 35.1986 18.8896 0.999999
      vertex 35.115 18.094 0.999999
    endloop
  endfacet
  facet normal 0 0 -1
    outer loop
      vertex 34.885 18.094 0.999999
      vertex 34.8014 18.8896 0.999999
      vertex 35.1986 18.8896 0.999999
    endloop
  endfacet
  facet normal 0 0 -1
    outer loop
      vertex 34.618 18.1756 0.999999
      vertex 34.885 18.094 0.999999
      vertex 34.6892 18.0523 0.999999
    endloop
  endfacet
  facet normal 0 0 -1
    outer loop
      vertex 34.885 18.094 0.999999
      vertex 34.618 18.1756 0.999999
      vertex 34.8014 18.8896 0.999999
    endloop
  endfacet
  facet normal 0 0 -1
    outer loop
      vertex 34.3383 18.4863 0.999999
      vertex 34.8014 18.8896 0.999999
      vertex 34.618 18.1756 0.999999
    endloop
  endfacet
  facet normal 0 0 -1
    outer loop
      vertex 34.8014 18.8896 0.999999
      vertex 34.3383 18.4863 0.999999
      vertex 34.4129 18.807 0.999999
    endloop
  endfacet
  facet normal 0 0 -1
    outer loop
      vertex 34.4129 18.807 0.999999
      vertex 34.3383 18.4863 0.999999
      vertex 34.0929 18.6646 0.999999
    endloop
  endfacet
  facet normal -0.207964 0.978136 0
    outer loop
      vertex 35.5871 15.193 0
      vertex 35.1986 15.1104 0.999999
      vertex 35.5871 15.193 0.999999
    endloop
  endfacet
  facet normal -0.207964 0.978136 0
    outer loop
      vertex 35.1986 15.1104 0.999999
      vertex 35.5871 15.193 0
      vertex 35.1986 15.1104 0
    endloop
  endfacet
  facet normal -0.587722 0.809063 0
    outer loop
      vertex 36.2713 15.588 0
      vertex 35.95 15.3546 0.999999
      vertex 36.2713 15.588 0.999999
    endloop
  endfacet
  facet normal -0.587722 0.809063 0
    outer loop
      vertex 35.95 15.3546 0.999999
      vertex 36.2713 15.588 0
      vertex 35.95 15.3546 0
    endloop
  endfacet
  facet normal -0.406792 0.913521 0
    outer loop
      vertex 35.95 15.3546 0
      vertex 35.5871 15.193 0.999999
      vertex 35.95 15.3546 0.999999
    endloop
  endfacet
  facet normal -0.406792 0.913521 0
    outer loop
      vertex 35.5871 15.193 0.999999
      vertex 35.95 15.3546 0
      vertex 35.5871 15.193 0
    endloop
  endfacet
  facet normal -0.951005 -0.309175 0
    outer loop
      vertex -33.924 17.2287 1
      vertex -33.9951 17.4474 2.5
      vertex -33.9951 17.4474 1
    endloop
  endfacet
  facet normal -0.951005 -0.309175 0
    outer loop
      vertex -33.9951 17.4474 2.5
      vertex -33.924 17.2287 1
      vertex -33.924 17.2287 2.5
    endloop
  endfacet
  facet normal -0.994539 -0.104368 0
    outer loop
      vertex -33.9 17 1
      vertex -33.924 17.2287 2.5
      vertex -33.924 17.2287 1
    endloop
  endfacet
  facet normal -0.994539 -0.104368 0
    outer loop
      vertex -33.924 17.2287 2.5
      vertex -33.9 17 1
      vertex -33.9 17 2.5
    endloop
  endfacet
  facet normal -0.866041 -0.499973 0
    outer loop
      vertex -33.9951 17.4474 1
      vertex -34.1101 17.6466 2.5
      vertex -34.1101 17.6466 1
    endloop
  endfacet
  facet normal -0.866041 -0.499973 0
    outer loop
      vertex -34.1101 17.6466 2.5
      vertex -33.9951 17.4474 1
      vertex -33.9951 17.4474 2.5
    endloop
  endfacet
  facet normal -0.7431 -0.669181 0
    outer loop
      vertex -34.1101 17.6466 1
      vertex -34.264 17.8175 2.5
      vertex -34.264 17.8175 1
    endloop
  endfacet
  facet normal -0.7431 -0.669181 0
    outer loop
      vertex -34.264 17.8175 2.5
      vertex -34.1101 17.6466 1
      vertex -34.1101 17.6466 2.5
    endloop
  endfacet
  facet normal -0.207895 0.978151 0
    outer loop
      vertex -34.6601 15.9538 1
      vertex -34.885 15.906 2.5
      vertex -34.6601 15.9538 2.5
    endloop
  endfacet
  facet normal -0.207895 0.978151 0
    outer loop
      vertex -34.885 15.906 2.5
      vertex -34.6601 15.9538 1
      vertex -34.885 15.906 1
    endloop
  endfacet
  facet normal 0.994539 0.104368 0
    outer loop
      vertex -36.076 16.7713 2.5
      vertex -36.1 17 0.999999
      vertex -36.1 17 2.5
    endloop
  endfacet
  facet normal 0.994539 0.104368 0
    outer loop
      vertex -36.1 17 0.999999
      vertex -36.076 16.7713 2.5
      vertex -36.076 16.7713 0.999999
    endloop
  endfacet
  facet normal 0.58768 0.809093 -0
    outer loop
      vertex -35.55 16.0474 0.999999
      vertex -35.736 16.1825 2.5
      vertex -35.55 16.0474 2.5
    endloop
  endfacet
  facet normal 0.58768 0.809093 0
    outer loop
      vertex -35.736 16.1825 2.5
      vertex -35.55 16.0474 0.999999
      vertex -35.736 16.1825 0.999999
    endloop
  endfacet
  facet normal -0.866041 0.499973 0
    outer loop
      vertex -34.1101 16.3534 1
      vertex -33.9951 16.5526 2.5
      vertex -33.9951 16.5526 1
    endloop
  endfacet
  facet normal -0.866041 0.499973 0
    outer loop
      vertex -33.9951 16.5526 2.5
      vertex -34.1101 16.3534 1
      vertex -34.1101 16.3534 2.5
    endloop
  endfacet
  facet normal -0.7431 0.669181 0
    outer loop
      vertex -34.264 16.1825 1
      vertex -34.1101 16.3534 2.5
      vertex -34.1101 16.3534 1
    endloop
  endfacet
  facet normal -0.7431 0.669181 0
    outer loop
      vertex -34.1101 16.3534 2.5
      vertex -34.264 16.1825 1
      vertex -34.264 16.1825 2.5
    endloop
  endfacet
  facet normal -0.406945 -0.913453 0
    outer loop
      vertex -34.6601 18.0462 1
      vertex -34.45 17.9526 2.5
      vertex -34.6601 18.0462 2.5
    endloop
  endfacet
  facet normal -0.406945 -0.913453 -0
    outer loop
      vertex -34.45 17.9526 2.5
      vertex -34.6601 18.0462 1
      vertex -34.45 17.9526 1
    endloop
  endfacet
  facet normal 0.866041 -0.499973 0
    outer loop
      vertex -36.0049 17.4474 2.5
      vertex -35.8899 17.6466 0.999999
      vertex -35.8899 17.6466 2.5
    endloop
  endfacet
  facet normal 0.866041 -0.499973 0
    outer loop
      vertex -35.8899 17.6466 0.999999
      vertex -36.0049 17.4474 2.5
      vertex -36.0049 17.4474 0.999999
    endloop
  endfacet
  facet normal -0.58768 0.809093 0
    outer loop
      vertex -34.264 16.1825 1
      vertex -34.45 16.0474 2.5
      vertex -34.264 16.1825 2.5
    endloop
  endfacet
  facet normal -0.58768 0.809093 0
    outer loop
      vertex -34.45 16.0474 2.5
      vertex -34.264 16.1825 1
      vertex -34.45 16.0474 1
    endloop
  endfacet
  facet normal -0.207895 -0.978151 5.05675e-05
    outer loop
      vertex -34.885 18.094 2.5
      vertex -34.6934 18.0532 1
      vertex -34.6601 18.0462 2.5
    endloop
  endfacet
  facet normal -0.208274 -0.978071 0
    outer loop
      vertex -34.885 18.094 0.999999
      vertex -34.6934 18.0532 1
      vertex -34.885 18.094 2.5
    endloop
  endfacet
  facet normal -0.208274 -0.978071 -0
    outer loop
      vertex -34.6934 18.0532 1
      vertex -34.885 18.094 0.999999
      vertex -34.6934 18.0532 0.999999
    endloop
  endfacet
  facet normal -0.205714 -0.978612 -0
    outer loop
      vertex -34.6601 18.0462 2.5
      vertex -34.6934 18.0532 1
      vertex -34.6601 18.0462 1
    endloop
  endfacet
  facet normal -0.58768 -0.809093 0
    outer loop
      vertex -34.45 17.9526 1
      vertex -34.264 17.8175 2.5
      vertex -34.45 17.9526 2.5
    endloop
  endfacet
  facet normal -0.58768 -0.809093 -0
    outer loop
      vertex -34.264 17.8175 2.5
      vertex -34.45 17.9526 1
      vertex -34.264 17.8175 1
    endloop
  endfacet
  facet normal -0.951005 0.309175 0
    outer loop
      vertex -33.9951 16.5526 1
      vertex -33.924 16.7713 2.5
      vertex -33.924 16.7713 1
    endloop
  endfacet
  facet normal -0.951005 0.309175 0
    outer loop
      vertex -33.924 16.7713 2.5
      vertex -33.9951 16.5526 1
      vertex -33.9951 16.5526 2.5
    endloop
  endfacet
  facet normal -0.994539 0.104368 0
    outer loop
      vertex -33.924 16.7713 1
      vertex -33.9 17 2.5
      vertex -33.9 17 1
    endloop
  endfacet
  facet normal -0.994539 0.104368 0
    outer loop
      vertex -33.9 17 2.5
      vertex -33.924 16.7713 1
      vertex -33.924 16.7713 2.5
    endloop
  endfacet
  facet normal 0.7431 -0.669181 0
    outer loop
      vertex -35.8899 17.6466 2.5
      vertex -35.736 17.8175 0.999999
      vertex -35.736 17.8175 2.5
    endloop
  endfacet
  facet normal 0.7431 -0.669181 0
    outer loop
      vertex -35.736 17.8175 0.999999
      vertex -35.8899 17.6466 2.5
      vertex -35.8899 17.6466 0.999999
    endloop
  endfacet
  facet normal 0.866041 0.499973 0
    outer loop
      vertex -35.8899 16.3534 2.5
      vertex -36.0049 16.5526 0.999999
      vertex -36.0049 16.5526 2.5
    endloop
  endfacet
  facet normal 0.866041 0.499973 0
    outer loop
      vertex -36.0049 16.5526 0.999999
      vertex -35.8899 16.3534 2.5
      vertex -35.8899 16.3534 0.999999
    endloop
  endfacet
  facet normal 0.58768 -0.809093 0
    outer loop
      vertex -35.736 17.8175 0.999999
      vertex -35.55 17.9526 2.5
      vertex -35.736 17.8175 2.5
    endloop
  endfacet
  facet normal 0.58768 -0.809093 0
    outer loop
      vertex -35.55 17.9526 2.5
      vertex -35.736 17.8175 0.999999
      vertex -35.55 17.9526 0.999999
    endloop
  endfacet
  facet normal 0 -1 0
    outer loop
      vertex -35.115 18.094 0.999999
      vertex -34.885 18.094 2.5
      vertex -35.115 18.094 2.5
    endloop
  endfacet
  facet normal 0 -1 -0
    outer loop
      vertex -34.885 18.094 2.5
      vertex -35.115 18.094 0.999999
      vertex -34.885 18.094 0.999999
    endloop
  endfacet
  facet normal 0.406945 -0.913453 0
    outer loop
      vertex -35.55 17.9526 0.999999
      vertex -35.3399 18.0462 2.5
      vertex -35.55 17.9526 2.5
    endloop
  endfacet
  facet normal 0.406945 -0.913453 0
    outer loop
      vertex -35.3399 18.0462 2.5
      vertex -35.55 17.9526 0.999999
      vertex -35.3399 18.0462 0.999999
    endloop
  endfacet
  facet normal -0.406945 0.913453 0
    outer loop
      vertex -34.45 16.0474 1
      vertex -34.6601 15.9538 2.5
      vertex -34.45 16.0474 2.5
    endloop
  endfacet
  facet normal -0.406945 0.913453 0
    outer loop
      vertex -34.6601 15.9538 2.5
      vertex -34.45 16.0474 1
      vertex -34.6601 15.9538 1
    endloop
  endfacet
  facet normal 0.994539 -0.104368 0
    outer loop
      vertex -36.1 17 2.5
      vertex -36.076 17.2287 0.999999
      vertex -36.076 17.2287 2.5
    endloop
  endfacet
  facet normal 0.994539 -0.104368 0
    outer loop
      vertex -36.076 17.2287 0.999999
      vertex -36.1 17 2.5
      vertex -36.1 17 0.999999
    endloop
  endfacet
  facet normal 0.951005 0.309175 0
    outer loop
      vertex -36.0049 16.5526 2.5
      vertex -36.076 16.7713 0.999999
      vertex -36.076 16.7713 2.5
    endloop
  endfacet
  facet normal 0.951005 0.309175 0
    outer loop
      vertex -36.076 16.7713 0.999999
      vertex -36.0049 16.5526 2.5
      vertex -36.0049 16.5526 0.999999
    endloop
  endfacet
  facet normal 0.951005 -0.309175 0
    outer loop
      vertex -36.076 17.2287 2.5
      vertex -36.0049 17.4474 0.999999
      vertex -36.0049 17.4474 2.5
    endloop
  endfacet
  facet normal 0.951005 -0.309175 0
    outer loop
      vertex -36.0049 17.4474 0.999999
      vertex -36.076 17.2287 2.5
      vertex -36.076 17.2287 0.999999
    endloop
  endfacet
  facet normal 0.207895 -0.978151 0
    outer loop
      vertex -35.3399 18.0462 0.999999
      vertex -35.115 18.094 2.5
      vertex -35.3399 18.0462 2.5
    endloop
  endfacet
  facet normal 0.207895 -0.978151 0
    outer loop
      vertex -35.115 18.094 2.5
      vertex -35.3399 18.0462 0.999999
      vertex -35.115 18.094 0.999999
    endloop
  endfacet
  facet normal 0.7431 0.669181 0
    outer loop
      vertex -35.736 16.1825 2.5
      vertex -35.8899 16.3534 0.999999
      vertex -35.8899 16.3534 2.5
    endloop
  endfacet
  facet normal 0.7431 0.669181 0
    outer loop
      vertex -35.8899 16.3534 0.999999
      vertex -35.736 16.1825 2.5
      vertex -35.736 16.1825 0.999999
    endloop
  endfacet
  facet normal 0 1 0
    outer loop
      vertex -35 15.906 1
      vertex -34.885 15.906 2.5
      vertex -34.885 15.906 1
    endloop
  endfacet
  facet normal 0 1 0
    outer loop
      vertex -34.885 15.906 2.5
      vertex -35 15.906 1
      vertex -35.115 15.906 2.5
    endloop
  endfacet
  facet normal 0 1 0
    outer loop
      vertex -35.115 15.906 0.999999
      vertex -35 15.906 1
      vertex -35 15.906 0.999999
    endloop
  endfacet
  facet normal 0 1 0
    outer loop
      vertex -35 15.906 1
      vertex -35.115 15.906 0.999999
      vertex -35.115 15.906 2.5
    endloop
  endfacet
  facet normal 0.207895 0.978151 -0
    outer loop
      vertex -35.115 15.906 0.999999
      vertex -35.3399 15.9538 2.5
      vertex -35.115 15.906 2.5
    endloop
  endfacet
  facet normal 0.207895 0.978151 0
    outer loop
      vertex -35.3399 15.9538 2.5
      vertex -35.115 15.906 0.999999
      vertex -35.3399 15.9538 0.999999
    endloop
  endfacet
  facet normal 0.406945 0.913453 -0
    outer loop
      vertex -35.3399 15.9538 0.999999
      vertex -35.55 16.0474 2.5
      vertex -35.3399 15.9538 2.5
    endloop
  endfacet
  facet normal 0.406945 0.913453 0
    outer loop
      vertex -35.55 16.0474 2.5
      vertex -35.3399 15.9538 0.999999
      vertex -35.55 16.0474 0.999999
    endloop
  endfacet
  facet normal 0.866035 -0.499984 0
    outer loop
      vertex -36.7357 17.7728 0.999999
      vertex -36.5371 18.1168 0
      vertex -36.5371 18.1168 0.999999
    endloop
  endfacet
  facet normal 0.866035 -0.499984 0
    outer loop
      vertex -36.5371 18.1168 0
      vertex -36.7357 17.7728 0.999999
      vertex -36.7357 17.7728 0
    endloop
  endfacet
  facet normal 0.951023 0.30912 0
    outer loop
      vertex -36.7357 16.2272 0.999999
      vertex -36.8585 16.605 0
      vertex -36.8585 16.605 0.999999
    endloop
  endfacet
  facet normal 0.951023 0.30912 0
    outer loop
      vertex -36.8585 16.605 0
      vertex -36.7357 16.2272 0.999999
      vertex -36.7357 16.2272 0
    endloop
  endfacet
  facet normal 0.207964 -0.978136 0
    outer loop
      vertex -35.5871 18.807 0
      vertex -35.1986 18.8896 0.999999
      vertex -35.5871 18.807 0.999999
    endloop
  endfacet
  facet normal 0.207964 -0.978136 0
    outer loop
      vertex -35.1986 18.8896 0.999999
      vertex -35.5871 18.807 0
      vertex -35.1986 18.8896 0
    endloop
  endfacet
  facet normal 0.743144 -0.669132 0
    outer loop
      vertex -36.5371 18.1168 0.999999
      vertex -36.2713 18.412 0
      vertex -36.2713 18.412 0.999999
    endloop
  endfacet
  facet normal 0.743144 -0.669132 0
    outer loop
      vertex -36.2713 18.412 0
      vertex -36.5371 18.1168 0.999999
      vertex -36.5371 18.1168 0
    endloop
  endfacet
  facet normal 0.951023 -0.30912 0
    outer loop
      vertex -36.8585 17.395 0.999999
      vertex -36.7357 17.7728 0
      vertex -36.7357 17.7728 0.999999
    endloop
  endfacet
  facet normal 0.951023 -0.30912 0
    outer loop
      vertex -36.7357 17.7728 0
      vertex -36.8585 17.395 0.999999
      vertex -36.8585 17.395 0
    endloop
  endfacet
  facet normal 0.587722 -0.809063 0
    outer loop
      vertex -36.2713 18.412 0
      vertex -35.95 18.6454 0.999999
      vertex -36.2713 18.412 0.999999
    endloop
  endfacet
  facet normal 0.587722 -0.809063 0
    outer loop
      vertex -35.95 18.6454 0.999999
      vertex -36.2713 18.412 0
      vertex -35.95 18.6454 0
    endloop
  endfacet
  facet normal 0.406792 0.913521 -0
    outer loop
      vertex -35.5871 15.193 0
      vertex -35.95 15.3546 0.999999
      vertex -35.5871 15.193 0.999999
    endloop
  endfacet
  facet normal 0.406792 0.913521 0
    outer loop
      vertex -35.95 15.3546 0.999999
      vertex -35.5871 15.193 0
      vertex -35.95 15.3546 0
    endloop
  endfacet
  facet normal 0.406792 -0.913521 0
    outer loop
      vertex -35.95 18.6454 0
      vertex -35.5871 18.807 0.999999
      vertex -35.95 18.6454 0.999999
    endloop
  endfacet
  facet normal 0.406792 -0.913521 0
    outer loop
      vertex -35.5871 18.807 0.999999
      vertex -35.95 18.6454 0
      vertex -35.5871 18.807 0
    endloop
  endfacet
  facet normal -0.207964 -0.978136 0
    outer loop
      vertex -34.8014 18.8896 0
      vertex -34.4129 18.807 0.999999
      vertex -34.8014 18.8896 0.999999
    endloop
  endfacet
  facet normal -0.207964 -0.978136 -0
    outer loop
      vertex -34.4129 18.807 0.999999
      vertex -34.8014 18.8896 0
      vertex -34.4129 18.807 0
    endloop
  endfacet
  facet normal 0.994526 -0.104488 0
    outer loop
      vertex -36.9 17 0.999999
      vertex -36.8585 17.395 0
      vertex -36.8585 17.395 0.999999
    endloop
  endfacet
  facet normal 0.994526 -0.104488 0
    outer loop
      vertex -36.8585 17.395 0
      vertex -36.9 17 0.999999
      vertex -36.9 17 0
    endloop
  endfacet
  facet normal 0.994526 0.104488 0
    outer loop
      vertex -36.8585 16.605 0.999999
      vertex -36.9 17 0
      vertex -36.9 17 0.999999
    endloop
  endfacet
  facet normal 0.994526 0.104488 0
    outer loop
      vertex -36.9 17 0
      vertex -36.8585 16.605 0.999999
      vertex -36.8585 16.605 0
    endloop
  endfacet
  facet normal 0.743144 0.669132 0
    outer loop
      vertex -36.2713 15.588 0.999999
      vertex -36.5371 15.8832 0
      vertex -36.5371 15.8832 0.999999
    endloop
  endfacet
  facet normal 0.743144 0.669132 0
    outer loop
      vertex -36.5371 15.8832 0
      vertex -36.2713 15.588 0.999999
      vertex -36.2713 15.588 0
    endloop
  endfacet
  facet normal 0 -1 0
    outer loop
      vertex -35.1986 18.8896 0
      vertex -34.8014 18.8896 0.999999
      vertex -35.1986 18.8896 0.999999
    endloop
  endfacet
  facet normal 0 -1 -0
    outer loop
      vertex -34.8014 18.8896 0.999999
      vertex -35.1986 18.8896 0
      vertex -34.8014 18.8896 0
    endloop
  endfacet
  facet normal -0.406644 -0.913587 0
    outer loop
      vertex -34.4129 18.807 0
      vertex -34.0941 18.6651 0.999999
      vertex -34.4129 18.807 0.999999
    endloop
  endfacet
  facet normal -0.406644 -0.913587 -0
    outer loop
      vertex -34.0941 18.6651 0.999999
      vertex -34.4129 18.807 0
      vertex -34.0941 18.6651 0
    endloop
  endfacet
  facet normal 0.207964 0.978136 -0
    outer loop
      vertex -35.1986 15.1104 0
      vertex -35.5871 15.193 0.999999
      vertex -35.1986 15.1104 0.999999
    endloop
  endfacet
  facet normal 0.207964 0.978136 0
    outer loop
      vertex -35.5871 15.193 0.999999
      vertex -35.1986 15.1104 0
      vertex -35.5871 15.193 0
    endloop
  endfacet
  facet normal 0.866035 0.499984 0
    outer loop
      vertex -36.5371 15.8832 0.999999
      vertex -36.7357 16.2272 0
      vertex -36.7357 16.2272 0.999999
    endloop
  endfacet
  facet normal 0.866035 0.499984 0
    outer loop
      vertex -36.7357 16.2272 0
      vertex -36.5371 15.8832 0.999999
      vertex -36.5371 15.8832 0
    endloop
  endfacet
  facet normal 0.587722 0.809063 -0
    outer loop
      vertex -35.95 15.3546 0
      vertex -36.2713 15.588 0.999999
      vertex -35.95 15.3546 0.999999
    endloop
  endfacet
  facet normal 0.587722 0.809063 0
    outer loop
      vertex -36.2713 15.588 0.999999
      vertex -35.95 15.3546 0
      vertex -36.2713 15.588 0
    endloop
  endfacet
  facet normal 0 1 -0
    outer loop
      vertex -35 15.1104 0
      vertex -35.1986 15.1104 0.999999
      vertex -35 15.1104 0.999999
    endloop
  endfacet
  facet normal 0 1 0
    outer loop
      vertex -35.1986 15.1104 0.999999
      vertex -35 15.1104 0
      vertex -35.1986 15.1104 0
    endloop
  endfacet
  facet normal 0 0 -1
    outer loop
      vertex -35 15.1104 0.999999
      vertex -35.115 15.906 0.999999
      vertex -35 15.906 0.999999
    endloop
  endfacet
  facet normal 0 0 -1
    outer loop
      vertex -35.1986 15.1104 0.999999
      vertex -35.115 15.906 0.999999
      vertex -35 15.1104 0.999999
    endloop
  endfacet
  facet normal 0 0 -1
    outer loop
      vertex -35.1986 15.1104 0.999999
      vertex -35.3399 15.9538 0.999999
      vertex -35.115 15.906 0.999999
    endloop
  endfacet
  facet normal 0 0 -1
    outer loop
      vertex -35.5871 15.193 0.999999
      vertex -35.3399 15.9538 0.999999
      vertex -35.1986 15.1104 0.999999
    endloop
  endfacet
  facet normal -0 0 -1
    outer loop
      vertex -35.3399 15.9538 0.999999
      vertex -35.5871 15.193 0.999999
      vertex -35.55 16.0474 0.999999
    endloop
  endfacet
  facet normal 0 0 -1
    outer loop
      vertex -35.95 15.3546 0.999999
      vertex -35.55 16.0474 0.999999
      vertex -35.5871 15.193 0.999999
    endloop
  endfacet
  facet normal -0 0 -1
    outer loop
      vertex -35.55 16.0474 0.999999
      vertex -35.95 15.3546 0.999999
      vertex -35.736 16.1825 0.999999
    endloop
  endfacet
  facet normal 0 0 -1
    outer loop
      vertex -36.2713 15.588 0.999999
      vertex -35.736 16.1825 0.999999
      vertex -35.95 15.3546 0.999999
    endloop
  endfacet
  facet normal -0 0 -1
    outer loop
      vertex -35.736 16.1825 0.999999
      vertex -36.2713 15.588 0.999999
      vertex -35.8899 16.3534 0.999999
    endloop
  endfacet
  facet normal 0 0 -1
    outer loop
      vertex -36.5371 15.8832 0.999999
      vertex -35.8899 16.3534 0.999999
      vertex -36.2713 15.588 0.999999
    endloop
  endfacet
  facet normal -0 0 -1
    outer loop
      vertex -35.8899 16.3534 0.999999
      vertex -36.5371 15.8832 0.999999
      vertex -36.0049 16.5526 0.999999
    endloop
  endfacet
  facet normal 0 0 -1
    outer loop
      vertex -36.7357 16.2272 0.999999
      vertex -36.0049 16.5526 0.999999
      vertex -36.5371 15.8832 0.999999
    endloop
  endfacet
  facet normal 0 0 -1
    outer loop
      vertex -34.1756 18.618 0.999999
      vertex -34.4129 18.807 0.999999
      vertex -34.0941 18.6651 0.999999
    endloop
  endfacet
  facet normal 0 0 -1
    outer loop
      vertex -34.4863 18.3383 0.999999
      vertex -34.4129 18.807 0.999999
      vertex -34.1756 18.618 0.999999
    endloop
  endfacet
  facet normal 0 0 -1
    outer loop
      vertex -34.885 18.094 0.999999
      vertex -34.4863 18.3383 0.999999
      vertex -34.6934 18.0532 0.999999
    endloop
  endfacet
  facet normal 0 0 -1
    outer loop
      vertex -34.4863 18.3383 0.999999
      vertex -34.8014 18.8896 0.999999
      vertex -34.4129 18.807 0.999999
    endloop
  endfacet
  facet normal -0 0 -1
    outer loop
      vertex -34.4863 18.3383 0.999999
      vertex -34.885 18.094 0.999999
      vertex -34.8014 18.8896 0.999999
    endloop
  endfacet
  facet normal 0 0 -1
    outer loop
      vertex -35.115 18.094 0.999999
      vertex -34.8014 18.8896 0.999999
      vertex -34.885 18.094 0.999999
    endloop
  endfacet
  facet normal 0 0 -1
    outer loop
      vertex -35.115 18.094 0.999999
      vertex -35.1986 18.8896 0.999999
      vertex -34.8014 18.8896 0.999999
    endloop
  endfacet
  facet normal 0 0 -1
    outer loop
      vertex -35.3399 18.0462 0.999999
      vertex -35.1986 18.8896 0.999999
      vertex -35.115 18.094 0.999999
    endloop
  endfacet
  facet normal 0 0 -1
    outer loop
      vertex -35.5871 18.807 0.999999
      vertex -35.3399 18.0462 0.999999
      vertex -35.55 17.9526 0.999999
    endloop
  endfacet
  facet normal 0 0 -1
    outer loop
      vertex -35.3399 18.0462 0.999999
      vertex -35.5871 18.807 0.999999
      vertex -35.1986 18.8896 0.999999
    endloop
  endfacet
  facet normal 0 0 -1
    outer loop
      vertex -35.95 18.6454 0.999999
      vertex -35.55 17.9526 0.999999
      vertex -35.736 17.8175 0.999999
    endloop
  endfacet
  facet normal 0 0 -1
    outer loop
      vertex -36.2713 18.412 0.999999
      vertex -35.736 17.8175 0.999999
      vertex -35.8899 17.6466 0.999999
    endloop
  endfacet
  facet normal 0 0 -1
    outer loop
      vertex -35.55 17.9526 0.999999
      vertex -35.95 18.6454 0.999999
      vertex -35.5871 18.807 0.999999
    endloop
  endfacet
  facet normal 0 0 -1
    outer loop
      vertex -36.5371 18.1168 0.999999
      vertex -35.8899 17.6466 0.999999
      vertex -36.0049 17.4474 0.999999
    endloop
  endfacet
  facet normal 0 0 -1
    outer loop
      vertex -36.7357 17.7728 0.999999
      vertex -36.0049 17.4474 0.999999
      vertex -36.076 17.2287 0.999999
    endloop
  endfacet
  facet normal 0 0 -1
    outer loop
      vertex -36.8585 17.395 0.999999
      vertex -36.076 17.2287 0.999999
      vertex -36.1 17 0.999999
    endloop
  endfacet
  facet normal -0 0 -1
    outer loop
      vertex -36.0049 16.5526 0.999999
      vertex -36.7357 16.2272 0.999999
      vertex -36.076 16.7713 0.999999
    endloop
  endfacet
  facet normal 0 0 -1
    outer loop
      vertex -35.736 17.8175 0.999999
      vertex -36.2713 18.412 0.999999
      vertex -35.95 18.6454 0.999999
    endloop
  endfacet
  facet normal 0 0 -1
    outer loop
      vertex -36.8585 16.605 0.999999
      vertex -36.076 16.7713 0.999999
      vertex -36.7357 16.2272 0.999999
    endloop
  endfacet
  facet normal 0 0 -1
    outer loop
      vertex -35.8899 17.6466 0.999999
      vertex -36.5371 18.1168 0.999999
      vertex -36.2713 18.412 0.999999
    endloop
  endfacet
  facet normal -0 0 -1
    outer loop
      vertex -36.076 16.7713 0.999999
      vertex -36.8585 16.605 0.999999
      vertex -36.1 17 0.999999
    endloop
  endfacet
  facet normal 0 0 -1
    outer loop
      vertex -36.0049 17.4474 0.999999
      vertex -36.7357 17.7728 0.999999
      vertex -36.5371 18.1168 0.999999
    endloop
  endfacet
  facet normal 0 0 -1
    outer loop
      vertex -36.9 17 0.999999
      vertex -36.1 17 0.999999
      vertex -36.8585 16.605 0.999999
    endloop
  endfacet
  facet normal 0 0 -1
    outer loop
      vertex -36.076 17.2287 0.999999
      vertex -36.8585 17.395 0.999999
      vertex -36.7357 17.7728 0.999999
    endloop
  endfacet
  facet normal 0 0 -1
    outer loop
      vertex -36.1 17 0.999999
      vertex -36.9 17 0.999999
      vertex -36.8585 17.395 0.999999
    endloop
  endfacet
  facet normal -0.951005 -0.309175 0
    outer loop
      vertex 36.076 -16.7713 0.999999
      vertex 36.0049 -16.5526 2.5
      vertex 36.0049 -16.5526 0.999999
    endloop
  endfacet
  facet normal -0.951005 -0.309175 0
    outer loop
      vertex 36.0049 -16.5526 2.5
      vertex 36.076 -16.7713 0.999999
      vertex 36.076 -16.7713 2.5
    endloop
  endfacet
  facet normal -0.994539 -0.104368 0
    outer loop
      vertex 36.1 -17 0.999999
      vertex 36.076 -16.7713 2.5
      vertex 36.076 -16.7713 0.999999
    endloop
  endfacet
  facet normal -0.994539 -0.104368 0
    outer loop
      vertex 36.076 -16.7713 2.5
      vertex 36.1 -17 0.999999
      vertex 36.1 -17 2.5
    endloop
  endfacet
  facet normal -0.866041 -0.499973 0
    outer loop
      vertex 36.0049 -16.5526 0.999999
      vertex 35.8899 -16.3534 2.5
      vertex 35.8899 -16.3534 0.999999
    endloop
  endfacet
  facet normal -0.866041 -0.499973 0
    outer loop
      vertex 35.8899 -16.3534 2.5
      vertex 36.0049 -16.5526 0.999999
      vertex 36.0049 -16.5526 2.5
    endloop
  endfacet
  facet normal -0.7431 -0.669181 0
    outer loop
      vertex 35.8899 -16.3534 0.999999
      vertex 35.736 -16.1825 2.5
      vertex 35.736 -16.1825 0.999999
    endloop
  endfacet
  facet normal -0.7431 -0.669181 0
    outer loop
      vertex 35.736 -16.1825 2.5
      vertex 35.8899 -16.3534 0.999999
      vertex 35.8899 -16.3534 2.5
    endloop
  endfacet
  facet normal -0.207895 0.978151 0
    outer loop
      vertex 35.3399 -18.0462 0.999999
      vertex 35.115 -18.094 2.5
      vertex 35.3399 -18.0462 2.5
    endloop
  endfacet
  facet normal -0.207895 0.978151 0
    outer loop
      vertex 35.115 -18.094 2.5
      vertex 35.3399 -18.0462 0.999999
      vertex 35.115 -18.094 0.999999
    endloop
  endfacet
  facet normal 0.994539 0.104368 0
    outer loop
      vertex 33.924 -17.2287 2.5
      vertex 33.9 -17 1
      vertex 33.9 -17 2.5
    endloop
  endfacet
  facet normal 0.994539 0.104368 0
    outer loop
      vertex 33.9 -17 1
      vertex 33.924 -17.2287 2.5
      vertex 33.924 -17.2287 1
    endloop
  endfacet
  facet normal 0.58768 0.809093 -0
    outer loop
      vertex 34.45 -17.9526 1
      vertex 34.264 -17.8175 2.5
      vertex 34.45 -17.9526 2.5
    endloop
  endfacet
  facet normal 0.58768 0.809093 0
    outer loop
      vertex 34.264 -17.8175 2.5
      vertex 34.45 -17.9526 1
      vertex 34.264 -17.8175 1
    endloop
  endfacet
  facet normal -0.866041 0.499973 0
    outer loop
      vertex 35.8899 -17.6466 0.999999
      vertex 36.0049 -17.4474 2.5
      vertex 36.0049 -17.4474 0.999999
    endloop
  endfacet
  facet normal -0.866041 0.499973 0
    outer loop
      vertex 36.0049 -17.4474 2.5
      vertex 35.8899 -17.6466 0.999999
      vertex 35.8899 -17.6466 2.5
    endloop
  endfacet
  facet normal -0.7431 0.669181 0
    outer loop
      vertex 35.736 -17.8175 0.999999
      vertex 35.8899 -17.6466 2.5
      vertex 35.8899 -17.6466 0.999999
    endloop
  endfacet
  facet normal -0.7431 0.669181 0
    outer loop
      vertex 35.8899 -17.6466 2.5
      vertex 35.736 -17.8175 0.999999
      vertex 35.736 -17.8175 2.5
    endloop
  endfacet
  facet normal -0.406945 -0.913453 0
    outer loop
      vertex 35.3399 -15.9538 0.999999
      vertex 35.55 -16.0474 2.5
      vertex 35.3399 -15.9538 2.5
    endloop
  endfacet
  facet normal -0.406945 -0.913453 -0
    outer loop
      vertex 35.55 -16.0474 2.5
      vertex 35.3399 -15.9538 0.999999
      vertex 35.55 -16.0474 0.999999
    endloop
  endfacet
  facet normal 0.866041 -0.499973 0
    outer loop
      vertex 33.9951 -16.5526 2.5
      vertex 34.1101 -16.3534 1
      vertex 34.1101 -16.3534 2.5
    endloop
  endfacet
  facet normal 0.866041 -0.499973 0
    outer loop
      vertex 34.1101 -16.3534 1
      vertex 33.9951 -16.5526 2.5
      vertex 33.9951 -16.5526 1
    endloop
  endfacet
  facet normal -0.58768 0.809093 0
    outer loop
      vertex 35.736 -17.8175 0.999999
      vertex 35.55 -17.9526 2.5
      vertex 35.736 -17.8175 2.5
    endloop
  endfacet
  facet normal -0.58768 0.809093 0
    outer loop
      vertex 35.55 -17.9526 2.5
      vertex 35.736 -17.8175 0.999999
      vertex 35.55 -17.9526 0.999999
    endloop
  endfacet
  facet normal -0.207895 -0.978151 0
    outer loop
      vertex 35.115 -15.906 0.999999
      vertex 35.3399 -15.9538 2.5
      vertex 35.115 -15.906 2.5
    endloop
  endfacet
  facet normal -0.207895 -0.978151 -0
    outer loop
      vertex 35.3399 -15.9538 2.5
      vertex 35.115 -15.906 0.999999
      vertex 35.3399 -15.9538 0.999999
    endloop
  endfacet
  facet normal -0.58768 -0.809093 0
    outer loop
      vertex 35.55 -16.0474 0.999999
      vertex 35.736 -16.1825 2.5
      vertex 35.55 -16.0474 2.5
    endloop
  endfacet
  facet normal -0.58768 -0.809093 -0
    outer loop
      vertex 35.736 -16.1825 2.5
      vertex 35.55 -16.0474 0.999999
      vertex 35.736 -16.1825 0.999999
    endloop
  endfacet
  facet normal -0.951005 0.309175 0
    outer loop
      vertex 36.0049 -17.4474 0.999999
      vertex 36.076 -17.2287 2.5
      vertex 36.076 -17.2287 0.999999
    endloop
  endfacet
  facet normal -0.951005 0.309175 0
    outer loop
      vertex 36.076 -17.2287 2.5
      vertex 36.0049 -17.4474 0.999999
      vertex 36.0049 -17.4474 2.5
    endloop
  endfacet
  facet normal -0.994539 0.104368 0
    outer loop
      vertex 36.076 -17.2287 0.999999
      vertex 36.1 -17 2.5
      vertex 36.1 -17 0.999999
    endloop
  endfacet
  facet normal -0.994539 0.104368 0
    outer loop
      vertex 36.1 -17 2.5
      vertex 36.076 -17.2287 0.999999
      vertex 36.076 -17.2287 2.5
    endloop
  endfacet
  facet normal 0.7431 -0.669181 0
    outer loop
      vertex 34.1101 -16.3534 2.5
      vertex 34.264 -16.1825 1
      vertex 34.264 -16.1825 2.5
    endloop
  endfacet
  facet normal 0.7431 -0.669181 0
    outer loop
      vertex 34.264 -16.1825 1
      vertex 34.1101 -16.3534 2.5
      vertex 34.1101 -16.3534 1
    endloop
  endfacet
  facet normal 0.866041 0.499973 0
    outer loop
      vertex 34.1101 -17.6466 2.5
      vertex 33.9951 -17.4474 1
      vertex 33.9951 -17.4474 2.5
    endloop
  endfacet
  facet normal 0.866041 0.499973 0
    outer loop
      vertex 33.9951 -17.4474 1
      vertex 34.1101 -17.6466 2.5
      vertex 34.1101 -17.6466 1
    endloop
  endfacet
  facet normal 0.58768 -0.809093 0
    outer loop
      vertex 34.264 -16.1825 1
      vertex 34.45 -16.0474 2.5
      vertex 34.264 -16.1825 2.5
    endloop
  endfacet
  facet normal 0.58768 -0.809093 0
    outer loop
      vertex 34.45 -16.0474 2.5
      vertex 34.264 -16.1825 1
      vertex 34.45 -16.0474 1
    endloop
  endfacet
  facet normal 0 -1 0
    outer loop
      vertex 35 -15.906 1
      vertex 34.885 -15.906 2.5
      vertex 34.885 -15.906 1
    endloop
  endfacet
  facet normal 0 -1 0
    outer loop
      vertex 34.885 -15.906 2.5
      vertex 35 -15.906 1
      vertex 35.115 -15.906 2.5
    endloop
  endfacet
  facet normal 0 -1 0
    outer loop
      vertex 35.115 -15.906 0.999999
      vertex 35 -15.906 1
      vertex 35 -15.906 0.999999
    endloop
  endfacet
  facet normal 0 -1 0
    outer loop
      vertex 35 -15.906 1
      vertex 35.115 -15.906 0.999999
      vertex 35.115 -15.906 2.5
    endloop
  endfacet
  facet normal 0.406945 -0.913453 0
    outer loop
      vertex 34.45 -16.0474 1
      vertex 34.6601 -15.9538 2.5
      vertex 34.45 -16.0474 2.5
    endloop
  endfacet
  facet normal 0.406945 -0.913453 0
    outer loop
      vertex 34.6601 -15.9538 2.5
      vertex 34.45 -16.0474 1
      vertex 34.6601 -15.9538 1
    endloop
  endfacet
  facet normal -0.406945 0.913453 0
    outer loop
      vertex 35.55 -17.9526 0.999999
      vertex 35.3399 -18.0462 2.5
      vertex 35.55 -17.9526 2.5
    endloop
  endfacet
  facet normal -0.406945 0.913453 0
    outer loop
      vertex 35.3399 -18.0462 2.5
      vertex 35.55 -17.9526 0.999999
      vertex 35.3399 -18.0462 0.999999
    endloop
  endfacet
  facet normal 0.994539 -0.104368 0
    outer loop
      vertex 33.9 -17 2.5
      vertex 33.924 -16.7713 1
      vertex 33.924 -16.7713 2.5
    endloop
  endfacet
  facet normal 0.994539 -0.104368 0
    outer loop
      vertex 33.924 -16.7713 1
      vertex 33.9 -17 2.5
      vertex 33.9 -17 1
    endloop
  endfacet
  facet normal 0.951005 0.309175 0
    outer loop
      vertex 33.9951 -17.4474 2.5
      vertex 33.924 -17.2287 1
      vertex 33.924 -17.2287 2.5
    endloop
  endfacet
  facet normal 0.951005 0.309175 0
    outer loop
      vertex 33.924 -17.2287 1
      vertex 33.9951 -17.4474 2.5
      vertex 33.9951 -17.4474 1
    endloop
  endfacet
  facet normal 0.951005 -0.309175 0
    outer loop
      vertex 33.924 -16.7713 2.5
      vertex 33.9951 -16.5526 1
      vertex 33.9951 -16.5526 2.5
    endloop
  endfacet
  facet normal 0.951005 -0.309175 0
    outer loop
      vertex 33.9951 -16.5526 1
      vertex 33.924 -16.7713 2.5
      vertex 33.924 -16.7713 1
    endloop
  endfacet
  facet normal 0.207895 -0.978151 0
    outer loop
      vertex 34.6601 -15.9538 1
      vertex 34.885 -15.906 2.5
      vertex 34.6601 -15.9538 2.5
    endloop
  endfacet
  facet normal 0.207895 -0.978151 0
    outer loop
      vertex 34.885 -15.906 2.5
      vertex 34.6601 -15.9538 1
      vertex 34.885 -15.906 1
    endloop
  endfacet
  facet normal 0.7431 0.669181 0
    outer loop
      vertex 34.264 -17.8175 2.5
      vertex 34.1101 -17.6466 1
      vertex 34.1101 -17.6466 2.5
    endloop
  endfacet
  facet normal 0.7431 0.669181 0
    outer loop
      vertex 34.1101 -17.6466 1
      vertex 34.264 -17.8175 2.5
      vertex 34.264 -17.8175 1
    endloop
  endfacet
  facet normal 0 1 -0
    outer loop
      vertex 35.115 -18.094 0.999999
      vertex 34.885 -18.094 2.5
      vertex 35.115 -18.094 2.5
    endloop
  endfacet
  facet normal 0 1 0
    outer loop
      vertex 34.885 -18.094 2.5
      vertex 35.115 -18.094 0.999999
      vertex 34.885 -18.094 0.999999
    endloop
  endfacet
  facet normal 0.207895 0.978151 5.05675e-05
    outer loop
      vertex 34.885 -18.094 2.5
      vertex 34.6934 -18.0532 1
      vertex 34.6601 -18.0462 2.5
    endloop
  endfacet
  facet normal 0.208274 0.978071 -0
    outer loop
      vertex 34.885 -18.094 0.999999
      vertex 34.6934 -18.0532 1
      vertex 34.885 -18.094 2.5
    endloop
  endfacet
  facet normal 0.208274 0.978071 0
    outer loop
      vertex 34.6934 -18.0532 1
      vertex 34.885 -18.094 0.999999
      vertex 34.6934 -18.0532 0.999999
    endloop
  endfacet
  facet normal 0.205714 0.978612 0
    outer loop
      vertex 34.6601 -18.0462 2.5
      vertex 34.6934 -18.0532 1
      vertex 34.6601 -18.0462 1
    endloop
  endfacet
  facet normal 0.406945 0.913453 -0
    outer loop
      vertex 34.6601 -18.0462 1
      vertex 34.45 -17.9526 2.5
      vertex 34.6601 -18.0462 2.5
    endloop
  endfacet
  facet normal 0.406945 0.913453 0
    outer loop
      vertex 34.45 -17.9526 2.5
      vertex 34.6601 -18.0462 1
      vertex 34.45 -17.9526 1
    endloop
  endfacet
  facet normal -0.951023 0.30912 0
    outer loop
      vertex 36.7357 -17.7728 0
      vertex 36.8585 -17.395 0.999999
      vertex 36.8585 -17.395 0
    endloop
  endfacet
  facet normal -0.951023 0.30912 0
    outer loop
      vertex 36.8585 -17.395 0.999999
      vertex 36.7357 -17.7728 0
      vertex 36.7357 -17.7728 0.999999
    endloop
  endfacet
  facet normal -0.951023 -0.30912 0
    outer loop
      vertex 36.8585 -16.605 0
      vertex 36.7357 -16.2272 0.999999
      vertex 36.7357 -16.2272 0
    endloop
  endfacet
  facet normal -0.951023 -0.30912 0
    outer loop
      vertex 36.7357 -16.2272 0.999999
      vertex 36.8585 -16.605 0
      vertex 36.8585 -16.605 0.999999
    endloop
  endfacet
  facet normal -0.994526 -0.104488 0
    outer loop
      vertex 36.9 -17 0
      vertex 36.8585 -16.605 0.999999
      vertex 36.8585 -16.605 0
    endloop
  endfacet
  facet normal -0.994526 -0.104488 0
    outer loop
      vertex 36.8585 -16.605 0.999999
      vertex 36.9 -17 0
      vertex 36.9 -17 0.999999
    endloop
  endfacet
  facet normal -0.866035 -0.499984 0
    outer loop
      vertex 36.7357 -16.2272 0
      vertex 36.5371 -15.8832 0.999999
      vertex 36.5371 -15.8832 0
    endloop
  endfacet
  facet normal -0.866035 -0.499984 0
    outer loop
      vertex 36.5371 -15.8832 0.999999
      vertex 36.7357 -16.2272 0
      vertex 36.7357 -16.2272 0.999999
    endloop
  endfacet
  facet normal -0.994526 0.104488 0
    outer loop
      vertex 36.8585 -17.395 0
      vertex 36.9 -17 0.999999
      vertex 36.9 -17 0
    endloop
  endfacet
  facet normal -0.994526 0.104488 0
    outer loop
      vertex 36.9 -17 0.999999
      vertex 36.8585 -17.395 0
      vertex 36.8585 -17.395 0.999999
    endloop
  endfacet
  facet normal -0.743144 -0.669132 0
    outer loop
      vertex 36.5371 -15.8832 0
      vertex 36.2713 -15.588 0.999999
      vertex 36.2713 -15.588 0
    endloop
  endfacet
  facet normal -0.743144 -0.669132 0
    outer loop
      vertex 36.2713 -15.588 0.999999
      vertex 36.5371 -15.8832 0
      vertex 36.5371 -15.8832 0.999999
    endloop
  endfacet
  facet normal 0.406644 0.913587 -0
    outer loop
      vertex 34.4129 -18.807 0
      vertex 34.0941 -18.6651 0.999999
      vertex 34.4129 -18.807 0.999999
    endloop
  endfacet
  facet normal 0.406644 0.913587 0
    outer loop
      vertex 34.0941 -18.6651 0.999999
      vertex 34.4129 -18.807 0
      vertex 34.0941 -18.6651 0
    endloop
  endfacet
  facet normal -0.207964 -0.978136 0
    outer loop
      vertex 35.1986 -15.1104 0
      vertex 35.5871 -15.193 0.999999
      vertex 35.1986 -15.1104 0.999999
    endloop
  endfacet
  facet normal -0.207964 -0.978136 -0
    outer loop
      vertex 35.5871 -15.193 0.999999
      vertex 35.1986 -15.1104 0
      vertex 35.5871 -15.193 0
    endloop
  endfacet
  facet normal -0.743144 0.669132 0
    outer loop
      vertex 36.2713 -18.412 0
      vertex 36.5371 -18.1168 0.999999
      vertex 36.5371 -18.1168 0
    endloop
  endfacet
  facet normal -0.743144 0.669132 0
    outer loop
      vertex 36.5371 -18.1168 0.999999
      vertex 36.2713 -18.412 0
      vertex 36.2713 -18.412 0.999999
    endloop
  endfacet
  facet normal 0 -1 0
    outer loop
      vertex 35 -15.1104 0
      vertex 35.1986 -15.1104 0.999999
      vertex 35 -15.1104 0.999999
    endloop
  endfacet
  facet normal 0 -1 -0
    outer loop
      vertex 35.1986 -15.1104 0.999999
      vertex 35 -15.1104 0
      vertex 35.1986 -15.1104 0
    endloop
  endfacet
  facet normal -0.866035 0.499984 0
    outer loop
      vertex 36.5371 -18.1168 0
      vertex 36.7357 -17.7728 0.999999
      vertex 36.7357 -17.7728 0
    endloop
  endfacet
  facet normal -0.866035 0.499984 0
    outer loop
      vertex 36.7357 -17.7728 0.999999
      vertex 36.5371 -18.1168 0
      vertex 36.5371 -18.1168 0.999999
    endloop
  endfacet
  facet normal -0.587722 -0.809063 0
    outer loop
      vertex 35.95 -15.3546 0
      vertex 36.2713 -15.588 0.999999
      vertex 35.95 -15.3546 0.999999
    endloop
  endfacet
  facet normal -0.587722 -0.809063 -0
    outer loop
      vertex 36.2713 -15.588 0.999999
      vertex 35.95 -15.3546 0
      vertex 36.2713 -15.588 0
    endloop
  endfacet
  facet normal -0.406792 -0.913521 0
    outer loop
      vertex 35.5871 -15.193 0
      vertex 35.95 -15.3546 0.999999
      vertex 35.5871 -15.193 0.999999
    endloop
  endfacet
  facet normal -0.406792 -0.913521 -0
    outer loop
      vertex 35.95 -15.3546 0.999999
      vertex 35.5871 -15.193 0
      vertex 35.95 -15.3546 0
    endloop
  endfacet
  facet normal 0.207964 0.978136 -0
    outer loop
      vertex 34.8014 -18.8896 0
      vertex 34.4129 -18.807 0.999999
      vertex 34.8014 -18.8896 0.999999
    endloop
  endfacet
  facet normal 0.207964 0.978136 0
    outer loop
      vertex 34.4129 -18.807 0.999999
      vertex 34.8014 -18.8896 0
      vertex 34.4129 -18.807 0
    endloop
  endfacet
  facet normal 0 1 -0
    outer loop
      vertex 35.1986 -18.8896 0
      vertex 34.8014 -18.8896 0.999999
      vertex 35.1986 -18.8896 0.999999
    endloop
  endfacet
  facet normal 0 1 0
    outer loop
      vertex 34.8014 -18.8896 0.999999
      vertex 35.1986 -18.8896 0
      vertex 34.8014 -18.8896 0
    endloop
  endfacet
  facet normal 0 0 -1
    outer loop
      vertex 36.1 -17 0.999999
      vertex 36.9 -17 0.999999
      vertex 36.8585 -17.395 0.999999
    endloop
  endfacet
  facet normal 0 0 -1
    outer loop
      vertex 36.076 -17.2287 0.999999
      vertex 36.8585 -17.395 0.999999
      vertex 36.7357 -17.7728 0.999999
    endloop
  endfacet
  facet normal 0 0 -1
    outer loop
      vertex 36.9 -17 0.999999
      vertex 36.1 -17 0.999999
      vertex 36.8585 -16.605 0.999999
    endloop
  endfacet
  facet normal 0 0 -1
    outer loop
      vertex 36.0049 -17.4474 0.999999
      vertex 36.7357 -17.7728 0.999999
      vertex 36.5371 -18.1168 0.999999
    endloop
  endfacet
  facet normal 0 0 -1
    outer loop
      vertex 36.076 -16.7713 0.999999
      vertex 36.8585 -16.605 0.999999
      vertex 36.1 -17 0.999999
    endloop
  endfacet
  facet normal 0 0 -1
    outer loop
      vertex 35.8899 -17.6466 0.999999
      vertex 36.5371 -18.1168 0.999999
      vertex 36.2713 -18.412 0.999999
    endloop
  endfacet
  facet normal -0 0 -1
    outer loop
      vertex 36.8585 -16.605 0.999999
      vertex 36.076 -16.7713 0.999999
      vertex 36.7357 -16.2272 0.999999
    endloop
  endfacet
  facet normal 0 0 -1
    outer loop
      vertex 36.0049 -16.5526 0.999999
      vertex 36.7357 -16.2272 0.999999
      vertex 36.076 -16.7713 0.999999
    endloop
  endfacet
  facet normal 0 0 -1
    outer loop
      vertex 36.8585 -17.395 0.999999
      vertex 36.076 -17.2287 0.999999
      vertex 36.1 -17 0.999999
    endloop
  endfacet
  facet normal 0 0 -1
    outer loop
      vertex 36.7357 -17.7728 0.999999
      vertex 36.0049 -17.4474 0.999999
      vertex 36.076 -17.2287 0.999999
    endloop
  endfacet
  facet normal 0 0 -1
    outer loop
      vertex 35.736 -17.8175 0.999999
      vertex 36.2713 -18.412 0.999999
      vertex 35.95 -18.6454 0.999999
    endloop
  endfacet
  facet normal 0 0 -1
    outer loop
      vertex 36.5371 -18.1168 0.999999
      vertex 35.8899 -17.6466 0.999999
      vertex 36.0049 -17.4474 0.999999
    endloop
  endfacet
  facet normal 0 0 -1
    outer loop
      vertex 36.2713 -18.412 0.999999
      vertex 35.736 -17.8175 0.999999
      vertex 35.8899 -17.6466 0.999999
    endloop
  endfacet
  facet normal 0 0 -1
    outer loop
      vertex 35.55 -17.9526 0.999999
      vertex 35.95 -18.6454 0.999999
      vertex 35.5871 -18.807 0.999999
    endloop
  endfacet
  facet normal 0 0 -1
    outer loop
      vertex 35.95 -18.6454 0.999999
      vertex 35.55 -17.9526 0.999999
      vertex 35.736 -17.8175 0.999999
    endloop
  endfacet
  facet normal 0 0 -1
    outer loop
      vertex 35.5871 -18.807 0.999999
      vertex 35.3399 -18.0462 0.999999
      vertex 35.55 -17.9526 0.999999
    endloop
  endfacet
  facet normal 0 0 -1
    outer loop
      vertex 35.1986 -18.8896 0.999999
      vertex 35.3399 -18.0462 0.999999
      vertex 35.5871 -18.807 0.999999
    endloop
  endfacet
  facet normal 0 0 -1
    outer loop
      vertex 35.1986 -18.8896 0.999999
      vertex 35.115 -18.094 0.999999
      vertex 35.3399 -18.0462 0.999999
    endloop
  endfacet
  facet normal 0 0 -1
    outer loop
      vertex 35.1986 -18.8896 0.999999
      vertex 34.885 -18.094 0.999999
      vertex 35.115 -18.094 0.999999
    endloop
  endfacet
  facet normal 0 0 -1
    outer loop
      vertex 34.8014 -18.8896 0.999999
      vertex 34.885 -18.094 0.999999
      vertex 35.1986 -18.8896 0.999999
    endloop
  endfacet
  facet normal 0 0 -1
    outer loop
      vertex 34.4863 -18.3383 0.999999
      vertex 34.885 -18.094 0.999999
      vertex 34.8014 -18.8896 0.999999
    endloop
  endfacet
  facet normal -0 0 -1
    outer loop
      vertex 34.885 -18.094 0.999999
      vertex 34.4863 -18.3383 0.999999
      vertex 34.6934 -18.0532 0.999999
    endloop
  endfacet
  facet normal 0 0 -1
    outer loop
      vertex 34.4129 -18.807 0.999999
      vertex 34.4863 -18.3383 0.999999
      vertex 34.8014 -18.8896 0.999999
    endloop
  endfacet
  facet normal 0 0 -1
    outer loop
      vertex 34.4129 -18.807 0.999999
      vertex 34.1756 -18.618 0.999999
      vertex 34.4863 -18.3383 0.999999
    endloop
  endfacet
  facet normal 0 -0 -1
    outer loop
      vertex 34.1756 -18.618 0.999999
      vertex 34.4129 -18.807 0.999999
      vertex 34.0941 -18.6651 0.999999
    endloop
  endfacet
  facet normal -0 0 -1
    outer loop
      vertex 36.7357 -16.2272 0.999999
      vertex 36.0049 -16.5526 0.999999
      vertex 36.5371 -15.8832 0.999999
    endloop
  endfacet
  facet normal 0 0 -1
    outer loop
      vertex 35.8899 -16.3534 0.999999
      vertex 36.5371 -15.8832 0.999999
      vertex 36.0049 -16.5526 0.999999
    endloop
  endfacet
  facet normal -0 0 -1
    outer loop
      vertex 36.5371 -15.8832 0.999999
      vertex 35.8899 -16.3534 0.999999
      vertex 36.2713 -15.588 0.999999
    endloop
  endfacet
  facet normal 0 0 -1
    outer loop
      vertex 35.736 -16.1825 0.999999
      vertex 36.2713 -15.588 0.999999
      vertex 35.8899 -16.3534 0.999999
    endloop
  endfacet
  facet normal -0 0 -1
    outer loop
      vertex 36.2713 -15.588 0.999999
      vertex 35.736 -16.1825 0.999999
      vertex 35.95 -15.3546 0.999999
    endloop
  endfacet
  facet normal 0 0 -1
    outer loop
      vertex 35.55 -16.0474 0.999999
      vertex 35.95 -15.3546 0.999999
      vertex 35.736 -16.1825 0.999999
    endloop
  endfacet
  facet normal -0 0 -1
    outer loop
      vertex 35.95 -15.3546 0.999999
      vertex 35.55 -16.0474 0.999999
      vertex 35.5871 -15.193 0.999999
    endloop
  endfacet
  facet normal 0 0 -1
    outer loop
      vertex 35.3399 -15.9538 0.999999
      vertex 35.5871 -15.193 0.999999
      vertex 35.55 -16.0474 0.999999
    endloop
  endfacet
  facet normal 0 0 -1
    outer loop
      vertex 35.3399 -15.9538 0.999999
      vertex 35.1986 -15.1104 0.999999
      vertex 35.5871 -15.193 0.999999
    endloop
  endfacet
  facet normal 0 0 -1
    outer loop
      vertex 35.115 -15.906 0.999999
      vertex 35.1986 -15.1104 0.999999
      vertex 35.3399 -15.9538 0.999999
    endloop
  endfacet
  facet normal 0 0 -1
    outer loop
      vertex 35 -15.1104 0.999999
      vertex 35.115 -15.906 0.999999
      vertex 35 -15.906 0.999999
    endloop
  endfacet
  facet normal 0 0 -1
    outer loop
      vertex 35.115 -15.906 0.999999
      vertex 35 -15.1104 0.999999
      vertex 35.1986 -15.1104 0.999999
    endloop
  endfacet
  facet normal -0.587722 0.809063 0
    outer loop
      vertex 36.2713 -18.412 0
      vertex 35.95 -18.6454 0.999999
      vertex 36.2713 -18.412 0.999999
    endloop
  endfacet
  facet normal -0.587722 0.809063 0
    outer loop
      vertex 35.95 -18.6454 0.999999
      vertex 36.2713 -18.412 0
      vertex 35.95 -18.6454 0
    endloop
  endfacet
  facet normal -0.207964 0.978136 0
    outer loop
      vertex 35.5871 -18.807 0
      vertex 35.1986 -18.8896 0.999999
      vertex 35.5871 -18.807 0.999999
    endloop
  endfacet
  facet normal -0.207964 0.978136 0
    outer loop
      vertex 35.1986 -18.8896 0.999999
      vertex 35.5871 -18.807 0
      vertex 35.1986 -18.8896 0
    endloop
  endfacet
  facet normal -0.406792 0.913521 0
    outer loop
      vertex 35.95 -18.6454 0
      vertex 35.5871 -18.807 0.999999
      vertex 35.95 -18.6454 0.999999
    endloop
  endfacet
  facet normal -0.406792 0.913521 0
    outer loop
      vertex 35.5871 -18.807 0.999999
      vertex 35.95 -18.6454 0
      vertex 35.5871 -18.807 0
    endloop
  endfacet
  facet normal -0.951005 -0.309175 0
    outer loop
      vertex -33.924 -16.7713 1
      vertex -33.9951 -16.5526 2.5
      vertex -33.9951 -16.5526 1
    endloop
  endfacet
  facet normal -0.951005 -0.309175 0
    outer loop
      vertex -33.9951 -16.5526 2.5
      vertex -33.924 -16.7713 1
      vertex -33.924 -16.7713 2.5
    endloop
  endfacet
  facet normal -0.994539 -0.104368 0
    outer loop
      vertex -33.9 -17 1
      vertex -33.924 -16.7713 2.5
      vertex -33.924 -16.7713 1
    endloop
  endfacet
  facet normal -0.994539 -0.104368 0
    outer loop
      vertex -33.924 -16.7713 2.5
      vertex -33.9 -17 1
      vertex -33.9 -17 2.5
    endloop
  endfacet
  facet normal -0.866041 -0.499973 0
    outer loop
      vertex -33.9951 -16.5526 1
      vertex -34.1101 -16.3534 2.5
      vertex -34.1101 -16.3534 1
    endloop
  endfacet
  facet normal -0.866041 -0.499973 0
    outer loop
      vertex -34.1101 -16.3534 2.5
      vertex -33.9951 -16.5526 1
      vertex -33.9951 -16.5526 2.5
    endloop
  endfacet
  facet normal -0.7431 -0.669181 0
    outer loop
      vertex -34.1101 -16.3534 1
      vertex -34.264 -16.1825 2.5
      vertex -34.264 -16.1825 1
    endloop
  endfacet
  facet normal -0.7431 -0.669181 0
    outer loop
      vertex -34.264 -16.1825 2.5
      vertex -34.1101 -16.3534 1
      vertex -34.1101 -16.3534 2.5
    endloop
  endfacet
  facet normal -0.205163 0.978728 0
    outer loop
      vertex -34.6892 -18.0523 1
      vertex -34.6601 -18.0462 2.5
      vertex -34.6601 -18.0462 1
    endloop
  endfacet
  facet normal -0.207895 0.978151 5.53517e-05
    outer loop
      vertex -34.6601 -18.0462 2.5
      vertex -34.6892 -18.0523 1
      vertex -34.885 -18.094 2.5
    endloop
  endfacet
  facet normal -0.208301 0.978065 0
    outer loop
      vertex -34.885 -18.094 0.999999
      vertex -34.6892 -18.0523 1
      vertex -34.6892 -18.0523 0.999999
    endloop
  endfacet
  facet normal -0.208301 0.978065 0
    outer loop
      vertex -34.6892 -18.0523 1
      vertex -34.885 -18.094 0.999999
      vertex -34.885 -18.094 2.5
    endloop
  endfacet
  facet normal 0.994539 0.104368 0
    outer loop
      vertex -36.076 -17.2287 2.5
      vertex -36.1 -17 0.999999
      vertex -36.1 -17 2.5
    endloop
  endfacet
  facet normal 0.994539 0.104368 0
    outer loop
      vertex -36.1 -17 0.999999
      vertex -36.076 -17.2287 2.5
      vertex -36.076 -17.2287 0.999999
    endloop
  endfacet
  facet normal 0.58768 0.809093 -0
    outer loop
      vertex -35.55 -17.9526 0.999999
      vertex -35.736 -17.8175 2.5
      vertex -35.55 -17.9526 2.5
    endloop
  endfacet
  facet normal 0.58768 0.809093 0
    outer loop
      vertex -35.736 -17.8175 2.5
      vertex -35.55 -17.9526 0.999999
      vertex -35.736 -17.8175 0.999999
    endloop
  endfacet
  facet normal -0.866041 0.499973 0
    outer loop
      vertex -34.1101 -17.6466 1
      vertex -33.9951 -17.4474 2.5
      vertex -33.9951 -17.4474 1
    endloop
  endfacet
  facet normal -0.866041 0.499973 0
    outer loop
      vertex -33.9951 -17.4474 2.5
      vertex -34.1101 -17.6466 1
      vertex -34.1101 -17.6466 2.5
    endloop
  endfacet
  facet normal -0.7431 0.669181 0
    outer loop
      vertex -34.264 -17.8175 1
      vertex -34.1101 -17.6466 2.5
      vertex -34.1101 -17.6466 1
    endloop
  endfacet
  facet normal -0.7431 0.669181 0
    outer loop
      vertex -34.1101 -17.6466 2.5
      vertex -34.264 -17.8175 1
      vertex -34.264 -17.8175 2.5
    endloop
  endfacet
  facet normal -0.406945 -0.913453 0
    outer loop
      vertex -34.6601 -15.9538 1
      vertex -34.45 -16.0474 2.5
      vertex -34.6601 -15.9538 2.5
    endloop
  endfacet
  facet normal -0.406945 -0.913453 -0
    outer loop
      vertex -34.45 -16.0474 2.5
      vertex -34.6601 -15.9538 1
      vertex -34.45 -16.0474 1
    endloop
  endfacet
  facet normal 0.866041 -0.499973 0
    outer loop
      vertex -36.0049 -16.5526 2.5
      vertex -35.8899 -16.3534 0.999999
      vertex -35.8899 -16.3534 2.5
    endloop
  endfacet
  facet normal 0.866041 -0.499973 0
    outer loop
      vertex -35.8899 -16.3534 0.999999
      vertex -36.0049 -16.5526 2.5
      vertex -36.0049 -16.5526 0.999999
    endloop
  endfacet
  facet normal -0.58768 0.809093 0
    outer loop
      vertex -34.264 -17.8175 1
      vertex -34.45 -17.9526 2.5
      vertex -34.264 -17.8175 2.5
    endloop
  endfacet
  facet normal -0.58768 0.809093 0
    outer loop
      vertex -34.45 -17.9526 2.5
      vertex -34.264 -17.8175 1
      vertex -34.45 -17.9526 1
    endloop
  endfacet
  facet normal -0.207895 -0.978151 0
    outer loop
      vertex -34.885 -15.906 1
      vertex -34.6601 -15.9538 2.5
      vertex -34.885 -15.906 2.5
    endloop
  endfacet
  facet normal -0.207895 -0.978151 -0
    outer loop
      vertex -34.6601 -15.9538 2.5
      vertex -34.885 -15.906 1
      vertex -34.6601 -15.9538 1
    endloop
  endfacet
  facet normal -0.58768 -0.809093 0
    outer loop
      vertex -34.45 -16.0474 1
      vertex -34.264 -16.1825 2.5
      vertex -34.45 -16.0474 2.5
    endloop
  endfacet
  facet normal -0.58768 -0.809093 -0
    outer loop
      vertex -34.264 -16.1825 2.5
      vertex -34.45 -16.0474 1
      vertex -34.264 -16.1825 1
    endloop
  endfacet
  facet normal -0.951005 0.309175 0
    outer loop
      vertex -33.9951 -17.4474 1
      vertex -33.924 -17.2287 2.5
      vertex -33.924 -17.2287 1
    endloop
  endfacet
  facet normal -0.951005 0.309175 0
    outer loop
      vertex -33.924 -17.2287 2.5
      vertex -33.9951 -17.4474 1
      vertex -33.9951 -17.4474 2.5
    endloop
  endfacet
  facet normal -0.994539 0.104368 0
    outer loop
      vertex -33.924 -17.2287 1
      vertex -33.9 -17 2.5
      vertex -33.9 -17 1
    endloop
  endfacet
  facet normal -0.994539 0.104368 0
    outer loop
      vertex -33.9 -17 2.5
      vertex -33.924 -17.2287 1
      vertex -33.924 -17.2287 2.5
    endloop
  endfacet
  facet normal 0.7431 -0.669181 0
    outer loop
      vertex -35.8899 -16.3534 2.5
      vertex -35.736 -16.1825 0.999999
      vertex -35.736 -16.1825 2.5
    endloop
  endfacet
  facet normal 0.7431 -0.669181 0
    outer loop
      vertex -35.736 -16.1825 0.999999
      vertex -35.8899 -16.3534 2.5
      vertex -35.8899 -16.3534 0.999999
    endloop
  endfacet
  facet normal 0.866041 0.499973 0
    outer loop
      vertex -35.8899 -17.6466 2.5
      vertex -36.0049 -17.4474 0.999999
      vertex -36.0049 -17.4474 2.5
    endloop
  endfacet
  facet normal 0.866041 0.499973 0
    outer loop
      vertex -36.0049 -17.4474 0.999999
      vertex -35.8899 -17.6466 2.5
      vertex -35.8899 -17.6466 0.999999
    endloop
  endfacet
  facet normal 0.58768 -0.809093 0
    outer loop
      vertex -35.736 -16.1825 0.999999
      vertex -35.55 -16.0474 2.5
      vertex -35.736 -16.1825 2.5
    endloop
  endfacet
  facet normal 0.58768 -0.809093 0
    outer loop
      vertex -35.55 -16.0474 2.5
      vertex -35.736 -16.1825 0.999999
      vertex -35.55 -16.0474 0.999999
    endloop
  endfacet
  facet normal 0 -1 0
    outer loop
      vertex -35.115 -15.906 2.5
      vertex -35 -15.906 1
      vertex -34.885 -15.906 2.5
    endloop
  endfacet
  facet normal 0 -1 0
    outer loop
      vertex -35.115 -15.906 0.999999
      vertex -35 -15.906 1
      vertex -35.115 -15.906 2.5
    endloop
  endfacet
  facet normal 0 -1 -0
    outer loop
      vertex -35 -15.906 1
      vertex -35.115 -15.906 0.999999
      vertex -35 -15.906 0.999999
    endloop
  endfacet
  facet normal 0 -1 -0
    outer loop
      vertex -34.885 -15.906 2.5
      vertex -35 -15.906 1
      vertex -34.885 -15.906 1
    endloop
  endfacet
  facet normal 0.406945 -0.913453 0
    outer loop
      vertex -35.55 -16.0474 0.999999
      vertex -35.3399 -15.9538 2.5
      vertex -35.55 -16.0474 2.5
    endloop
  endfacet
  facet normal 0.406945 -0.913453 0
    outer loop
      vertex -35.3399 -15.9538 2.5
      vertex -35.55 -16.0474 0.999999
      vertex -35.3399 -15.9538 0.999999
    endloop
  endfacet
  facet normal -0.406945 0.913453 0
    outer loop
      vertex -34.45 -17.9526 1
      vertex -34.6601 -18.0462 2.5
      vertex -34.45 -17.9526 2.5
    endloop
  endfacet
  facet normal -0.406945 0.913453 0
    outer loop
      vertex -34.6601 -18.0462 2.5
      vertex -34.45 -17.9526 1
      vertex -34.6601 -18.0462 1
    endloop
  endfacet
  facet normal 0.994539 -0.104368 0
    outer loop
      vertex -36.1 -17 2.5
      vertex -36.076 -16.7713 0.999999
      vertex -36.076 -16.7713 2.5
    endloop
  endfacet
  facet normal 0.994539 -0.104368 0
    outer loop
      vertex -36.076 -16.7713 0.999999
      vertex -36.1 -17 2.5
      vertex -36.1 -17 0.999999
    endloop
  endfacet
  facet normal 0.951005 0.309175 0
    outer loop
      vertex -36.0049 -17.4474 2.5
      vertex -36.076 -17.2287 0.999999
      vertex -36.076 -17.2287 2.5
    endloop
  endfacet
  facet normal 0.951005 0.309175 0
    outer loop
      vertex -36.076 -17.2287 0.999999
      vertex -36.0049 -17.4474 2.5
      vertex -36.0049 -17.4474 0.999999
    endloop
  endfacet
  facet normal 0.951005 -0.309175 0
    outer loop
      vertex -36.076 -16.7713 2.5
      vertex -36.0049 -16.5526 0.999999
      vertex -36.0049 -16.5526 2.5
    endloop
  endfacet
  facet normal 0.951005 -0.309175 0
    outer loop
      vertex -36.0049 -16.5526 0.999999
      vertex -36.076 -16.7713 2.5
      vertex -36.076 -16.7713 0.999999
    endloop
  endfacet
  facet normal 0.207895 -0.978151 0
    outer loop
      vertex -35.3399 -15.9538 0.999999
      vertex -35.115 -15.906 2.5
      vertex -35.3399 -15.9538 2.5
    endloop
  endfacet
  facet normal 0.207895 -0.978151 0
    outer loop
      vertex -35.115 -15.906 2.5
      vertex -35.3399 -15.9538 0.999999
      vertex -35.115 -15.906 0.999999
    endloop
  endfacet
  facet normal 0.7431 0.669181 0
    outer loop
      vertex -35.736 -17.8175 2.5
      vertex -35.8899 -17.6466 0.999999
      vertex -35.8899 -17.6466 2.5
    endloop
  endfacet
  facet normal 0.7431 0.669181 0
    outer loop
      vertex -35.8899 -17.6466 0.999999
      vertex -35.736 -17.8175 2.5
      vertex -35.736 -17.8175 0.999999
    endloop
  endfacet
  facet normal 0 1 -0
    outer loop
      vertex -34.885 -18.094 0.999999
      vertex -35.115 -18.094 2.5
      vertex -34.885 -18.094 2.5
    endloop
  endfacet
  facet normal 0 1 0
    outer loop
      vertex -35.115 -18.094 2.5
      vertex -34.885 -18.094 0.999999
      vertex -35.115 -18.094 0.999999
    endloop
  endfacet
  facet normal 0.207895 0.978151 -0
    outer loop
      vertex -35.115 -18.094 0.999999
      vertex -35.3399 -18.0462 2.5
      vertex -35.115 -18.094 2.5
    endloop
  endfacet
  facet normal 0.207895 0.978151 0
    outer loop
      vertex -35.3399 -18.0462 2.5
      vertex -35.115 -18.094 0.999999
      vertex -35.3399 -18.0462 0.999999
    endloop
  endfacet
  facet normal 0.406945 0.913453 -0
    outer loop
      vertex -35.3399 -18.0462 0.999999
      vertex -35.55 -17.9526 2.5
      vertex -35.3399 -18.0462 2.5
    endloop
  endfacet
  facet normal 0.406945 0.913453 0
    outer loop
      vertex -35.55 -17.9526 2.5
      vertex -35.3399 -18.0462 0.999999
      vertex -35.55 -17.9526 0.999999
    endloop
  endfacet
  facet normal 0.743144 0.669132 0
    outer loop
      vertex -36.2713 -18.412 0.999999
      vertex -36.5371 -18.1168 0
      vertex -36.5371 -18.1168 0.999999
    endloop
  endfacet
  facet normal 0.743144 0.669132 0
    outer loop
      vertex -36.5371 -18.1168 0
      vertex -36.2713 -18.412 0.999999
      vertex -36.2713 -18.412 0
    endloop
  endfacet
  facet normal 0.587722 0.809063 -0
    outer loop
      vertex -35.95 -18.6454 0
      vertex -36.2713 -18.412 0.999999
      vertex -35.95 -18.6454 0.999999
    endloop
  endfacet
  facet normal 0.587722 0.809063 0
    outer loop
      vertex -36.2713 -18.412 0.999999
      vertex -35.95 -18.6454 0
      vertex -36.2713 -18.412 0
    endloop
  endfacet
  facet normal 0.994526 -0.104488 0
    outer loop
      vertex -36.9 -17 0.999999
      vertex -36.8585 -16.605 0
      vertex -36.8585 -16.605 0.999999
    endloop
  endfacet
  facet normal 0.994526 -0.104488 0
    outer loop
      vertex -36.8585 -16.605 0
      vertex -36.9 -17 0.999999
      vertex -36.9 -17 0
    endloop
  endfacet
  facet normal 0.951023 0.30912 0
    outer loop
      vertex -36.7357 -17.7728 0.999999
      vertex -36.8585 -17.395 0
      vertex -36.8585 -17.395 0.999999
    endloop
  endfacet
  facet normal 0.951023 0.30912 0
    outer loop
      vertex -36.8585 -17.395 0
      vertex -36.7357 -17.7728 0.999999
      vertex -36.7357 -17.7728 0
    endloop
  endfacet
  facet normal 0 0 -1
    outer loop
      vertex -34.4129 -18.807 0.999999
      vertex -34.3383 -18.4863 0.999999
      vertex -34.0929 -18.6646 0.999999
    endloop
  endfacet
  facet normal 0 0 -1
    outer loop
      vertex -34.8014 -18.8896 0.999999
      vertex -34.3383 -18.4863 0.999999
      vertex -34.4129 -18.807 0.999999
    endloop
  endfacet
  facet normal -0 0 -1
    outer loop
      vertex -34.3383 -18.4863 0.999999
      vertex -34.8014 -18.8896 0.999999
      vertex -34.618 -18.1756 0.999999
    endloop
  endfacet
  facet normal 0 0 -1
    outer loop
      vertex -34.885 -18.094 0.999999
      vertex -34.618 -18.1756 0.999999
      vertex -34.8014 -18.8896 0.999999
    endloop
  endfacet
  facet normal 0 0 -1
    outer loop
      vertex -34.618 -18.1756 0.999999
      vertex -34.885 -18.094 0.999999
      vertex -34.6892 -18.0523 0.999999
    endloop
  endfacet
  facet normal 0 0 -1
    outer loop
      vertex -34.8014 -18.8896 0.999999
      vertex -35.115 -18.094 0.999999
      vertex -34.885 -18.094 0.999999
    endloop
  endfacet
  facet normal 0 0 -1
    outer loop
      vertex -35.1986 -18.8896 0.999999
      vertex -35.115 -18.094 0.999999
      vertex -34.8014 -18.8896 0.999999
    endloop
  endfacet
  facet normal 0 0 -1
    outer loop
      vertex -35.1986 -18.8896 0.999999
      vertex -35.3399 -18.0462 0.999999
      vertex -35.115 -18.094 0.999999
    endloop
  endfacet
  facet normal 0 0 -1
    outer loop
      vertex -35.5871 -18.807 0.999999
      vertex -35.3399 -18.0462 0.999999
      vertex -35.1986 -18.8896 0.999999
    endloop
  endfacet
  facet normal -0 0 -1
    outer loop
      vertex -35.3399 -18.0462 0.999999
      vertex -35.5871 -18.807 0.999999
      vertex -35.55 -17.9526 0.999999
    endloop
  endfacet
  facet normal 0 0 -1
    outer loop
      vertex -35.95 -18.6454 0.999999
      vertex -35.55 -17.9526 0.999999
      vertex -35.5871 -18.807 0.999999
    endloop
  endfacet
  facet normal -0 0 -1
    outer loop
      vertex -35.55 -17.9526 0.999999
      vertex -35.95 -18.6454 0.999999
      vertex -35.736 -17.8175 0.999999
    endloop
  endfacet
  facet normal 0 0 -1
    outer loop
      vertex -36.2713 -18.412 0.999999
      vertex -35.736 -17.8175 0.999999
      vertex -35.95 -18.6454 0.999999
    endloop
  endfacet
  facet normal -0 0 -1
    outer loop
      vertex -35.736 -17.8175 0.999999
      vertex -36.2713 -18.412 0.999999
      vertex -35.8899 -17.6466 0.999999
    endloop
  endfacet
  facet normal 0 0 -1
    outer loop
      vertex -36.5371 -18.1168 0.999999
      vertex -35.8899 -17.6466 0.999999
      vertex -36.2713 -18.412 0.999999
    endloop
  endfacet
  facet normal -0 0 -1
    outer loop
      vertex -35.8899 -17.6466 0.999999
      vertex -36.5371 -18.1168 0.999999
      vertex -36.0049 -17.4474 0.999999
    endloop
  endfacet
  facet normal 0 0 -1
    outer loop
      vertex -36.7357 -17.7728 0.999999
      vertex -36.0049 -17.4474 0.999999
      vertex -36.5371 -18.1168 0.999999
    endloop
  endfacet
  facet normal 0 0 -1
    outer loop
      vertex -35.115 -15.906 0.999999
      vertex -35 -15.1104 0.999999
      vertex -35 -15.906 0.999999
    endloop
  endfacet
  facet normal 0 0 -1
    outer loop
      vertex -35.115 -15.906 0.999999
      vertex -35.1986 -15.1104 0.999999
      vertex -35 -15.1104 0.999999
    endloop
  endfacet
  facet normal 0 0 -1
    outer loop
      vertex -35.3399 -15.9538 0.999999
      vertex -35.1986 -15.1104 0.999999
      vertex -35.115 -15.906 0.999999
    endloop
  endfacet
  facet normal 0 0 -1
    outer loop
      vertex -35.5871 -15.193 0.999999
      vertex -35.3399 -15.9538 0.999999
      vertex -35.55 -16.0474 0.999999
    endloop
  endfacet
  facet normal 0 0 -1
    outer loop
      vertex -35.3399 -15.9538 0.999999
      vertex -35.5871 -15.193 0.999999
      vertex -35.1986 -15.1104 0.999999
    endloop
  endfacet
  facet normal 0 0 -1
    outer loop
      vertex -35.95 -15.3546 0.999999
      vertex -35.55 -16.0474 0.999999
      vertex -35.736 -16.1825 0.999999
    endloop
  endfacet
  facet normal 0 0 -1
    outer loop
      vertex -36.2713 -15.588 0.999999
      vertex -35.736 -16.1825 0.999999
      vertex -35.8899 -16.3534 0.999999
    endloop
  endfacet
  facet normal 0 0 -1
    outer loop
      vertex -35.55 -16.0474 0.999999
      vertex -35.95 -15.3546 0.999999
      vertex -35.5871 -15.193 0.999999
    endloop
  endfacet
  facet normal 0 0 -1
    outer loop
      vertex -36.5371 -15.8832 0.999999
      vertex -35.8899 -16.3534 0.999999
      vertex -36.0049 -16.5526 0.999999
    endloop
  endfacet
  facet normal 0 0 -1
    outer loop
      vertex -36.7357 -16.2272 0.999999
      vertex -36.0049 -16.5526 0.999999
      vertex -36.076 -16.7713 0.999999
    endloop
  endfacet
  facet normal 0 0 -1
    outer loop
      vertex -36.8585 -16.605 0.999999
      vertex -36.076 -16.7713 0.999999
      vertex -36.1 -17 0.999999
    endloop
  endfacet
  facet normal -0 0 -1
    outer loop
      vertex -36.0049 -17.4474 0.999999
      vertex -36.7357 -17.7728 0.999999
      vertex -36.076 -17.2287 0.999999
    endloop
  endfacet
  facet normal 0 0 -1
    outer loop
      vertex -35.736 -16.1825 0.999999
      vertex -36.2713 -15.588 0.999999
      vertex -35.95 -15.3546 0.999999
    endloop
  endfacet
  facet normal 0 0 -1
    outer loop
      vertex -36.8585 -17.395 0.999999
      vertex -36.076 -17.2287 0.999999
      vertex -36.7357 -17.7728 0.999999
    endloop
  endfacet
  facet normal 0 0 -1
    outer loop
      vertex -35.8899 -16.3534 0.999999
      vertex -36.5371 -15.8832 0.999999
      vertex -36.2713 -15.588 0.999999
    endloop
  endfacet
  facet normal -0 0 -1
    outer loop
      vertex -36.076 -17.2287 0.999999
      vertex -36.8585 -17.395 0.999999
      vertex -36.1 -17 0.999999
    endloop
  endfacet
  facet normal 0 0 -1
    outer loop
      vertex -36.0049 -16.5526 0.999999
      vertex -36.7357 -16.2272 0.999999
      vertex -36.5371 -15.8832 0.999999
    endloop
  endfacet
  facet normal 0 0 -1
    outer loop
      vertex -36.9 -17 0.999999
      vertex -36.1 -17 0.999999
      vertex -36.8585 -17.395 0.999999
    endloop
  endfacet
  facet normal 0 0 -1
    outer loop
      vertex -36.076 -16.7713 0.999999
      vertex -36.8585 -16.605 0.999999
      vertex -36.7357 -16.2272 0.999999
    endloop
  endfacet
  facet normal 0 0 -1
    outer loop
      vertex -36.1 -17 0.999999
      vertex -36.9 -17 0.999999
      vertex -36.8585 -16.605 0.999999
    endloop
  endfacet
  facet normal 0.207964 -0.978136 0
    outer loop
      vertex -35.5871 -15.193 0
      vertex -35.1986 -15.1104 0.999999
      vertex -35.5871 -15.193 0.999999
    endloop
  endfacet
  facet normal 0.207964 -0.978136 0
    outer loop
      vertex -35.1986 -15.1104 0.999999
      vertex -35.5871 -15.193 0
      vertex -35.1986 -15.1104 0
    endloop
  endfacet
  facet normal 0.951023 -0.30912 0
    outer loop
      vertex -36.8585 -16.605 0.999999
      vertex -36.7357 -16.2272 0
      vertex -36.7357 -16.2272 0.999999
    endloop
  endfacet
  facet normal 0.951023 -0.30912 0
    outer loop
      vertex -36.7357 -16.2272 0
      vertex -36.8585 -16.605 0.999999
      vertex -36.8585 -16.605 0
    endloop
  endfacet
  facet normal 0.406792 0.913521 -0
    outer loop
      vertex -35.5871 -18.807 0
      vertex -35.95 -18.6454 0.999999
      vertex -35.5871 -18.807 0.999999
    endloop
  endfacet
  facet normal 0.406792 0.913521 0
    outer loop
      vertex -35.95 -18.6454 0.999999
      vertex -35.5871 -18.807 0
      vertex -35.95 -18.6454 0
    endloop
  endfacet
  facet normal 0.406792 -0.913521 0
    outer loop
      vertex -35.95 -15.3546 0
      vertex -35.5871 -15.193 0.999999
      vertex -35.95 -15.3546 0.999999
    endloop
  endfacet
  facet normal 0.406792 -0.913521 0
    outer loop
      vertex -35.5871 -15.193 0.999999
      vertex -35.95 -15.3546 0
      vertex -35.5871 -15.193 0
    endloop
  endfacet
  facet normal 0.743144 -0.669132 0
    outer loop
      vertex -36.5371 -15.8832 0.999999
      vertex -36.2713 -15.588 0
      vertex -36.2713 -15.588 0.999999
    endloop
  endfacet
  facet normal 0.743144 -0.669132 0
    outer loop
      vertex -36.2713 -15.588 0
      vertex -36.5371 -15.8832 0.999999
      vertex -36.5371 -15.8832 0
    endloop
  endfacet
  facet normal 0.866035 0.499984 0
    outer loop
      vertex -36.5371 -18.1168 0.999999
      vertex -36.7357 -17.7728 0
      vertex -36.7357 -17.7728 0.999999
    endloop
  endfacet
  facet normal 0.866035 0.499984 0
    outer loop
      vertex -36.7357 -17.7728 0
      vertex -36.5371 -18.1168 0.999999
      vertex -36.5371 -18.1168 0
    endloop
  endfacet
  facet normal 0.866035 -0.499984 0
    outer loop
      vertex -36.7357 -16.2272 0.999999
      vertex -36.5371 -15.8832 0
      vertex -36.5371 -15.8832 0.999999
    endloop
  endfacet
  facet normal 0.866035 -0.499984 0
    outer loop
      vertex -36.5371 -15.8832 0
      vertex -36.7357 -16.2272 0.999999
      vertex -36.7357 -16.2272 0
    endloop
  endfacet
  facet normal 0 1 -0
    outer loop
      vertex -34.8014 -18.8896 0
      vertex -35.1986 -18.8896 0.999999
      vertex -34.8014 -18.8896 0.999999
    endloop
  endfacet
  facet normal 0 1 0
    outer loop
      vertex -35.1986 -18.8896 0.999999
      vertex -34.8014 -18.8896 0
      vertex -35.1986 -18.8896 0
    endloop
  endfacet
  facet normal -0.406562 0.913623 0
    outer loop
      vertex -34.0929 -18.6646 0
      vertex -34.4129 -18.807 0.999999
      vertex -34.0929 -18.6646 0.999999
    endloop
  endfacet
  facet normal -0.406562 0.913623 0
    outer loop
      vertex -34.4129 -18.807 0.999999
      vertex -34.0929 -18.6646 0
      vertex -34.4129 -18.807 0
    endloop
  endfacet
  facet normal 0 -1 0
    outer loop
      vertex -35.1986 -15.1104 0
      vertex -35 -15.1104 0.999999
      vertex -35.1986 -15.1104 0.999999
    endloop
  endfacet
  facet normal 0 -1 -0
    outer loop
      vertex -35 -15.1104 0.999999
      vertex -35.1986 -15.1104 0
      vertex -35 -15.1104 0
    endloop
  endfacet
  facet normal 0.587722 -0.809063 0
    outer loop
      vertex -36.2713 -15.588 0
      vertex -35.95 -15.3546 0.999999
      vertex -36.2713 -15.588 0.999999
    endloop
  endfacet
  facet normal 0.587722 -0.809063 0
    outer loop
      vertex -35.95 -15.3546 0.999999
      vertex -36.2713 -15.588 0
      vertex -35.95 -15.3546 0
    endloop
  endfacet
  facet normal 0.994526 0.104488 0
    outer loop
      vertex -36.8585 -17.395 0.999999
      vertex -36.9 -17 0
      vertex -36.9 -17 0.999999
    endloop
  endfacet
  facet normal 0.994526 0.104488 0
    outer loop
      vertex -36.9 -17 0
      vertex -36.8585 -17.395 0.999999
      vertex -36.8585 -17.395 0
    endloop
  endfacet
  facet normal -0.207964 0.978136 0
    outer loop
      vertex -34.4129 -18.807 0
      vertex -34.8014 -18.8896 0.999999
      vertex -34.4129 -18.807 0.999999
    endloop
  endfacet
  facet normal -0.207964 0.978136 0
    outer loop
      vertex -34.8014 -18.8896 0.999999
      vertex -34.4129 -18.807 0
      vertex -34.8014 -18.8896 0
    endloop
  endfacet
  facet normal 0.207964 0.978136 -0
    outer loop
      vertex -35.1986 -18.8896 0
      vertex -35.5871 -18.807 0.999999
      vertex -35.1986 -18.8896 0.999999
    endloop
  endfacet
  facet normal 0.207964 0.978136 0
    outer loop
      vertex -35.5871 -18.807 0.999999
      vertex -35.1986 -18.8896 0
      vertex -35.5871 -18.807 0
    endloop
  endfacet
  facet normal 0.499987 -0.866033 0
    outer loop
      vertex 42.0337 -24.5677 0
      vertex 42.9389 -24.0451 2.5
      vertex 42.0337 -24.5677 2.5
    endloop
  endfacet
  facet normal 0.499987 -0.866033 0
    outer loop
      vertex 42.9389 -24.0451 2.5
      vertex 42.0337 -24.5677 0
      vertex 42.9389 -24.0451 0
    endloop
  endfacet
  facet normal -0.913527 0.406777 0
    outer loop
      vertex -44.7553 21.5451 0
      vertex -44.3301 22.5 2.5
      vertex -44.3301 22.5 0
    endloop
  endfacet
  facet normal -0.913527 0.406777 0
    outer loop
      vertex -44.3301 22.5 2.5
      vertex -44.7553 21.5451 0
      vertex -44.7553 21.5451 2.5
    endloop
  endfacet
  facet normal 0 -1 0
    outer loop
      vertex -40 -25 0
      vertex 40 -25 2.5
      vertex -40 -25 2.5
    endloop
  endfacet
  facet normal 0 -1 -0
    outer loop
      vertex 40 -25 2.5
      vertex -40 -25 0
      vertex 40 -25 0
    endloop
  endfacet
  facet normal 0.309015 -0.951057 0
    outer loop
      vertex 41.0396 -24.8907 0
      vertex 42.0337 -24.5677 2.5
      vertex 41.0396 -24.8907 2.5
    endloop
  endfacet
  facet normal 0.309015 -0.951057 0
    outer loop
      vertex 42.0337 -24.5677 2.5
      vertex 41.0396 -24.8907 0
      vertex 42.0337 -24.5677 0
    endloop
  endfacet
  facet normal -0.156422 -0.98769 0
    outer loop
      vertex -41.5451 -24.7553 0
      vertex -40 -25 2.5
      vertex -41.5451 -24.7553 2.5
    endloop
  endfacet
  facet normal -0.156422 -0.98769 -0
    outer loop
      vertex -40 -25 2.5
      vertex -41.5451 -24.7553 0
      vertex -40 -25 0
    endloop
  endfacet
  facet normal -0.951057 -0.309015 0
    outer loop
      vertex -44.5677 -22.0337 0
      vertex -44.8907 -21.0396 2.5
      vertex -44.8907 -21.0396 0
    endloop
  endfacet
  facet normal -0.951057 -0.309015 0
    outer loop
      vertex -44.8907 -21.0396 2.5
      vertex -44.5677 -22.0337 0
      vertex -44.5677 -22.0337 2.5
    endloop
  endfacet
  facet normal 0.10456 -0.994519 0
    outer loop
      vertex 40 -25 0
      vertex 41.0396 -24.8907 2.5
      vertex 40 -25 2.5
    endloop
  endfacet
  facet normal 0.10456 -0.994519 0
    outer loop
      vertex 41.0396 -24.8907 2.5
      vertex 40 -25 0
      vertex 41.0396 -24.8907 0
    endloop
  endfacet
  facet normal -0.98769 0.156422 0
    outer loop
      vertex -45 20 0
      vertex -44.7553 21.5451 2.5
      vertex -44.7553 21.5451 0
    endloop
  endfacet
  facet normal -0.98769 0.156422 0
    outer loop
      vertex -44.7553 21.5451 2.5
      vertex -45 20 0
      vertex -45 20 2.5
    endloop
  endfacet
  facet normal -0.10456 0.994519 0
    outer loop
      vertex -40 25 0
      vertex -41.0396 24.8907 2.5
      vertex -40 25 2.5
    endloop
  endfacet
  facet normal -0.10456 0.994519 0
    outer loop
      vertex -41.0396 24.8907 2.5
      vertex -40 25 0
      vertex -41.0396 24.8907 0
    endloop
  endfacet
  facet normal -0.809034 0.587762 0
    outer loop
      vertex -44.3301 22.5 0
      vertex -43.7157 23.3457 2.5
      vertex -43.7157 23.3457 0
    endloop
  endfacet
  facet normal -0.809034 0.587762 0
    outer loop
      vertex -43.7157 23.3457 2.5
      vertex -44.3301 22.5 0
      vertex -44.3301 22.5 2.5
    endloop
  endfacet
  facet normal 0.994519 0.10456 0
    outer loop
      vertex 45 20 2.5
      vertex 44.8907 21.0396 0
      vertex 44.8907 21.0396 2.5
    endloop
  endfacet
  facet normal 0.994519 0.10456 0
    outer loop
      vertex 44.8907 21.0396 0
      vertex 45 20 2.5
      vertex 45 20 0
    endloop
  endfacet
  facet normal -1 0 0
    outer loop
      vertex -45 -20 0
      vertex -45 20 2.5
      vertex -45 20 0
    endloop
  endfacet
  facet normal -1 -0 0
    outer loop
      vertex -45 20 2.5
      vertex -45 -20 0
      vertex -45 -20 2.5
    endloop
  endfacet
  facet normal 0.156422 0.98769 -0
    outer loop
      vertex 41.5451 24.7553 0
      vertex 40 25 2.5
      vertex 41.5451 24.7553 2.5
    endloop
  endfacet
  facet normal 0.156422 0.98769 0
    outer loop
      vertex 40 25 2.5
      vertex 41.5451 24.7553 0
      vertex 40 25 0
    endloop
  endfacet
  facet normal 0 0 -1
    outer loop
      vertex 36.5371 -15.8832 0
      vertex 45 -20 0
      vertex 36.7357 -16.2272 0
    endloop
  endfacet
  facet normal 0 0 -1
    outer loop
      vertex 45 20 0
      vertex 36.8585 16.605 0
      vertex 36.9 17 0
    endloop
  endfacet
  facet normal 0 0 -1
    outer loop
      vertex 36.2713 -15.588 0
      vertex 45 -20 0
      vertex 36.5371 -15.8832 0
    endloop
  endfacet
  facet normal 0 0 -1
    outer loop
      vertex 45 20 0
      vertex 36.7357 16.2272 0
      vertex 36.8585 16.605 0
    endloop
  endfacet
  facet normal 0 0 -1
    outer loop
      vertex 45 -20 0
      vertex 36.2713 -15.588 0
      vertex 45 20 0
    endloop
  endfacet
  facet normal 0 0 -1
    outer loop
      vertex 45 20 0
      vertex 36.5371 15.8832 0
      vertex 36.7357 16.2272 0
    endloop
  endfacet
  facet normal 0 0 -1
    outer loop
      vertex 36.2713 15.588 0
      vertex 45 20 0
      vertex 36.2713 -15.588 0
    endloop
  endfacet
  facet normal 0 0 -1
    outer loop
      vertex 45 20 0
      vertex 36.2713 15.588 0
      vertex 36.5371 15.8832 0
    endloop
  endfacet
  facet normal 0 0 -1
    outer loop
      vertex 35.95 -15.3546 0
      vertex 36.2713 15.588 0
      vertex 36.2713 -15.588 0
    endloop
  endfacet
  facet normal 0 0 -1
    outer loop
      vertex 35.95 -15.3546 0
      vertex 35.95 15.3546 0
      vertex 36.2713 15.588 0
    endloop
  endfacet
  facet normal 0 0 -1
    outer loop
      vertex 35.5871 -15.193 0
      vertex 35.95 15.3546 0
      vertex 35.95 -15.3546 0
    endloop
  endfacet
  facet normal 0 0 -1
    outer loop
      vertex 35.5871 -15.193 0
      vertex 35.5871 15.193 0
      vertex 35.95 15.3546 0
    endloop
  endfacet
  facet normal 0 0 -1
    outer loop
      vertex 35.1986 -15.1104 0
      vertex 35.5871 15.193 0
      vertex 35.5871 -15.193 0
    endloop
  endfacet
  facet normal 0 0 -1
    outer loop
      vertex 35.1986 -15.1104 0
      vertex 35.1986 15.1104 0
      vertex 35.5871 15.193 0
    endloop
  endfacet
  facet normal 0 0 -1
    outer loop
      vertex 35 -15.1104 0
      vertex 35.1986 15.1104 0
      vertex 35.1986 -15.1104 0
    endloop
  endfacet
  facet normal -0 0 -1
    outer loop
      vertex 35.1986 15.1104 0
      vertex 35 -15.1104 0
      vertex 35 15.1104 0
    endloop
  endfacet
  facet normal 0 0 -1
    outer loop
      vertex 36.7357 -16.2272 0
      vertex 45 -20 0
      vertex 36.8585 -16.605 0
    endloop
  endfacet
  facet normal 0 0 -1
    outer loop
      vertex 36.7357 -17.7728 0
      vertex 45 -20 0
      vertex 44.7553 -21.5451 0
    endloop
  endfacet
  facet normal 0 0 -1
    outer loop
      vertex 36.8585 -16.605 0
      vertex 45 -20 0
      vertex 36.9 -17 0
    endloop
  endfacet
  facet normal 0 0 -1
    outer loop
      vertex 36.7357 -17.7728 0
      vertex 44.7553 -21.5451 0
      vertex 44.3301 -22.5 0
    endloop
  endfacet
  facet normal 0 0 -1
    outer loop
      vertex 36.8585 17.395 0
      vertex 45 20 0
      vertex 36.9 17 0
    endloop
  endfacet
  facet normal 0 0 -1
    outer loop
      vertex 36.5371 -18.1168 0
      vertex 44.3301 -22.5 0
      vertex 43.7157 -23.3457 0
    endloop
  endfacet
  facet normal 0 0 -1
    outer loop
      vertex 36.7357 17.7728 0
      vertex 45 20 0
      vertex 36.8585 17.395 0
    endloop
  endfacet
  facet normal 0 0 -1
    outer loop
      vertex 36.5371 -18.1168 0
      vertex 43.7157 -23.3457 0
      vertex 42.9389 -24.0451 0
    endloop
  endfacet
  facet normal -0 0 -1
    outer loop
      vertex 45 20 0
      vertex 36.7357 17.7728 0
      vertex 44.8907 21.0396 0
    endloop
  endfacet
  facet normal 0 0 -1
    outer loop
      vertex 36.5371 -18.1168 0
      vertex 42.9389 -24.0451 0
      vertex 42.0337 -24.5677 0
    endloop
  endfacet
  facet normal -0 0 -1
    outer loop
      vertex 44.8907 21.0396 0
      vertex 36.7357 17.7728 0
      vertex 44.5677 22.0337 0
    endloop
  endfacet
  facet normal 0 0 -1
    outer loop
      vertex 36.5371 -18.1168 0
      vertex 42.0337 -24.5677 0
      vertex 41.0396 -24.8907 0
    endloop
  endfacet
  facet normal 0 0 -1
    outer loop
      vertex 36.5371 -18.1168 0
      vertex 41.0396 -24.8907 0
      vertex 40 -25 0
    endloop
  endfacet
  facet normal 0 0 -1
    outer loop
      vertex 36.5371 18.1168 0
      vertex 44.5677 22.0337 0
      vertex 36.7357 17.7728 0
    endloop
  endfacet
  facet normal -0 0 -1
    outer loop
      vertex 44.5677 22.0337 0
      vertex 36.5371 18.1168 0
      vertex 44.0451 22.9389 0
    endloop
  endfacet
  facet normal 0 0 -1
    outer loop
      vertex 45 -20 0
      vertex 36.8585 -17.395 0
      vertex 36.9 -17 0
    endloop
  endfacet
  facet normal 0 0 -1
    outer loop
      vertex 45 -20 0
      vertex 36.7357 -17.7728 0
      vertex 36.8585 -17.395 0
    endloop
  endfacet
  facet normal 0 0 -1
    outer loop
      vertex 44.3301 -22.5 0
      vertex 36.5371 -18.1168 0
      vertex 36.7357 -17.7728 0
    endloop
  endfacet
  facet normal 0 0 -1
    outer loop
      vertex 40 -25 0
      vertex 36.2713 -18.412 0
      vertex 36.5371 -18.1168 0
    endloop
  endfacet
  facet normal 0 0 -1
    outer loop
      vertex 40 -25 0
      vertex 35.95 -18.6454 0
      vertex 36.2713 -18.412 0
    endloop
  endfacet
  facet normal 0 0 -1
    outer loop
      vertex 40 -25 0
      vertex 35.5871 -18.807 0
      vertex 35.95 -18.6454 0
    endloop
  endfacet
  facet normal 0 0 -1
    outer loop
      vertex 40 -25 0
      vertex 35.1986 -18.8896 0
      vertex 35.5871 -18.807 0
    endloop
  endfacet
  facet normal 0 0 -1
    outer loop
      vertex 40 -25 0
      vertex 34.8014 -18.8896 0
      vertex 35.1986 -18.8896 0
    endloop
  endfacet
  facet normal 0 0 -1
    outer loop
      vertex 33.4158 -18.9563 0
      vertex 34.8014 -18.8896 0
      vertex 40 -25 0
    endloop
  endfacet
  facet normal -0 0 -1
    outer loop
      vertex 34.8014 -18.8896 0
      vertex 33.4158 -18.9563 0
      vertex 34.4129 -18.807 0
    endloop
  endfacet
  facet normal -0 0 -1
    outer loop
      vertex 34.4129 -18.807 0
      vertex 33.8135 -18.8271 0
      vertex 34.0941 -18.6651 0
    endloop
  endfacet
  facet normal 0 0 -1
    outer loop
      vertex 34.4129 -18.807 0
      vertex 33.4158 -18.9563 0
      vertex 33.8135 -18.8271 0
    endloop
  endfacet
  facet normal 0 0 -1
    outer loop
      vertex 40 -25 0
      vertex 33 -19 0
      vertex 33.4158 -18.9563 0
    endloop
  endfacet
  facet normal 0 0 -1
    outer loop
      vertex 40 -25 0
      vertex -33 -19 0
      vertex 33 -19 0
    endloop
  endfacet
  facet normal -0 0 -1
    outer loop
      vertex -34 -18.7321 0
      vertex -34.4129 -18.807 0
      vertex -34.0929 -18.6646 0
    endloop
  endfacet
  facet normal 0 0 -1
    outer loop
      vertex -33.618 -18.9021 0
      vertex -34.4129 -18.807 0
      vertex -34 -18.7321 0
    endloop
  endfacet
  facet normal 0 0 -1
    outer loop
      vertex -40 -25 0
      vertex -33.618 -18.9021 0
      vertex -33 -19 0
    endloop
  endfacet
  facet normal 0 0 -1
    outer loop
      vertex -33.618 -18.9021 0
      vertex -34.8014 -18.8896 0
      vertex -34.4129 -18.807 0
    endloop
  endfacet
  facet normal 0 0 -1
    outer loop
      vertex -40 -25 0
      vertex -33 -19 0
      vertex 40 -25 0
    endloop
  endfacet
  facet normal -0 0 -1
    outer loop
      vertex -33.618 -18.9021 0
      vertex -40 -25 0
      vertex -34.8014 -18.8896 0
    endloop
  endfacet
  facet normal 0 0 -1
    outer loop
      vertex -36.5371 15.8832 0
      vertex -45 20 0
      vertex -36.7357 16.2272 0
    endloop
  endfacet
  facet normal -0 0 -1
    outer loop
      vertex -36.7357 -17.7728 0
      vertex -45 -20 0
      vertex -36.8585 -17.395 0
    endloop
  endfacet
  facet normal -0 0 -1
    outer loop
      vertex -36.5371 -18.1168 0
      vertex -45 -20 0
      vertex -36.7357 -17.7728 0
    endloop
  endfacet
  facet normal 0 0 -1
    outer loop
      vertex -45 -20 0
      vertex -36.5371 -18.1168 0
      vertex -40 -25 0
    endloop
  endfacet
  facet normal -0 0 -1
    outer loop
      vertex -36.2713 -18.412 0
      vertex -40 -25 0
      vertex -36.5371 -18.1168 0
    endloop
  endfacet
  facet normal -0 0 -1
    outer loop
      vertex -35.95 -18.6454 0
      vertex -40 -25 0
      vertex -36.2713 -18.412 0
    endloop
  endfacet
  facet normal -0 0 -1
    outer loop
      vertex -35.5871 -18.807 0
      vertex -40 -25 0
      vertex -35.95 -18.6454 0
    endloop
  endfacet
  facet normal -0 0 -1
    outer loop
      vertex -35.1986 -18.8896 0
      vertex -40 -25 0
      vertex -35.5871 -18.807 0
    endloop
  endfacet
  facet normal -0 0 -1
    outer loop
      vertex -34.8014 -18.8896 0
      vertex -40 -25 0
      vertex -35.1986 -18.8896 0
    endloop
  endfacet
  facet normal -0 0 -1
    outer loop
      vertex 44.0451 22.9389 0
      vertex 36.5371 18.1168 0
      vertex 43.3457 23.7157 0
    endloop
  endfacet
  facet normal -0 0 -1
    outer loop
      vertex 43.3457 23.7157 0
      vertex 36.5371 18.1168 0
      vertex 42.5 24.3301 0
    endloop
  endfacet
  facet normal -0 0 -1
    outer loop
      vertex 42.5 24.3301 0
      vertex 36.5371 18.1168 0
      vertex 41.5451 24.7553 0
    endloop
  endfacet
  facet normal -0 0 -1
    outer loop
      vertex 41.5451 24.7553 0
      vertex 36.5371 18.1168 0
      vertex 40 25 0
    endloop
  endfacet
  facet normal 0 0 -1
    outer loop
      vertex 36.2713 18.412 0
      vertex 40 25 0
      vertex 36.5371 18.1168 0
    endloop
  endfacet
  facet normal 0 0 -1
    outer loop
      vertex 35.95 18.6454 0
      vertex 40 25 0
      vertex 36.2713 18.412 0
    endloop
  endfacet
  facet normal 0 0 -1
    outer loop
      vertex 35.5871 18.807 0
      vertex 40 25 0
      vertex 35.95 18.6454 0
    endloop
  endfacet
  facet normal 0 0 -1
    outer loop
      vertex 35.1986 18.8896 0
      vertex 40 25 0
      vertex 35.5871 18.807 0
    endloop
  endfacet
  facet normal 0 0 -1
    outer loop
      vertex 34.8014 18.8896 0
      vertex 40 25 0
      vertex 35.1986 18.8896 0
    endloop
  endfacet
  facet normal 0 0 -1
    outer loop
      vertex 33.618 18.9021 0
      vertex 34.8014 18.8896 0
      vertex 34.4129 18.807 0
    endloop
  endfacet
  facet normal 0 0 -1
    outer loop
      vertex 34 18.7321 0
      vertex 34.4129 18.807 0
      vertex 34.0929 18.6646 0
    endloop
  endfacet
  facet normal 0 0 -1
    outer loop
      vertex 33.618 18.9021 0
      vertex 34.4129 18.807 0
      vertex 34 18.7321 0
    endloop
  endfacet
  facet normal 0 0 -1
    outer loop
      vertex 34.8014 18.8896 0
      vertex 33.618 18.9021 0
      vertex 40 25 0
    endloop
  endfacet
  facet normal 0 0 -1
    outer loop
      vertex 33 19 0
      vertex 40 25 0
      vertex 33.618 18.9021 0
    endloop
  endfacet
  facet normal 0 0 -1
    outer loop
      vertex -33 19 0
      vertex 40 25 0
      vertex 33 19 0
    endloop
  endfacet
  facet normal 0 0 -1
    outer loop
      vertex -34.4129 18.807 0
      vertex -33.8135 18.8271 0
      vertex -34.0941 18.6651 0
    endloop
  endfacet
  facet normal 0 0 -1
    outer loop
      vertex -34.4129 18.807 0
      vertex -33.4158 18.9563 0
      vertex -33.8135 18.8271 0
    endloop
  endfacet
  facet normal 0 0 -1
    outer loop
      vertex -34.8014 18.8896 0
      vertex -33.4158 18.9563 0
      vertex -34.4129 18.807 0
    endloop
  endfacet
  facet normal 0 0 -1
    outer loop
      vertex -40 25 0
      vertex -33.4158 18.9563 0
      vertex -34.8014 18.8896 0
    endloop
  endfacet
  facet normal 0 0 -1
    outer loop
      vertex -33.4158 18.9563 0
      vertex -40 25 0
      vertex -33 19 0
    endloop
  endfacet
  facet normal 0 0 -1
    outer loop
      vertex -40 25 0
      vertex -34.8014 18.8896 0
      vertex -35.1986 18.8896 0
    endloop
  endfacet
  facet normal 0 0 -1
    outer loop
      vertex -33 19 0
      vertex -40 25 0
      vertex 40 25 0
    endloop
  endfacet
  facet normal 0 0 -1
    outer loop
      vertex -35.5871 18.807 0
      vertex -40 25 0
      vertex -35.1986 18.8896 0
    endloop
  endfacet
  facet normal 0 0 -1
    outer loop
      vertex -35.95 18.6454 0
      vertex -40 25 0
      vertex -35.5871 18.807 0
    endloop
  endfacet
  facet normal 0 0 -1
    outer loop
      vertex -36.2713 18.412 0
      vertex -40 25 0
      vertex -35.95 18.6454 0
    endloop
  endfacet
  facet normal 0 0 -1
    outer loop
      vertex -36.5371 18.1168 0
      vertex -40 25 0
      vertex -36.2713 18.412 0
    endloop
  endfacet
  facet normal 0 0 -1
    outer loop
      vertex -44.3301 22.5 0
      vertex -36.5371 18.1168 0
      vertex -36.7357 17.7728 0
    endloop
  endfacet
  facet normal 0 0 -1
    outer loop
      vertex -45 20 0
      vertex -36.7357 17.7728 0
      vertex -36.8585 17.395 0
    endloop
  endfacet
  facet normal 0 0 -1
    outer loop
      vertex -45 20 0
      vertex -36.8585 17.395 0
      vertex -36.9 17 0
    endloop
  endfacet
  facet normal 0 0 -1
    outer loop
      vertex -36.7357 16.2272 0
      vertex -45 20 0
      vertex -36.8585 16.605 0
    endloop
  endfacet
  facet normal 0 0 -1
    outer loop
      vertex -36.7357 17.7728 0
      vertex -45 20 0
      vertex -44.7553 21.5451 0
    endloop
  endfacet
  facet normal 0 0 -1
    outer loop
      vertex -45 -20 0
      vertex -40 -25 0
      vertex -41.5451 -24.7553 0
    endloop
  endfacet
  facet normal 0 0 -1
    outer loop
      vertex -36.8585 16.605 0
      vertex -45 20 0
      vertex -36.9 17 0
    endloop
  endfacet
  facet normal 0 0 -1
    outer loop
      vertex -45 -20 0
      vertex -41.5451 -24.7553 0
      vertex -42.5 -24.3301 0
    endloop
  endfacet
  facet normal 0 0 -1
    outer loop
      vertex -36.5371 18.1168 0
      vertex -41.0396 24.8907 0
      vertex -40 25 0
    endloop
  endfacet
  facet normal 0 0 -1
    outer loop
      vertex -45 -20 0
      vertex -42.5 -24.3301 0
      vertex -43.3457 -23.7157 0
    endloop
  endfacet
  facet normal 0 0 -1
    outer loop
      vertex -36.5371 18.1168 0
      vertex -42.0337 24.5677 0
      vertex -41.0396 24.8907 0
    endloop
  endfacet
  facet normal 0 0 -1
    outer loop
      vertex -45 -20 0
      vertex -43.3457 -23.7157 0
      vertex -44.0451 -22.9389 0
    endloop
  endfacet
  facet normal 0 0 -1
    outer loop
      vertex -36.5371 18.1168 0
      vertex -42.9389 24.0451 0
      vertex -42.0337 24.5677 0
    endloop
  endfacet
  facet normal 0 0 -1
    outer loop
      vertex -45 -20 0
      vertex -44.0451 -22.9389 0
      vertex -44.5677 -22.0337 0
    endloop
  endfacet
  facet normal 0 0 -1
    outer loop
      vertex -36.5371 18.1168 0
      vertex -43.7157 23.3457 0
      vertex -42.9389 24.0451 0
    endloop
  endfacet
  facet normal 0 0 -1
    outer loop
      vertex -45 -20 0
      vertex -44.5677 -22.0337 0
      vertex -44.8907 -21.0396 0
    endloop
  endfacet
  facet normal 0 0 -1
    outer loop
      vertex -36.5371 18.1168 0
      vertex -44.3301 22.5 0
      vertex -43.7157 23.3457 0
    endloop
  endfacet
  facet normal 0 0 -1
    outer loop
      vertex -36.7357 17.7728 0
      vertex -44.7553 21.5451 0
      vertex -44.3301 22.5 0
    endloop
  endfacet
  facet normal 0 0 -1
    outer loop
      vertex -35.1986 -15.1104 0
      vertex -35 15.1104 0
      vertex -35 -15.1104 0
    endloop
  endfacet
  facet normal 0 0 -1
    outer loop
      vertex -35.1986 -15.1104 0
      vertex -35.1986 15.1104 0
      vertex -35 15.1104 0
    endloop
  endfacet
  facet normal 0 0 -1
    outer loop
      vertex -35.5871 -15.193 0
      vertex -35.1986 15.1104 0
      vertex -35.1986 -15.1104 0
    endloop
  endfacet
  facet normal 0 0 -1
    outer loop
      vertex -35.5871 -15.193 0
      vertex -35.5871 15.193 0
      vertex -35.1986 15.1104 0
    endloop
  endfacet
  facet normal 0 0 -1
    outer loop
      vertex -35.95 -15.3546 0
      vertex -35.5871 15.193 0
      vertex -35.5871 -15.193 0
    endloop
  endfacet
  facet normal 0 0 -1
    outer loop
      vertex -35.95 -15.3546 0
      vertex -35.95 15.3546 0
      vertex -35.5871 15.193 0
    endloop
  endfacet
  facet normal 0 0 -1
    outer loop
      vertex -36.2713 -15.588 0
      vertex -35.95 15.3546 0
      vertex -35.95 -15.3546 0
    endloop
  endfacet
  facet normal 0 0 -1
    outer loop
      vertex -36.2713 -15.588 0
      vertex -36.2713 15.588 0
      vertex -35.95 15.3546 0
    endloop
  endfacet
  facet normal 0 0 -1
    outer loop
      vertex -45 -20 0
      vertex -36.2713 -15.588 0
      vertex -36.5371 -15.8832 0
    endloop
  endfacet
  facet normal -0 0 -1
    outer loop
      vertex -36.2713 -15.588 0
      vertex -45 -20 0
      vertex -36.2713 15.588 0
    endloop
  endfacet
  facet normal 0 0 -1
    outer loop
      vertex -45 -20 0
      vertex -36.5371 -15.8832 0
      vertex -36.7357 -16.2272 0
    endloop
  endfacet
  facet normal 0 0 -1
    outer loop
      vertex -45 20 0
      vertex -36.2713 15.588 0
      vertex -45 -20 0
    endloop
  endfacet
  facet normal 0 0 -1
    outer loop
      vertex -45 -20 0
      vertex -36.7357 -16.2272 0
      vertex -36.8585 -16.605 0
    endloop
  endfacet
  facet normal 0 0 -1
    outer loop
      vertex -36.2713 15.588 0
      vertex -45 20 0
      vertex -36.5371 15.8832 0
    endloop
  endfacet
  facet normal -0 0 -1
    outer loop
      vertex -36.8585 -17.395 0
      vertex -45 -20 0
      vertex -36.9 -17 0
    endloop
  endfacet
  facet normal -0 0 -1
    outer loop
      vertex -36.9 -17 0
      vertex -45 -20 0
      vertex -36.8585 -16.605 0
    endloop
  endfacet
  facet normal -0.406777 -0.913527 0
    outer loop
      vertex -42.5 -24.3301 0
      vertex -41.5451 -24.7553 2.5
      vertex -42.5 -24.3301 2.5
    endloop
  endfacet
  facet normal -0.406777 -0.913527 -0
    outer loop
      vertex -41.5451 -24.7553 2.5
      vertex -42.5 -24.3301 0
      vertex -41.5451 -24.7553 0
    endloop
  endfacet
  facet normal 0 1 -0
    outer loop
      vertex 40 25 0
      vertex -40 25 2.5
      vertex 40 25 2.5
    endloop
  endfacet
  facet normal 0 1 0
    outer loop
      vertex -40 25 2.5
      vertex 40 25 0
      vertex -40 25 0
    endloop
  endfacet
  facet normal -0.309015 0.951057 0
    outer loop
      vertex -41.0396 24.8907 0
      vertex -42.0337 24.5677 2.5
      vertex -41.0396 24.8907 2.5
    endloop
  endfacet
  facet normal -0.309015 0.951057 0
    outer loop
      vertex -42.0337 24.5677 2.5
      vertex -41.0396 24.8907 0
      vertex -42.0337 24.5677 0
    endloop
  endfacet
  facet normal -0.669113 0.743161 0
    outer loop
      vertex -42.9389 24.0451 0
      vertex -43.7157 23.3457 2.5
      vertex -42.9389 24.0451 2.5
    endloop
  endfacet
  facet normal -0.669113 0.743161 0
    outer loop
      vertex -43.7157 23.3457 2.5
      vertex -42.9389 24.0451 0
      vertex -43.7157 23.3457 0
    endloop
  endfacet
  facet normal -0.743161 -0.669113 0
    outer loop
      vertex -43.3457 -23.7157 0
      vertex -44.0451 -22.9389 2.5
      vertex -44.0451 -22.9389 0
    endloop
  endfacet
  facet normal -0.743161 -0.669113 0
    outer loop
      vertex -44.0451 -22.9389 2.5
      vertex -43.3457 -23.7157 0
      vertex -43.3457 -23.7157 2.5
    endloop
  endfacet
  facet normal 0.809034 -0.587762 0
    outer loop
      vertex 43.7157 -23.3457 2.5
      vertex 44.3301 -22.5 0
      vertex 44.3301 -22.5 2.5
    endloop
  endfacet
  facet normal 0.809034 -0.587762 0
    outer loop
      vertex 44.3301 -22.5 0
      vertex 43.7157 -23.3457 2.5
      vertex 43.7157 -23.3457 0
    endloop
  endfacet
  facet normal 0.951057 0.309015 0
    outer loop
      vertex 44.8907 21.0396 2.5
      vertex 44.5677 22.0337 0
      vertex 44.5677 22.0337 2.5
    endloop
  endfacet
  facet normal 0.951057 0.309015 0
    outer loop
      vertex 44.5677 22.0337 0
      vertex 44.8907 21.0396 2.5
      vertex 44.8907 21.0396 0
    endloop
  endfacet
  facet normal -0.499987 0.866033 0
    outer loop
      vertex -42.0337 24.5677 0
      vertex -42.9389 24.0451 2.5
      vertex -42.0337 24.5677 2.5
    endloop
  endfacet
  facet normal -0.499987 0.866033 0
    outer loop
      vertex -42.9389 24.0451 2.5
      vertex -42.0337 24.5677 0
      vertex -42.9389 24.0451 0
    endloop
  endfacet
  facet normal 0.98769 -0.156422 0
    outer loop
      vertex 44.7553 -21.5451 2.5
      vertex 45 -20 0
      vertex 45 -20 2.5
    endloop
  endfacet
  facet normal 0.98769 -0.156422 0
    outer loop
      vertex 45 -20 0
      vertex 44.7553 -21.5451 2.5
      vertex 44.7553 -21.5451 0
    endloop
  endfacet
  facet normal 0.866033 0.499987 0
    outer loop
      vertex 44.5677 22.0337 2.5
      vertex 44.0451 22.9389 0
      vertex 44.0451 22.9389 2.5
    endloop
  endfacet
  facet normal 0.866033 0.499987 0
    outer loop
      vertex 44.0451 22.9389 0
      vertex 44.5677 22.0337 2.5
      vertex 44.5677 22.0337 0
    endloop
  endfacet
  facet normal 0.406777 0.913527 -0
    outer loop
      vertex 42.5 24.3301 0
      vertex 41.5451 24.7553 2.5
      vertex 42.5 24.3301 2.5
    endloop
  endfacet
  facet normal 0.406777 0.913527 0
    outer loop
      vertex 41.5451 24.7553 2.5
      vertex 42.5 24.3301 0
      vertex 41.5451 24.7553 0
    endloop
  endfacet
  facet normal 1 -0 0
    outer loop
      vertex 45 -20 2.5
      vertex 45 20 0
      vertex 45 20 2.5
    endloop
  endfacet
  facet normal 1 0 0
    outer loop
      vertex 45 20 0
      vertex 45 -20 2.5
      vertex 45 -20 0
    endloop
  endfacet
  facet normal 0 0 1
    outer loop
      vertex 33.9951 16.5526 2.5
      vertex -33.9951 16.5526 2.5
      vertex 33.9951 -16.5526 2.5
    endloop
  endfacet
  facet normal 0 0 1
    outer loop
      vertex 33.9951 -16.5526 2.5
      vertex -33.924 -16.7713 2.5
      vertex -33.9 -17 2.5
    endloop
  endfacet
  facet normal 0 0 1
    outer loop
      vertex -33.9951 -16.5526 2.5
      vertex 33.9951 -16.5526 2.5
      vertex -33.9951 16.5526 2.5
    endloop
  endfacet
  facet normal 0 0 1
    outer loop
      vertex 33.9951 -16.5526 2.5
      vertex -33.9951 -16.5526 2.5
      vertex -33.924 -16.7713 2.5
    endloop
  endfacet
  facet normal -0 0 1
    outer loop
      vertex -34.1101 16.3534 2.5
      vertex -33.9951 -16.5526 2.5
      vertex -33.9951 16.5526 2.5
    endloop
  endfacet
  facet normal 0 0 1
    outer loop
      vertex -34.1101 16.3534 2.5
      vertex -34.1101 -16.3534 2.5
      vertex -33.9951 -16.5526 2.5
    endloop
  endfacet
  facet normal -0 0 1
    outer loop
      vertex -34.264 16.1825 2.5
      vertex -34.1101 -16.3534 2.5
      vertex -34.1101 16.3534 2.5
    endloop
  endfacet
  facet normal 0 0 1
    outer loop
      vertex -34.264 16.1825 2.5
      vertex -34.264 -16.1825 2.5
      vertex -34.1101 -16.3534 2.5
    endloop
  endfacet
  facet normal -0 0 1
    outer loop
      vertex -34.45 16.0474 2.5
      vertex -34.264 -16.1825 2.5
      vertex -34.264 16.1825 2.5
    endloop
  endfacet
  facet normal 0 0 1
    outer loop
      vertex -34.45 16.0474 2.5
      vertex -34.45 -16.0474 2.5
      vertex -34.264 -16.1825 2.5
    endloop
  endfacet
  facet normal -0 0 1
    outer loop
      vertex -34.6601 15.9538 2.5
      vertex -34.45 -16.0474 2.5
      vertex -34.45 16.0474 2.5
    endloop
  endfacet
  facet normal 0 0 1
    outer loop
      vertex -34.6601 15.9538 2.5
      vertex -34.6601 -15.9538 2.5
      vertex -34.45 -16.0474 2.5
    endloop
  endfacet
  facet normal -0 0 1
    outer loop
      vertex -34.885 15.906 2.5
      vertex -34.6601 -15.9538 2.5
      vertex -34.6601 15.9538 2.5
    endloop
  endfacet
  facet normal 0 0 1
    outer loop
      vertex -34.885 15.906 2.5
      vertex -34.885 -15.906 2.5
      vertex -34.6601 -15.9538 2.5
    endloop
  endfacet
  facet normal -0 0 1
    outer loop
      vertex -35.115 15.906 2.5
      vertex -34.885 -15.906 2.5
      vertex -34.885 15.906 2.5
    endloop
  endfacet
  facet normal 0 0 1
    outer loop
      vertex -35.115 15.906 2.5
      vertex -35.115 -15.906 2.5
      vertex -34.885 -15.906 2.5
    endloop
  endfacet
  facet normal 0 0 1
    outer loop
      vertex -35.3399 15.9538 2.5
      vertex -35.115 -15.906 2.5
      vertex -35.115 15.906 2.5
    endloop
  endfacet
  facet normal 0 0 1
    outer loop
      vertex -35.3399 15.9538 2.5
      vertex -35.3399 -15.9538 2.5
      vertex -35.115 -15.906 2.5
    endloop
  endfacet
  facet normal 0 0 1
    outer loop
      vertex -35.55 16.0474 2.5
      vertex -35.3399 -15.9538 2.5
      vertex -35.3399 15.9538 2.5
    endloop
  endfacet
  facet normal 0 0 1
    outer loop
      vertex -35.55 16.0474 2.5
      vertex -35.55 -16.0474 2.5
      vertex -35.3399 -15.9538 2.5
    endloop
  endfacet
  facet normal 0 0 1
    outer loop
      vertex -35.736 16.1825 2.5
      vertex -35.55 -16.0474 2.5
      vertex -35.55 16.0474 2.5
    endloop
  endfacet
  facet normal 0 0 1
    outer loop
      vertex -35.736 16.1825 2.5
      vertex -35.736 -16.1825 2.5
      vertex -35.55 -16.0474 2.5
    endloop
  endfacet
  facet normal 0 0 1
    outer loop
      vertex -45 20 2.5
      vertex -35.736 16.1825 2.5
      vertex -35.8899 16.3534 2.5
    endloop
  endfacet
  facet normal 0 0 1
    outer loop
      vertex -35.736 16.1825 2.5
      vertex -45 20 2.5
      vertex -35.736 -16.1825 2.5
    endloop
  endfacet
  facet normal 0 0 1
    outer loop
      vertex -45 20 2.5
      vertex -35.8899 16.3534 2.5
      vertex -36.0049 16.5526 2.5
    endloop
  endfacet
  facet normal 0 0 1
    outer loop
      vertex -45 -20 2.5
      vertex -35.736 -16.1825 2.5
      vertex -45 20 2.5
    endloop
  endfacet
  facet normal 0 0 1
    outer loop
      vertex -45 20 2.5
      vertex -36.0049 16.5526 2.5
      vertex -36.076 16.7713 2.5
    endloop
  endfacet
  facet normal 0 0 1
    outer loop
      vertex -35.736 -16.1825 2.5
      vertex -45 -20 2.5
      vertex -35.8899 -16.3534 2.5
    endloop
  endfacet
  facet normal 0 0 1
    outer loop
      vertex -45 20 2.5
      vertex -36.076 16.7713 2.5
      vertex -36.1 17 2.5
    endloop
  endfacet
  facet normal 0 0 1
    outer loop
      vertex -35.8899 -16.3534 2.5
      vertex -45 -20 2.5
      vertex -36.0049 -16.5526 2.5
    endloop
  endfacet
  facet normal 0 0 1
    outer loop
      vertex 35.8899 16.3534 2.5
      vertex 45 20 2.5
      vertex 36.0049 16.5526 2.5
    endloop
  endfacet
  facet normal 0 0 1
    outer loop
      vertex 45 -20 2.5
      vertex 36.076 -16.7713 2.5
      vertex 36.1 -17 2.5
    endloop
  endfacet
  facet normal 0 0 1
    outer loop
      vertex 35.736 16.1825 2.5
      vertex 45 20 2.5
      vertex 35.8899 16.3534 2.5
    endloop
  endfacet
  facet normal 0 0 1
    outer loop
      vertex 45 -20 2.5
      vertex 36.0049 -16.5526 2.5
      vertex 36.076 -16.7713 2.5
    endloop
  endfacet
  facet normal 0 0 1
    outer loop
      vertex 45 20 2.5
      vertex 35.736 16.1825 2.5
      vertex 45 -20 2.5
    endloop
  endfacet
  facet normal 0 0 1
    outer loop
      vertex 45 -20 2.5
      vertex 35.8899 -16.3534 2.5
      vertex 36.0049 -16.5526 2.5
    endloop
  endfacet
  facet normal -0 0 1
    outer loop
      vertex 35.736 -16.1825 2.5
      vertex 45 -20 2.5
      vertex 35.736 16.1825 2.5
    endloop
  endfacet
  facet normal 0 0 1
    outer loop
      vertex 45 -20 2.5
      vertex 35.736 -16.1825 2.5
      vertex 35.8899 -16.3534 2.5
    endloop
  endfacet
  facet normal -0 0 1
    outer loop
      vertex 35.55 16.0474 2.5
      vertex 35.736 -16.1825 2.5
      vertex 35.736 16.1825 2.5
    endloop
  endfacet
  facet normal 0 0 1
    outer loop
      vertex 35.55 16.0474 2.5
      vertex 35.55 -16.0474 2.5
      vertex 35.736 -16.1825 2.5
    endloop
  endfacet
  facet normal -0 0 1
    outer loop
      vertex 35.3399 15.9538 2.5
      vertex 35.55 -16.0474 2.5
      vertex 35.55 16.0474 2.5
    endloop
  endfacet
  facet normal 0 0 1
    outer loop
      vertex 35.3399 15.9538 2.5
      vertex 35.3399 -15.9538 2.5
      vertex 35.55 -16.0474 2.5
    endloop
  endfacet
  facet normal -0 0 1
    outer loop
      vertex 35.115 15.906 2.5
      vertex 35.3399 -15.9538 2.5
      vertex 35.3399 15.9538 2.5
    endloop
  endfacet
  facet normal 0 0 1
    outer loop
      vertex 35.115 15.906 2.5
      vertex 35.115 -15.906 2.5
      vertex 35.3399 -15.9538 2.5
    endloop
  endfacet
  facet normal -0 0 1
    outer loop
      vertex 34.885 15.906 2.5
      vertex 35.115 -15.906 2.5
      vertex 35.115 15.906 2.5
    endloop
  endfacet
  facet normal 0 0 1
    outer loop
      vertex 34.885 15.906 2.5
      vertex 34.885 -15.906 2.5
      vertex 35.115 -15.906 2.5
    endloop
  endfacet
  facet normal 0 0 1
    outer loop
      vertex 34.6601 15.9538 2.5
      vertex 34.885 -15.906 2.5
      vertex 34.885 15.906 2.5
    endloop
  endfacet
  facet normal 0 0 1
    outer loop
      vertex 34.6601 15.9538 2.5
      vertex 34.6601 -15.9538 2.5
      vertex 34.885 -15.906 2.5
    endloop
  endfacet
  facet normal 0 0 1
    outer loop
      vertex 34.45 16.0474 2.5
      vertex 34.6601 -15.9538 2.5
      vertex 34.6601 15.9538 2.5
    endloop
  endfacet
  facet normal 0 0 1
    outer loop
      vertex 34.45 16.0474 2.5
      vertex 34.45 -16.0474 2.5
      vertex 34.6601 -15.9538 2.5
    endloop
  endfacet
  facet normal 0 0 1
    outer loop
      vertex 34.264 16.1825 2.5
      vertex 34.45 -16.0474 2.5
      vertex 34.45 16.0474 2.5
    endloop
  endfacet
  facet normal 0 0 1
    outer loop
      vertex 34.264 16.1825 2.5
      vertex 34.264 -16.1825 2.5
      vertex 34.45 -16.0474 2.5
    endloop
  endfacet
  facet normal 0 0 1
    outer loop
      vertex 34.1101 16.3534 2.5
      vertex 34.264 -16.1825 2.5
      vertex 34.264 16.1825 2.5
    endloop
  endfacet
  facet normal 0 0 1
    outer loop
      vertex 34.1101 16.3534 2.5
      vertex 34.1101 -16.3534 2.5
      vertex 34.264 -16.1825 2.5
    endloop
  endfacet
  facet normal 0 0 1
    outer loop
      vertex 33.9951 16.5526 2.5
      vertex 34.1101 -16.3534 2.5
      vertex 34.1101 16.3534 2.5
    endloop
  endfacet
  facet normal 0 0 1
    outer loop
      vertex 33.9951 16.5526 2.5
      vertex 33.9951 -16.5526 2.5
      vertex 34.1101 -16.3534 2.5
    endloop
  endfacet
  facet normal 0 0 1
    outer loop
      vertex -33.924 16.7713 2.5
      vertex 33.924 16.7713 2.5
      vertex -33.9 17 2.5
    endloop
  endfacet
  facet normal 0 0 1
    outer loop
      vertex 33.924 16.7713 2.5
      vertex -33.924 16.7713 2.5
      vertex 33.9951 16.5526 2.5
    endloop
  endfacet
  facet normal -0 0 1
    outer loop
      vertex -33.9 17 2.5
      vertex 33.924 16.7713 2.5
      vertex 33.9 17 2.5
    endloop
  endfacet
  facet normal 0 0 1
    outer loop
      vertex -33.9951 16.5526 2.5
      vertex 33.9951 16.5526 2.5
      vertex -33.924 16.7713 2.5
    endloop
  endfacet
  facet normal 0 0 1
    outer loop
      vertex 36.0049 17.4474 2.5
      vertex 45 20 2.5
      vertex 44.8907 21.0396 2.5
    endloop
  endfacet
  facet normal 0 0 1
    outer loop
      vertex 36.076 16.7713 2.5
      vertex 45 20 2.5
      vertex 36.1 17 2.5
    endloop
  endfacet
  facet normal 0 0 1
    outer loop
      vertex 35.8899 17.6466 2.5
      vertex 44.8907 21.0396 2.5
      vertex 44.5677 22.0337 2.5
    endloop
  endfacet
  facet normal 0 0 1
    outer loop
      vertex 36.0049 16.5526 2.5
      vertex 45 20 2.5
      vertex 36.076 16.7713 2.5
    endloop
  endfacet
  facet normal 0 0 1
    outer loop
      vertex 35.8899 17.6466 2.5
      vertex 44.5677 22.0337 2.5
      vertex 44.0451 22.9389 2.5
    endloop
  endfacet
  facet normal -0 0 1
    outer loop
      vertex 36.076 -17.2287 2.5
      vertex 45 -20 2.5
      vertex 36.1 -17 2.5
    endloop
  endfacet
  facet normal 0 0 1
    outer loop
      vertex 35.8899 17.6466 2.5
      vertex 44.0451 22.9389 2.5
      vertex 43.3457 23.7157 2.5
    endloop
  endfacet
  facet normal -0 0 1
    outer loop
      vertex 36.0049 -17.4474 2.5
      vertex 45 -20 2.5
      vertex 36.076 -17.2287 2.5
    endloop
  endfacet
  facet normal 0 0 1
    outer loop
      vertex 35.8899 17.6466 2.5
      vertex 43.3457 23.7157 2.5
      vertex 42.5 24.3301 2.5
    endloop
  endfacet
  facet normal -0 0 1
    outer loop
      vertex 35.8899 -17.6466 2.5
      vertex 45 -20 2.5
      vertex 36.0049 -17.4474 2.5
    endloop
  endfacet
  facet normal 0 0 1
    outer loop
      vertex 35.8899 17.6466 2.5
      vertex 42.5 24.3301 2.5
      vertex 41.5451 24.7553 2.5
    endloop
  endfacet
  facet normal 0 0 1
    outer loop
      vertex 45 -20 2.5
      vertex 35.8899 -17.6466 2.5
      vertex 44.7553 -21.5451 2.5
    endloop
  endfacet
  facet normal 0 0 1
    outer loop
      vertex 35.8899 17.6466 2.5
      vertex 41.5451 24.7553 2.5
      vertex 40 25 2.5
    endloop
  endfacet
  facet normal 0 0 1
    outer loop
      vertex 44.7553 -21.5451 2.5
      vertex 35.8899 -17.6466 2.5
      vertex 44.3301 -22.5 2.5
    endloop
  endfacet
  facet normal 0 0 1
    outer loop
      vertex 44.3301 -22.5 2.5
      vertex 35.8899 -17.6466 2.5
      vertex 43.7157 -23.3457 2.5
    endloop
  endfacet
  facet normal 0 0 1
    outer loop
      vertex 45 20 2.5
      vertex 36.076 17.2287 2.5
      vertex 36.1 17 2.5
    endloop
  endfacet
  facet normal 0 0 1
    outer loop
      vertex 45 20 2.5
      vertex 36.0049 17.4474 2.5
      vertex 36.076 17.2287 2.5
    endloop
  endfacet
  facet normal 0 0 1
    outer loop
      vertex 44.8907 21.0396 2.5
      vertex 35.8899 17.6466 2.5
      vertex 36.0049 17.4474 2.5
    endloop
  endfacet
  facet normal 0 0 1
    outer loop
      vertex 40 25 2.5
      vertex 35.736 17.8175 2.5
      vertex 35.8899 17.6466 2.5
    endloop
  endfacet
  facet normal 0 0 1
    outer loop
      vertex 40 25 2.5
      vertex 35.55 17.9526 2.5
      vertex 35.736 17.8175 2.5
    endloop
  endfacet
  facet normal 0 0 1
    outer loop
      vertex 40 25 2.5
      vertex 35.3399 18.0462 2.5
      vertex 35.55 17.9526 2.5
    endloop
  endfacet
  facet normal 0 0 1
    outer loop
      vertex 40 25 2.5
      vertex 35.115 18.094 2.5
      vertex 35.3399 18.0462 2.5
    endloop
  endfacet
  facet normal 0 0 1
    outer loop
      vertex 40 25 2.5
      vertex 34.885 18.094 2.5
      vertex 35.115 18.094 2.5
    endloop
  endfacet
  facet normal 0 0 1
    outer loop
      vertex 40 25 2.5
      vertex 34.6601 18.0462 2.5
      vertex 34.885 18.094 2.5
    endloop
  endfacet
  facet normal 0 0 1
    outer loop
      vertex 40 25 2.5
      vertex 34.45 17.9526 2.5
      vertex 34.6601 18.0462 2.5
    endloop
  endfacet
  facet normal 0 0 1
    outer loop
      vertex 40 25 2.5
      vertex 34.264 17.8175 2.5
      vertex 34.45 17.9526 2.5
    endloop
  endfacet
  facet normal 0 0 1
    outer loop
      vertex -34.264 17.8175 2.5
      vertex 34.264 17.8175 2.5
      vertex 40 25 2.5
    endloop
  endfacet
  facet normal 0 0 1
    outer loop
      vertex 33.9951 -16.5526 2.5
      vertex -33.9 -17 2.5
      vertex 33.924 -16.7713 2.5
    endloop
  endfacet
  facet normal 0 0 1
    outer loop
      vertex 33.924 17.2287 2.5
      vertex -33.9 17 2.5
      vertex 33.9 17 2.5
    endloop
  endfacet
  facet normal 0 0 1
    outer loop
      vertex -33.924 17.2287 2.5
      vertex 33.924 17.2287 2.5
      vertex 33.9951 17.4474 2.5
    endloop
  endfacet
  facet normal 0 0 1
    outer loop
      vertex -33.9951 17.4474 2.5
      vertex 33.9951 17.4474 2.5
      vertex 34.1101 17.6466 2.5
    endloop
  endfacet
  facet normal 0 0 1
    outer loop
      vertex 34.264 17.8175 2.5
      vertex -34.264 17.8175 2.5
      vertex 34.1101 17.6466 2.5
    endloop
  endfacet
  facet normal 0 0 1
    outer loop
      vertex 33.924 17.2287 2.5
      vertex -33.924 17.2287 2.5
      vertex -33.9 17 2.5
    endloop
  endfacet
  facet normal 0 0 1
    outer loop
      vertex 33.9951 17.4474 2.5
      vertex -33.9951 17.4474 2.5
      vertex -33.924 17.2287 2.5
    endloop
  endfacet
  facet normal 0 0 1
    outer loop
      vertex 34.1101 17.6466 2.5
      vertex -34.1101 17.6466 2.5
      vertex -33.9951 17.4474 2.5
    endloop
  endfacet
  facet normal 0 0 1
    outer loop
      vertex 34.1101 17.6466 2.5
      vertex -34.264 17.8175 2.5
      vertex -34.1101 17.6466 2.5
    endloop
  endfacet
  facet normal -0 0 1
    outer loop
      vertex -40 25 2.5
      vertex -34.264 17.8175 2.5
      vertex 40 25 2.5
    endloop
  endfacet
  facet normal 0 0 1
    outer loop
      vertex -34.264 17.8175 2.5
      vertex -40 25 2.5
      vertex -34.45 17.9526 2.5
    endloop
  endfacet
  facet normal 0 0 1
    outer loop
      vertex -34.45 17.9526 2.5
      vertex -40 25 2.5
      vertex -34.6601 18.0462 2.5
    endloop
  endfacet
  facet normal 0 0 1
    outer loop
      vertex -34.6601 18.0462 2.5
      vertex -40 25 2.5
      vertex -34.885 18.094 2.5
    endloop
  endfacet
  facet normal 0 0 1
    outer loop
      vertex -36.076 17.2287 2.5
      vertex -45 20 2.5
      vertex -36.1 17 2.5
    endloop
  endfacet
  facet normal 0 0 1
    outer loop
      vertex -36.0049 17.4474 2.5
      vertex -45 20 2.5
      vertex -36.076 17.2287 2.5
    endloop
  endfacet
  facet normal 0 0 1
    outer loop
      vertex -35.8899 17.6466 2.5
      vertex -45 20 2.5
      vertex -36.0049 17.4474 2.5
    endloop
  endfacet
  facet normal -0 0 1
    outer loop
      vertex -45 20 2.5
      vertex -35.8899 17.6466 2.5
      vertex -40 25 2.5
    endloop
  endfacet
  facet normal 0 0 1
    outer loop
      vertex -35.736 17.8175 2.5
      vertex -40 25 2.5
      vertex -35.8899 17.6466 2.5
    endloop
  endfacet
  facet normal 0 0 1
    outer loop
      vertex -35.55 17.9526 2.5
      vertex -40 25 2.5
      vertex -35.736 17.8175 2.5
    endloop
  endfacet
  facet normal 0 0 1
    outer loop
      vertex -35.3399 18.0462 2.5
      vertex -40 25 2.5
      vertex -35.55 17.9526 2.5
    endloop
  endfacet
  facet normal 0 0 1
    outer loop
      vertex -35.115 18.094 2.5
      vertex -40 25 2.5
      vertex -35.3399 18.0462 2.5
    endloop
  endfacet
  facet normal 0 0 1
    outer loop
      vertex -34.885 18.094 2.5
      vertex -40 25 2.5
      vertex -35.115 18.094 2.5
    endloop
  endfacet
  facet normal 0 0 1
    outer loop
      vertex 43.7157 -23.3457 2.5
      vertex 35.8899 -17.6466 2.5
      vertex 42.9389 -24.0451 2.5
    endloop
  endfacet
  facet normal 0 0 1
    outer loop
      vertex 42.9389 -24.0451 2.5
      vertex 35.8899 -17.6466 2.5
      vertex 42.0337 -24.5677 2.5
    endloop
  endfacet
  facet normal 0 0 1
    outer loop
      vertex 42.0337 -24.5677 2.5
      vertex 35.8899 -17.6466 2.5
      vertex 41.0396 -24.8907 2.5
    endloop
  endfacet
  facet normal 0 0 1
    outer loop
      vertex 41.0396 -24.8907 2.5
      vertex 35.8899 -17.6466 2.5
      vertex 40 -25 2.5
    endloop
  endfacet
  facet normal -0 0 1
    outer loop
      vertex 35.736 -17.8175 2.5
      vertex 40 -25 2.5
      vertex 35.8899 -17.6466 2.5
    endloop
  endfacet
  facet normal -0 0 1
    outer loop
      vertex 35.55 -17.9526 2.5
      vertex 40 -25 2.5
      vertex 35.736 -17.8175 2.5
    endloop
  endfacet
  facet normal -0 0 1
    outer loop
      vertex 35.3399 -18.0462 2.5
      vertex 40 -25 2.5
      vertex 35.55 -17.9526 2.5
    endloop
  endfacet
  facet normal -0 0 1
    outer loop
      vertex 35.115 -18.094 2.5
      vertex 40 -25 2.5
      vertex 35.3399 -18.0462 2.5
    endloop
  endfacet
  facet normal -0 0 1
    outer loop
      vertex 34.885 -18.094 2.5
      vertex 40 -25 2.5
      vertex 35.115 -18.094 2.5
    endloop
  endfacet
  facet normal 0 0 1
    outer loop
      vertex 34.6601 -18.0462 2.5
      vertex 40 -25 2.5
      vertex 34.885 -18.094 2.5
    endloop
  endfacet
  facet normal 0 0 1
    outer loop
      vertex 34.45 -17.9526 2.5
      vertex 40 -25 2.5
      vertex 34.6601 -18.0462 2.5
    endloop
  endfacet
  facet normal 0 0 1
    outer loop
      vertex 34.264 -17.8175 2.5
      vertex 40 -25 2.5
      vertex 34.45 -17.9526 2.5
    endloop
  endfacet
  facet normal 0 0 1
    outer loop
      vertex -34.264 -17.8175 2.5
      vertex 34.264 -17.8175 2.5
      vertex 34.1101 -17.6466 2.5
    endloop
  endfacet
  facet normal 0 0 1
    outer loop
      vertex 33.924 -16.7713 2.5
      vertex -33.9 -17 2.5
      vertex 33.9 -17 2.5
    endloop
  endfacet
  facet normal 0 0 1
    outer loop
      vertex 33.9 -17 2.5
      vertex -33.9 -17 2.5
      vertex 33.924 -17.2287 2.5
    endloop
  endfacet
  facet normal 0 0 1
    outer loop
      vertex -33.924 -17.2287 2.5
      vertex 33.924 -17.2287 2.5
      vertex -33.9 -17 2.5
    endloop
  endfacet
  facet normal 0 0 1
    outer loop
      vertex 33.924 -17.2287 2.5
      vertex -33.924 -17.2287 2.5
      vertex 33.9951 -17.4474 2.5
    endloop
  endfacet
  facet normal 0 0 1
    outer loop
      vertex -33.9951 -17.4474 2.5
      vertex 33.9951 -17.4474 2.5
      vertex -33.924 -17.2287 2.5
    endloop
  endfacet
  facet normal 0 0 1
    outer loop
      vertex 33.9951 -17.4474 2.5
      vertex -33.9951 -17.4474 2.5
      vertex 34.1101 -17.6466 2.5
    endloop
  endfacet
  facet normal 0 0 1
    outer loop
      vertex -34.1101 -17.6466 2.5
      vertex 34.1101 -17.6466 2.5
      vertex -33.9951 -17.4474 2.5
    endloop
  endfacet
  facet normal 0 0 1
    outer loop
      vertex -34.264 -17.8175 2.5
      vertex 34.1101 -17.6466 2.5
      vertex -34.1101 -17.6466 2.5
    endloop
  endfacet
  facet normal 0 0 1
    outer loop
      vertex 34.264 -17.8175 2.5
      vertex -34.264 -17.8175 2.5
      vertex 40 -25 2.5
    endloop
  endfacet
  facet normal 0 0 1
    outer loop
      vertex -40 -25 2.5
      vertex -34.264 -17.8175 2.5
      vertex -34.45 -17.9526 2.5
    endloop
  endfacet
  facet normal 0 0 1
    outer loop
      vertex -40 -25 2.5
      vertex -34.45 -17.9526 2.5
      vertex -34.6601 -18.0462 2.5
    endloop
  endfacet
  facet normal 0 0 1
    outer loop
      vertex -40 -25 2.5
      vertex -34.6601 -18.0462 2.5
      vertex -34.885 -18.094 2.5
    endloop
  endfacet
  facet normal 0 0 1
    outer loop
      vertex -40 -25 2.5
      vertex -34.885 -18.094 2.5
      vertex -35.115 -18.094 2.5
    endloop
  endfacet
  facet normal 0 0 1
    outer loop
      vertex -34.264 -17.8175 2.5
      vertex -40 -25 2.5
      vertex 40 -25 2.5
    endloop
  endfacet
  facet normal 0 0 1
    outer loop
      vertex -35.3399 -18.0462 2.5
      vertex -40 -25 2.5
      vertex -35.115 -18.094 2.5
    endloop
  endfacet
  facet normal 0 0 1
    outer loop
      vertex -35.55 -17.9526 2.5
      vertex -40 -25 2.5
      vertex -35.3399 -18.0462 2.5
    endloop
  endfacet
  facet normal 0 0 1
    outer loop
      vertex -35.736 -17.8175 2.5
      vertex -40 -25 2.5
      vertex -35.55 -17.9526 2.5
    endloop
  endfacet
  facet normal 0 0 1
    outer loop
      vertex -35.8899 -17.6466 2.5
      vertex -40 -25 2.5
      vertex -35.736 -17.8175 2.5
    endloop
  endfacet
  facet normal 0 0 1
    outer loop
      vertex -45 -20 2.5
      vertex -35.8899 -17.6466 2.5
      vertex -36.0049 -17.4474 2.5
    endloop
  endfacet
  facet normal 0 0 1
    outer loop
      vertex -45 -20 2.5
      vertex -36.0049 -17.4474 2.5
      vertex -36.076 -17.2287 2.5
    endloop
  endfacet
  facet normal 0 0 1
    outer loop
      vertex -45 -20 2.5
      vertex -36.076 -17.2287 2.5
      vertex -36.1 -17 2.5
    endloop
  endfacet
  facet normal 0 0 1
    outer loop
      vertex -36.0049 -16.5526 2.5
      vertex -45 -20 2.5
      vertex -36.076 -16.7713 2.5
    endloop
  endfacet
  facet normal 0 0 1
    outer loop
      vertex -45 20 2.5
      vertex -40 25 2.5
      vertex -41.0396 24.8907 2.5
    endloop
  endfacet
  facet normal 0 0 1
    outer loop
      vertex -36.076 -16.7713 2.5
      vertex -45 -20 2.5
      vertex -36.1 -17 2.5
    endloop
  endfacet
  facet normal 0 0 1
    outer loop
      vertex -45 20 2.5
      vertex -41.0396 24.8907 2.5
      vertex -42.0337 24.5677 2.5
    endloop
  endfacet
  facet normal 0 0 1
    outer loop
      vertex -35.8899 -17.6466 2.5
      vertex -45 -20 2.5
      vertex -44.0451 -22.9389 2.5
    endloop
  endfacet
  facet normal 0 0 1
    outer loop
      vertex -45 20 2.5
      vertex -42.0337 24.5677 2.5
      vertex -42.9389 24.0451 2.5
    endloop
  endfacet
  facet normal 0 0 1
    outer loop
      vertex -35.8899 -17.6466 2.5
      vertex -41.5451 -24.7553 2.5
      vertex -40 -25 2.5
    endloop
  endfacet
  facet normal 0 0 1
    outer loop
      vertex -45 20 2.5
      vertex -42.9389 24.0451 2.5
      vertex -43.7157 23.3457 2.5
    endloop
  endfacet
  facet normal 0 0 1
    outer loop
      vertex -35.8899 -17.6466 2.5
      vertex -42.5 -24.3301 2.5
      vertex -41.5451 -24.7553 2.5
    endloop
  endfacet
  facet normal 0 0 1
    outer loop
      vertex -45 20 2.5
      vertex -43.7157 23.3457 2.5
      vertex -44.3301 22.5 2.5
    endloop
  endfacet
  facet normal 0 0 1
    outer loop
      vertex -35.8899 -17.6466 2.5
      vertex -43.3457 -23.7157 2.5
      vertex -42.5 -24.3301 2.5
    endloop
  endfacet
  facet normal 0 0 1
    outer loop
      vertex -45 20 2.5
      vertex -44.3301 22.5 2.5
      vertex -44.7553 21.5451 2.5
    endloop
  endfacet
  facet normal 0 0 1
    outer loop
      vertex -35.8899 -17.6466 2.5
      vertex -44.0451 -22.9389 2.5
      vertex -43.3457 -23.7157 2.5
    endloop
  endfacet
  facet normal 0 0 1
    outer loop
      vertex -44.0451 -22.9389 2.5
      vertex -45 -20 2.5
      vertex -44.5677 -22.0337 2.5
    endloop
  endfacet
  facet normal 0 0 1
    outer loop
      vertex -44.5677 -22.0337 2.5
      vertex -45 -20 2.5
      vertex -44.8907 -21.0396 2.5
    endloop
  endfacet
  facet normal 0.587762 0.809034 -0
    outer loop
      vertex 43.3457 23.7157 0
      vertex 42.5 24.3301 2.5
      vertex 43.3457 23.7157 2.5
    endloop
  endfacet
  facet normal 0.587762 0.809034 0
    outer loop
      vertex 42.5 24.3301 2.5
      vertex 43.3457 23.7157 0
      vertex 42.5 24.3301 0
    endloop
  endfacet
  facet normal 0.743161 0.669113 0
    outer loop
      vertex 44.0451 22.9389 2.5
      vertex 43.3457 23.7157 0
      vertex 43.3457 23.7157 2.5
    endloop
  endfacet
  facet normal 0.743161 0.669113 0
    outer loop
      vertex 43.3457 23.7157 0
      vertex 44.0451 22.9389 2.5
      vertex 44.0451 22.9389 0
    endloop
  endfacet
  facet normal -0.587762 -0.809034 0
    outer loop
      vertex -43.3457 -23.7157 0
      vertex -42.5 -24.3301 2.5
      vertex -43.3457 -23.7157 2.5
    endloop
  endfacet
  facet normal -0.587762 -0.809034 -0
    outer loop
      vertex -42.5 -24.3301 2.5
      vertex -43.3457 -23.7157 0
      vertex -42.5 -24.3301 0
    endloop
  endfacet
  facet normal -0.866033 -0.499987 0
    outer loop
      vertex -44.0451 -22.9389 0
      vertex -44.5677 -22.0337 2.5
      vertex -44.5677 -22.0337 0
    endloop
  endfacet
  facet normal -0.866033 -0.499987 0
    outer loop
      vertex -44.5677 -22.0337 2.5
      vertex -44.0451 -22.9389 0
      vertex -44.0451 -22.9389 2.5
    endloop
  endfacet
  facet normal 0.913527 -0.406777 0
    outer loop
      vertex 44.3301 -22.5 2.5
      vertex 44.7553 -21.5451 0
      vertex 44.7553 -21.5451 2.5
    endloop
  endfacet
  facet normal 0.913527 -0.406777 0
    outer loop
      vertex 44.7553 -21.5451 0
      vertex 44.3301 -22.5 2.5
      vertex 44.3301 -22.5 0
    endloop
  endfacet
  facet normal -0.994519 -0.10456 0
    outer loop
      vertex -44.8907 -21.0396 0
      vertex -45 -20 2.5
      vertex -45 -20 0
    endloop
  endfacet
  facet normal -0.994519 -0.10456 0
    outer loop
      vertex -45 -20 2.5
      vertex -44.8907 -21.0396 0
      vertex -44.8907 -21.0396 2.5
    endloop
  endfacet
  facet normal 0.669113 -0.743161 0
    outer loop
      vertex 42.9389 -24.0451 0
      vertex 43.7157 -23.3457 2.5
      vertex 42.9389 -24.0451 2.5
    endloop
  endfacet
  facet normal 0.669113 -0.743161 0
    outer loop
      vertex 43.7157 -23.3457 2.5
      vertex 42.9389 -24.0451 0
      vertex 43.7157 -23.3457 0
    endloop
  endfacet
  facet normal 0.156463 0.987684 -0
    outer loop
      vertex -33 -19 0
      vertex -33.618 -18.9021 1
      vertex -33 -19 1
    endloop
  endfacet
  facet normal 0.156463 0.987684 0
    outer loop
      vertex -33.618 -18.9021 1
      vertex -33 -19 0
      vertex -33.618 -18.9021 0
    endloop
  endfacet
  facet normal -0.104523 0.994522 0
    outer loop
      vertex 33.4158 -18.9563 0
      vertex 33 -19 1
      vertex 33.4158 -18.9563 1
    endloop
  endfacet
  facet normal -0.104523 0.994522 0
    outer loop
      vertex 33 -19 1
      vertex 33.4158 -18.9563 0
      vertex 33 -19 0
    endloop
  endfacet
  facet normal 0.743211 0.669057 0
    outer loop
      vertex -34.3383 -18.4863 1
      vertex -34.618 -18.1756 0.999999
      vertex -34.618 -18.1756 1
    endloop
  endfacet
  facet normal 0.743211 0.669057 0
    outer loop
      vertex -34.618 -18.1756 0.999999
      vertex -34.3383 -18.4863 1
      vertex -34.3383 -18.4863 0.999999
    endloop
  endfacet
  facet normal 0 1 -0
    outer loop
      vertex 33 -19 0
      vertex -33 -19 1
      vertex 33 -19 1
    endloop
  endfacet
  facet normal 0 1 0
    outer loop
      vertex -33 -19 1
      vertex 33 -19 0
      vertex -33 -19 0
    endloop
  endfacet
  facet normal -0.156463 -0.987684 0
    outer loop
      vertex 33 19 0
      vertex 33.618 18.9021 1
      vertex 33 19 1
    endloop
  endfacet
  facet normal -0.156463 -0.987684 -0
    outer loop
      vertex 33.618 18.9021 1
      vertex 33 19 0
      vertex 33.618 18.9021 0
    endloop
  endfacet
  facet normal 0 -1 0
    outer loop
      vertex -33 19 0
      vertex 33 19 1
      vertex -33 19 1
    endloop
  endfacet
  facet normal 0 -1 -0
    outer loop
      vertex 33 19 1
      vertex -33 19 0
      vertex 33 19 0
    endloop
  endfacet
  facet normal -0.406582 -0.913614 0
    outer loop
      vertex 33.618 18.9021 0
      vertex 34 18.7321 1
      vertex 33.618 18.9021 1
    endloop
  endfacet
  facet normal -0.406582 -0.913614 -0
    outer loop
      vertex 34 18.7321 1
      vertex 33.618 18.9021 0
      vertex 34 18.7321 0
    endloop
  endfacet
  facet normal 0.104523 -0.994522 0
    outer loop
      vertex -33.4158 18.9563 0
      vertex -33 19 1
      vertex -33.4158 18.9563 1
    endloop
  endfacet
  facet normal 0.104523 -0.994522 0
    outer loop
      vertex -33 19 1
      vertex -33.4158 18.9563 0
      vertex -33 19 0
    endloop
  endfacet
  facet normal 1 0 0
    outer loop
      vertex -35 15.906 1
      vertex -35 15.1104 0.999999
      vertex -35 15.906 0.999999
    endloop
  endfacet
  facet normal 1 0 0
    outer loop
      vertex -35 15.1104 0.999999
      vertex -35 -15.1104 0.999999
      vertex -35 15.1104 0
    endloop
  endfacet
  facet normal 1 0 0
    outer loop
      vertex -35 15.906 1
      vertex -35 -15.1104 0.999999
      vertex -35 15.1104 0.999999
    endloop
  endfacet
  facet normal 1 -0 0
    outer loop
      vertex -35 -15.906 1
      vertex -35 -15.1104 0.999999
      vertex -35 15.906 1
    endloop
  endfacet
  facet normal 1 0 0
    outer loop
      vertex -35 -15.1104 0.999999
      vertex -35 -15.906 1
      vertex -35 -15.906 0.999999
    endloop
  endfacet
  facet normal 1 0 0
    outer loop
      vertex -35 15.1104 0
      vertex -35 -15.1104 0.999999
      vertex -35 -15.1104 0
    endloop
  endfacet
  facet normal 0.308973 -0.951071 0
    outer loop
      vertex -33.8135 18.8271 0
      vertex -33.4158 18.9563 1
      vertex -33.8135 18.8271 1
    endloop
  endfacet
  facet normal 0.308973 -0.951071 0
    outer loop
      vertex -33.4158 18.9563 1
      vertex -33.8135 18.8271 0
      vertex -33.4158 18.9563 0
    endloop
  endfacet
  facet normal 0 0 -1
    outer loop
      vertex 34.4863 -18.3383 1
      vertex 34.6601 -18.0462 1
      vertex 34.6934 -18.0532 1
    endloop
  endfacet
  facet normal 0 0 -1
    outer loop
      vertex 34.4863 -18.3383 1
      vertex 34.45 -17.9526 1
      vertex 34.6601 -18.0462 1
    endloop
  endfacet
  facet normal 0 0 -1
    outer loop
      vertex 34.4863 -18.3383 1
      vertex 34.264 -17.8175 1
      vertex 34.45 -17.9526 1
    endloop
  endfacet
  facet normal 0 0 -1
    outer loop
      vertex 34.1756 -18.618 1
      vertex 34.264 -17.8175 1
      vertex 34.4863 -18.3383 1
    endloop
  endfacet
  facet normal 0 0 -1
    outer loop
      vertex 34.1756 -18.618 1
      vertex 34.1101 -17.6466 1
      vertex 34.264 -17.8175 1
    endloop
  endfacet
  facet normal 0 0 -1
    outer loop
      vertex 33.8135 -18.8271 1
      vertex 34.1101 -17.6466 1
      vertex 34.1756 -18.618 1
    endloop
  endfacet
  facet normal 0 0 -1
    outer loop
      vertex 33.4158 -18.9563 1
      vertex 34.1101 -17.6466 1
      vertex 33.8135 -18.8271 1
    endloop
  endfacet
  facet normal -0 0 -1
    outer loop
      vertex 33.9951 -17.4474 1
      vertex 33 -19 1
      vertex 33.924 -17.2287 1
    endloop
  endfacet
  facet normal 0 0 -1
    outer loop
      vertex 33 -19 1
      vertex 33.9951 -17.4474 1
      vertex 33.4158 -18.9563 1
    endloop
  endfacet
  facet normal -0 0 -1
    outer loop
      vertex 34.1101 -17.6466 1
      vertex 33.4158 -18.9563 1
      vertex 33.9951 -17.4474 1
    endloop
  endfacet
  facet normal 0 0 -1
    outer loop
      vertex 34.885 -15.906 1
      vertex 35 15.906 1
      vertex 35 -15.906 1
    endloop
  endfacet
  facet normal 0 0 -1
    outer loop
      vertex 34.885 -15.906 1
      vertex 34.885 15.906 1
      vertex 35 15.906 1
    endloop
  endfacet
  facet normal 0 0 -1
    outer loop
      vertex 34.6601 -15.9538 1
      vertex 34.885 15.906 1
      vertex 34.885 -15.906 1
    endloop
  endfacet
  facet normal 0 0 -1
    outer loop
      vertex 34.6601 -15.9538 1
      vertex 34.6601 15.9538 1
      vertex 34.885 15.906 1
    endloop
  endfacet
  facet normal 0 0 -1
    outer loop
      vertex 34.45 -16.0474 1
      vertex 34.6601 15.9538 1
      vertex 34.6601 -15.9538 1
    endloop
  endfacet
  facet normal 0 0 -1
    outer loop
      vertex 34.45 -16.0474 1
      vertex 34.45 16.0474 1
      vertex 34.6601 15.9538 1
    endloop
  endfacet
  facet normal 0 0 -1
    outer loop
      vertex 34.264 -16.1825 1
      vertex 34.45 16.0474 1
      vertex 34.45 -16.0474 1
    endloop
  endfacet
  facet normal 0 0 -1
    outer loop
      vertex 34.264 -16.1825 1
      vertex 34.264 16.1825 1
      vertex 34.45 16.0474 1
    endloop
  endfacet
  facet normal 0 0 -1
    outer loop
      vertex 34.1101 -16.3534 1
      vertex 34.264 16.1825 1
      vertex 34.264 -16.1825 1
    endloop
  endfacet
  facet normal 0 0 -1
    outer loop
      vertex 34.1101 -16.3534 1
      vertex 34.1101 16.3534 1
      vertex 34.264 16.1825 1
    endloop
  endfacet
  facet normal 0 0 -1
    outer loop
      vertex 33.9951 -16.5526 1
      vertex 34.1101 16.3534 1
      vertex 34.1101 -16.3534 1
    endloop
  endfacet
  facet normal 0 0 -1
    outer loop
      vertex 33.9951 -16.5526 1
      vertex 33.9951 16.5526 1
      vertex 34.1101 16.3534 1
    endloop
  endfacet
  facet normal 0 0 -1
    outer loop
      vertex 33.924 -16.7713 1
      vertex 33.9951 16.5526 1
      vertex 33.9951 -16.5526 1
    endloop
  endfacet
  facet normal 0 0 -1
    outer loop
      vertex 33.924 -16.7713 1
      vertex 33.924 16.7713 1
      vertex 33.9951 16.5526 1
    endloop
  endfacet
  facet normal 0 0 -1
    outer loop
      vertex 33.9 -17 1
      vertex 33.924 16.7713 1
      vertex 33.924 -16.7713 1
    endloop
  endfacet
  facet normal -0 0 -1
    outer loop
      vertex 33.924 16.7713 1
      vertex 33.9 -17 1
      vertex 33.9 17 1
    endloop
  endfacet
  facet normal 0 0 -1
    outer loop
      vertex 34.6601 18.0462 1
      vertex 34.618 18.1756 1
      vertex 34.6892 18.0523 1
    endloop
  endfacet
  facet normal 0 0 -1
    outer loop
      vertex 34.45 17.9526 1
      vertex 34.618 18.1756 1
      vertex 34.6601 18.0462 1
    endloop
  endfacet
  facet normal 0 0 -1
    outer loop
      vertex 34.45 17.9526 1
      vertex 34.3383 18.4863 1
      vertex 34.618 18.1756 1
    endloop
  endfacet
  facet normal 0 0 -1
    outer loop
      vertex 34.264 17.8175 1
      vertex 34.3383 18.4863 1
      vertex 34.45 17.9526 1
    endloop
  endfacet
  facet normal 0 0 -1
    outer loop
      vertex 34 18.7321 1
      vertex 34.264 17.8175 1
      vertex 34.1101 17.6466 1
    endloop
  endfacet
  facet normal 0 0 -1
    outer loop
      vertex 34.264 17.8175 1
      vertex 34 18.7321 1
      vertex 34.3383 18.4863 1
    endloop
  endfacet
  facet normal 0 0 -1
    outer loop
      vertex 33.618 18.9021 1
      vertex 34.1101 17.6466 1
      vertex 33.9951 17.4474 1
    endloop
  endfacet
  facet normal 0 0 -1
    outer loop
      vertex 33 19 1
      vertex 33.9951 17.4474 1
      vertex 33.924 17.2287 1
    endloop
  endfacet
  facet normal 0 0 -1
    outer loop
      vertex 33 19 1
      vertex 33.924 17.2287 1
      vertex 33.9 17 1
    endloop
  endfacet
  facet normal 0 0 -1
    outer loop
      vertex 34.1101 17.6466 1
      vertex 33.618 18.9021 1
      vertex 34 18.7321 1
    endloop
  endfacet
  facet normal 0 0 -1
    outer loop
      vertex -33.9951 -16.5526 1
      vertex 33.9 -17 1
      vertex 33 -19 1
    endloop
  endfacet
  facet normal -0 0 -1
    outer loop
      vertex 33.924 -17.2287 1
      vertex 33 -19 1
      vertex 33.9 -17 1
    endloop
  endfacet
  facet normal 0 0 -1
    outer loop
      vertex 33.9 -17 1
      vertex -33.9951 -16.5526 1
      vertex 33.9 17 1
    endloop
  endfacet
  facet normal 0 0 -1
    outer loop
      vertex 33.9951 17.4474 1
      vertex 33 19 1
      vertex 33.618 18.9021 1
    endloop
  endfacet
  facet normal 0 0 -1
    outer loop
      vertex -33.9951 -16.5526 1
      vertex 33 -19 1
      vertex -33 -19 1
    endloop
  endfacet
  facet normal 0 0 -1
    outer loop
      vertex -33.9951 16.5526 1
      vertex 33.9 17 1
      vertex -33.9951 -16.5526 1
    endloop
  endfacet
  facet normal -0 0 -1
    outer loop
      vertex 33 19 1
      vertex -33.9951 16.5526 1
      vertex -33 19 1
    endloop
  endfacet
  facet normal 0 0 -1
    outer loop
      vertex -33.9951 -17.4474 1
      vertex -33 -19 1
      vertex -33.618 -18.9021 1
    endloop
  endfacet
  facet normal 0 0 -1
    outer loop
      vertex -33.9951 -16.5526 1
      vertex -33 -19 1
      vertex -33.924 -16.7713 1
    endloop
  endfacet
  facet normal 0 0 -1
    outer loop
      vertex -33 -19 1
      vertex -33.9 -17 1
      vertex -33.924 -16.7713 1
    endloop
  endfacet
  facet normal 0 0 -1
    outer loop
      vertex -33 -19 1
      vertex -33.924 -17.2287 1
      vertex -33.9 -17 1
    endloop
  endfacet
  facet normal 0 0 -1
    outer loop
      vertex -33 -19 1
      vertex -33.9951 -17.4474 1
      vertex -33.924 -17.2287 1
    endloop
  endfacet
  facet normal 0 0 -1
    outer loop
      vertex -34.1101 -17.6466 1
      vertex -33.618 -18.9021 1
      vertex -34 -18.7321 1
    endloop
  endfacet
  facet normal 0 0 -1
    outer loop
      vertex -33.618 -18.9021 1
      vertex -34.1101 -17.6466 1
      vertex -33.9951 -17.4474 1
    endloop
  endfacet
  facet normal 0 0 -1
    outer loop
      vertex -34 -18.7321 1
      vertex -34.264 -17.8175 1
      vertex -34.1101 -17.6466 1
    endloop
  endfacet
  facet normal 0 0 -1
    outer loop
      vertex -34.3383 -18.4863 1
      vertex -34.264 -17.8175 1
      vertex -34 -18.7321 1
    endloop
  endfacet
  facet normal 0 0 -1
    outer loop
      vertex -34.3383 -18.4863 1
      vertex -34.45 -17.9526 1
      vertex -34.264 -17.8175 1
    endloop
  endfacet
  facet normal 0 0 -1
    outer loop
      vertex -34.618 -18.1756 1
      vertex -34.45 -17.9526 1
      vertex -34.3383 -18.4863 1
    endloop
  endfacet
  facet normal 0 0 -1
    outer loop
      vertex -34.618 -18.1756 1
      vertex -34.6601 -18.0462 1
      vertex -34.45 -17.9526 1
    endloop
  endfacet
  facet normal 0 -0 -1
    outer loop
      vertex -34.6601 -18.0462 1
      vertex -34.618 -18.1756 1
      vertex -34.6892 -18.0523 1
    endloop
  endfacet
  facet normal 0 -0 -1
    outer loop
      vertex -33.9 17 1
      vertex -33 19 1
      vertex -33.924 16.7713 1
    endloop
  endfacet
  facet normal 0 0 -1
    outer loop
      vertex -33.924 17.2287 1
      vertex -33 19 1
      vertex -33.9 17 1
    endloop
  endfacet
  facet normal -0 0 -1
    outer loop
      vertex 33.9 17 1
      vertex -33.9951 16.5526 1
      vertex 33 19 1
    endloop
  endfacet
  facet normal 0 0 -1
    outer loop
      vertex -33 19 1
      vertex -33.9951 16.5526 1
      vertex -33.924 16.7713 1
    endloop
  endfacet
  facet normal 0 0 -1
    outer loop
      vertex -34.1101 -16.3534 1
      vertex -33.9951 16.5526 1
      vertex -33.9951 -16.5526 1
    endloop
  endfacet
  facet normal 0 0 -1
    outer loop
      vertex -34.1101 -16.3534 1
      vertex -34.1101 16.3534 1
      vertex -33.9951 16.5526 1
    endloop
  endfacet
  facet normal 0 0 -1
    outer loop
      vertex -34.264 -16.1825 1
      vertex -34.1101 16.3534 1
      vertex -34.1101 -16.3534 1
    endloop
  endfacet
  facet normal 0 0 -1
    outer loop
      vertex -34.264 -16.1825 1
      vertex -34.264 16.1825 1
      vertex -34.1101 16.3534 1
    endloop
  endfacet
  facet normal 0 0 -1
    outer loop
      vertex -34.45 -16.0474 1
      vertex -34.264 16.1825 1
      vertex -34.264 -16.1825 1
    endloop
  endfacet
  facet normal 0 0 -1
    outer loop
      vertex -34.45 -16.0474 1
      vertex -34.45 16.0474 1
      vertex -34.264 16.1825 1
    endloop
  endfacet
  facet normal 0 0 -1
    outer loop
      vertex -34.6601 -15.9538 1
      vertex -34.45 16.0474 1
      vertex -34.45 -16.0474 1
    endloop
  endfacet
  facet normal 0 0 -1
    outer loop
      vertex -34.6601 -15.9538 1
      vertex -34.6601 15.9538 1
      vertex -34.45 16.0474 1
    endloop
  endfacet
  facet normal 0 0 -1
    outer loop
      vertex -34.885 -15.906 1
      vertex -34.6601 15.9538 1
      vertex -34.6601 -15.9538 1
    endloop
  endfacet
  facet normal 0 0 -1
    outer loop
      vertex -34.885 -15.906 1
      vertex -34.885 15.906 1
      vertex -34.6601 15.9538 1
    endloop
  endfacet
  facet normal 0 0 -1
    outer loop
      vertex -35 -15.906 1
      vertex -34.885 15.906 1
      vertex -34.885 -15.906 1
    endloop
  endfacet
  facet normal -0 0 -1
    outer loop
      vertex -34.885 15.906 1
      vertex -35 -15.906 1
      vertex -35 15.906 1
    endloop
  endfacet
  facet normal 0 0 -1
    outer loop
      vertex -33.9951 17.4474 1
      vertex -33 19 1
      vertex -33.924 17.2287 1
    endloop
  endfacet
  facet normal 0 0 -1
    outer loop
      vertex -33 19 1
      vertex -33.9951 17.4474 1
      vertex -33.4158 18.9563 1
    endloop
  endfacet
  facet normal 0 0 -1
    outer loop
      vertex -34.1101 17.6466 1
      vertex -33.4158 18.9563 1
      vertex -33.9951 17.4474 1
    endloop
  endfacet
  facet normal 0 0 -1
    outer loop
      vertex -33.4158 18.9563 1
      vertex -34.1101 17.6466 1
      vertex -33.8135 18.8271 1
    endloop
  endfacet
  facet normal 0 0 -1
    outer loop
      vertex -34.1101 17.6466 1
      vertex -34.1756 18.618 1
      vertex -33.8135 18.8271 1
    endloop
  endfacet
  facet normal 0 0 -1
    outer loop
      vertex -34.264 17.8175 1
      vertex -34.1756 18.618 1
      vertex -34.1101 17.6466 1
    endloop
  endfacet
  facet normal 0 0 -1
    outer loop
      vertex -34.4863 18.3383 1
      vertex -34.264 17.8175 1
      vertex -34.45 17.9526 1
    endloop
  endfacet
  facet normal 0 0 -1
    outer loop
      vertex -34.264 17.8175 1
      vertex -34.4863 18.3383 1
      vertex -34.1756 18.618 1
    endloop
  endfacet
  facet normal 0 0 -1
    outer loop
      vertex -34.6601 18.0462 1
      vertex -34.4863 18.3383 1
      vertex -34.45 17.9526 1
    endloop
  endfacet
  facet normal 0 0 -1
    outer loop
      vertex -34.4863 18.3383 1
      vertex -34.6601 18.0462 1
      vertex -34.6934 18.0532 1
    endloop
  endfacet
  facet normal 0.500366 -0.865814 0
    outer loop
      vertex -34.0941 18.6651 0.999999
      vertex -34.1756 18.618 1
      vertex -34.1756 18.618 0.999999
    endloop
  endfacet
  facet normal 0.0157614 -0.0272941 -0.999503
    outer loop
      vertex -34.1756 18.618 1
      vertex -34.0941 18.6651 0.999999
      vertex -33.8135 18.8271 1
    endloop
  endfacet
  facet normal 0.49999 -0.866031 0
    outer loop
      vertex -34.0941 18.6651 0
      vertex -33.8135 18.8271 1
      vertex -34.0941 18.6651 0.999999
    endloop
  endfacet
  facet normal 0.49999 -0.866031 0
    outer loop
      vertex -33.8135 18.8271 1
      vertex -34.0941 18.6651 0
      vertex -33.8135 18.8271 0
    endloop
  endfacet
  facet normal 0.406582 0.913614 -0
    outer loop
      vertex -33.618 -18.9021 0
      vertex -34 -18.7321 1
      vertex -33.618 -18.9021 1
    endloop
  endfacet
  facet normal 0.406582 0.913614 0
    outer loop
      vertex -34 -18.7321 1
      vertex -33.618 -18.9021 0
      vertex -34 -18.7321 0
    endloop
  endfacet
  facet normal -0.308973 0.951071 0
    outer loop
      vertex 33.8135 -18.8271 0
      vertex 33.4158 -18.9563 1
      vertex 33.8135 -18.8271 1
    endloop
  endfacet
  facet normal -0.308973 0.951071 0
    outer loop
      vertex 33.4158 -18.9563 1
      vertex 33.8135 -18.8271 0
      vertex 33.4158 -18.9563 0
    endloop
  endfacet
  facet normal -0.809067 0.587716 0
    outer loop
      vertex 34.4863 -18.3383 0.999999
      vertex 34.6934 -18.0532 1
      vertex 34.6934 -18.0532 0.999999
    endloop
  endfacet
  facet normal -0.809067 0.587716 0
    outer loop
      vertex 34.6934 -18.0532 1
      vertex 34.4863 -18.3383 0.999999
      vertex 34.4863 -18.3383 1
    endloop
  endfacet
  facet normal -0.669057 0.743211 0
    outer loop
      vertex 34.4863 -18.3383 0.999999
      vertex 34.1756 -18.618 1
      vertex 34.4863 -18.3383 1
    endloop
  endfacet
  facet normal -0.669057 0.743211 0
    outer loop
      vertex 34.1756 -18.618 1
      vertex 34.4863 -18.3383 0.999999
      vertex 34.1756 -18.618 0.999999
    endloop
  endfacet
  facet normal 0.865987 0.500067 0
    outer loop
      vertex -34.618 -18.1756 1
      vertex -34.6892 -18.0523 0.999999
      vertex -34.6892 -18.0523 1
    endloop
  endfacet
  facet normal 0.865987 0.500067 0
    outer loop
      vertex -34.6892 -18.0523 0.999999
      vertex -34.618 -18.1756 1
      vertex -34.618 -18.1756 0.999999
    endloop
  endfacet
  facet normal -0.500366 0.865814 0
    outer loop
      vertex 34.0941 -18.6651 0.999999
      vertex 34.1756 -18.618 1
      vertex 34.1756 -18.618 0.999999
    endloop
  endfacet
  facet normal -0.0157614 0.0272941 -0.999503
    outer loop
      vertex 34.1756 -18.618 1
      vertex 34.0941 -18.6651 0.999999
      vertex 33.8135 -18.8271 1
    endloop
  endfacet
  facet normal -0.49999 0.866031 0
    outer loop
      vertex 34.0941 -18.6651 0
      vertex 33.8135 -18.8271 1
      vertex 34.0941 -18.6651 0.999999
    endloop
  endfacet
  facet normal -0.49999 0.866031 0
    outer loop
      vertex 33.8135 -18.8271 1
      vertex 34.0941 -18.6651 0
      vertex 33.8135 -18.8271 0
    endloop
  endfacet
  facet normal 0.669057 -0.743211 0
    outer loop
      vertex -34.4863 18.3383 0.999999
      vertex -34.1756 18.618 1
      vertex -34.4863 18.3383 1
    endloop
  endfacet
  facet normal 0.669057 -0.743211 0
    outer loop
      vertex -34.1756 18.618 1
      vertex -34.4863 18.3383 0.999999
      vertex -34.1756 18.618 0.999999
    endloop
  endfacet
  facet normal 0.809067 -0.587716 0
    outer loop
      vertex -34.6934 18.0532 1
      vertex -34.4863 18.3383 0.999999
      vertex -34.4863 18.3383 1
    endloop
  endfacet
  facet normal 0.809067 -0.587716 0
    outer loop
      vertex -34.4863 18.3383 0.999999
      vertex -34.6934 18.0532 1
      vertex -34.6934 18.0532 0.999999
    endloop
  endfacet
  facet normal 0.409801 0.564018 0.716901
    outer loop
      vertex -34 -18.7321 1
      vertex -34.0929 -18.6646 0.999999
      vertex -34.3383 -18.4863 1
    endloop
  endfacet
  facet normal 0.587809 0.809 -0
    outer loop
      vertex -34 -18.7321 0
      vertex -34.0929 -18.6646 0.999999
      vertex -34 -18.7321 1
    endloop
  endfacet
  facet normal 0.587809 0.809 0
    outer loop
      vertex -34.0929 -18.6646 0.999999
      vertex -34 -18.7321 0
      vertex -34.0929 -18.6646 0
    endloop
  endfacet
  facet normal 0.587799 0.809007 0
    outer loop
      vertex -34.3383 -18.4863 1
      vertex -34.0929 -18.6646 0.999999
      vertex -34.3383 -18.4863 0.999999
    endloop
  endfacet
  facet normal -1 0 0
    outer loop
      vertex 35 15.1104 0
      vertex 35 -15.1104 0
      vertex 35 15.1104 0.999999
    endloop
  endfacet
  facet normal -1 0 0
    outer loop
      vertex 35 15.1104 0.999999
      vertex 35 15.906 1
      vertex 35 15.906 0.999999
    endloop
  endfacet
  facet normal -1 0 0
    outer loop
      vertex 35 -15.1104 0.999999
      vertex 35 15.1104 0.999999
      vertex 35 -15.1104 0
    endloop
  endfacet
  facet normal -1 0 0
    outer loop
      vertex 35 -15.1104 0.999999
      vertex 35 15.906 1
      vertex 35 15.1104 0.999999
    endloop
  endfacet
  facet normal -1 0 0
    outer loop
      vertex 35 -15.906 1
      vertex 35 -15.1104 0.999999
      vertex 35 -15.906 0.999999
    endloop
  endfacet
  facet normal -1 0 0
    outer loop
      vertex 35 -15.1104 0.999999
      vertex 35 -15.906 1
      vertex 35 15.906 1
    endloop
  endfacet
  facet normal -0.865987 -0.500067 0
    outer loop
      vertex 34.6892 18.0523 0.999999
      vertex 34.618 18.1756 1
      vertex 34.618 18.1756 0.999999
    endloop
  endfacet
  facet normal -0.865987 -0.500067 0
    outer loop
      vertex 34.618 18.1756 1
      vertex 34.6892 18.0523 0.999999
      vertex 34.6892 18.0523 1
    endloop
  endfacet
  facet normal -0.743211 -0.669057 0
    outer loop
      vertex 34.618 18.1756 0.999999
      vertex 34.3383 18.4863 1
      vertex 34.3383 18.4863 0.999999
    endloop
  endfacet
  facet normal -0.743211 -0.669057 0
    outer loop
      vertex 34.3383 18.4863 1
      vertex 34.618 18.1756 0.999999
      vertex 34.618 18.1756 1
    endloop
  endfacet
  facet normal -0.409801 -0.564018 0.716901
    outer loop
      vertex 34 18.7321 1
      vertex 34.0929 18.6646 0.999999
      vertex 34.3383 18.4863 1
    endloop
  endfacet
  facet normal -0.587809 -0.809 0
    outer loop
      vertex 34 18.7321 0
      vertex 34.0929 18.6646 0.999999
      vertex 34 18.7321 1
    endloop
  endfacet
  facet normal -0.587809 -0.809 -0
    outer loop
      vertex 34.0929 18.6646 0.999999
      vertex 34 18.7321 0
      vertex 34.0929 18.6646 0
    endloop
  endfacet
  facet normal -0.587799 -0.809007 -0
    outer loop
      vertex 34.3383 18.4863 1
      vertex 34.0929 18.6646 0.999999
      vertex 34.3383 18.4863 0.999999
    endloop
  endfacet
endsolid OpenSCAD_Model
