ISO-10303-21;
HEADER;
FILE_DESCRIPTION(('Open CASCADE Model'),'2;1');
FILE_NAME('Open CASCADE Shape Model','2026-08-14T20:01:21',('Author'),(
    'Open CASCADE'),'Open CASCADE STEP processor 7.9','build123d',
  'Unknown');
FILE_SCHEMA(('AUTOMOTIVE_DESIGN { 1 0 10303 214 1 1 1 1 }'));
ENDSEC;
DATA;
#1 = APPLICATION_PROTOCOL_DEFINITION('international standard',
  'automotive_design',2000,#2);
#2 = APPLICATION_CONTEXT(
  'core data for automotive mechanical design processes');
#3 = SHAPE_DEFINITION_REPRESENTATION(#4,#10);
#4 = PRODUCT_DEFINITION_SHAPE('','',#5);
#5 = PRODUCT_DEFINITION('design','',#6,#9);
#6 = PRODUCT_DEFINITION_FORMATION('','',#7);
#7 = PRODUCT('COMPOUND','COMPOUND','',(#8));
#8 = PRODUCT_CONTEXT('',#2,'mechanical');
#9 = PRODUCT_DEFINITION_CONTEXT('part definition',#2,'design');
#10 = ADVANCED_BREP_SHAPE_REPRESENTATION('',(#11,#15),#4125);
#11 = AXIS2_PLACEMENT_3D('',#12,#13,#14);
#12 = CARTESIAN_POINT('',(0.,0.,0.));
#13 = DIRECTION('',(0.,0.,1.));
#14 = DIRECTION('',(1.,0.,-0.));
#15 = MANIFOLD_SOLID_BREP('',#16);
#16 = CLOSED_SHELL('',(#17,#873,#972,#1023,#1184,#1248,#1729,#1804,#1857
    ,#1910,#1941,#2016,#2069,#2122,#2153,#2886,#2941,#3517,#3542,#3548,
    #3573,#3600,#3627,#3675,#3720,#3745,#3791,#3816,#3843,#3870,#3895,
    #3902,#3949,#3976,#4003,#4010,#4057,#4084,#4111,#4118));
#17 = ADVANCED_FACE('',(#18,#613,#743),#33,.T.);
#18 = FACE_BOUND('',#19,.T.);
#19 = EDGE_LOOP('',(#20,#56,#88,#117,#583));
#20 = ORIENTED_EDGE('',*,*,#21,.F.);
#21 = EDGE_CURVE('',#22,#24,#26,.T.);
#22 = VERTEX_POINT('',#23);
#23 = CARTESIAN_POINT('',(-24.04185506622,166.11033158091,-39.9));
#24 = VERTEX_POINT('',#25);
#25 = CARTESIAN_POINT('',(9.346387012134,156.90666453448,
    2.13162820728E-14));
#26 = SURFACE_CURVE('',#27,(#32,#44),.PCURVE_S1.);
#27 = CIRCLE('',#28,53.);
#28 = AXIS2_PLACEMENT_3D('',#29,#30,#31);
#29 = CARTESIAN_POINT('',(24.625450319448,147.65786869658,-49.9));
#30 = DIRECTION('',(0.341198412901,0.937434934998,-6.927759867831E-02));
#31 = DIRECTION('',(0.939692620786,-0.342020143326,-1.698782609248E-19)
  );
#32 = PCURVE('',#33,#38);
#33 = CONICAL_SURFACE('',#34,43.,6.916708676611E-02);
#34 = AXIS2_PLACEMENT_3D('',#35,#36,#37);
#35 = CARTESIAN_POINT('',(-24.62545031944,12.342131303415,-39.9));
#36 = DIRECTION('',(0.341198412901,0.937434934998,-6.927759867831E-02));
#37 = DIRECTION('',(0.939692620786,-0.342020143326,-1.698782609248E-19)
  );
#38 = DEFINITIONAL_REPRESENTATION('',(#39),#43);
#39 = LINE('',#40,#41);
#40 = CARTESIAN_POINT('',(0.,144.34680460612));
#41 = VECTOR('',#42,1.);
#42 = DIRECTION('',(1.,0.));
#43 = ( GEOMETRIC_REPRESENTATION_CONTEXT(2) 
PARAMETRIC_REPRESENTATION_CONTEXT() REPRESENTATION_CONTEXT('2D SPACE',''
  ) );
#44 = PCURVE('',#45,#50);
#45 = PLANE('',#46);
#46 = AXIS2_PLACEMENT_3D('',#47,#48,#49);
#47 = CARTESIAN_POINT('',(24.625450319448,147.65786869658,-49.9));
#48 = DIRECTION('',(0.341198412901,0.937434934998,-6.927759867831E-02));
#49 = DIRECTION('',(0.939692620786,-0.342020143326,-1.698782609248E-19)
  );
#50 = DEFINITIONAL_REPRESENTATION('',(#51),#55);
#51 = CIRCLE('',#52,53.);
#52 = AXIS2_PLACEMENT_2D('',#53,#54);
#53 = CARTESIAN_POINT('',(0.,0.));
#54 = DIRECTION('',(1.,0.));
#55 = ( GEOMETRIC_REPRESENTATION_CONTEXT(2) 
PARAMETRIC_REPRESENTATION_CONTEXT() REPRESENTATION_CONTEXT('2D SPACE',''
  ) );
#56 = ORIENTED_EDGE('',*,*,#57,.T.);
#57 = EDGE_CURVE('',#22,#58,#60,.T.);
#58 = VERTEX_POINT('',#59);
#59 = CARTESIAN_POINT('',(-65.03223301324,27.048997466418,-39.9));
#60 = SURFACE_CURVE('',#61,(#66,#76),.PCURVE_S1.);
#61 = ELLIPSE('',#62,1.293272308933E+05,620.69125980636);
#62 = AXIS2_PLACEMENT_3D('',#63,#64,#65);
#63 = CARTESIAN_POINT('',(4.41016204753E+04,1.212482064172E+05,-39.9));
#64 = DIRECTION('',(0.,0.,1.));
#65 = DIRECTION('',(0.342020143326,0.939692620786,-0.));
#66 = PCURVE('',#33,#67);
#67 = DEFINITIONAL_REPRESENTATION('',(#68),#75);
#68 = B_SPLINE_CURVE_WITH_KNOTS('',5,(#69,#70,#71,#72,#73,#74),
  .UNSPECIFIED.,.F.,.F.,(6,6),(3.057646576173,3.072259519902),
  .PIECEWISE_BEZIER_KNOTS.);
#69 = CARTESIAN_POINT('',(3.331872455086,144.34680460614));
#70 = CARTESIAN_POINT('',(3.297645562812,112.7310744019));
#71 = CARTESIAN_POINT('',(3.261650554488,82.487990673962));
#72 = CARTESIAN_POINT('',(3.223746569224,53.618116019713));
#73 = CARTESIAN_POINT('',(3.183779288252,26.121964183015));
#74 = CARTESIAN_POINT('',(3.14159265359,-2.656190436158E-11));
#75 = ( GEOMETRIC_REPRESENTATION_CONTEXT(2) 
PARAMETRIC_REPRESENTATION_CONTEXT() REPRESENTATION_CONTEXT('2D SPACE',''
  ) );
#76 = PCURVE('',#77,#82);
#77 = PLANE('',#78);
#78 = AXIS2_PLACEMENT_3D('',#79,#80,#81);
#79 = CARTESIAN_POINT('',(-200.,-52.,-39.9));
#80 = DIRECTION('',(0.,0.,1.));
#81 = DIRECTION('',(1.,0.,-0.));
#82 = DEFINITIONAL_REPRESENTATION('',(#83),#87);
#83 = ELLIPSE('',#84,1.293272308933E+05,620.69125980636);
#84 = AXIS2_PLACEMENT_2D('',#85,#86);
#85 = CARTESIAN_POINT('',(4.43016204753E+04,1.213002064172E+05));
#86 = DIRECTION('',(0.342020143326,0.939692620786));
#87 = ( GEOMETRIC_REPRESENTATION_CONTEXT(2) 
PARAMETRIC_REPRESENTATION_CONTEXT() REPRESENTATION_CONTEXT('2D SPACE',''
  ) );
#88 = ORIENTED_EDGE('',*,*,#89,.T.);
#89 = EDGE_CURVE('',#58,#90,#92,.T.);
#90 = VERTEX_POINT('',#91);
#91 = CARTESIAN_POINT('',(-54.85200821667,25.387922910929,
    -12.23842884038));
#92 = SURFACE_CURVE('',#93,(#98,#105),.PCURVE_S1.);
#93 = CIRCLE('',#94,43.);
#94 = AXIS2_PLACEMENT_3D('',#95,#96,#97);
#95 = CARTESIAN_POINT('',(-24.62545031944,12.342131303415,-39.9));
#96 = DIRECTION('',(0.341198412901,0.937434934998,-6.927759867831E-02));
#97 = DIRECTION('',(0.939692620786,-0.342020143326,-1.698782609248E-19)
  );
#98 = PCURVE('',#33,#99);
#99 = DEFINITIONAL_REPRESENTATION('',(#100),#104);
#100 = LINE('',#101,#102);
#101 = CARTESIAN_POINT('',(0.,0.));
#102 = VECTOR('',#103,1.);
#103 = DIRECTION('',(1.,0.));
#104 = ( GEOMETRIC_REPRESENTATION_CONTEXT(2) 
PARAMETRIC_REPRESENTATION_CONTEXT() REPRESENTATION_CONTEXT('2D SPACE',''
  ) );
#105 = PCURVE('',#106,#111);
#106 = PLANE('',#107);
#107 = AXIS2_PLACEMENT_3D('',#108,#109,#110);
#108 = CARTESIAN_POINT('',(-24.62545031944,12.342131303415,-39.9));
#109 = DIRECTION('',(0.341198412901,0.937434934998,-6.927759867831E-02)
  );
#110 = DIRECTION('',(0.939692620786,-0.342020143326,-1.698782609248E-19)
  );
#111 = DEFINITIONAL_REPRESENTATION('',(#112),#116);
#112 = CIRCLE('',#113,43.);
#113 = AXIS2_PLACEMENT_2D('',#114,#115);
#114 = CARTESIAN_POINT('',(0.,0.));
#115 = DIRECTION('',(1.,0.));
#116 = ( GEOMETRIC_REPRESENTATION_CONTEXT(2) 
PARAMETRIC_REPRESENTATION_CONTEXT() REPRESENTATION_CONTEXT('2D SPACE',''
  ) );
#117 = ORIENTED_EDGE('',*,*,#118,.T.);
#118 = EDGE_CURVE('',#90,#119,#121,.T.);
#119 = VERTEX_POINT('',#120);
#120 = CARTESIAN_POINT('',(-35.98334174235,27.586766989476,
    6.125492777337E-15));
#121 = SURFACE_CURVE('',#122,(#272,#425),.PCURVE_S1.);
#122 = B_SPLINE_CURVE_WITH_KNOTS('',8,(#123,#124,#125,#126,#127,#128,
    #129,#130,#131,#132,#133,#134,#135,#136,#137,#138,#139,#140,#141,
    #142,#143,#144,#145,#146,#147,#148,#149,#150,#151,#152,#153,#154,
    #155,#156,#157,#158,#159,#160,#161,#162,#163,#164,#165,#166,#167,
    #168,#169,#170,#171,#172,#173,#174,#175,#176,#177,#178,#179,#180,
    #181,#182,#183,#184,#185,#186,#187,#188,#189,#190,#191,#192,#193,
    #194,#195,#196,#197,#198,#199,#200,#201,#202,#203,#204,#205,#206,
    #207,#208,#209,#210,#211,#212,#213,#214,#215,#216,#217,#218,#219,
    #220,#221,#222,#223,#224,#225,#226,#227,#228,#229,#230,#231,#232,
    #233,#234,#235,#236,#237,#238,#239,#240,#241,#242,#243,#244,#245,
    #246,#247,#248,#249,#250,#251,#252,#253,#254,#255,#256,#257,#258,
    #259,#260,#261,#262,#263,#264,#265,#266,#267,#268,#269,#270,#271),
  .UNSPECIFIED.,.F.,.F.,(9,7,7,7,7,7,7,7,7,7,7,7,7,7,7,7,7,7,7,7,7,9),(
    0.,0.175468065009,0.324300606837,0.385758944609,0.437887174708,
    0.465944880452,0.489657720294,0.515776348578,0.529445648886,
    0.533487694775,0.539817752996,0.544875105694,0.547491506775,
    0.55327934399,0.563896983071,0.578060298291,0.616665366313,
    0.651387816226,0.695223228682,0.770080513401,0.867981592795,1.),
  .UNSPECIFIED.);
#123 = CARTESIAN_POINT('',(-54.85200821668,25.387922910892,
    -12.23842884037));
#124 = CARTESIAN_POINT('',(-54.4930345736,26.616447485663,
    -12.28798205717));
#125 = CARTESIAN_POINT('',(-54.12738825649,27.843806196402,
    -12.32964832166));
#126 = CARTESIAN_POINT('',(-53.754745749,29.069920995775,-12.3630010749)
  );
#127 = CARTESIAN_POINT('',(-53.37472196288,30.294688023222,
    -12.38755381445));
#128 = CARTESIAN_POINT('',(-52.98684562249,31.517972584218,
    -12.40273672579));
#129 = CARTESIAN_POINT('',(-52.5905377921,32.739604861791,-12.4078760317
    ));
#130 = CARTESIAN_POINT('',(-52.18506275259,33.95937007026,
    -12.40214769487));
#131 = CARTESIAN_POINT('',(-51.41687136695,36.209772909843,
    -12.36948886416));
#132 = CARTESIAN_POINT('',(-51.05702155902,37.240971292261,
    -12.34590918426));
#133 = CARTESIAN_POINT('',(-50.68925096368,38.270443968871,
    -12.31308358383));
#134 = CARTESIAN_POINT('',(-50.31280718387,39.297980190829,
    -12.27022084459));
#135 = CARTESIAN_POINT('',(-49.92677526825,40.32328930538,
    -12.21636444612));
#136 = CARTESIAN_POINT('',(-49.52995455552,41.3459701306,-12.15027880386
    ));
#137 = CARTESIAN_POINT('',(-49.12079224888,42.365495071122,
    -12.07038628667));
#138 = CARTESIAN_POINT('',(-48.52176889226,43.800446502906,
    -11.93457203396));
#139 = CARTESIAN_POINT('',(-48.34418272205,44.219135512193,
    -11.89211301506));
#140 = CARTESIAN_POINT('',(-48.1639053404,44.637088513582,
    -11.84671744732));
#141 = CARTESIAN_POINT('',(-47.98073874338,45.05423663734,
    -11.79818942878));
#142 = CARTESIAN_POINT('',(-47.79445599181,45.470496157763,
    -11.74630424326));
#143 = CARTESIAN_POINT('',(-47.60479071421,45.88576548733,
    -11.69079870435));
#144 = CARTESIAN_POINT('',(-47.41141902034,46.299919961085,
    -11.63135453552));
#145 = CARTESIAN_POINT('',(-47.046429235,47.063008084209,-11.5134775633)
  );
#146 = CARTESIAN_POINT('',(-46.87597159488,47.412284750876,
    -11.45626321827));
#147 = CARTESIAN_POINT('',(-46.70230711158,47.760548988951,
    -11.39568735171));
#148 = CARTESIAN_POINT('',(-46.52514498807,48.107687028291,
    -11.3314667498));
#149 = CARTESIAN_POINT('',(-46.34413883142,48.453550371194,
    -11.26326226505));
#150 = CARTESIAN_POINT('',(-46.15887261243,48.797951098909,
    -11.1906658695));
#151 = CARTESIAN_POINT('',(-45.96882411389,49.140649620279,
    -11.11316700313));
#152 = CARTESIAN_POINT('',(-45.6680277193,49.66469242164,-10.98534867661
    ));
#153 = CARTESIAN_POINT('',(-45.56118741924,49.847467342676,
    -10.93900447615));
#154 = CARTESIAN_POINT('',(-45.45264626344,50.02960189287,
    -10.89093295699));
#155 = CARTESIAN_POINT('',(-45.34227782136,50.211035421412,
    -10.84101093863));
#156 = CARTESIAN_POINT('',(-45.22993901277,50.391694415851,
    -10.78909813304));
#157 = CARTESIAN_POINT('',(-45.11546400449,50.571490105261,
    -10.73503149702));
#158 = CARTESIAN_POINT('',(-44.99865386333,50.750314366079,
    -10.67861564575));
#159 = CARTESIAN_POINT('',(-44.77835845688,51.078232796117,
    -10.56974041116));
#160 = CARTESIAN_POINT('',(-44.67561741032,51.227632170582,
    -10.51802426859));
#161 = CARTESIAN_POINT('',(-44.57088651326,51.37615929759,
    -10.46431418307));
#162 = CARTESIAN_POINT('',(-44.46399162549,51.523716413897,
    -10.40843932138));
#163 = CARTESIAN_POINT('',(-44.35473551923,51.670180312582,
    -10.35020362386));
#164 = CARTESIAN_POINT('',(-44.24288658763,51.815397086017,
    -10.28937525638));
#165 = CARTESIAN_POINT('',(-44.12815752183,51.95917204867,
    -10.22566662443));
#166 = CARTESIAN_POINT('',(-43.88022035721,52.257752654004,
    -10.08494967035));
#167 = CARTESIAN_POINT('',(-43.74647494096,52.412007311992,
    -10.00733627373));
#168 = CARTESIAN_POINT('',(-43.60830256097,52.563879042388,
    -9.925298030784));
#169 = CARTESIAN_POINT('',(-43.46501861359,52.712969790618,
    -9.838168356122));
#170 = CARTESIAN_POINT('',(-43.31590951684,52.858644202354,
    -9.745203490358));
#171 = CARTESIAN_POINT('',(-43.16002063272,52.999878506211,
    -9.645375380338));
#172 = CARTESIAN_POINT('',(-42.99625367906,53.135333373224,
    -9.53746969181));
#173 = CARTESIAN_POINT('',(-42.73139720557,53.329363860592,
    -9.357207153654));
#174 = CARTESIAN_POINT('',(-42.63780248347,53.393689667792,
    -9.292532441664));
#175 = CARTESIAN_POINT('',(-42.54121293594,53.455430281284,
    -9.224731167381));
#176 = CARTESIAN_POINT('',(-42.44129455188,53.514140996918,
    -9.153429559252));
#177 = CARTESIAN_POINT('',(-42.33776546388,53.56917550513,
    -9.078256160992));
#178 = CARTESIAN_POINT('',(-42.230392438,53.619682839333,-8.998839825152
    ));
#179 = CARTESIAN_POINT('',(-42.1189783694,53.6645942429,-8.914798650046)
  );
#180 = CARTESIAN_POINT('',(-41.9691310163,53.713818914718,
    -8.799362557777));
#181 = CARTESIAN_POINT('',(-41.93457856725,53.724442484964,
    -8.772588491418));
#182 = CARTESIAN_POINT('',(-41.89967392276,53.734420305548,
    -8.745379946374));
#183 = CARTESIAN_POINT('',(-41.86442319023,53.743714470324,
    -8.717734569993));
#184 = CARTESIAN_POINT('',(-41.8288365459,53.752285390947,-8.68965314313
    ));
#185 = CARTESIAN_POINT('',(-41.79292860468,53.760092651194,
    -8.661140073668));
#186 = CARTESIAN_POINT('',(-41.75671878984,53.767095861271,
    -8.632203890047));
#187 = CARTESIAN_POINT('',(-41.66309098953,53.782901852038,
    -8.556900099357));
#188 = CARTESIAN_POINT('',(-41.60524864202,53.790483110815,
    -8.509919633573));
#189 = CARTESIAN_POINT('',(-41.54682775492,53.795840597515,
    -8.461989367883));
#190 = CARTESIAN_POINT('',(-41.4879739172,53.798830008307,
    -8.413204690278));
#191 = CARTESIAN_POINT('',(-41.42885606156,53.799331810585,
    -8.363686185234));
#192 = CARTESIAN_POINT('',(-41.36966759525,53.79726324477,
    -8.313582918314));
#193 = CARTESIAN_POINT('',(-41.31062781247,53.792591943811,
    -8.263076166472));
#194 = CARTESIAN_POINT('',(-41.20513022343,53.779566208577,
    -8.171883142199));
#195 = CARTESIAN_POINT('',(-41.15851378407,53.772139151113,
    -8.131250608092));
#196 = CARTESIAN_POINT('',(-41.11225649024,53.763084611857,
    -8.090593451785));
#197 = CARTESIAN_POINT('',(-41.06646440237,53.752439462283,
    -8.050010020349));
#198 = CARTESIAN_POINT('',(-41.02122874792,53.740259141863,
    -8.009589857439));
#199 = CARTESIAN_POINT('',(-40.97662724822,53.726613968472,
    -7.969414012887));
#200 = CARTESIAN_POINT('',(-40.93272544522,53.711585448783,
    -7.929555352287));
#201 = CARTESIAN_POINT('',(-40.86725588575,53.686818022621,
    -7.86965586547));
#202 = CARTESIAN_POINT('',(-40.84513350068,53.678026226809,
    -7.849333187495));
#203 = CARTESIAN_POINT('',(-40.82321715115,53.668898938842,
    -7.829118631797));
#204 = CARTESIAN_POINT('',(-40.8015118993,53.659448127359,
    -7.809019007081));
#205 = CARTESIAN_POINT('',(-40.78002168367,53.649685855806,
    -7.789040182326));
#206 = CARTESIAN_POINT('',(-40.75874941152,53.639624146217,
    -7.769187137486));
#207 = CARTESIAN_POINT('',(-40.73769705104,53.629274842987,
    -7.749464014188));
#208 = CARTESIAN_POINT('',(-40.67078397708,53.595144712391,
    -7.686538742567));
#209 = CARTESIAN_POINT('',(-40.62578881068,53.570291279265,
    -7.64386010483));
#210 = CARTESIAN_POINT('',(-40.5818849318,53.544212060262,
    -7.601867944709));
#211 = CARTESIAN_POINT('',(-40.53906413187,53.517023555859,
    -7.560579503414));
#212 = CARTESIAN_POINT('',(-40.497307226,53.488833868662,-7.520000858062
    ));
#213 = CARTESIAN_POINT('',(-40.45658599245,53.459740688042,
    -7.480128207861));
#214 = CARTESIAN_POINT('',(-40.41686511221,53.429829274773,
    -7.440949160295));
#215 = CARTESIAN_POINT('',(-40.30699804026,53.342927609161,
    -7.331807319028));
#216 = CARTESIAN_POINT('',(-40.2391594216,53.284200164472,
    -7.263475698601));
#217 = CARTESIAN_POINT('',(-40.17430898416,53.223416091036,
    -7.197301029945));
#218 = CARTESIAN_POINT('',(-40.112205854,53.16092627341,-7.133150747595)
  );
#219 = CARTESIAN_POINT('',(-40.05263264028,53.097013492132,
    -7.070897672649));
#220 = CARTESIAN_POINT('',(-39.99538534116,53.031898394857,
    -7.01041318732));
#221 = CARTESIAN_POINT('',(-39.94026806683,52.965742447791,
    -6.951563758088));
#222 = CARTESIAN_POINT('',(-39.81615956168,52.80914758541,
    -6.817705295014));
#223 = CARTESIAN_POINT('',(-39.74872921899,52.718038172855,
    -6.743914037293));
#224 = CARTESIAN_POINT('',(-39.68438519774,52.625614032346,
    -6.67254330194));
#225 = CARTESIAN_POINT('',(-39.62280651016,52.532104791677,
    -6.603366271516));
#226 = CARTESIAN_POINT('',(-39.56373183375,52.437689057379,
    -6.536196066431));
#227 = CARTESIAN_POINT('',(-39.50693570096,52.342503467645,
    -6.470867773086));
#228 = CARTESIAN_POINT('',(-39.45221657955,52.246647044613,
    -6.407229477219));
#229 = CARTESIAN_POINT('',(-39.25542564324,51.887242112953,
    -6.17591076531));
#230 = CARTESIAN_POINT('',(-39.12571662495,51.620056579899,
    -6.018381973159));
#231 = CARTESIAN_POINT('',(-39.00666598948,51.350010334571,
    -5.869763765407));
#232 = CARTESIAN_POINT('',(-38.89649798521,51.077921692539,
    -5.728692437966));
#233 = CARTESIAN_POINT('',(-38.79374272934,50.804389807157,
    -5.594022344311));
#234 = CARTESIAN_POINT('',(-38.69740279053,50.529750189433,-5.4649581177
    ));
#235 = CARTESIAN_POINT('',(-38.60661284127,50.254160630822,
    -5.340786412756));
#236 = CARTESIAN_POINT('',(-38.44338701237,49.728827770637,
    -5.11308383406));
#237 = CARTESIAN_POINT('',(-38.3700711047,49.479429264945,
    -5.008800009442));
#238 = CARTESIAN_POINT('',(-38.30025636412,49.229503189092,
    -4.90766732032));
#239 = CARTESIAN_POINT('',(-38.23357599134,48.9791382917,-4.809384962112
    ));
#240 = CARTESIAN_POINT('',(-38.16973484305,48.728404177872,
    -4.713709714559));
#241 = CARTESIAN_POINT('',(-38.10848472067,48.477354381446,
    -4.620435640159));
#242 = CARTESIAN_POINT('',(-38.04961101081,48.226027973681,
    -4.529383110415));
#243 = CARTESIAN_POINT('',(-37.92137450005,47.656844324787,
    -4.328056704297));
#244 = CARTESIAN_POINT('',(-37.85331679879,47.338852649497,
    -4.219014687776));
#245 = CARTESIAN_POINT('',(-37.78838960932,47.020536765243,
    -4.112961525738));
#246 = CARTESIAN_POINT('',(-37.72629852772,46.701947129497,
    -4.009648646216));
#247 = CARTESIAN_POINT('',(-37.66680057662,46.383124296602,
    -3.908869972978));
#248 = CARTESIAN_POINT('',(-37.60968858913,46.064100119471,
    -3.810448859163));
#249 = CARTESIAN_POINT('',(-37.55478211086,45.744898430874,
    -3.714230471475));
#250 = CARTESIAN_POINT('',(-37.41166096549,44.880161894403,
    -3.459299188895));
#251 = CARTESIAN_POINT('',(-37.32737545522,44.334335991525,
    -3.304553096845));
#252 = CARTESIAN_POINT('',(-37.24828785374,43.78814697859,-3.15516789132
    ));
#253 = CARTESIAN_POINT('',(-37.17381270026,43.241665423602,-3.0106358343
    ));
#254 = CARTESIAN_POINT('',(-37.1034792529,42.69494608971,-2.870546610068
    ));
#255 = CARTESIAN_POINT('',(-37.03689543253,42.148029298031,
    -2.73455655906));
#256 = CARTESIAN_POINT('',(-36.97373245228,41.60094150839,
    -2.602375518401));
#257 = CARTESIAN_POINT('',(-36.83520265014,40.337988613581,
    -2.30553197292));
#258 = CARTESIAN_POINT('',(-36.76206638067,39.622030362258,
    -2.143400600951));
#259 = CARTESIAN_POINT('',(-36.69366732508,38.90586648266,
    -1.986798746618));
#260 = CARTESIAN_POINT('',(-36.62950908015,38.189533993162,
    -1.83528502955));
#261 = CARTESIAN_POINT('',(-36.569187276,37.473062076503,-1.688498623751
    ));
#262 = CARTESIAN_POINT('',(-36.51236024662,36.756472271849,
    -1.546133737723));
#263 = CARTESIAN_POINT('',(-36.45873241925,36.039778559471,
    -1.407925122346));
#264 = CARTESIAN_POINT('',(-36.33970637104,34.356403149742,
    -1.092568974541));
#265 = CARTESIAN_POINT('',(-36.27671903018,33.389653800136,
    -0.918637766869));
#266 = CARTESIAN_POINT('',(-36.21846552373,32.422763771743,
    -0.751291131678));
#267 = CARTESIAN_POINT('',(-36.16444746251,31.455753818937,
    -0.59008134097));
#268 = CARTESIAN_POINT('',(-36.11425374541,30.488640295977,
    -0.434639735106));
#269 = CARTESIAN_POINT('',(-36.0675342872,29.521434672688,
    -0.284653335534));
#270 = CARTESIAN_POINT('',(-36.02398467343,28.554143237729,
    -0.139851125677));
#271 = CARTESIAN_POINT('',(-35.98334174235,27.586766989474,
    2.238209617644E-13));
#272 = PCURVE('',#33,#273);
#273 = DEFINITIONAL_REPRESENTATION('',(#274),#424);
#274 = B_SPLINE_CURVE_WITH_KNOTS('',8,(#275,#276,#277,#278,#279,#280,
    #281,#282,#283,#284,#285,#286,#287,#288,#289,#290,#291,#292,#293,
    #294,#295,#296,#297,#298,#299,#300,#301,#302,#303,#304,#305,#306,
    #307,#308,#309,#310,#311,#312,#313,#314,#315,#316,#317,#318,#319,
    #320,#321,#322,#323,#324,#325,#326,#327,#328,#329,#330,#331,#332,
    #333,#334,#335,#336,#337,#338,#339,#340,#341,#342,#343,#344,#345,
    #346,#347,#348,#349,#350,#351,#352,#353,#354,#355,#356,#357,#358,
    #359,#360,#361,#362,#363,#364,#365,#366,#367,#368,#369,#370,#371,
    #372,#373,#374,#375,#376,#377,#378,#379,#380,#381,#382,#383,#384,
    #385,#386,#387,#388,#389,#390,#391,#392,#393,#394,#395,#396,#397,
    #398,#399,#400,#401,#402,#403,#404,#405,#406,#407,#408,#409,#410,
    #411,#412,#413,#414,#415,#416,#417,#418,#419,#420,#421,#422,#423),
  .UNSPECIFIED.,.F.,.F.,(9,7,7,7,7,7,7,7,7,7,7,7,7,7,7,7,7,7,7,7,7,9),(
    0.,0.175468065009,0.324300606837,0.385758944609,0.437887174708,
    0.465944880452,0.489657720294,0.515776348578,0.529445648886,
    0.533487694775,0.539817752996,0.544875105694,0.547491506775,
    0.55327934399,0.563896983071,0.578060298291,0.616665366313,
    0.651387816226,0.695223228682,0.770080513401,0.867981592795,1.),
  .UNSPECIFIED.);
#275 = CARTESIAN_POINT('',(3.842408721136,-3.85155985625E-11));
#276 = CARTESIAN_POINT('',(3.841860267447,1.277576020016));
#277 = CARTESIAN_POINT('',(3.84155571821,2.555789435069));
#278 = CARTESIAN_POINT('',(3.841505635331,3.834647913106));
#279 = CARTESIAN_POINT('',(3.84172250243,5.114151779396));
#280 = CARTESIAN_POINT('',(3.842221464189,6.394296089699));
#281 = CARTESIAN_POINT('',(3.843020971885,7.675072505938));
#282 = CARTESIAN_POINT('',(3.844144259031,8.956473619386));
#283 = CARTESIAN_POINT('',(3.846876479658,11.325923015246));
#284 = CARTESIAN_POINT('',(3.84838576643,12.413751043587));
#285 = CARTESIAN_POINT('',(3.850169484364,13.50202335993));
#286 = CARTESIAN_POINT('',(3.852251035587,14.590744303948));
#287 = CARTESIAN_POINT('',(3.854659079218,15.679887322074));
#288 = CARTESIAN_POINT('',(3.857431255998,16.769400397777));
#289 = CARTESIAN_POINT('',(3.860616197475,17.859209462025));
#290 = CARTESIAN_POINT('',(3.865807164158,19.399359997482));
#291 = CARTESIAN_POINT('',(3.867407592893,19.849504362245));
#292 = CARTESIAN_POINT('',(3.869096707992,20.29967356751));
#293 = CARTESIAN_POINT('',(3.870880697708,20.749857039397));
#294 = CARTESIAN_POINT('',(3.872766688534,21.200038153995));
#295 = CARTESIAN_POINT('',(3.874763065186,21.650194332214));
#296 = CARTESIAN_POINT('',(3.876880022487,22.100297170174));
#297 = CARTESIAN_POINT('',(3.881039049448,22.932010337182));
#298 = CARTESIAN_POINT('',(3.883043628226,23.313630690337));
#299 = CARTESIAN_POINT('',(3.885151966021,23.695163249228));
#300 = CARTESIAN_POINT('',(3.887373216958,24.076580960851));
#301 = CARTESIAN_POINT('',(3.889718382446,24.457839311673));
#302 = CARTESIAN_POINT('',(3.89220074338,24.838875821401));
#303 = CARTESIAN_POINT('',(3.894836987086,25.21960869822));
#304 = CARTESIAN_POINT('',(3.89916387991,25.80464103336));
#305 = CARTESIAN_POINT('',(3.900729022324,26.009223755474));
#306 = CARTESIAN_POINT('',(3.90234883469,26.213666836379));
#307 = CARTESIAN_POINT('',(3.904027372848,26.417948024135));
#308 = CARTESIAN_POINT('',(3.905769263884,26.622037505528));
#309 = CARTESIAN_POINT('',(3.907579896725,26.825897350373));
#310 = CARTESIAN_POINT('',(3.909465745701,27.029480539758));
#311 = CARTESIAN_POINT('',(3.913098987026,27.40450456015));
#312 = CARTESIAN_POINT('',(3.914822495239,27.576029064895));
#313 = CARTESIAN_POINT('',(3.916610226926,27.747276692658));
#314 = CARTESIAN_POINT('',(3.918467869308,27.9182033782));
#315 = CARTESIAN_POINT('',(3.920401959871,28.088747334316));
#316 = CARTESIAN_POINT('',(3.922420244939,28.258827245599));
#317 = CARTESIAN_POINT('',(3.924532358544,28.428338712495));
#318 = CARTESIAN_POINT('',(3.929194359035,28.783085837245));
#319 = CARTESIAN_POINT('',(3.931763989336,28.967946396541));
#320 = CARTESIAN_POINT('',(3.934478721172,29.151777046551));
#321 = CARTESIAN_POINT('',(3.937360978755,29.334392043215));
#322 = CARTESIAN_POINT('',(3.940435849679,29.515387730429));
#323 = CARTESIAN_POINT('',(3.943738215043,29.694058888981));
#324 = CARTESIAN_POINT('',(3.947309426995,29.869440591127));
#325 = CARTESIAN_POINT('',(3.95328161574,30.129212001066));
#326 = CARTESIAN_POINT('',(3.95542535095,30.216967121851));
#327 = CARTESIAN_POINT('',(3.957674057357,30.303104020701));
#328 = CARTESIAN_POINT('',(3.960040581822,30.38729388646));
#329 = CARTESIAN_POINT('',(3.962537846136,30.469001285086));
#330 = CARTESIAN_POINT('',(3.965178958767,30.547482357621));
#331 = CARTESIAN_POINT('',(3.967977656169,30.621776008881));
#332 = CARTESIAN_POINT('',(3.971828313421,30.711051479688));
#333 = CARTESIAN_POINT('',(3.972721840265,30.730944783325));
#334 = CARTESIAN_POINT('',(3.973630306831,30.750322807555));
#335 = CARTESIAN_POINT('',(3.974553829555,30.769147771012));
#336 = CARTESIAN_POINT('',(3.97549242256,30.787379144173));
#337 = CARTESIAN_POINT('',(3.976445980633,30.804974358247));
#338 = CARTESIAN_POINT('',(3.977414262189,30.82188951407));
#339 = CARTESIAN_POINT('',(3.979935691696,30.863435393076));
#340 = CARTESIAN_POINT('',(3.981510233404,30.887023353218));
#341 = CARTESIAN_POINT('',(3.983118226343,30.908658268661));
#342 = CARTESIAN_POINT('',(3.984756651217,30.928161797479));
#343 = CARTESIAN_POINT('',(3.986421637055,30.945372599867));
#344 = CARTESIAN_POINT('',(3.988108338056,30.960157430753));
#345 = CARTESIAN_POINT('',(3.989810790666,30.97242368374));
#346 = CARTESIAN_POINT('',(3.992888709796,30.989890880685));
#347 = CARTESIAN_POINT('',(3.994261553718,30.996019028287));
#348 = CARTESIAN_POINT('',(3.995636710154,31.000497271951));
#349 = CARTESIAN_POINT('',(3.997010892841,31.003330801882));
#350 = CARTESIAN_POINT('',(3.99838109284,31.00454666568));
#351 = CARTESIAN_POINT('',(3.999744569605,31.004189878326));
#352 = CARTESIAN_POINT('',(4.001098842058,31.002319532161));
#353 = CARTESIAN_POINT('',(4.003136391288,30.997290098803));
#354 = CARTESIAN_POINT('',(4.003828109288,30.995188578613));
#355 = CARTESIAN_POINT('',(4.004516565812,30.99270974781));
#356 = CARTESIAN_POINT('',(4.005201525664,30.989863570711));
#357 = CARTESIAN_POINT('',(4.00588278473,30.986660418774));
#358 = CARTESIAN_POINT('',(4.006560168408,30.983110914923));
#359 = CARTESIAN_POINT('',(4.007233530043,30.979225777884));
#360 = CARTESIAN_POINT('',(4.009383154062,30.965702324051));
#361 = CARTESIAN_POINT('',(4.010843131304,30.954799453412));
#362 = CARTESIAN_POINT('',(4.012281603682,30.942422700219));
#363 = CARTESIAN_POINT('',(4.013697908942,30.928685271268));
#364 = CARTESIAN_POINT('',(4.015091760304,30.913695472587));
#365 = CARTESIAN_POINT('',(4.016463206772,30.897554247504));
#366 = CARTESIAN_POINT('',(4.017812593456,30.880352714714));
#367 = CARTESIAN_POINT('',(4.02157657256,30.82881344336));
#368 = CARTESIAN_POINT('',(4.023939126442,30.792172863508));
#369 = CARTESIAN_POINT('',(4.026232797202,30.752734193772));
#370 = CARTESIAN_POINT('',(4.028461709821,30.71089936758));
#371 = CARTESIAN_POINT('',(4.030629849878,30.666998836044));
#372 = CARTESIAN_POINT('',(4.032741300625,30.621300136764));
#373 = CARTESIAN_POINT('',(4.03480036783,30.574012220211));
#374 = CARTESIAN_POINT('',(4.039494449445,30.460286957675));
#375 = CARTESIAN_POINT('',(4.042090371191,30.392772856207));
#376 = CARTESIAN_POINT('',(4.044608883382,30.323140922827));
#377 = CARTESIAN_POINT('',(4.047057314345,30.251700225796));
#378 = CARTESIAN_POINT('',(4.049441696773,30.178694413373));
#379 = CARTESIAN_POINT('',(4.051767369984,30.104317079329));
#380 = CARTESIAN_POINT('',(4.054039282682,30.028719288691));
#381 = CARTESIAN_POINT('',(4.062320465307,29.742920100197));
#382 = CARTESIAN_POINT('',(4.068007004643,29.52579434212));
#383 = CARTESIAN_POINT('',(4.07341304519,29.302967533012));
#384 = CARTESIAN_POINT('',(4.078582689308,29.075718199955));
#385 = CARTESIAN_POINT('',(4.083553040251,28.84503016428));
#386 = CARTESIAN_POINT('',(4.088349840717,28.611503166616));
#387 = CARTESIAN_POINT('',(4.092996430504,28.375530955707));
#388 = CARTESIAN_POINT('',(4.10157487488,27.922983285967));
#389 = CARTESIAN_POINT('',(4.105529085846,27.706979152381));
#390 = CARTESIAN_POINT('',(4.109388008125,27.489504166542));
#391 = CARTESIAN_POINT('',(4.113161384293,27.270745836823));
#392 = CARTESIAN_POINT('',(4.116857072415,27.050853266196));
#393 = CARTESIAN_POINT('',(4.120481721701,26.829947057256));
#394 = CARTESIAN_POINT('',(4.124041138344,26.60812461828));
#395 = CARTESIAN_POINT('',(4.131957916246,26.104358665359));
#396 = CARTESIAN_POINT('',(4.136279333218,25.821929170498));
#397 = CARTESIAN_POINT('',(4.140514589936,25.538334685838));
#398 = CARTESIAN_POINT('',(4.144671686208,25.253705741651));
#399 = CARTESIAN_POINT('',(4.148757237871,24.968148982027));
#400 = CARTESIAN_POINT('',(4.152776909978,24.68175271434));
#401 = CARTESIAN_POINT('',(4.156735669471,24.394590124535));
#402 = CARTESIAN_POINT('',(4.167301583614,23.615127566247));
#403 = CARTESIAN_POINT('',(4.173800125592,23.121488941133));
#404 = CARTESIAN_POINT('',(4.180155081729,22.626107795084));
#405 = CARTESIAN_POINT('',(4.186382656086,22.12921486443));
#406 = CARTESIAN_POINT('',(4.192495910316,21.630993676761));
#407 = CARTESIAN_POINT('',(4.198505776762,21.131591999359));
#408 = CARTESIAN_POINT('',(4.2044214913,20.631126716367));
#409 = CARTESIAN_POINT('',(4.217875284758,19.473892092131));
#410 = CARTESIAN_POINT('',(4.225352000762,18.816449722289));
#411 = CARTESIAN_POINT('',(4.232699029116,18.157581331165));
#412 = CARTESIAN_POINT('',(4.239930389844,17.497460415296));
#413 = CARTESIAN_POINT('',(4.247057539624,16.836227304798));
#414 = CARTESIAN_POINT('',(4.254090204692,16.173997582647));
#415 = CARTESIAN_POINT('',(4.261036853437,15.510866827566));
#416 = CARTESIAN_POINT('',(4.277166162313,13.951576291865));
#417 = CARTESIAN_POINT('',(4.286284327426,13.054753322488));
#418 = CARTESIAN_POINT('',(4.295277238355,12.156639462485));
#419 = CARTESIAN_POINT('',(4.304159306876,11.257393199805));
#420 = CARTESIAN_POINT('',(4.312942488471,10.357144592697));
#421 = CARTESIAN_POINT('',(4.321637036231,9.456002159494));
#422 = CARTESIAN_POINT('',(4.330251942417,8.554056885759));
#423 = CARTESIAN_POINT('',(4.338795067667,7.651383348778));
#424 = ( GEOMETRIC_REPRESENTATION_CONTEXT(2) 
PARAMETRIC_REPRESENTATION_CONTEXT() REPRESENTATION_CONTEXT('2D SPACE',''
  ) );
#425 = PCURVE('',#426,#431);
#426 = CYLINDRICAL_SURFACE('',#427,17.2);
#427 = AXIS2_PLACEMENT_3D('',#428,#429,#430);
#428 = CARTESIAN_POINT('',(-52.5,0.,4.8));
#429 = DIRECTION('',(0.,1.,2.22044604925E-16));
#430 = DIRECTION('',(1.,0.,-0.));
#431 = DEFINITIONAL_REPRESENTATION('',(#432),#582);
#432 = B_SPLINE_CURVE_WITH_KNOTS('',8,(#433,#434,#435,#436,#437,#438,
    #439,#440,#441,#442,#443,#444,#445,#446,#447,#448,#449,#450,#451,
    #452,#453,#454,#455,#456,#457,#458,#459,#460,#461,#462,#463,#464,
    #465,#466,#467,#468,#469,#470,#471,#472,#473,#474,#475,#476,#477,
    #478,#479,#480,#481,#482,#483,#484,#485,#486,#487,#488,#489,#490,
    #491,#492,#493,#494,#495,#496,#497,#498,#499,#500,#501,#502,#503,
    #504,#505,#506,#507,#508,#509,#510,#511,#512,#513,#514,#515,#516,
    #517,#518,#519,#520,#521,#522,#523,#524,#525,#526,#527,#528,#529,
    #530,#531,#532,#533,#534,#535,#536,#537,#538,#539,#540,#541,#542,
    #543,#544,#545,#546,#547,#548,#549,#550,#551,#552,#553,#554,#555,
    #556,#557,#558,#559,#560,#561,#562,#563,#564,#565,#566,#567,#568,
    #569,#570,#571,#572,#573,#574,#575,#576,#577,#578,#579,#580,#581),
  .UNSPECIFIED.,.F.,.F.,(9,7,7,7,7,7,7,7,7,7,7,7,7,7,7,7,7,7,7,7,7,9),(
    0.,0.175468065009,0.324300606837,0.385758944609,0.437887174708,
    0.465944880452,0.489657720294,0.515776348578,0.529445648886,
    0.533487694775,0.539817752996,0.544875105694,0.547491506775,
    0.55327934399,0.563896983071,0.578060298291,0.616665366313,
    0.651387816226,0.695223228682,0.770080513401,0.867981592795,1.),
  .UNSPECIFIED.);
#433 = CARTESIAN_POINT('',(1.707970784103,25.387922910892));
#434 = CARTESIAN_POINT('',(1.686902313151,26.616447485663));
#435 = CARTESIAN_POINT('',(1.665512246403,27.843806196402));
#436 = CARTESIAN_POINT('',(1.643771075983,29.069920995775));
#437 = CARTESIAN_POINT('',(1.621644455246,30.294688023222));
#438 = CARTESIAN_POINT('',(1.599091289635,31.517972584218));
#439 = CARTESIAN_POINT('',(1.576062070845,32.739604861791));
#440 = CARTESIAN_POINT('',(1.552495067811,33.95937007026));
#441 = CARTESIAN_POINT('',(1.507792434104,36.209772909843));
#442 = CARTESIAN_POINT('',(1.486831582423,37.240971292261));
#443 = CARTESIAN_POINT('',(1.465374661584,38.270443968871));
#444 = CARTESIAN_POINT('',(1.443360385415,39.297980190828));
#445 = CARTESIAN_POINT('',(1.420714566839,40.323289305381));
#446 = CARTESIAN_POINT('',(1.397340497287,41.345970130599));
#447 = CARTESIAN_POINT('',(1.373113747823,42.365495071122));
#448 = CARTESIAN_POINT('',(1.337402890615,43.800446502906));
#449 = CARTESIAN_POINT('',(1.326787840249,44.219135512193));
#450 = CARTESIAN_POINT('',(1.315980720066,44.637088513582));
#451 = CARTESIAN_POINT('',(1.304965791565,45.05423663734));
#452 = CARTESIAN_POINT('',(1.293725006582,45.470496157763));
#453 = CARTESIAN_POINT('',(1.282237184846,45.88576548733));
#454 = CARTESIAN_POINT('',(1.270476598366,46.299919961085));
#455 = CARTESIAN_POINT('',(1.24817703413,47.063008084209));
#456 = CARTESIAN_POINT('',(1.237724029818,47.412284750876));
#457 = CARTESIAN_POINT('',(1.227031904354,47.760548988951));
#458 = CARTESIAN_POINT('',(1.216077591549,48.107687028291));
#459 = CARTESIAN_POINT('',(1.204833539168,48.453550371194));
#460 = CARTESIAN_POINT('',(1.193266602289,48.79795109891));
#461 = CARTESIAN_POINT('',(1.18133516947,49.140649620279));
#462 = CARTESIAN_POINT('',(1.162333590127,49.66469242164));
#463 = CARTESIAN_POINT('',(1.155562922091,49.847467342676));
#464 = CARTESIAN_POINT('',(1.148661521508,50.02960189287));
#465 = CARTESIAN_POINT('',(1.141619302528,50.211035421412));
#466 = CARTESIAN_POINT('',(1.134424816358,50.391694415851));
#467 = CARTESIAN_POINT('',(1.127064768585,50.571490105261));
#468 = CARTESIAN_POINT('',(1.119523201273,50.750314366079));
#469 = CARTESIAN_POINT('',(1.105236496482,51.078232796117));
#470 = CARTESIAN_POINT('',(1.09854929312,51.227632170582));
#471 = CARTESIAN_POINT('',(1.091706588644,51.37615929759));
#472 = CARTESIAN_POINT('',(1.084694394379,51.523716413897));
#473 = CARTESIAN_POINT('',(1.077496773405,51.670180312582));
#474 = CARTESIAN_POINT('',(1.07009494132,51.815397086017));
#475 = CARTESIAN_POINT('',(1.062465568482,51.95917204867));
#476 = CARTESIAN_POINT('',(1.045890793763,52.257752654004));
#477 = CARTESIAN_POINT('',(1.036900857155,52.41200731199));
#478 = CARTESIAN_POINT('',(1.027559105939,52.563879042393));
#479 = CARTESIAN_POINT('',(1.017810467471,52.71296979061));
#480 = CARTESIAN_POINT('',(1.007595854322,52.858644202359));
#481 = CARTESIAN_POINT('',(0.996834884184,52.999878506209));
#482 = CARTESIAN_POINT('',(0.985433808549,53.135333373224));
#483 = CARTESIAN_POINT('',(0.96680704714,53.329363860592));
#484 = CARTESIAN_POINT('',(0.960192888095,53.393689667792));
#485 = CARTESIAN_POINT('',(0.953332110057,53.455430281284));
#486 = CARTESIAN_POINT('',(0.946195921798,53.514140996918));
#487 = CARTESIAN_POINT('',(0.938757940103,53.56917550513));
#488 = CARTESIAN_POINT('',(0.930993891584,53.619682839332));
#489 = CARTESIAN_POINT('',(0.922880559829,53.6645942429));
#490 = CARTESIAN_POINT('',(0.911883159725,53.713818914718));
#491 = CARTESIAN_POINT('',(0.909341785551,53.724442484964));
#492 = CARTESIAN_POINT('',(0.906768750383,53.734420305548));
#493 = CARTESIAN_POINT('',(0.904164225298,53.743714470324));
#494 = CARTESIAN_POINT('',(0.901528677266,53.752285390947));
#495 = CARTESIAN_POINT('',(0.898862903801,53.760092651194));
#496 = CARTESIAN_POINT('',(0.89616806761,53.767095861271));
#497 = CARTESIAN_POINT('',(0.889182408121,53.782901852038));
#498 = CARTESIAN_POINT('',(0.884850028162,53.790483110815));
#499 = CARTESIAN_POINT('',(0.880456711032,53.795840597515));
#500 = CARTESIAN_POINT('',(0.876012394257,53.798830008307));
#501 = CARTESIAN_POINT('',(0.871528978325,53.799331810585));
#502 = CARTESIAN_POINT('',(0.867020505272,53.79726324477));
#503 = CARTESIAN_POINT('',(0.862503370769,53.792591943811));
#504 = CARTESIAN_POINT('',(0.854395894665,53.779566208577));
#505 = CARTESIAN_POINT('',(0.850800619106,53.772139151113));
#506 = CARTESIAN_POINT('',(0.84722013251,53.763084611857));
#507 = CARTESIAN_POINT('',(0.843662769554,53.752439462283));
#508 = CARTESIAN_POINT('',(0.840135882315,53.740259141863));
#509 = CARTESIAN_POINT('',(0.836645912473,53.726613968472));
#510 = CARTESIAN_POINT('',(0.833198463529,53.711585448783));
#511 = CARTESIAN_POINT('',(0.82803934985,53.686818022621));
#512 = CARTESIAN_POINT('',(0.826292832554,53.678026226809));
#513 = CARTESIAN_POINT('',(0.824559388189,53.668898938841));
#514 = CARTESIAN_POINT('',(0.822839493321,53.659448127359));
#515 = CARTESIAN_POINT('',(0.821133539971,53.649685855806));
#516 = CARTESIAN_POINT('',(0.819441841566,53.639624146217));
#517 = CARTESIAN_POINT('',(0.817764638891,53.629274842987));
#518 = CARTESIAN_POINT('',(0.812424355894,53.595144712391));
#519 = CARTESIAN_POINT('',(0.808818785794,53.570291279265));
#520 = CARTESIAN_POINT('',(0.805286701514,53.544212060262));
#521 = CARTESIAN_POINT('',(0.801828379191,53.517023555859));
#522 = CARTESIAN_POINT('',(0.798443197059,53.488833868662));
#523 = CARTESIAN_POINT('',(0.795129767191,53.459740688042));
#524 = CARTESIAN_POINT('',(0.791886067229,53.429829274773));
#525 = CARTESIAN_POINT('',(0.782882373232,53.342927609161));
#526 = CARTESIAN_POINT('',(0.7772843953,53.284200164472));
#527 = CARTESIAN_POINT('',(0.771897749423,53.223416091036));
#528 = CARTESIAN_POINT('',(0.766706864871,53.160926273411));
#529 = CARTESIAN_POINT('',(0.761697426613,53.097013492132));
#530 = CARTESIAN_POINT('',(0.756855656,53.031898394857));
#531 = CARTESIAN_POINT('',(0.752167934608,52.965742447791));
#532 = CARTESIAN_POINT('',(0.741555118815,52.80914758541));
#533 = CARTESIAN_POINT('',(0.735743642746,52.718038172855));
#534 = CARTESIAN_POINT('',(0.730157024179,52.625614032346));
#535 = CARTESIAN_POINT('',(0.724772679892,52.532104791677));
#536 = CARTESIAN_POINT('',(0.719572159647,52.437689057379));
#537 = CARTESIAN_POINT('',(0.714539410155,52.342503467645));
#538 = CARTESIAN_POINT('',(0.709659905608,52.246647044613));
#539 = CARTESIAN_POINT('',(0.692002801645,51.887242112953));
#540 = CARTESIAN_POINT('',(0.680140483821,51.620056579901));
#541 = CARTESIAN_POINT('',(0.669071009789,51.350010334565));
#542 = CARTESIAN_POINT('',(0.658666003804,51.077921692548));
#543 = CARTESIAN_POINT('',(0.648818577325,50.80438980715));
#544 = CARTESIAN_POINT('',(0.639455663457,50.529750189435));
#545 = CARTESIAN_POINT('',(0.630512875258,50.254160630822));
#546 = CARTESIAN_POINT('',(0.61422434649,49.728827770637));
#547 = CARTESIAN_POINT('',(0.606813214681,49.479429264945));
#548 = CARTESIAN_POINT('',(0.599668881616,49.229503189092));
#549 = CARTESIAN_POINT('',(0.592764231452,48.9791382917));
#550 = CARTESIAN_POINT('',(0.586077435808,48.728404177872));
#551 = CARTESIAN_POINT('',(0.579590104078,48.477354381446));
#552 = CARTESIAN_POINT('',(0.573286283992,48.226027973681));
#553 = CARTESIAN_POINT('',(0.559408470242,47.656844324787));
#554 = CARTESIAN_POINT('',(0.551935645541,47.338852649497));
#555 = CARTESIAN_POINT('',(0.544706459398,47.020536765243));
#556 = CARTESIAN_POINT('',(0.53769902196,46.701947129497));
#557 = CARTESIAN_POINT('',(0.530895267523,46.383124296602));
#558 = CARTESIAN_POINT('',(0.524279780239,46.064100119471));
#559 = CARTESIAN_POINT('',(0.517839110476,45.744898430874));
#560 = CARTESIAN_POINT('',(0.500841510483,44.880161894403));
#561 = CARTESIAN_POINT('',(0.490597512538,44.334335991525));
#562 = CARTESIAN_POINT('',(0.480771359012,43.78814697859));
#563 = CARTESIAN_POINT('',(0.471319461051,43.241665423602));
#564 = CARTESIAN_POINT('',(0.462206808651,42.69494608971));
#565 = CARTESIAN_POINT('',(0.453404250068,42.148029298031));
#566 = CARTESIAN_POINT('',(0.444887335041,41.60094150839));
#567 = CARTESIAN_POINT('',(0.425842168996,40.337988613581));
#568 = CARTESIAN_POINT('',(0.415502110705,39.622030362258));
#569 = CARTESIAN_POINT('',(0.405567940295,38.90586648266));
#570 = CARTESIAN_POINT('',(0.396002936683,38.189533993162));
#571 = CARTESIAN_POINT('',(0.386777302926,37.473062076503));
#572 = CARTESIAN_POINT('',(0.377865946229,36.756472271849));
#573 = CARTESIAN_POINT('',(0.369247222468,36.039778559471));
#574 = CARTESIAN_POINT('',(0.349650085011,34.356403149742));
#575 = CARTESIAN_POINT('',(0.338896110994,33.389653800136));
#576 = CARTESIAN_POINT('',(0.328595323603,32.422763771743));
#577 = CARTESIAN_POINT('',(0.31871175126,31.455753818937));
#578 = CARTESIAN_POINT('',(0.309216025965,30.488640295977));
#579 = CARTESIAN_POINT('',(0.300083389608,29.521434672688));
#580 = CARTESIAN_POINT('',(0.291292531008,28.554143237729));
#581 = CARTESIAN_POINT('',(0.2828252537,27.586766989474));
#582 = ( GEOMETRIC_REPRESENTATION_CONTEXT(2) 
PARAMETRIC_REPRESENTATION_CONTEXT() REPRESENTATION_CONTEXT('2D SPACE',''
  ) );
#583 = ORIENTED_EDGE('',*,*,#584,.F.);
#584 = EDGE_CURVE('',#24,#119,#585,.T.);
#585 = SURFACE_CURVE('',#586,(#591,#601),.PCURVE_S1.);
#586 = ELLIPSE('',#587,9.323591064398E+03,44.747509427901);
#587 = AXIS2_PLACEMENT_3D('',#588,#589,#590);
#588 = CARTESIAN_POINT('',(2.960057929839E+03,8.21269232251E+03,
    -4.87888502262E-16));
#589 = DIRECTION('',(0.,0.,1.));
#590 = DIRECTION('',(0.342020143326,0.939692620786,-0.));
#591 = PCURVE('',#33,#592);
#592 = DEFINITIONAL_REPRESENTATION('',(#593),#600);
#593 = B_SPLINE_CURVE_WITH_KNOTS('',5,(#594,#595,#596,#597,#598,#599),
  .UNSPECIFIED.,.F.,.F.,(6,6),(2.739276920107,2.78096607192),
  .PIECEWISE_BEZIER_KNOTS.);
#594 = CARTESIAN_POINT('',(4.375467770865,144.34680460615));
#595 = CARTESIAN_POINT('',(4.368428202134,113.98140009998));
#596 = CARTESIAN_POINT('',(4.361039380418,84.359727591338));
#597 = CARTESIAN_POINT('',(4.35326644051,55.486184975021));
#598 = CARTESIAN_POINT('',(4.345067922646,27.364954672835));
#599 = CARTESIAN_POINT('',(4.336391244908,-2.624534074565E-11));
#600 = ( GEOMETRIC_REPRESENTATION_CONTEXT(2) 
PARAMETRIC_REPRESENTATION_CONTEXT() REPRESENTATION_CONTEXT('2D SPACE',''
  ) );
#601 = PCURVE('',#602,#607);
#602 = PLANE('',#603);
#603 = AXIS2_PLACEMENT_3D('',#604,#605,#606);
#604 = CARTESIAN_POINT('',(-37.55,0.,0.));
#605 = DIRECTION('',(0.,0.,1.));
#606 = DIRECTION('',(1.,0.,-0.));
#607 = DEFINITIONAL_REPRESENTATION('',(#608),#612);
#608 = ELLIPSE('',#609,9.323591064398E+03,44.747509427901);
#609 = AXIS2_PLACEMENT_2D('',#610,#611);
#610 = CARTESIAN_POINT('',(2.997607929839E+03,8.21269232251E+03));
#611 = DIRECTION('',(0.342020143326,0.939692620786));
#612 = ( GEOMETRIC_REPRESENTATION_CONTEXT(2) 
PARAMETRIC_REPRESENTATION_CONTEXT() REPRESENTATION_CONTEXT('2D SPACE',''
  ) );
#613 = FACE_BOUND('',#614,.T.);
#614 = EDGE_LOOP('',(#615,#649,#681,#713));
#615 = ORIENTED_EDGE('',*,*,#616,.F.);
#616 = EDGE_CURVE('',#617,#619,#621,.T.);
#617 = VERTEX_POINT('',#618);
#618 = CARTESIAN_POINT('',(-62.3351361002,30.622015337338,-28.68));
#619 = VERTEX_POINT('',#620);
#620 = CARTESIAN_POINT('',(-61.08349877152,30.166456605601,-24.68));
#621 = SURFACE_CURVE('',#622,(#627,#637),.PCURVE_S1.);
#622 = ELLIPSE('',#623,43.402502309659,43.297723292042);
#623 = AXIS2_PLACEMENT_3D('',#624,#625,#626);
#624 = CARTESIAN_POINT('',(-23.16160410601,16.364015720378,
    -40.4060292456));
#625 = DIRECTION('',(0.342020143326,0.939692620786,-1.872931498893E-33)
  );
#626 = DIRECTION('',(-2.165958232111E-16,7.883443251522E-17,-1.));
#627 = PCURVE('',#33,#628);
#628 = DEFINITIONAL_REPRESENTATION('',(#629),#636);
#629 = B_SPLINE_CURVE_WITH_KNOTS('',5,(#630,#631,#632,#633,#634,#635),
  .UNSPECIFIED.,.F.,.F.,(6,6),(1.834805986662,1.951470075681),
  .PIECEWISE_BEZIER_KNOTS.);
#630 = CARTESIAN_POINT('',(3.400955125912,3.520133344042));
#631 = CARTESIAN_POINT('',(3.424317002944,3.452406596771));
#632 = CARTESIAN_POINT('',(3.447682048422,3.385213817017));
#633 = CARTESIAN_POINT('',(3.471050230186,3.318631821542));
#634 = CARTESIAN_POINT('',(3.494421508826,3.252736213796));
#635 = CARTESIAN_POINT('',(3.517795837927,3.187600870386));
#636 = ( GEOMETRIC_REPRESENTATION_CONTEXT(2) 
PARAMETRIC_REPRESENTATION_CONTEXT() REPRESENTATION_CONTEXT('2D SPACE',''
  ) );
#637 = PCURVE('',#638,#643);
#638 = PLANE('',#639);
#639 = AXIS2_PLACEMENT_3D('',#640,#641,#642);
#640 = CARTESIAN_POINT('',(-66.94572442427,32.300132249755,-28.68));
#641 = DIRECTION('',(0.342020143326,0.939692620786,0.));
#642 = DIRECTION('',(0.,0.,1.));
#643 = DEFINITIONAL_REPRESENTATION('',(#644),#648);
#644 = ELLIPSE('',#645,43.402502309659,43.297723292042);
#645 = AXIS2_PLACEMENT_2D('',#646,#647);
#646 = CARTESIAN_POINT('',(-11.7260292456,46.594087630102));
#647 = DIRECTION('',(-1.,-2.304964606724E-16));
#648 = ( GEOMETRIC_REPRESENTATION_CONTEXT(2) 
PARAMETRIC_REPRESENTATION_CONTEXT() REPRESENTATION_CONTEXT('2D SPACE',''
  ) );
#649 = ORIENTED_EDGE('',*,*,#650,.F.);
#650 = EDGE_CURVE('',#651,#617,#653,.T.);
#651 = VERTEX_POINT('',#652);
#652 = CARTESIAN_POINT('',(-54.70701685309,55.51422907233,-28.68));
#653 = SURFACE_CURVE('',#654,(#659,#669),.PCURVE_S1.);
#654 = ELLIPSE('',#655,9.558184646018E+04,458.73414503828);
#655 = AXIS2_PLACEMENT_3D('',#656,#657,#658);
#656 = CARTESIAN_POINT('',(3.253248935349E+04,8.946227989737E+04,-28.68)
  );
#657 = DIRECTION('',(0.,0.,1.));
#658 = DIRECTION('',(0.342020143326,0.939692620786,-0.));
#659 = PCURVE('',#33,#660);
#660 = DEFINITIONAL_REPRESENTATION('',(#661),#668);
#661 = B_SPLINE_CURVE_WITH_KNOTS('',5,(#662,#663,#664,#665,#666,#667),
  .UNSPECIFIED.,.F.,.F.,(6,6),(3.047356511961,3.050891633002),
  .PIECEWISE_BEZIER_KNOTS.);
#662 = CARTESIAN_POINT('',(3.444091427424,32.023708544259));
#663 = CARTESIAN_POINT('',(3.436918788752,25.68005384573));
#664 = CARTESIAN_POINT('',(3.429659012609,19.395715998458));
#665 = CARTESIAN_POINT('',(3.422310362474,13.17070160862));
#666 = CARTESIAN_POINT('',(3.414871054507,7.005017159503));
#667 = CARTESIAN_POINT('',(3.407339258371,0.898669010106));
#668 = ( GEOMETRIC_REPRESENTATION_CONTEXT(2) 
PARAMETRIC_REPRESENTATION_CONTEXT() REPRESENTATION_CONTEXT('2D SPACE',''
  ) );
#669 = PCURVE('',#670,#675);
#670 = PLANE('',#671);
#671 = AXIS2_PLACEMENT_3D('',#672,#673,#674);
#672 = CARTESIAN_POINT('',(-66.94572442427,32.300132249755,-28.68));
#673 = DIRECTION('',(0.,0.,1.));
#674 = DIRECTION('',(0.939692620786,-0.342020143326,0.));
#675 = DEFINITIONAL_REPRESENTATION('',(#676),#680);
#676 = ELLIPSE('',#677,9.558184646018E+04,458.73414503828);
#677 = AXIS2_PLACEMENT_2D('',#678,#679);
#678 = CARTESIAN_POINT('',(46.594087630104,9.518635552E+04));
#679 = DIRECTION('',(-2.222180331868E-17,1.));
#680 = ( GEOMETRIC_REPRESENTATION_CONTEXT(2) 
PARAMETRIC_REPRESENTATION_CONTEXT() REPRESENTATION_CONTEXT('2D SPACE',''
  ) );
#681 = ORIENTED_EDGE('',*,*,#682,.T.);
#682 = EDGE_CURVE('',#651,#683,#685,.T.);
#683 = VERTEX_POINT('',#684);
#684 = CARTESIAN_POINT('',(-53.33283238486,55.014066829503,-24.68));
#685 = SURFACE_CURVE('',#686,(#691,#701),.PCURVE_S1.);
#686 = ELLIPSE('',#687,45.212448194132,45.103299742919);
#687 = AXIS2_PLACEMENT_3D('',#688,#689,#690);
#688 = CARTESIAN_POINT('',(-14.26908037954,40.796023860812,
    -42.22029235008));
#689 = DIRECTION('',(0.342020143326,0.939692620786,-1.872931498893E-33)
  );
#690 = DIRECTION('',(-2.165958232111E-16,7.883443251522E-17,-1.));
#691 = PCURVE('',#33,#692);
#692 = DEFINITIONAL_REPRESENTATION('',(#693),#700);
#693 = B_SPLINE_CURVE_WITH_KNOTS('',5,(#694,#695,#696,#697,#698,#699),
  .UNSPECIFIED.,.F.,.F.,(6,6),(1.865686108314,1.978824164762),
  .PIECEWISE_BEZIER_KNOTS.);
#694 = CARTESIAN_POINT('',(3.431875920118,29.457666289202));
#695 = CARTESIAN_POINT('',(3.454534951991,29.389851215084));
#696 = CARTESIAN_POINT('',(3.477196938233,29.322618760761));
#697 = CARTESIAN_POINT('',(3.49986184603,29.256041263991));
#698 = CARTESIAN_POINT('',(3.522529636205,29.190189817654));
#699 = CARTESIAN_POINT('',(3.545200263452,29.125133815546));
#700 = ( GEOMETRIC_REPRESENTATION_CONTEXT(2) 
PARAMETRIC_REPRESENTATION_CONTEXT() REPRESENTATION_CONTEXT('2D SPACE',''
  ) );
#701 = PCURVE('',#702,#707);
#702 = PLANE('',#703);
#703 = AXIS2_PLACEMENT_3D('',#704,#705,#706);
#704 = CARTESIAN_POINT('',(-58.0532006978,56.732140390188,-28.68));
#705 = DIRECTION('',(0.342020143326,0.939692620786,0.));
#706 = DIRECTION('',(0.,0.,1.));
#707 = DEFINITIONAL_REPRESENTATION('',(#708),#712);
#708 = ELLIPSE('',#709,45.212448194132,45.103299742919);
#709 = AXIS2_PLACEMENT_2D('',#710,#711);
#710 = CARTESIAN_POINT('',(-13.54029235008,46.594087630102));
#711 = DIRECTION('',(-1.,-2.304964606724E-16));
#712 = ( GEOMETRIC_REPRESENTATION_CONTEXT(2) 
PARAMETRIC_REPRESENTATION_CONTEXT() REPRESENTATION_CONTEXT('2D SPACE',''
  ) );
#713 = ORIENTED_EDGE('',*,*,#714,.T.);
#714 = EDGE_CURVE('',#683,#619,#715,.T.);
#715 = SURFACE_CURVE('',#716,(#721,#731),.PCURVE_S1.);
#716 = ELLIPSE('',#717,8.355140637709E+04,400.99542319583);
#717 = AXIS2_PLACEMENT_3D('',#718,#719,#720);
#718 = CARTESIAN_POINT('',(2.840802193039E+04,7.813039878512E+04,-24.68)
  );
#719 = DIRECTION('',(0.,0.,1.));
#720 = DIRECTION('',(0.342020143326,0.939692620786,-0.));
#721 = PCURVE('',#33,#722);
#722 = DEFINITIONAL_REPRESENTATION('',(#723),#730);
#723 = B_SPLINE_CURVE_WITH_KNOTS('',5,(#724,#725,#726,#727,#728,#729),
  .UNSPECIFIED.,.F.,.F.,(6,6),(3.037437360245,3.041093030878),
  .PIECEWISE_BEZIER_KNOTS.);
#724 = CARTESIAN_POINT('',(3.53822817207,31.746598149569));
#725 = CARTESIAN_POINT('',(3.531741760636,25.410790671434));
#726 = CARTESIAN_POINT('',(3.525176612479,19.130375984701));
#727 = CARTESIAN_POINT('',(3.518531096752,12.905361145322));
#728 = CARTESIAN_POINT('',(3.511803530795,6.73575308582));
#729 = CARTESIAN_POINT('',(3.504992178677,0.621558615369));
#730 = ( GEOMETRIC_REPRESENTATION_CONTEXT(2) 
PARAMETRIC_REPRESENTATION_CONTEXT() REPRESENTATION_CONTEXT('2D SPACE',''
  ) );
#731 = PCURVE('',#732,#737);
#732 = PLANE('',#733);
#733 = AXIS2_PLACEMENT_3D('',#734,#735,#736);
#734 = CARTESIAN_POINT('',(-66.94572442427,32.300132249755,-24.68));
#735 = DIRECTION('',(0.,0.,1.));
#736 = DIRECTION('',(0.939692620786,-0.342020143326,0.));
#737 = DEFINITIONAL_REPRESENTATION('',(#738),#742);
#738 = ELLIPSE('',#739,8.355140637709E+04,400.99542319583);
#739 = AXIS2_PLACEMENT_2D('',#740,#741);
#740 = CARTESIAN_POINT('',(46.594087630105,8.312721952E+04));
#741 = DIRECTION('',(-2.222180331868E-17,1.));
#742 = ( GEOMETRIC_REPRESENTATION_CONTEXT(2) 
PARAMETRIC_REPRESENTATION_CONTEXT() REPRESENTATION_CONTEXT('2D SPACE',''
  ) );
#743 = FACE_BOUND('',#744,.T.);
#744 = EDGE_LOOP('',(#745,#779,#811,#843));
#745 = ORIENTED_EDGE('',*,*,#746,.F.);
#746 = EDGE_CURVE('',#747,#749,#751,.T.);
#747 = VERTEX_POINT('',#748);
#748 = CARTESIAN_POINT('',(-33.63019914479,128.97580816701,-33.295));
#749 = VERTEX_POINT('',#750);
#750 = CARTESIAN_POINT('',(-32.35556134631,128.5118779489,-29.295));
#751 = SURFACE_CURVE('',#752,(#757,#767),.PCURVE_S1.);
#752 = ELLIPSE('',#753,50.519766433832,50.397805458877);
#753 = AXIS2_PLACEMENT_3D('',#754,#755,#756);
#754 = CARTESIAN_POINT('',(11.806535347602,112.43818926953,
    -47.54027000724));
#755 = DIRECTION('',(0.342020143326,0.939692620786,-1.872931498893E-33)
  );
#756 = DIRECTION('',(-2.165958232111E-16,7.883443251522E-17,-1.));
#757 = PCURVE('',#33,#758);
#758 = DEFINITIONAL_REPRESENTATION('',(#759),#766);
#759 = B_SPLINE_CURVE_WITH_KNOTS('',5,(#760,#761,#762,#763,#764,#765),
  .UNSPECIFIED.,.F.,.F.,(6,6),(1.848404823081,1.948803222656),
  .PIECEWISE_BEZIER_KNOTS.);
#760 = CARTESIAN_POINT('',(3.414571328621,105.83420978167));
#761 = CARTESIAN_POINT('',(3.434677285272,105.76662378843));
#762 = CARTESIAN_POINT('',(3.454785579902,105.69952120761));
#763 = CARTESIAN_POINT('',(3.47489619094,105.63295881077));
#764 = CARTESIAN_POINT('',(3.495009092853,105.56699255634));
#765 = CARTESIAN_POINT('',(3.515124256263,105.50167730802));
#766 = ( GEOMETRIC_REPRESENTATION_CONTEXT(2) 
PARAMETRIC_REPRESENTATION_CONTEXT() REPRESENTATION_CONTEXT('2D SPACE',''
  ) );
#767 = PCURVE('',#768,#773);
#768 = PLANE('',#769);
#769 = AXIS2_PLACEMENT_3D('',#770,#771,#772);
#770 = CARTESIAN_POINT('',(-38.2274081114,130.64905539156,-33.295));
#771 = DIRECTION('',(0.342020143326,0.939692620786,0.));
#772 = DIRECTION('',(0.,0.,1.));
#773 = DEFINITIONAL_REPRESENTATION('',(#774),#778);
#774 = ELLIPSE('',#775,50.519766433832,50.397805458877);
#775 = AXIS2_PLACEMENT_2D('',#776,#777);
#776 = CARTESIAN_POINT('',(-14.24527000724,53.245010498396));
#777 = DIRECTION('',(-1.,-2.304964606724E-16));
#778 = ( GEOMETRIC_REPRESENTATION_CONTEXT(2) 
PARAMETRIC_REPRESENTATION_CONTEXT() REPRESENTATION_CONTEXT('2D SPACE',''
  ) );
#779 = ORIENTED_EDGE('',*,*,#780,.F.);
#780 = EDGE_CURVE('',#781,#747,#783,.T.);
#781 = VERTEX_POINT('',#782);
#782 = CARTESIAN_POINT('',(-25.98889735051,153.86322384722,-33.295));
#783 = SURFACE_CURVE('',#784,(#789,#799),.PCURVE_S1.);
#784 = ELLIPSE('',#785,1.09461966706E+05,525.35019536401);
#785 = AXIS2_PLACEMENT_3D('',#786,#787,#788);
#786 = CARTESIAN_POINT('',(3.72910936429E+04,1.025364377306E+05,-33.295)
  );
#787 = DIRECTION('',(0.,0.,1.));
#788 = DIRECTION('',(0.342020143326,0.939692620786,-0.));
#789 = PCURVE('',#33,#790);
#790 = DEFINITIONAL_REPRESENTATION('',(#791),#798);
#791 = B_SPLINE_CURVE_WITH_KNOTS('',5,(#792,#793,#794,#795,#796,#797),
  .UNSPECIFIED.,.F.,.F.,(6,6),(3.046626629838,3.04968153309),
  .PIECEWISE_BEZIER_KNOTS.);
#792 = CARTESIAN_POINT('',(3.451458962994,134.33778498196));
#793 = CARTESIAN_POINT('',(3.44532247526,128.01131728299));
#794 = CARTESIAN_POINT('',(3.439121714681,121.73557459936));
#795 = CARTESIAN_POINT('',(3.432855573215,115.5105618514));
#796 = CARTESIAN_POINT('',(3.426522916422,109.33628388003));
#797 = CARTESIAN_POINT('',(3.420122583728,103.21274544773));
#798 = ( GEOMETRIC_REPRESENTATION_CONTEXT(2) 
PARAMETRIC_REPRESENTATION_CONTEXT() REPRESENTATION_CONTEXT('2D SPACE',''
  ) );
#799 = PCURVE('',#800,#805);
#800 = PLANE('',#801);
#801 = AXIS2_PLACEMENT_3D('',#802,#803,#804);
#802 = CARTESIAN_POINT('',(-38.2274081114,130.64905539156,-33.295));
#803 = DIRECTION('',(0.,0.,1.));
#804 = DIRECTION('',(0.939692620786,-0.342020143326,0.));
#805 = DEFINITIONAL_REPRESENTATION('',(#806),#810);
#806 = ELLIPSE('',#807,1.09461966706E+05,525.35019536401);
#807 = AXIS2_PLACEMENT_2D('',#808,#809);
#808 = CARTESIAN_POINT('',(53.245010498393,1.0899734368E+05));
#809 = DIRECTION('',(-2.222180331868E-17,1.));
#810 = ( GEOMETRIC_REPRESENTATION_CONTEXT(2) 
PARAMETRIC_REPRESENTATION_CONTEXT() REPRESENTATION_CONTEXT('2D SPACE',''
  ) );
#811 = ORIENTED_EDGE('',*,*,#812,.T.);
#812 = EDGE_CURVE('',#781,#813,#815,.T.);
#813 = VERTEX_POINT('',#814);
#814 = CARTESIAN_POINT('',(-24.60882927384,153.36092014605,-29.295));
#815 = SURFACE_CURVE('',#816,(#821,#831),.PCURVE_S1.);
#816 = ELLIPSE('',#817,52.329712318305,52.203381909754);
#817 = AXIS2_PLACEMENT_3D('',#818,#819,#820);
#818 = CARTESIAN_POINT('',(20.699059074069,136.87019740996,
    -49.35453311173));
#819 = DIRECTION('',(0.342020143326,0.939692620786,-1.872931498893E-33)
  );
#820 = DIRECTION('',(-2.165958232111E-16,7.883443251522E-17,-1.));
#821 = PCURVE('',#33,#822);
#822 = DEFINITIONAL_REPRESENTATION('',(#823),#830);
#823 = B_SPLINE_CURVE_WITH_KNOTS('',5,(#824,#825,#826,#827,#828,#829),
  .UNSPECIFIED.,.F.,.F.,(6,6),(1.874700194638,1.972485420709),
  .PIECEWISE_BEZIER_KNOTS.);
#824 = CARTESIAN_POINT('',(3.440902710727,131.77174272683));
#825 = CARTESIAN_POINT('',(3.460487725432,131.70409196491));
#826 = CARTESIAN_POINT('',(3.480074941145,131.63695986937));
#827 = CARTESIAN_POINT('',(3.499664336025,131.57040034654));
#828 = CARTESIAN_POINT('',(3.519255884692,131.50446647519));
#829 = CARTESIAN_POINT('',(3.538849558338,131.43921025318));
#830 = ( GEOMETRIC_REPRESENTATION_CONTEXT(2) 
PARAMETRIC_REPRESENTATION_CONTEXT() REPRESENTATION_CONTEXT('2D SPACE',''
  ) );
#831 = PCURVE('',#832,#837);
#832 = PLANE('',#833);
#833 = AXIS2_PLACEMENT_3D('',#834,#835,#836);
#834 = CARTESIAN_POINT('',(-29.33488438494,155.081063532,-33.295));
#835 = DIRECTION('',(0.342020143326,0.939692620786,0.));
#836 = DIRECTION('',(0.,0.,1.));
#837 = DEFINITIONAL_REPRESENTATION('',(#838),#842);
#838 = ELLIPSE('',#839,52.329712318305,52.203381909754);
#839 = AXIS2_PLACEMENT_2D('',#840,#841);
#840 = CARTESIAN_POINT('',(-16.05953311173,53.245010498396));
#841 = DIRECTION('',(-1.,-2.304964606724E-16));
#842 = ( GEOMETRIC_REPRESENTATION_CONTEXT(2) 
PARAMETRIC_REPRESENTATION_CONTEXT() REPRESENTATION_CONTEXT('2D SPACE',''
  ) );
#843 = ORIENTED_EDGE('',*,*,#844,.T.);
#844 = EDGE_CURVE('',#813,#749,#845,.T.);
#845 = SURFACE_CURVE('',#846,(#851,#861),.PCURVE_S1.);
#846 = ELLIPSE('',#847,9.743152662295E+04,467.61147352156);
#847 = AXIS2_PLACEMENT_3D('',#848,#849,#850);
#848 = CARTESIAN_POINT('',(3.31666262198E+04,9.120455661838E+04,-29.295)
  );
#849 = DIRECTION('',(0.,0.,1.));
#850 = DIRECTION('',(0.342020143326,0.939692620786,-0.));
#851 = PCURVE('',#33,#852);
#852 = DEFINITIONAL_REPRESENTATION('',(#853),#860);
#853 = B_SPLINE_CURVE_WITH_KNOTS('',5,(#854,#855,#856,#857,#858,#859),
  .UNSPECIFIED.,.F.,.F.,(6,6),(3.038040095253,3.041185627725),
  .PIECEWISE_BEZIER_KNOTS.);
#854 = CARTESIAN_POINT('',(3.532859403301,134.06067458702));
#855 = CARTESIAN_POINT('',(3.527233240866,127.74000071418));
#856 = CARTESIAN_POINT('',(3.521548183023,121.46715465213));
#857 = CARTESIAN_POINT('',(3.515803179917,115.24214161267));
#858 = CARTESIAN_POINT('',(3.509997153149,109.06496672825));
#859 = CARTESIAN_POINT('',(3.504128995109,102.93563505285));
#860 = ( GEOMETRIC_REPRESENTATION_CONTEXT(2) 
PARAMETRIC_REPRESENTATION_CONTEXT() REPRESENTATION_CONTEXT('2D SPACE',''
  ) );
#861 = PCURVE('',#862,#867);
#862 = PLANE('',#863);
#863 = AXIS2_PLACEMENT_3D('',#864,#865,#866);
#864 = CARTESIAN_POINT('',(-38.2274081114,130.64905539156,-29.295));
#865 = DIRECTION('',(0.,0.,1.));
#866 = DIRECTION('',(0.939692620786,-0.342020143326,0.));
#867 = DEFINITIONAL_REPRESENTATION('',(#868),#872);
#868 = ELLIPSE('',#869,9.743152662295E+04,467.61147352156);
#869 = AXIS2_PLACEMENT_2D('',#870,#871);
#870 = CARTESIAN_POINT('',(53.245010498391,9.693820768E+04));
#871 = DIRECTION('',(-2.222180331868E-17,1.));
#872 = ( GEOMETRIC_REPRESENTATION_CONTEXT(2) 
PARAMETRIC_REPRESENTATION_CONTEXT() REPRESENTATION_CONTEXT('2D SPACE',''
  ) );
#873 = ADVANCED_FACE('',(#874),#45,.T.);
#874 = FACE_BOUND('',#875,.T.);
#875 = EDGE_LOOP('',(#876,#897,#898,#919,#945));
#876 = ORIENTED_EDGE('',*,*,#877,.F.);
#877 = EDGE_CURVE('',#22,#878,#880,.T.);
#878 = VERTEX_POINT('',#879);
#879 = CARTESIAN_POINT('',(-21.16112333808,165.06183097896,-39.9));
#880 = SURFACE_CURVE('',#881,(#885,#891),.PCURVE_S1.);
#881 = LINE('',#882,#883);
#882 = CARTESIAN_POINT('',(-42.22726672842,172.72928012382,-39.9));
#883 = VECTOR('',#884,1.);
#884 = DIRECTION('',(0.939692620786,-0.342020143326,0.));
#885 = PCURVE('',#45,#886);
#886 = DEFINITIONAL_REPRESENTATION('',(#887),#890);
#887 = B_SPLINE_CURVE_WITH_KNOTS('',1,(#888,#889),.UNSPECIFIED.,.F.,.F.,
  (2,2),(18.395932619097,124.39593261909),.PIECEWISE_BEZIER_KNOTS.);
#888 = CARTESIAN_POINT('',(-53.,-10.0240836532));
#889 = CARTESIAN_POINT('',(53.,-10.0240836532));
#890 = ( GEOMETRIC_REPRESENTATION_CONTEXT(2) 
PARAMETRIC_REPRESENTATION_CONTEXT() REPRESENTATION_CONTEXT('2D SPACE',''
  ) );
#891 = PCURVE('',#77,#892);
#892 = DEFINITIONAL_REPRESENTATION('',(#893),#896);
#893 = B_SPLINE_CURVE_WITH_KNOTS('',1,(#894,#895),.UNSPECIFIED.,.F.,.F.,
  (2,2),(18.395932619097,124.39593261909),.PIECEWISE_BEZIER_KNOTS.);
#894 = CARTESIAN_POINT('',(175.05925540621,218.43750061283));
#895 = CARTESIAN_POINT('',(274.66667320952,182.18336542031));
#896 = ( GEOMETRIC_REPRESENTATION_CONTEXT(2) 
PARAMETRIC_REPRESENTATION_CONTEXT() REPRESENTATION_CONTEXT('2D SPACE',''
  ) );
#897 = ORIENTED_EDGE('',*,*,#21,.T.);
#898 = ORIENTED_EDGE('',*,*,#899,.T.);
#899 = EDGE_CURVE('',#24,#900,#902,.T.);
#900 = VERTEX_POINT('',#901);
#901 = CARTESIAN_POINT('',(37.55,146.64138890813,0.));
#902 = SURFACE_CURVE('',#903,(#907,#913),.PCURVE_S1.);
#903 = LINE('',#904,#905);
#904 = CARTESIAN_POINT('',(22.087655105618,152.26922220164,
    -7.26801386714E-16));
#905 = VECTOR('',#906,1.);
#906 = DIRECTION('',(0.939692620786,-0.342020143326,0.));
#907 = PCURVE('',#45,#908);
#908 = DEFINITIONAL_REPRESENTATION('',(#909),#912);
#909 = B_SPLINE_CURVE_WITH_KNOTS('',1,(#910,#911),.UNSPECIFIED.,.F.,.F.,
  (2,2),(-26.69660830373,16.454683746957),.PIECEWISE_BEZIER_KNOTS.);
#910 = CARTESIAN_POINT('',(-30.65853152596,-50.02017742948));
#911 = CARTESIAN_POINT('',(12.492760524729,-50.02017742948));
#912 = ( GEOMETRIC_REPRESENTATION_CONTEXT(2) 
PARAMETRIC_REPRESENTATION_CONTEXT() REPRESENTATION_CONTEXT('2D SPACE',''
  ) );
#913 = PCURVE('',#602,#914);
#914 = DEFINITIONAL_REPRESENTATION('',(#915),#918);
#915 = B_SPLINE_CURVE_WITH_KNOTS('',1,(#916,#917),.UNSPECIFIED.,.F.,.F.,
  (2,2),(-26.69660830373,16.454683746957),.PIECEWISE_BEZIER_KNOTS.);
#916 = CARTESIAN_POINT('',(34.55104928259,161.4));
#917 = CARTESIAN_POINT('',(75.1,146.64138890813));
#918 = ( GEOMETRIC_REPRESENTATION_CONTEXT(2) 
PARAMETRIC_REPRESENTATION_CONTEXT() REPRESENTATION_CONTEXT('2D SPACE',''
  ) );
#919 = ORIENTED_EDGE('',*,*,#920,.F.);
#920 = EDGE_CURVE('',#921,#900,#923,.T.);
#921 = VERTEX_POINT('',#922);
#922 = CARTESIAN_POINT('',(37.55,146.52168032909,-1.619845464499));
#923 = SURFACE_CURVE('',#924,(#928,#934),.PCURVE_S1.);
#924 = LINE('',#925,#926);
#925 = CARTESIAN_POINT('',(37.55,144.49347834172,-29.06461021482));
#926 = VECTOR('',#927,1.);
#927 = DIRECTION('',(0.,7.370025522486E-02,0.997280438182));
#928 = PCURVE('',#45,#929);
#929 = DEFINITIONAL_REPRESENTATION('',(#930),#933);
#930 = B_SPLINE_CURVE_WITH_KNOTS('',1,(#931,#932),.UNSPECIFIED.,.F.,.F.,
  (2,2),(17.11114503152,29.143868767563),.PIECEWISE_BEZIER_KNOTS.);
#931 = CARTESIAN_POINT('',(12.796069053284,-37.99127704564));
#932 = CARTESIAN_POINT('',(12.492760524729,-50.02017742948));
#933 = ( GEOMETRIC_REPRESENTATION_CONTEXT(2) 
PARAMETRIC_REPRESENTATION_CONTEXT() REPRESENTATION_CONTEXT('2D SPACE',''
  ) );
#934 = PCURVE('',#935,#940);
#935 = PLANE('',#936);
#936 = AXIS2_PLACEMENT_3D('',#937,#938,#939);
#937 = CARTESIAN_POINT('',(37.55,80.319743891989,-3.720554603322));
#938 = DIRECTION('',(-1.,0.,-0.));
#939 = DIRECTION('',(0.,-1.,0.));
#940 = DEFINITIONAL_REPRESENTATION('',(#941),#944);
#941 = B_SPLINE_CURVE_WITH_KNOTS('',1,(#942,#943),.UNSPECIFIED.,.F.,.F.,
  (2,2),(17.11114503152,29.143868767563),.PIECEWISE_BEZIER_KNOTS.);
#942 = CARTESIAN_POINT('',(-65.43483020575,-8.279445396678));
#943 = CARTESIAN_POINT('',(-66.32164501614,3.720554603322));
#944 = ( GEOMETRIC_REPRESENTATION_CONTEXT(2) 
PARAMETRIC_REPRESENTATION_CONTEXT() REPRESENTATION_CONTEXT('2D SPACE',''
  ) );
#945 = ORIENTED_EDGE('',*,*,#946,.F.);
#946 = EDGE_CURVE('',#878,#921,#947,.T.);
#947 = SURFACE_CURVE('',#948,(#953,#960),.PCURVE_S1.);
#948 = CIRCLE('',#949,49.993081825622);
#949 = AXIS2_PLACEMENT_3D('',#950,#951,#952);
#950 = CARTESIAN_POINT('',(24.625450319448,147.65786869658,-49.9));
#951 = DIRECTION('',(0.341198412901,0.937434934998,-6.927759867831E-02)
  );
#952 = DIRECTION('',(0.939692620786,-0.342020143326,-1.698782609248E-19)
  );
#953 = PCURVE('',#45,#954);
#954 = DEFINITIONAL_REPRESENTATION('',(#955),#959);
#955 = CIRCLE('',#956,49.993081825622);
#956 = AXIS2_PLACEMENT_2D('',#957,#958);
#957 = CARTESIAN_POINT('',(-1.207057642637E-33,-7.088356006816E-15));
#958 = DIRECTION('',(1.,-1.2825496353E-18));
#959 = ( GEOMETRIC_REPRESENTATION_CONTEXT(2) 
PARAMETRIC_REPRESENTATION_CONTEXT() REPRESENTATION_CONTEXT('2D SPACE',''
  ) );
#960 = PCURVE('',#961,#966);
#961 = CONICAL_SURFACE('',#962,40.,6.907168908156E-02);
#962 = AXIS2_PLACEMENT_3D('',#963,#964,#965);
#963 = CARTESIAN_POINT('',(-24.65957016073,12.248387809915,
    -39.89307224013));
#964 = DIRECTION('',(0.341198412901,0.937434934998,-6.927759867831E-02)
  );
#965 = DIRECTION('',(0.939692620786,-0.342020143326,-1.698782609248E-19)
  );
#966 = DEFINITIONAL_REPRESENTATION('',(#967),#971);
#967 = LINE('',#968,#969);
#968 = CARTESIAN_POINT('',(0.,144.44680460612));
#969 = VECTOR('',#970,1.);
#970 = DIRECTION('',(1.,0.));
#971 = ( GEOMETRIC_REPRESENTATION_CONTEXT(2) 
PARAMETRIC_REPRESENTATION_CONTEXT() REPRESENTATION_CONTEXT('2D SPACE',''
  ) );
#972 = ADVANCED_FACE('',(#973),#77,.F.);
#973 = FACE_BOUND('',#974,.F.);
#974 = EDGE_LOOP('',(#975,#976,#977,#998));
#975 = ORIENTED_EDGE('',*,*,#877,.F.);
#976 = ORIENTED_EDGE('',*,*,#57,.T.);
#977 = ORIENTED_EDGE('',*,*,#978,.T.);
#978 = EDGE_CURVE('',#58,#979,#981,.T.);
#979 = VERTEX_POINT('',#980);
#980 = CARTESIAN_POINT('',(-62.21965610829,26.025303191434,-39.9));
#981 = SURFACE_CURVE('',#982,(#986,#992),.PCURVE_S1.);
#982 = LINE('',#983,#984);
#983 = CARTESIAN_POINT('',(-91.71568135574,36.760978410668,-39.9));
#984 = VECTOR('',#985,1.);
#985 = DIRECTION('',(0.939692620786,-0.342020143326,0.));
#986 = PCURVE('',#77,#987);
#987 = DEFINITIONAL_REPRESENTATION('',(#988),#991);
#988 = B_SPLINE_CURVE_WITH_KNOTS('',1,(#989,#990),.UNSPECIFIED.,.F.,.F.,
  (2,2),(28.395932619097,114.39593261909),.PIECEWISE_BEZIER_KNOTS.);
#989 = CARTESIAN_POINT('',(134.96776698675,79.048997466418));
#990 = CARTESIAN_POINT('',(215.78133237434,49.635265140411));
#991 = ( GEOMETRIC_REPRESENTATION_CONTEXT(2) 
PARAMETRIC_REPRESENTATION_CONTEXT() REPRESENTATION_CONTEXT('2D SPACE',''
  ) );
#992 = PCURVE('',#106,#993);
#993 = DEFINITIONAL_REPRESENTATION('',(#994),#997);
#994 = B_SPLINE_CURVE_WITH_KNOTS('',1,(#995,#996),.UNSPECIFIED.,.F.,.F.,
  (2,2),(28.395932619097,114.39593261909),.PIECEWISE_BEZIER_KNOTS.);
#995 = CARTESIAN_POINT('',(-43.,-2.096034259434E-16));
#996 = CARTESIAN_POINT('',(43.,-3.344771244672E-16));
#997 = ( GEOMETRIC_REPRESENTATION_CONTEXT(2) 
PARAMETRIC_REPRESENTATION_CONTEXT() REPRESENTATION_CONTEXT('2D SPACE',''
  ) );
#998 = ORIENTED_EDGE('',*,*,#999,.F.);
#999 = EDGE_CURVE('',#878,#979,#1000,.T.);
#1000 = SURFACE_CURVE('',#1001,(#1006,#1013),.PCURVE_S1.);
#1001 = ELLIPSE('',#1002,7.647347579331E+04,460.38310395721);
#1002 = AXIS2_PLACEMENT_3D('',#1003,#1004,#1005);
#1003 = CARTESIAN_POINT('',(2.603190044847E+04,7.160205866767E+04,-39.9)
  );
#1004 = DIRECTION('',(0.,0.,1.));
#1005 = DIRECTION('',(0.342020143326,0.939692620786,-0.));
#1006 = PCURVE('',#77,#1007);
#1007 = DEFINITIONAL_REPRESENTATION('',(#1008),#1012);
#1008 = ELLIPSE('',#1009,7.647347579331E+04,460.38310395721);
#1009 = AXIS2_PLACEMENT_2D('',#1010,#1011);
#1010 = CARTESIAN_POINT('',(2.623190044847E+04,7.165405866767E+04));
#1011 = DIRECTION('',(0.342020143326,0.939692620786));
#1012 = ( GEOMETRIC_REPRESENTATION_CONTEXT(2) 
PARAMETRIC_REPRESENTATION_CONTEXT() REPRESENTATION_CONTEXT('2D SPACE',''
  ) );
#1013 = PCURVE('',#961,#1014);
#1014 = DEFINITIONAL_REPRESENTATION('',(#1015),#1022);
#1015 = B_SPLINE_CURVE_WITH_KNOTS('',5,(#1016,#1017,#1018,#1019,#1020,
    #1021),.UNSPECIFIED.,.F.,.F.,(6,6),(3.035006050431,3.054583722245),
  .PIECEWISE_BEZIER_KNOTS.);
#1016 = CARTESIAN_POINT('',(3.343470522775,144.44680460604));
#1017 = CARTESIAN_POINT('',(3.307412616405,112.66802741119));
#1018 = CARTESIAN_POINT('',(3.269372516356,82.342989776983));
#1019 = CARTESIAN_POINT('',(3.229181057549,53.472706732211));
#1020 = CARTESIAN_POINT('',(3.186651007141,26.058100435819));
#1021 = CARTESIAN_POINT('',(3.14159265359,9.999999998419E-02));
#1022 = ( GEOMETRIC_REPRESENTATION_CONTEXT(2) 
PARAMETRIC_REPRESENTATION_CONTEXT() REPRESENTATION_CONTEXT('2D SPACE',''
  ) );
#1023 = ADVANCED_FACE('',(#1024),#602,.T.);
#1024 = FACE_BOUND('',#1025,.T.);
#1025 = EDGE_LOOP('',(#1026,#1027,#1048,#1074,#1104,#1130,#1162,#1183));
#1026 = ORIENTED_EDGE('',*,*,#584,.T.);
#1027 = ORIENTED_EDGE('',*,*,#1028,.F.);
#1028 = EDGE_CURVE('',#1029,#119,#1031,.T.);
#1029 = VERTEX_POINT('',#1030);
#1030 = CARTESIAN_POINT('',(-35.98334174235,19.424724949947,
    4.313155377288E-15));
#1031 = SURFACE_CURVE('',#1032,(#1036,#1042),.PCURVE_S1.);
#1032 = LINE('',#1033,#1034);
#1033 = CARTESIAN_POINT('',(-35.98334174235,0.,0.));
#1034 = VECTOR('',#1035,1.);
#1035 = DIRECTION('',(0.,1.,2.22044604925E-16));
#1036 = PCURVE('',#602,#1037);
#1037 = DEFINITIONAL_REPRESENTATION('',(#1038),#1041);
#1038 = B_SPLINE_CURVE_WITH_KNOTS('',1,(#1039,#1040),.UNSPECIFIED.,.F.,
  .F.,(2,2),(-2.399999998934E-06,161.4000024),.PIECEWISE_BEZIER_KNOTS.);
#1039 = CARTESIAN_POINT('',(1.56665825765,-2.399999998934E-06));
#1040 = CARTESIAN_POINT('',(1.56665825765,161.4000024));
#1041 = ( GEOMETRIC_REPRESENTATION_CONTEXT(2) 
PARAMETRIC_REPRESENTATION_CONTEXT() REPRESENTATION_CONTEXT('2D SPACE',''
  ) );
#1042 = PCURVE('',#426,#1043);
#1043 = DEFINITIONAL_REPRESENTATION('',(#1044),#1047);
#1044 = B_SPLINE_CURVE_WITH_KNOTS('',1,(#1045,#1046),.UNSPECIFIED.,.F.,
  .F.,(2,2),(-2.399999998934E-06,161.4000024),.PIECEWISE_BEZIER_KNOTS.);
#1045 = CARTESIAN_POINT('',(0.2828252537,-2.4E-06));
#1046 = CARTESIAN_POINT('',(0.2828252537,161.4000024));
#1047 = ( GEOMETRIC_REPRESENTATION_CONTEXT(2) 
PARAMETRIC_REPRESENTATION_CONTEXT() REPRESENTATION_CONTEXT('2D SPACE',''
  ) );
#1048 = ORIENTED_EDGE('',*,*,#1049,.T.);
#1049 = EDGE_CURVE('',#1029,#1050,#1052,.T.);
#1050 = VERTEX_POINT('',#1051);
#1051 = CARTESIAN_POINT('',(-24.55223134763,15.264141021659,
    7.105427357601E-15));
#1052 = SURFACE_CURVE('',#1053,(#1057,#1063),.PCURVE_S1.);
#1053 = LINE('',#1054,#1055);
#1054 = CARTESIAN_POINT('',(-27.40075952169,16.300920488487,
    -3.571475150503E-16));
#1055 = VECTOR('',#1056,1.);
#1056 = DIRECTION('',(0.939692620786,-0.342020143326,0.));
#1057 = PCURVE('',#602,#1058);
#1058 = DEFINITIONAL_REPRESENTATION('',(#1059),#1062);
#1059 = B_SPLINE_CURVE_WITH_KNOTS('',1,(#1060,#1061),.UNSPECIFIED.,.F.,
  .F.,(2,2),(-9.133393229664,46.961923222229),.PIECEWISE_BEZIER_KNOTS.);
#1060 = CARTESIAN_POINT('',(1.56665825765,19.424724949947));
#1061 = CARTESIAN_POINT('',(54.279013188144,0.238996777172));
#1062 = ( GEOMETRIC_REPRESENTATION_CONTEXT(2) 
PARAMETRIC_REPRESENTATION_CONTEXT() REPRESENTATION_CONTEXT('2D SPACE',''
  ) );
#1063 = PCURVE('',#1064,#1069);
#1064 = PLANE('',#1065);
#1065 = AXIS2_PLACEMENT_3D('',#1066,#1067,#1068);
#1066 = CARTESIAN_POINT('',(-24.62545031944,12.342131303415,-39.9));
#1067 = DIRECTION('',(0.341198412901,0.937434934998,-6.927759867831E-02)
  );
#1068 = DIRECTION('',(0.939692620786,-0.342020143326,-1.698782609248E-19
    ));
#1069 = DEFINITIONAL_REPRESENTATION('',(#1070),#1073);
#1070 = B_SPLINE_CURVE_WITH_KNOTS('',1,(#1071,#1072),.UNSPECIFIED.,.F.,
  .F.,(2,2),(-9.133393229664,46.961923222229),.PIECEWISE_BEZIER_KNOTS.);
#1071 = CARTESIAN_POINT('',(-13.09531645189,-39.99609377628));
#1072 = CARTESIAN_POINT('',(43.,-39.99609377628));
#1073 = ( GEOMETRIC_REPRESENTATION_CONTEXT(2) 
PARAMETRIC_REPRESENTATION_CONTEXT() REPRESENTATION_CONTEXT('2D SPACE',''
  ) );
#1074 = ORIENTED_EDGE('',*,*,#1075,.F.);
#1075 = EDGE_CURVE('',#1076,#1050,#1078,.T.);
#1076 = VERTEX_POINT('',#1077);
#1077 = CARTESIAN_POINT('',(-22.80330766366,14.627584858692,
    7.105427357601E-15));
#1078 = SURFACE_CURVE('',#1079,(#1084,#1091),.PCURVE_S1.);
#1079 = ELLIPSE('',#1080,309.90335110828,1.865669962427);
#1080 = AXIS2_PLACEMENT_3D('',#1081,#1082,#1083);
#1081 = CARTESIAN_POINT('',(-115.5443158378,-237.4553987107,
    2.273729963943E-15));
#1082 = DIRECTION('',(0.,0.,1.));
#1083 = DIRECTION('',(0.342020143326,0.939692620786,-0.));
#1084 = PCURVE('',#602,#1085);
#1085 = DEFINITIONAL_REPRESENTATION('',(#1086),#1090);
#1086 = ELLIPSE('',#1087,309.90335110828,1.865669962427);
#1087 = AXIS2_PLACEMENT_2D('',#1088,#1089);
#1088 = CARTESIAN_POINT('',(-77.99431583783,-237.4553987107));
#1089 = DIRECTION('',(0.342020143326,0.939692620786));
#1090 = ( GEOMETRIC_REPRESENTATION_CONTEXT(2) 
PARAMETRIC_REPRESENTATION_CONTEXT() REPRESENTATION_CONTEXT('2D SPACE',''
  ) );
#1091 = PCURVE('',#961,#1092);
#1092 = DEFINITIONAL_REPRESENTATION('',(#1093),#1103);
#1093 = B_SPLINE_CURVE_WITH_KNOTS('',8,(#1094,#1095,#1096,#1097,#1098,
    #1099,#1100,#1101,#1102),.UNSPECIFIED.,.F.,.F.,(9,9),(5.760979857597
    ,6.805390756762),.PIECEWISE_BEZIER_KNOTS.);
#1094 = CARTESIAN_POINT('',(4.735651626792,9.999999996419E-02));
#1095 = CARTESIAN_POINT('',(4.72956353587,20.231828685808));
#1096 = CARTESIAN_POINT('',(4.723717664065,35.144315013242));
#1097 = CARTESIAN_POINT('',(4.718018282522,44.314609246275));
#1098 = CARTESIAN_POINT('',(4.712388980384,47.409637303823));
#1099 = CARTESIAN_POINT('',(4.706759678222,44.314609246273));
#1100 = CARTESIAN_POINT('',(4.701060296705,35.144315013235));
#1101 = CARTESIAN_POINT('',(4.6952144249,20.231828685806));
#1102 = CARTESIAN_POINT('',(4.689126333977,9.999999996153E-02));
#1103 = ( GEOMETRIC_REPRESENTATION_CONTEXT(2) 
PARAMETRIC_REPRESENTATION_CONTEXT() REPRESENTATION_CONTEXT('2D SPACE',''
  ) );
#1104 = ORIENTED_EDGE('',*,*,#1105,.T.);
#1105 = EDGE_CURVE('',#1076,#1106,#1108,.T.);
#1106 = VERTEX_POINT('',#1107);
#1107 = CARTESIAN_POINT('',(-8.840368712981,9.545490697766,
    1.42108547152E-14));
#1108 = SURFACE_CURVE('',#1109,(#1113,#1119),.PCURVE_S1.);
#1109 = LINE('',#1110,#1111);
#1110 = CARTESIAN_POINT('',(-27.40075952169,16.300920488487,
    -3.571475150503E-16));
#1111 = VECTOR('',#1112,1.);
#1112 = DIRECTION('',(0.939692620786,-0.342020143326,0.));
#1113 = PCURVE('',#602,#1114);
#1114 = DEFINITIONAL_REPRESENTATION('',(#1115),#1118);
#1115 = B_SPLINE_CURVE_WITH_KNOTS('',1,(#1116,#1117),.UNSPECIFIED.,.F.,
  .F.,(2,2),(-9.133393229664,46.961923222229),.PIECEWISE_BEZIER_KNOTS.);
#1116 = CARTESIAN_POINT('',(1.56665825765,19.424724949947));
#1117 = CARTESIAN_POINT('',(54.279013188144,0.238996777172));
#1118 = ( GEOMETRIC_REPRESENTATION_CONTEXT(2) 
PARAMETRIC_REPRESENTATION_CONTEXT() REPRESENTATION_CONTEXT('2D SPACE',''
  ) );
#1119 = PCURVE('',#1120,#1125);
#1120 = PLANE('',#1121);
#1121 = AXIS2_PLACEMENT_3D('',#1122,#1123,#1124);
#1122 = CARTESIAN_POINT('',(-24.62545031944,12.342131303415,-39.9));
#1123 = DIRECTION('',(0.341198412901,0.937434934998,-6.927759867831E-02)
  );
#1124 = DIRECTION('',(0.939692620786,-0.342020143326,-1.698782609248E-19
    ));
#1125 = DEFINITIONAL_REPRESENTATION('',(#1126),#1129);
#1126 = B_SPLINE_CURVE_WITH_KNOTS('',1,(#1127,#1128),.UNSPECIFIED.,.F.,
  .F.,(2,2),(-9.133393229664,46.961923222229),.PIECEWISE_BEZIER_KNOTS.);
#1127 = CARTESIAN_POINT('',(-13.09531645189,-39.99609377628));
#1128 = CARTESIAN_POINT('',(43.,-39.99609377628));
#1129 = ( GEOMETRIC_REPRESENTATION_CONTEXT(2) 
PARAMETRIC_REPRESENTATION_CONTEXT() REPRESENTATION_CONTEXT('2D SPACE',''
  ) );
#1130 = ORIENTED_EDGE('',*,*,#1131,.T.);
#1131 = EDGE_CURVE('',#1106,#1132,#1134,.T.);
#1132 = VERTEX_POINT('',#1133);
#1133 = CARTESIAN_POINT('',(37.55,132.3841727366,0.));
#1134 = SURFACE_CURVE('',#1135,(#1140,#1147),.PCURVE_S1.);
#1135 = ELLIPSE('',#1136,9.323591064398E+03,44.747509427901);
#1136 = AXIS2_PLACEMENT_3D('',#1137,#1138,#1139);
#1137 = CARTESIAN_POINT('',(2.960057929839E+03,8.21269232251E+03,
    -4.87888502262E-16));
#1138 = DIRECTION('',(0.,0.,1.));
#1139 = DIRECTION('',(0.342020143326,0.939692620786,-0.));
#1140 = PCURVE('',#602,#1141);
#1141 = DEFINITIONAL_REPRESENTATION('',(#1142),#1146);
#1142 = ELLIPSE('',#1143,9.323591064398E+03,44.747509427901);
#1143 = AXIS2_PLACEMENT_2D('',#1144,#1145);
#1144 = CARTESIAN_POINT('',(2.997607929839E+03,8.21269232251E+03));
#1145 = DIRECTION('',(0.342020143326,0.939692620786));
#1146 = ( GEOMETRIC_REPRESENTATION_CONTEXT(2) 
PARAMETRIC_REPRESENTATION_CONTEXT() REPRESENTATION_CONTEXT('2D SPACE',''
  ) );
#1147 = PCURVE('',#1148,#1153);
#1148 = CONICAL_SURFACE('',#1149,43.,6.916708676611E-02);
#1149 = AXIS2_PLACEMENT_3D('',#1150,#1151,#1152);
#1150 = CARTESIAN_POINT('',(-24.62545031944,12.342131303415,-39.9));
#1151 = DIRECTION('',(0.341198412901,0.937434934998,-6.927759867831E-02)
  );
#1152 = DIRECTION('',(0.939692620786,-0.342020143326,-1.698782609248E-19
    ));
#1153 = DEFINITIONAL_REPRESENTATION('',(#1154),#1161);
#1154 = B_SPLINE_CURVE_WITH_KNOTS('',5,(#1155,#1156,#1157,#1158,#1159,
    #1160),.UNSPECIFIED.,.F.,.F.,(6,6),(3.50221923526,3.543908387072),
  .PIECEWISE_BEZIER_KNOTS.);
#1155 = CARTESIAN_POINT('',(5.088386715862,2.376679462516E-11));
#1156 = CARTESIAN_POINT('',(5.079710038123,27.364954672881));
#1157 = CARTESIAN_POINT('',(5.07151152026,55.486184975068));
#1158 = CARTESIAN_POINT('',(5.063738580351,84.359727591384));
#1159 = CARTESIAN_POINT('',(5.056349758636,113.98140010001));
#1160 = CARTESIAN_POINT('',(5.049310189905,144.34680460618));
#1161 = ( GEOMETRIC_REPRESENTATION_CONTEXT(2) 
PARAMETRIC_REPRESENTATION_CONTEXT() REPRESENTATION_CONTEXT('2D SPACE',''
  ) );
#1162 = ORIENTED_EDGE('',*,*,#1163,.T.);
#1163 = EDGE_CURVE('',#1132,#900,#1164,.T.);
#1164 = SURFACE_CURVE('',#1165,(#1169,#1176),.PCURVE_S1.);
#1165 = LINE('',#1166,#1167);
#1166 = CARTESIAN_POINT('',(37.55,0.,0.));
#1167 = VECTOR('',#1168,1.);
#1168 = DIRECTION('',(-0.,1.,0.));
#1169 = PCURVE('',#602,#1170);
#1170 = DEFINITIONAL_REPRESENTATION('',(#1171),#1175);
#1171 = LINE('',#1172,#1173);
#1172 = CARTESIAN_POINT('',(75.1,0.));
#1173 = VECTOR('',#1174,1.);
#1174 = DIRECTION('',(0.,1.));
#1175 = ( GEOMETRIC_REPRESENTATION_CONTEXT(2) 
PARAMETRIC_REPRESENTATION_CONTEXT() REPRESENTATION_CONTEXT('2D SPACE',''
  ) );
#1176 = PCURVE('',#935,#1177);
#1177 = DEFINITIONAL_REPRESENTATION('',(#1178),#1182);
#1178 = LINE('',#1179,#1180);
#1179 = CARTESIAN_POINT('',(80.319743891989,3.720554603322));
#1180 = VECTOR('',#1181,1.);
#1181 = DIRECTION('',(-1.,0.));
#1182 = ( GEOMETRIC_REPRESENTATION_CONTEXT(2) 
PARAMETRIC_REPRESENTATION_CONTEXT() REPRESENTATION_CONTEXT('2D SPACE',''
  ) );
#1183 = ORIENTED_EDGE('',*,*,#899,.F.);
#1184 = ADVANCED_FACE('',(#1185),#106,.F.);
#1185 = FACE_BOUND('',#1186,.F.);
#1186 = EDGE_LOOP('',(#1187,#1188,#1189,#1226));
#1187 = ORIENTED_EDGE('',*,*,#978,.F.);
#1188 = ORIENTED_EDGE('',*,*,#89,.T.);
#1189 = ORIENTED_EDGE('',*,*,#1190,.F.);
#1190 = EDGE_CURVE('',#1191,#90,#1193,.T.);
#1191 = VERTEX_POINT('',#1192);
#1192 = CARTESIAN_POINT('',(-51.1704097129,24.03979379565,
    -12.34853316375));
#1193 = SURFACE_CURVE('',#1194,(#1199,#1206),.PCURVE_S1.);
#1194 = ELLIPSE('',#1195,18.347940062667,17.2);
#1195 = AXIS2_PLACEMENT_3D('',#1196,#1197,#1198);
#1196 = CARTESIAN_POINT('',(-52.5,25.791022849437,4.8));
#1197 = DIRECTION('',(0.341198412901,0.937434934998,-6.927759867831E-02)
  );
#1198 = DIRECTION('',(-0.918689226083,0.348160512759,0.186532472334));
#1199 = PCURVE('',#106,#1200);
#1200 = DEFINITIONAL_REPRESENTATION('',(#1201),#1205);
#1201 = ELLIPSE('',#1202,18.347940062667,17.2);
#1202 = AXIS2_PLACEMENT_2D('',#1203,#1204);
#1203 = CARTESIAN_POINT('',(-30.79330045668,-44.80765392981));
#1204 = DIRECTION('',(-0.98236339502,-0.186981710671));
#1205 = ( GEOMETRIC_REPRESENTATION_CONTEXT(2) 
PARAMETRIC_REPRESENTATION_CONTEXT() REPRESENTATION_CONTEXT('2D SPACE',''
  ) );
#1206 = PCURVE('',#426,#1207);
#1207 = DEFINITIONAL_REPRESENTATION('',(#1208),#1225);
#1208 = B_SPLINE_CURVE_WITH_KNOTS('',8,(#1209,#1210,#1211,#1212,#1213,
    #1214,#1215,#1216,#1217,#1218,#1219,#1220,#1221,#1222,#1223,#1224),
  .UNSPECIFIED.,.F.,.F.,(9,7,9),(3.224099092558,4.633128333804,
    6.04215757505),.UNSPECIFIED.);
#1209 = CARTESIAN_POINT('',(0.2828252537,19.424724949947));
#1210 = CARTESIAN_POINT('',(0.458953908855,19.517448883398));
#1211 = CARTESIAN_POINT('',(0.63508256401,19.835876755784));
#1212 = CARTESIAN_POINT('',(0.811211219168,20.375624543884));
#1213 = CARTESIAN_POINT('',(0.987339874317,21.117376159178));
#1214 = CARTESIAN_POINT('',(1.163468529479,22.027299584252));
#1215 = CARTESIAN_POINT('',(1.339597184633,23.060000080836));
#1216 = CARTESIAN_POINT('',(1.51572583979,24.163651030186));
#1217 = CARTESIAN_POINT('',(1.867983150101,26.406816116178));
#1218 = CARTESIAN_POINT('',(2.044111805256,27.546330491538));
#1219 = CARTESIAN_POINT('',(2.220240460411,28.650757709855));
#1220 = CARTESIAN_POINT('',(2.396369115571,29.66589830054));
#1221 = CARTESIAN_POINT('',(2.572497770724,30.541609264042));
#1222 = CARTESIAN_POINT('',(2.748626425879,31.237334140038));
#1223 = CARTESIAN_POINT('',(2.924755081036,31.725827626139));
#1224 = CARTESIAN_POINT('',(3.100883736192,31.994393406608));
#1225 = ( GEOMETRIC_REPRESENTATION_CONTEXT(2) 
PARAMETRIC_REPRESENTATION_CONTEXT() REPRESENTATION_CONTEXT('2D SPACE',''
  ) );
#1226 = ORIENTED_EDGE('',*,*,#1227,.F.);
#1227 = EDGE_CURVE('',#979,#1191,#1228,.T.);
#1228 = SURFACE_CURVE('',#1229,(#1234,#1241),.PCURVE_S1.);
#1229 = CIRCLE('',#1230,40.006918174378);
#1230 = AXIS2_PLACEMENT_3D('',#1231,#1232,#1233);
#1231 = CARTESIAN_POINT('',(-24.62545031944,12.342131303415,-39.9));
#1232 = DIRECTION('',(0.341198412901,0.937434934998,-6.927759867831E-02)
  );
#1233 = DIRECTION('',(0.939692620786,-0.342020143326,-1.698782609248E-19
    ));
#1234 = PCURVE('',#106,#1235);
#1235 = DEFINITIONAL_REPRESENTATION('',(#1236),#1240);
#1236 = CIRCLE('',#1237,40.006918174378);
#1237 = AXIS2_PLACEMENT_2D('',#1238,#1239);
#1238 = CARTESIAN_POINT('',(6.075498208092E-16,-6.97271580138E-15));
#1239 = DIRECTION('',(1.,-1.2825496353E-18));
#1240 = ( GEOMETRIC_REPRESENTATION_CONTEXT(2) 
PARAMETRIC_REPRESENTATION_CONTEXT() REPRESENTATION_CONTEXT('2D SPACE',''
  ) );
#1241 = PCURVE('',#961,#1242);
#1242 = DEFINITIONAL_REPRESENTATION('',(#1243),#1247);
#1243 = LINE('',#1244,#1245);
#1244 = CARTESIAN_POINT('',(0.,9.999999999999E-02));
#1245 = VECTOR('',#1246,1.);
#1246 = DIRECTION('',(1.,0.));
#1247 = ( GEOMETRIC_REPRESENTATION_CONTEXT(2) 
PARAMETRIC_REPRESENTATION_CONTEXT() REPRESENTATION_CONTEXT('2D SPACE',''
  ) );
#1248 = ADVANCED_FACE('',(#1249),#426,.F.);
#1249 = FACE_BOUND('',#1250,.F.);
#1250 = EDGE_LOOP('',(#1251,#1252,#1253,#1290,#1728));
#1251 = ORIENTED_EDGE('',*,*,#118,.T.);
#1252 = ORIENTED_EDGE('',*,*,#1028,.F.);
#1253 = ORIENTED_EDGE('',*,*,#1254,.T.);
#1254 = EDGE_CURVE('',#1029,#1255,#1257,.T.);
#1255 = VERTEX_POINT('',#1256);
#1256 = CARTESIAN_POINT('',(-36.94074323778,19.58611649291,
    -2.531407027808));
#1257 = SURFACE_CURVE('',#1258,(#1263,#1283),.PCURVE_S1.);
#1258 = ELLIPSE('',#1259,18.347940062667,17.2);
#1259 = AXIS2_PLACEMENT_3D('',#1260,#1261,#1262);
#1260 = CARTESIAN_POINT('',(-52.5,25.791022849437,4.8));
#1261 = DIRECTION('',(0.341198412901,0.937434934998,-6.927759867831E-02)
  );
#1262 = DIRECTION('',(-0.918689226083,0.348160512759,0.186532472334));
#1263 = PCURVE('',#426,#1264);
#1264 = DEFINITIONAL_REPRESENTATION('',(#1265),#1282);
#1265 = B_SPLINE_CURVE_WITH_KNOTS('',8,(#1266,#1267,#1268,#1269,#1270,
    #1271,#1272,#1273,#1274,#1275,#1276,#1277,#1278,#1279,#1280,#1281),
  .UNSPECIFIED.,.F.,.F.,(9,7,9),(3.224099092558,4.633128333804,
    6.04215757505),.UNSPECIFIED.);
#1266 = CARTESIAN_POINT('',(0.2828252537,19.424724949947));
#1267 = CARTESIAN_POINT('',(0.458953908855,19.517448883398));
#1268 = CARTESIAN_POINT('',(0.63508256401,19.835876755784));
#1269 = CARTESIAN_POINT('',(0.811211219168,20.375624543884));
#1270 = CARTESIAN_POINT('',(0.987339874317,21.117376159178));
#1271 = CARTESIAN_POINT('',(1.163468529479,22.027299584252));
#1272 = CARTESIAN_POINT('',(1.339597184633,23.060000080836));
#1273 = CARTESIAN_POINT('',(1.51572583979,24.163651030186));
#1274 = CARTESIAN_POINT('',(1.867983150101,26.406816116178));
#1275 = CARTESIAN_POINT('',(2.044111805256,27.546330491538));
#1276 = CARTESIAN_POINT('',(2.220240460411,28.650757709855));
#1277 = CARTESIAN_POINT('',(2.396369115571,29.66589830054));
#1278 = CARTESIAN_POINT('',(2.572497770724,30.541609264042));
#1279 = CARTESIAN_POINT('',(2.748626425879,31.237334140038));
#1280 = CARTESIAN_POINT('',(2.924755081036,31.725827626139));
#1281 = CARTESIAN_POINT('',(3.100883736192,31.994393406608));
#1282 = ( GEOMETRIC_REPRESENTATION_CONTEXT(2) 
PARAMETRIC_REPRESENTATION_CONTEXT() REPRESENTATION_CONTEXT('2D SPACE',''
  ) );
#1283 = PCURVE('',#1064,#1284);
#1284 = DEFINITIONAL_REPRESENTATION('',(#1285),#1289);
#1285 = ELLIPSE('',#1286,18.347940062667,17.2);
#1286 = AXIS2_PLACEMENT_2D('',#1287,#1288);
#1287 = CARTESIAN_POINT('',(-30.79330045668,-44.80765392981));
#1288 = DIRECTION('',(-0.98236339502,-0.186981710671));
#1289 = ( GEOMETRIC_REPRESENTATION_CONTEXT(2) 
PARAMETRIC_REPRESENTATION_CONTEXT() REPRESENTATION_CONTEXT('2D SPACE',''
  ) );
#1290 = ORIENTED_EDGE('',*,*,#1291,.F.);
#1291 = EDGE_CURVE('',#1191,#1255,#1292,.T.);
#1292 = SURFACE_CURVE('',#1293,(#1436,#1582),.PCURVE_S1.);
#1293 = B_SPLINE_CURVE_WITH_KNOTS('',8,(#1294,#1295,#1296,#1297,#1298,
    #1299,#1300,#1301,#1302,#1303,#1304,#1305,#1306,#1307,#1308,#1309,
    #1310,#1311,#1312,#1313,#1314,#1315,#1316,#1317,#1318,#1319,#1320,
    #1321,#1322,#1323,#1324,#1325,#1326,#1327,#1328,#1329,#1330,#1331,
    #1332,#1333,#1334,#1335,#1336,#1337,#1338,#1339,#1340,#1341,#1342,
    #1343,#1344,#1345,#1346,#1347,#1348,#1349,#1350,#1351,#1352,#1353,
    #1354,#1355,#1356,#1357,#1358,#1359,#1360,#1361,#1362,#1363,#1364,
    #1365,#1366,#1367,#1368,#1369,#1370,#1371,#1372,#1373,#1374,#1375,
    #1376,#1377,#1378,#1379,#1380,#1381,#1382,#1383,#1384,#1385,#1386,
    #1387,#1388,#1389,#1390,#1391,#1392,#1393,#1394,#1395,#1396,#1397,
    #1398,#1399,#1400,#1401,#1402,#1403,#1404,#1405,#1406,#1407,#1408,
    #1409,#1410,#1411,#1412,#1413,#1414,#1415,#1416,#1417,#1418,#1419,
    #1420,#1421,#1422,#1423,#1424,#1425,#1426,#1427,#1428,#1429,#1430,
    #1431,#1432,#1433,#1434,#1435),.UNSPECIFIED.,.F.,.F.,(9,7,7,7,7,7,7,
    7,7,7,7,7,7,7,7,7,7,7,7,7,9),(0.,0.137777822436,0.255330221427,
    0.313485202896,0.362828748427,0.414844928719,0.44331632635,
    0.453513693359,0.457758292954,0.465476931608,0.472602578201,
    0.476400259312,0.484609520405,0.499545464024,0.519698379666,
    0.57486273825,0.624408892489,0.687394580116,0.794980679466,
    0.937418970029,1.),.UNSPECIFIED.);
#1294 = CARTESIAN_POINT('',(-51.17040971291,24.039793795635,
    -12.34853316375));
#1295 = CARTESIAN_POINT('',(-50.94941123128,24.6549395819,-12.3313983201
    ));
#1296 = CARTESIAN_POINT('',(-50.72501932525,25.269315581883,
    -12.31072565273));
#1297 = CARTESIAN_POINT('',(-50.49701632019,25.882862083933,
    -12.28631014724));
#1298 = CARTESIAN_POINT('',(-50.26514854803,26.495503365338,
    -12.25791445122));
#1299 = CARTESIAN_POINT('',(-50.02912278346,27.107146868583,
    -12.2252658312));
#1300 = CARTESIAN_POINT('',(-49.78859150623,27.717679597864,
    -12.18804391019));
#1301 = CARTESIAN_POINT('',(-49.54312698941,28.326961735872,
    -12.14585918583));
#1302 = CARTESIAN_POINT('',(-49.07807918034,29.453441594625,
    -12.05757843805));
#1303 = CARTESIAN_POINT('',(-48.85999313838,29.971010441715,
    -12.0129669132));
#1304 = CARTESIAN_POINT('',(-48.63758069915,30.487426963769,
    -11.9640815509));
#1305 = CARTESIAN_POINT('',(-48.41044168106,31.002559769667,
    -11.91056511769));
#1306 = CARTESIAN_POINT('',(-48.17809024629,31.516234096967,
    -11.85198388346));
#1307 = CARTESIAN_POINT('',(-47.93993510983,32.028226195023,
    -11.78781116512));
#1308 = CARTESIAN_POINT('',(-47.69522050429,32.538246496199,
    -11.7173786214));
#1309 = CARTESIAN_POINT('',(-47.31803965683,33.297039432088,
    -11.60135196346));
#1310 = CARTESIAN_POINT('',(-47.19133747606,33.54759601556,
    -11.56119043092));
#1311 = CARTESIAN_POINT('',(-47.06264168026,33.797519554216,
    -11.51915686057));
#1312 = CARTESIAN_POINT('',(-46.93180464571,34.046751338117,
    -11.4751221151));
#1313 = CARTESIAN_POINT('',(-46.79865827947,34.295220382653,
    -11.42893868203));
#1314 = CARTESIAN_POINT('',(-46.66300672889,34.542841018241,
    -11.38043466437));
#1315 = CARTESIAN_POINT('',(-46.5246140078,34.789508772249,
    -11.32940358095));
#1316 = CARTESIAN_POINT('',(-46.26318765794,35.243470031575,
    -11.22993001773));
#1317 = CARTESIAN_POINT('',(-46.14100923717,35.451056430981,
    -11.1822686347));
#1318 = CARTESIAN_POINT('',(-46.01646952632,35.657782510636,
    -11.13244961672));
#1319 = CARTESIAN_POINT('',(-45.88935694946,35.863552383437,
    -11.08028884141));
#1320 = CARTESIAN_POINT('',(-45.75942885638,36.068245173895,
    -11.02557328535));
#1321 = CARTESIAN_POINT('',(-45.62639680706,36.271709358702,
    -10.96804885103));
#1322 = CARTESIAN_POINT('',(-45.48989838995,36.473751779871,
    -10.90739700981));
#1323 = CARTESIAN_POINT('',(-45.20140583868,36.885343660649,
    -10.77552637145));
#1324 = CARTESIAN_POINT('',(-45.04908935548,37.094538365644,
    -10.7039659359));
#1325 = CARTESIAN_POINT('',(-44.89184854498,37.301578922089,
    -10.62799179336));
#1326 = CARTESIAN_POINT('',(-44.72892365324,37.506116523837,
    -10.54695328208));
#1327 = CARTESIAN_POINT('',(-44.55948785492,37.707605068669,
    -10.4601080789));
#1328 = CARTESIAN_POINT('',(-44.38235192915,37.905138146114,
    -10.36637123433));
#1329 = CARTESIAN_POINT('',(-44.19611688988,38.097535701507,
    -10.26444657311));
#1330 = CARTESIAN_POINT('',(-43.88931387195,38.383973407592,
    -10.08998559875));
#1331 = CARTESIAN_POINT('',(-43.77741783705,38.4828909296,
    -10.02516535978));
#1332 = CARTESIAN_POINT('',(-43.66151435723,38.579240978781,
    -9.956726470537));
#1333 = CARTESIAN_POINT('',(-43.54097982905,38.672568424906,
    -9.884111367509));
#1334 = CARTESIAN_POINT('',(-43.41521425402,38.762138374931,
    -9.80672693189));
#1335 = CARTESIAN_POINT('',(-43.28351598306,38.84682190752,
    -9.723832406669));
#1336 = CARTESIAN_POINT('',(-43.1451293994,38.925143974778,
    -9.634586033277));
#1337 = CARTESIAN_POINT('',(-42.9461899415,39.01972934285,
    -9.502750587913));
#1338 = CARTESIAN_POINT('',(-42.89273263093,39.043538604757,
    -9.467009166571));
#1339 = CARTESIAN_POINT('',(-42.83823149882,39.066104257333,
    -9.430236228625));
#1340 = CARTESIAN_POINT('',(-42.78265282046,39.087293703956,
    -9.392382690967));
#1341 = CARTESIAN_POINT('',(-42.72597867187,39.106952228442,
    -9.353407597326));
#1342 = CARTESIAN_POINT('',(-42.66820867929,39.124905628284,
    -9.31328004913));
#1343 = CARTESIAN_POINT('',(-42.60936296754,39.140964701635,
    -9.271982370165));
#1344 = CARTESIAN_POINT('',(-42.52456296676,39.160745229959,
    -9.211837482857));
#1345 = CARTESIAN_POINT('',(-42.49946329182,39.166195845863,
    -9.19395933672));
#1346 = CARTESIAN_POINT('',(-42.47419183781,39.171269035852,
    -9.175881036178));
#1347 = CARTESIAN_POINT('',(-42.44875450915,39.175950088166,
    -9.157604529352));
#1348 = CARTESIAN_POINT('',(-42.42315865066,39.180224223717,
    -9.139132856771));
#1349 = CARTESIAN_POINT('',(-42.39741313912,39.184076840617,
    -9.120470265177));
#1350 = CARTESIAN_POINT('',(-42.37152847472,39.187493758714,
    -9.101622321332));
#1351 = CARTESIAN_POINT('',(-42.29821578978,39.195858120554,
    -9.047997450251));
#1352 = CARTESIAN_POINT('',(-42.25048395796,39.199770519762,
    -9.012801060515));
#1353 = CARTESIAN_POINT('',(-42.20240815547,39.202115117081,
    -8.977058523846));
#1354 = CARTESIAN_POINT('',(-42.15408582957,39.202818987764,
    -8.940831760474));
#1355 = CARTESIAN_POINT('',(-42.10562547153,39.201824870227,
    -8.904194047045));
#1356 = CARTESIAN_POINT('',(-42.05714699167,39.199096209308,
    -8.86723112004));
#1357 = CARTESIAN_POINT('',(-42.00878209442,39.194622199509,
    -8.830042279183));
#1358 = CARTESIAN_POINT('',(-41.91626311408,39.182699729827,
    -8.75830637255));
#1359 = CARTESIAN_POINT('',(-41.87205855375,39.175504611859,
    -8.723766193546));
#1360 = CARTESIAN_POINT('',(-41.8281729861,39.166851821229,
    -8.689209479885));
#1361 = CARTESIAN_POINT('',(-41.78470409783,39.156774899174,
    -8.654717349719));
#1362 = CARTESIAN_POINT('',(-41.74173638704,39.145323433615,
    -8.620363759619));
#1363 = CARTESIAN_POINT('',(-41.69934230172,39.132559911484,
    -8.586215750889));
#1364 = CARTESIAN_POINT('',(-41.65758337817,39.11855657105,
    -8.552333695872));
#1365 = CARTESIAN_POINT('',(-41.5946216673,39.095310287404,
    -8.500884276414));
#1366 = CARTESIAN_POINT('',(-41.57292502681,39.086897802739,
    -8.483086206483));
#1367 = CARTESIAN_POINT('',(-41.55142802031,39.078166176826,
    -8.465384448779));
#1368 = CARTESIAN_POINT('',(-41.53013596702,39.069127015141,
    -8.447785206797));
#1369 = CARTESIAN_POINT('',(-41.50905303701,39.059792016544,
    -8.43029382052));
#1370 = CARTESIAN_POINT('',(-41.48818234513,39.050172837758,
    -8.41291481372));
#1371 = CARTESIAN_POINT('',(-41.46752604486,39.040280957845,
    -8.395651941263));
#1372 = CARTESIAN_POINT('',(-41.40289993039,39.008179402879,
    -8.341449530043));
#1373 = CARTESIAN_POINT('',(-41.35972680185,38.985011212394,
    -8.304951444451));
#1374 = CARTESIAN_POINT('',(-41.31757214423,38.96073397917,
    -8.269039136977));
#1375 = CARTESIAN_POINT('',(-41.27642986191,38.93545293542,
    -8.233727269632));
#1376 = CARTESIAN_POINT('',(-41.23628344855,38.909265736852,
    -8.199021095974));
#1377 = CARTESIAN_POINT('',(-41.19710777958,38.882260661904,
    -8.164917547987));
#1378 = CARTESIAN_POINT('',(-41.15887090474,38.854514810967,
    -8.131406322954));
#1379 = CARTESIAN_POINT('',(-41.05360836119,38.774380350947,
    -8.038548333664));
#1380 = CARTESIAN_POINT('',(-40.98870008881,38.720455490906,
    -7.980562159201));
#1381 = CARTESIAN_POINT('',(-40.92656159377,38.664695657128,
    -7.92439183019));
#1382 = CARTESIAN_POINT('',(-40.86697604206,38.607411739478,
    -7.869928371942));
#1383 = CARTESIAN_POINT('',(-40.80974643659,38.548854974873,
    -7.817066624459));
#1384 = CARTESIAN_POINT('',(-40.7546869446,38.489221874977,
    -7.765699979736));
#1385 = CARTESIAN_POINT('',(-40.70161831115,38.428656692724,
    -7.715717683732));
#1386 = CARTESIAN_POINT('',(-40.58121497374,38.284397932983,
    -7.601276777426));
#1387 = CARTESIAN_POINT('',(-40.51541719117,38.200070394735,
    -7.537903041749));
#1388 = CARTESIAN_POINT('',(-40.45257711101,38.114540657032,
    -7.47662978396));
#1389 = CARTESIAN_POINT('',(-40.39238861202,38.028020815398,
    -7.417260910265));
#1390 = CARTESIAN_POINT('',(-40.33460221892,37.940675746004,
    -7.359634693893));
#1391 = CARTESIAN_POINT('',(-40.27900234251,37.852631348008,
    -7.303608293619));
#1392 = CARTESIAN_POINT('',(-40.2253958927,37.763978499001,
    -7.249050042004));
#1393 = CARTESIAN_POINT('',(-40.03186549707,37.430590716887,
    -7.050186869943));
#1394 = CARTESIAN_POINT('',(-39.90392884302,37.182535487432,
    -6.914789909123));
#1395 = CARTESIAN_POINT('',(-39.78629808078,36.93188713057,
    -6.787195574443));
#1396 = CARTESIAN_POINT('',(-39.67725825011,36.679401586413,
    -6.666211925377));
#1397 = CARTESIAN_POINT('',(-39.57538508885,36.425631133756,
    -6.550834719937));
#1398 = CARTESIAN_POINT('',(-39.47971470541,36.170881966306,
    -6.440368904591));
#1399 = CARTESIAN_POINT('',(-39.38940783611,35.915293759585,
    -6.334190251225));
#1400 = CARTESIAN_POINT('',(-39.22689201829,35.428476695377,
    -6.139788806868));
#1401 = CARTESIAN_POINT('',(-39.15382519447,35.197566920245,
    -6.050897263717));
#1402 = CARTESIAN_POINT('',(-39.0841325354,34.966196764667,
    -5.964762110497));
#1403 = CARTESIAN_POINT('',(-39.01746095632,34.734445870894,
    -5.881121745287));
#1404 = CARTESIAN_POINT('',(-38.95352644829,34.502376609293,
    -5.799764676601));
#1405 = CARTESIAN_POINT('',(-38.89209017753,34.270036746233,
    -5.720511850216));
#1406 = CARTESIAN_POINT('',(-38.83294558026,34.037460835447,
    -5.643207110274));
#1407 = CARTESIAN_POINT('',(-38.7034180153,33.508734753172,
    -5.471747247912));
#1408 = CARTESIAN_POINT('',(-38.63434119024,33.212466772332,
    -5.378713492935));
#1409 = CARTESIAN_POINT('',(-38.56832442762,32.915922160043,
    -5.288339779799));
#1410 = CARTESIAN_POINT('',(-38.50507906285,32.619146219376,
    -5.200405871535));
#1411 = CARTESIAN_POINT('',(-38.44436723035,32.322175253045,
    -5.114729414134));
#1412 = CARTESIAN_POINT('',(-38.38598630757,32.025037583058,
    -5.031154222273));
#1413 = CARTESIAN_POINT('',(-38.32975988996,31.727754123765,
    -4.949543480824));
#1414 = CARTESIAN_POINT('',(-38.18291405671,30.922321732427,
    -4.733529896881));
#1415 = CARTESIAN_POINT('',(-38.09613603726,30.413937081218,
    -4.602669613446));
#1416 = CARTESIAN_POINT('',(-38.01443846706,29.905262168924,
    -4.476602045105));
#1417 = CARTESIAN_POINT('',(-37.93725054181,29.396358425801,
    -4.354879337421));
#1418 = CARTESIAN_POINT('',(-37.86411394434,28.887273350677,
    -4.237139863698));
#1419 = CARTESIAN_POINT('',(-37.79464731303,28.378041483859,
    -4.123080929455));
#1420 = CARTESIAN_POINT('',(-37.72853121942,27.868684817781,
    -4.012447191152));
#1421 = CARTESIAN_POINT('',(-37.58202727121,26.68470017218,
    -3.76278492463));
#1422 = CARTESIAN_POINT('',(-37.50395646454,26.010004248001,
    -3.626171756365));
#1423 = CARTESIAN_POINT('',(-37.43064302769,25.33516386607,
    -3.494667866448));
#1424 = CARTESIAN_POINT('',(-37.36158978061,24.66021062218,
    -3.367872111104));
#1425 = CARTESIAN_POINT('',(-37.29639346921,23.985169320537,
    -3.245457555011));
#1426 = CARTESIAN_POINT('',(-37.2347144137,23.310057878696,
    -3.127147675688));
#1427 = CARTESIAN_POINT('',(-37.17625946782,22.634887249024,
    -3.012702963169));
#1428 = CARTESIAN_POINT('',(-37.09640233455,21.662997224874,
    -2.853243907479));
#1429 = CARTESIAN_POINT('',(-37.07260042247,21.366323389299,
    -2.805276438435));
#1430 = CARTESIAN_POINT('',(-37.04935124471,21.069640651565,
    -2.757998063966));
#1431 = CARTESIAN_POINT('',(-37.02663492125,20.772949744183,
    -2.71139249443));
#1432 = CARTESIAN_POINT('',(-37.00443286951,20.476251327758,
    -2.665444490071));
#1433 = CARTESIAN_POINT('',(-36.98272767379,20.179545988191,
    -2.620139756691));
#1434 = CARTESIAN_POINT('',(-36.96150295455,19.882834233875,
    -2.575464841304));
#1435 = CARTESIAN_POINT('',(-36.94074323778,19.586116492892,
    -2.531407027806));
#1436 = PCURVE('',#426,#1437);
#1437 = DEFINITIONAL_REPRESENTATION('',(#1438),#1581);
#1438 = B_SPLINE_CURVE_WITH_KNOTS('',8,(#1439,#1440,#1441,#1442,#1443,
    #1444,#1445,#1446,#1447,#1448,#1449,#1450,#1451,#1452,#1453,#1454,
    #1455,#1456,#1457,#1458,#1459,#1460,#1461,#1462,#1463,#1464,#1465,
    #1466,#1467,#1468,#1469,#1470,#1471,#1472,#1473,#1474,#1475,#1476,
    #1477,#1478,#1479,#1480,#1481,#1482,#1483,#1484,#1485,#1486,#1487,
    #1488,#1489,#1490,#1491,#1492,#1493,#1494,#1495,#1496,#1497,#1498,
    #1499,#1500,#1501,#1502,#1503,#1504,#1505,#1506,#1507,#1508,#1509,
    #1510,#1511,#1512,#1513,#1514,#1515,#1516,#1517,#1518,#1519,#1520,
    #1521,#1522,#1523,#1524,#1525,#1526,#1527,#1528,#1529,#1530,#1531,
    #1532,#1533,#1534,#1535,#1536,#1537,#1538,#1539,#1540,#1541,#1542,
    #1543,#1544,#1545,#1546,#1547,#1548,#1549,#1550,#1551,#1552,#1553,
    #1554,#1555,#1556,#1557,#1558,#1559,#1560,#1561,#1562,#1563,#1564,
    #1565,#1566,#1567,#1568,#1569,#1570,#1571,#1572,#1573,#1574,#1575,
    #1576,#1577,#1578,#1579,#1580),.UNSPECIFIED.,.F.,.F.,(9,7,7,7,7,7,7,
    7,7,7,7,7,7,7,7,7,7,7,7,7,9),(0.,0.137777822436,0.255330221427,
    0.313485202896,0.362828748427,0.414844928719,0.44331632635,
    0.453513693359,0.457758292954,0.465476931608,0.472602578201,
    0.476400259312,0.484609520405,0.499545464024,0.519698379666,
    0.57486273825,0.624408892489,0.687394580116,0.794980679466,
    0.937418970029,1.),.UNSPECIFIED.);
#1439 = CARTESIAN_POINT('',(1.493417371247,24.039793795635));
#1440 = CARTESIAN_POINT('',(1.480530060156,24.6549395819));
#1441 = CARTESIAN_POINT('',(1.467430143726,25.269315581883));
#1442 = CARTESIAN_POINT('',(1.454100837191,25.882862083933));
#1443 = CARTESIAN_POINT('',(1.440522632085,26.495503365338));
#1444 = CARTESIAN_POINT('',(1.426673027114,27.107146868583));
#1445 = CARTESIAN_POINT('',(1.412525427149,27.717679597864));
#1446 = CARTESIAN_POINT('',(1.398047210332,28.326961735872));
#1447 = CARTESIAN_POINT('',(1.370526693675,29.453441594625));
#1448 = CARTESIAN_POINT('',(1.357586011212,29.971010441715));
#1449 = CARTESIAN_POINT('',(1.344348758263,30.487426963769));
#1450 = CARTESIAN_POINT('',(1.330784572402,31.002559769667));
#1451 = CARTESIAN_POINT('',(1.316856572143,31.516234096966));
#1452 = CARTESIAN_POINT('',(1.302519870439,32.028226195024));
#1453 = CARTESIAN_POINT('',(1.287717158555,32.538246496199));
#1454 = CARTESIAN_POINT('',(1.264773941366,33.297039432088));
#1455 = CARTESIAN_POINT('',(1.257046606782,33.54759601556));
#1456 = CARTESIAN_POINT('',(1.249175821629,33.797519554216));
#1457 = CARTESIAN_POINT('',(1.241150404736,34.046751338117));
#1458 = CARTESIAN_POINT('',(1.232957604848,34.295220382653));
#1459 = CARTESIAN_POINT('',(1.224582553267,34.542841018241));
#1460 = CARTESIAN_POINT('',(1.216007335536,34.789508772249));
#1461 = CARTESIAN_POINT('',(1.199745017932,35.243470031575));
#1462 = CARTESIAN_POINT('',(1.192120537085,35.451056430981));
#1463 = CARTESIAN_POINT('',(1.184322506216,35.657782510636));
#1464 = CARTESIAN_POINT('',(1.176334864174,35.863552383437));
#1465 = CARTESIAN_POINT('',(1.16813912677,36.068245173895));
#1466 = CARTESIAN_POINT('',(1.159713277476,36.271709358702));
#1467 = CARTESIAN_POINT('',(1.1510296441,36.473751779871));
#1468 = CARTESIAN_POINT('',(1.132587602417,36.885343660649));
#1469 = CARTESIAN_POINT('',(1.122803888521,37.094538365644));
#1470 = CARTESIAN_POINT('',(1.112651830639,37.301578922089));
#1471 = CARTESIAN_POINT('',(1.10207381516,37.506116523837));
#1472 = CARTESIAN_POINT('',(1.091006090302,37.707605068669));
#1473 = CARTESIAN_POINT('',(1.079356221213,37.905138146114));
#1474 = CARTESIAN_POINT('',(1.067014718224,38.097535701507));
#1475 = CARTESIAN_POINT('',(1.046495108941,38.383973407592));
#1476 = CARTESIAN_POINT('',(1.038977031858,38.4828909296));
#1477 = CARTESIAN_POINT('',(1.031151843363,38.579240978781));
#1478 = CARTESIAN_POINT('',(1.022971230801,38.672568424906));
#1479 = CARTESIAN_POINT('',(1.014386817858,38.762138374931));
#1480 = CARTESIAN_POINT('',(1.005340319951,38.84682190752));
#1481 = CARTESIAN_POINT('',(0.995767304434,38.925143974778));
#1482 = CARTESIAN_POINT('',(0.981891857393,39.01972934285));
#1483 = CARTESIAN_POINT('',(0.978153225856,39.043538604757));
#1484 = CARTESIAN_POINT('',(0.974330803292,39.066104257333));
#1485 = CARTESIAN_POINT('',(0.970421290918,39.087293703956));
#1486 = CARTESIAN_POINT('',(0.966422399566,39.106952228442));
#1487 = CARTESIAN_POINT('',(0.962332994001,39.124905628284));
#1488 = CARTESIAN_POINT('',(0.958153336498,39.140964701635));
#1489 = CARTESIAN_POINT('',(0.952108936263,39.160745229959));
#1490 = CARTESIAN_POINT('',(0.950317315812,39.166195845863));
#1491 = CARTESIAN_POINT('',(0.948510808469,39.171269035852));
#1492 = CARTESIAN_POINT('',(0.946689750589,39.175950088166));
#1493 = CARTESIAN_POINT('',(0.94485458297,39.180224223717));
#1494 = CARTESIAN_POINT('',(0.943005859079,39.184076840617));
#1495 = CARTESIAN_POINT('',(0.941144253263,39.187493758714));
#1496 = CARTESIAN_POINT('',(0.935863347243,39.195858120554));
#1497 = CARTESIAN_POINT('',(0.932415392382,39.199770519762));
#1498 = CARTESIAN_POINT('',(0.928932490597,39.202115117081));
#1499 = CARTESIAN_POINT('',(0.925421273059,39.202818987764));
#1500 = CARTESIAN_POINT('',(0.921889275008,39.201824870227));
#1501 = CARTESIAN_POINT('',(0.91834499487,39.199096209308));
#1502 = CARTESIAN_POINT('',(0.91479795336,39.194622199509));
#1503 = CARTESIAN_POINT('',(0.907991454436,39.182699729827));
#1504 = CARTESIAN_POINT('',(0.904729923582,39.175504611859));
#1505 = CARTESIAN_POINT('',(0.901482406619,39.166851821229));
#1506 = CARTESIAN_POINT('',(0.898256229858,39.156774899174));
#1507 = CARTESIAN_POINT('',(0.895057861925,39.145323433615));
#1508 = CARTESIAN_POINT('',(0.891892976344,39.132559911484));
#1509 = CARTESIAN_POINT('',(0.888766514122,39.11855657105));
#1510 = CARTESIAN_POINT('',(0.88403922297,39.095310287404));
#1511 = CARTESIAN_POINT('',(0.882407673186,39.086897802739));
#1512 = CARTESIAN_POINT('',(0.880788647362,39.078166176826));
#1513 = CARTESIAN_POINT('',(0.879182606847,39.069127015141));
#1514 = CARTESIAN_POINT('',(0.877589929933,39.059792016544));
#1515 = CARTESIAN_POINT('',(0.876010917821,39.050172837758));
#1516 = CARTESIAN_POINT('',(0.874445800598,39.040280957845));
#1517 = CARTESIAN_POINT('',(0.869541898479,39.008179402879));
#1518 = CARTESIAN_POINT('',(0.86625509606,38.985011212394));
#1519 = CARTESIAN_POINT('',(0.863035490202,38.96073397917));
#1520 = CARTESIAN_POINT('',(0.859883309518,38.93545293542));
#1521 = CARTESIAN_POINT('',(0.8567979762,38.909265736852));
#1522 = CARTESIAN_POINT('',(0.853778225228,38.882260661904));
#1523 = CARTESIAN_POINT('',(0.850822223587,38.854514810967));
#1524 = CARTESIAN_POINT('',(0.842661369188,38.774380350947));
#1525 = CARTESIAN_POINT('',(0.837601163962,38.720455490906));
#1526 = CARTESIAN_POINT('',(0.83273133777,38.664695657128));
#1527 = CARTESIAN_POINT('',(0.828038094802,38.607411739478));
#1528 = CARTESIAN_POINT('',(0.823508699836,38.548854974873));
#1529 = CARTESIAN_POINT('',(0.819130880678,38.489221874977));
#1530 = CARTESIAN_POINT('',(0.814892512652,38.428656692724));
#1531 = CARTESIAN_POINT('',(0.805234752806,38.284397932983));
#1532 = CARTESIAN_POINT('',(0.799923581709,38.200070394735));
#1533 = CARTESIAN_POINT('',(0.794820925551,38.114540657032));
#1534 = CARTESIAN_POINT('',(0.789905859011,38.028020815398));
#1535 = CARTESIAN_POINT('',(0.785161275903,37.940675746004));
#1536 = CARTESIAN_POINT('',(0.78057228768,37.852631348008));
#1537 = CARTESIAN_POINT('',(0.776125422264,37.763978499001));
#1538 = CARTESIAN_POINT('',(0.75999229581,37.430590716887));
#1539 = CARTESIAN_POINT('',(0.749163255236,37.182535487432));
#1540 = CARTESIAN_POINT('',(0.739074699422,36.93188713057));
#1541 = CARTESIAN_POINT('',(0.729606629235,36.679401586413));
#1542 = CARTESIAN_POINT('',(0.720658880433,36.425631133756));
#1543 = CARTESIAN_POINT('',(0.71216323434,36.170881966306));
#1544 = CARTESIAN_POINT('',(0.704059525136,35.915293759585));
#1545 = CARTESIAN_POINT('',(0.689327913159,35.428476695377));
#1546 = CARTESIAN_POINT('',(0.682638187739,35.197566920245));
#1547 = CARTESIAN_POINT('',(0.676196721521,34.966196764667));
#1548 = CARTESIAN_POINT('',(0.669978331406,34.734445870894));
#1549 = CARTESIAN_POINT('',(0.663962750513,34.502376609293));
#1550 = CARTESIAN_POINT('',(0.658132907821,34.270036746233));
#1551 = CARTESIAN_POINT('',(0.652473999882,34.037460835447));
#1552 = CARTESIAN_POINT('',(0.639980643821,33.508734753172));
#1553 = CARTESIAN_POINT('',(0.633243988678,33.212466772332));
#1554 = CARTESIAN_POINT('',(0.626737454189,32.915922160043));
#1555 = CARTESIAN_POINT('',(0.62044034208,32.619146219376));
#1556 = CARTESIAN_POINT('',(0.614335593999,32.322175253045));
#1557 = CARTESIAN_POINT('',(0.608408667247,32.025037583058));
#1558 = CARTESIAN_POINT('',(0.602646883015,31.727754123765));
#1559 = CARTESIAN_POINT('',(0.587460822347,30.922321732427));
#1560 = CARTESIAN_POINT('',(0.578332436227,30.413937081218));
#1561 = CARTESIAN_POINT('',(0.56959921301,29.905262168924));
#1562 = CARTESIAN_POINT('',(0.561220144909,29.396358425801));
#1563 = CARTESIAN_POINT('',(0.553162324878,28.887273350677));
#1564 = CARTESIAN_POINT('',(0.545398370521,28.378041483859));
#1565 = CARTESIAN_POINT('',(0.537905337568,27.868684817781));
#1566 = CARTESIAN_POINT('',(0.521075508327,26.68470017218));
#1567 = CARTESIAN_POINT('',(0.511928004181,26.010004248001));
#1568 = CARTESIAN_POINT('',(0.503175346667,25.33516386607));
#1569 = CARTESIAN_POINT('',(0.494781949169,24.66021062218));
#1570 = CARTESIAN_POINT('',(0.486719023382,23.985169320537));
#1571 = CARTESIAN_POINT('',(0.478962371689,23.310057878696));
#1572 = CARTESIAN_POINT('',(0.471491149215,22.634887249024));
#1573 = CARTESIAN_POINT('',(0.461122675525,21.662997224874));
#1574 = CARTESIAN_POINT('',(0.45800942943,21.366323389299));
#1575 = CARTESIAN_POINT('',(0.454946347561,21.069640651565));
#1576 = CARTESIAN_POINT('',(0.451932023765,20.772949744183));
#1577 = CARTESIAN_POINT('',(0.44896514597,20.476251327758));
#1578 = CARTESIAN_POINT('',(0.446044486658,20.179545988191));
#1579 = CARTESIAN_POINT('',(0.443168893349,19.882834233875));
#1580 = CARTESIAN_POINT('',(0.440337279078,19.586116492892));
#1581 = ( GEOMETRIC_REPRESENTATION_CONTEXT(2) 
PARAMETRIC_REPRESENTATION_CONTEXT() REPRESENTATION_CONTEXT('2D SPACE',''
  ) );
#1582 = PCURVE('',#961,#1583);
#1583 = DEFINITIONAL_REPRESENTATION('',(#1584),#1727);
#1584 = B_SPLINE_CURVE_WITH_KNOTS('',8,(#1585,#1586,#1587,#1588,#1589,
    #1590,#1591,#1592,#1593,#1594,#1595,#1596,#1597,#1598,#1599,#1600,
    #1601,#1602,#1603,#1604,#1605,#1606,#1607,#1608,#1609,#1610,#1611,
    #1612,#1613,#1614,#1615,#1616,#1617,#1618,#1619,#1620,#1621,#1622,
    #1623,#1624,#1625,#1626,#1627,#1628,#1629,#1630,#1631,#1632,#1633,
    #1634,#1635,#1636,#1637,#1638,#1639,#1640,#1641,#1642,#1643,#1644,
    #1645,#1646,#1647,#1648,#1649,#1650,#1651,#1652,#1653,#1654,#1655,
    #1656,#1657,#1658,#1659,#1660,#1661,#1662,#1663,#1664,#1665,#1666,
    #1667,#1668,#1669,#1670,#1671,#1672,#1673,#1674,#1675,#1676,#1677,
    #1678,#1679,#1680,#1681,#1682,#1683,#1684,#1685,#1686,#1687,#1688,
    #1689,#1690,#1691,#1692,#1693,#1694,#1695,#1696,#1697,#1698,#1699,
    #1700,#1701,#1702,#1703,#1704,#1705,#1706,#1707,#1708,#1709,#1710,
    #1711,#1712,#1713,#1714,#1715,#1716,#1717,#1718,#1719,#1720,#1721,
    #1722,#1723,#1724,#1725,#1726),.UNSPECIFIED.,.F.,.F.,(9,7,7,7,7,7,7,
    7,7,7,7,7,7,7,7,7,7,7,7,7,9),(0.,0.137777822436,0.255330221427,
    0.313485202896,0.362828748427,0.414844928719,0.44331632635,
    0.453513693359,0.457758292954,0.465476931608,0.472602578201,
    0.476400259312,0.484609520405,0.499545464024,0.519698379666,
    0.57486273825,0.624408892489,0.687394580116,0.794980679466,
    0.937418970029,1.),.UNSPECIFIED.);
#1585 = CARTESIAN_POINT('',(3.903532371968,9.999999998406E-02));
#1586 = CARTESIAN_POINT('',(3.90461343588,0.750876420508));
#1587 = CARTESIAN_POINT('',(3.905815657479,1.401943955569));
#1588 = CARTESIAN_POINT('',(3.907146096486,2.053206696708));
#1589 = CARTESIAN_POINT('',(3.908613017998,2.704663766751));
#1590 = CARTESIAN_POINT('',(3.910226004543,3.356309552736));
#1591 = CARTESIAN_POINT('',(3.911996422637,4.008134506865));
#1592 = CARTESIAN_POINT('',(3.913938243802,4.660126515461));
#1593 = CARTESIAN_POINT('',(3.917887374607,5.868685784792));
#1594 = CARTESIAN_POINT('',(3.91984316821,6.425192935395));
#1595 = CARTESIAN_POINT('',(3.921947723085,6.981799934943));
#1596 = CARTESIAN_POINT('',(3.924214081659,7.538495405854));
#1597 = CARTESIAN_POINT('',(3.926658193409,8.095251239019));
#1598 = CARTESIAN_POINT('',(3.929299546057,8.652022940941));
#1599 = CARTESIAN_POINT('',(3.932163051675,9.208750626347));
#1600 = CARTESIAN_POINT('',(3.936827679579,10.040725091163));
#1601 = CARTESIAN_POINT('',(3.938434488784,10.316053874159));
#1602 = CARTESIAN_POINT('',(3.940108463432,10.591339746831));
#1603 = CARTESIAN_POINT('',(3.941854479422,10.866569095085));
#1604 = CARTESIAN_POINT('',(3.943678121747,11.141722509201));
#1605 = CARTESIAN_POINT('',(3.945585919789,11.416774595524));
#1606 = CARTESIAN_POINT('',(3.947585747097,11.691693631341));
#1607 = CARTESIAN_POINT('',(3.951470591416,12.199559741042));
#1608 = CARTESIAN_POINT('',(3.953327024233,12.432543700968));
#1609 = CARTESIAN_POINT('',(3.955262666119,12.665377359763));
#1610 = CARTESIAN_POINT('',(3.957284588144,12.898030263319));
#1611 = CARTESIAN_POINT('',(3.959400989371,13.130457132854));
#1612 = CARTESIAN_POINT('',(3.961621677836,13.362596737131));
#1613 = CARTESIAN_POINT('',(3.963958993576,13.594369590455));
#1614 = CARTESIAN_POINT('',(3.969033148188,14.069507717922));
#1615 = CARTESIAN_POINT('',(3.971782740547,14.31262674979));
#1616 = CARTESIAN_POINT('',(3.974698443385,14.555100809196));
#1617 = CARTESIAN_POINT('',(3.977805633404,14.796817063612));
#1618 = CARTESIAN_POINT('',(3.981133316469,15.037494262887));
#1619 = CARTESIAN_POINT('',(3.984724180368,15.27661330374));
#1620 = CARTESIAN_POINT('',(3.988629360843,15.513455497623));
#1621 = CARTESIAN_POINT('',(3.995320354594,15.874566675432));
#1622 = CARTESIAN_POINT('',(3.997807526474,16.000983575257));
#1623 = CARTESIAN_POINT('',(4.000435219007,16.126110278834));
#1624 = CARTESIAN_POINT('',(4.003225612597,16.249694276929));
#1625 = CARTESIAN_POINT('',(4.006202495407,16.371210283975));
#1626 = CARTESIAN_POINT('',(4.009395882451,16.489788093203));
#1627 = CARTESIAN_POINT('',(4.012840197613,16.60424444351));
#1628 = CARTESIAN_POINT('',(4.017940943478,16.751656656104));
#1629 = CARTESIAN_POINT('',(4.019324897386,16.789739759673));
#1630 = CARTESIAN_POINT('',(4.020750027565,16.826941749669));
#1631 = CARTESIAN_POINT('',(4.022218413908,16.863146431844));
#1632 = CARTESIAN_POINT('',(4.023731849074,16.898212048124));
#1633 = CARTESIAN_POINT('',(4.02529176448,16.931973281937));
#1634 = CARTESIAN_POINT('',(4.026899105774,16.964244677747));
#1635 = CARTESIAN_POINT('',(4.029243064367,17.007554568344));
#1636 = CARTESIAN_POINT('',(4.029940174068,17.019989580331));
#1637 = CARTESIAN_POINT('',(4.030645469303,17.032115524608));
#1638 = CARTESIAN_POINT('',(4.031358895055,17.043916730242));
#1639 = CARTESIAN_POINT('',(4.032080354182,17.055377047397));
#1640 = CARTESIAN_POINT('',(4.032809702703,17.066480053219));
#1641 = CARTESIAN_POINT('',(4.033546745093,17.077209257736));
#1642 = CARTESIAN_POINT('',(4.035645045531,17.10634947218));
#1643 = CARTESIAN_POINT('',(4.037023785989,17.123864795778));
#1644 = CARTESIAN_POINT('',(4.038425561956,17.139989933612));
#1645 = CARTESIAN_POINT('',(4.039848080686,17.154627564309));
#1646 = CARTESIAN_POINT('',(4.041288593791,17.167692068245));
#1647 = CARTESIAN_POINT('',(4.042743845353,17.179114203738));
#1648 = CARTESIAN_POINT('',(4.044210020037,17.188845783243));
#1649 = CARTESIAN_POINT('',(4.047042222944,17.204266881555));
#1650 = CARTESIAN_POINT('',(4.048407671949,17.21021159178));
#1651 = CARTESIAN_POINT('',(4.049775601652,17.214679843448));
#1652 = CARTESIAN_POINT('',(4.05114284248,17.217675368414));
#1653 = CARTESIAN_POINT('',(4.052506484136,17.219220945041));
#1654 = CARTESIAN_POINT('',(4.053863867901,17.219355076086));
#1655 = CARTESIAN_POINT('',(4.055212578916,17.218128666584));
#1656 = CARTESIAN_POINT('',(4.057263463462,17.214254931777));
#1657 = CARTESIAN_POINT('',(4.057973472715,17.212538626516));
#1658 = CARTESIAN_POINT('',(4.058680178621,17.210461704578));
#1659 = CARTESIAN_POINT('',(4.059383328511,17.208033660199));
#1660 = CARTESIAN_POINT('',(4.060082703003,17.205264407415));
#1661 = CARTESIAN_POINT('',(4.060778114322,17.202164124263));
#1662 = CARTESIAN_POINT('',(4.061469404633,17.198743096977));
#1663 = CARTESIAN_POINT('',(4.063641584469,17.186945292681));
#1664 = CARTESIAN_POINT('',(4.065106711393,17.177428724753));
#1665 = CARTESIAN_POINT('',(4.066550734287,17.166565582056));
#1666 = CARTESIAN_POINT('',(4.067972971586,17.154457608506));
#1667 = CARTESIAN_POINT('',(4.069373112454,17.141202345871));
#1668 = CARTESIAN_POINT('',(4.070751178224,17.126890909357));
#1669 = CARTESIAN_POINT('',(4.072107483846,17.111605763197));
#1670 = CARTESIAN_POINT('',(4.075871710716,17.065967355162));
#1671 = CARTESIAN_POINT('',(4.078229452916,17.033545764091));
#1672 = CARTESIAN_POINT('',(4.080520115394,16.998584758313));
#1673 = CARTESIAN_POINT('',(4.082747575986,16.961442210766));
#1674 = CARTESIAN_POINT('',(4.084915615409,16.922413569577));
#1675 = CARTESIAN_POINT('',(4.087028131631,16.881739071935));
#1676 = CARTESIAN_POINT('',(4.089089254134,16.83960743431));
#1677 = CARTESIAN_POINT('',(4.093820967811,16.737527469704));
#1678 = CARTESIAN_POINT('',(4.096451185067,16.676535608125));
#1679 = CARTESIAN_POINT('',(4.099003542292,16.613553115475));
#1680 = CARTESIAN_POINT('',(4.101485375964,16.54886968068));
#1681 = CARTESIAN_POINT('',(4.103902732436,16.482713780954));
#1682 = CARTESIAN_POINT('',(4.106260972864,16.415267101556));
#1683 = CARTESIAN_POINT('',(4.108565077184,16.346671594746));
#1684 = CARTESIAN_POINT('',(4.116991057139,16.086397741702));
#1685 = CARTESIAN_POINT('',(4.122784631751,15.888133910801));
#1686 = CARTESIAN_POINT('',(4.128293760242,15.684463384949));
#1687 = CARTESIAN_POINT('',(4.133563165114,15.476597375759));
#1688 = CARTESIAN_POINT('',(4.138630602767,15.265469993168));
#1689 = CARTESIAN_POINT('',(4.143522196926,15.051649000509));
#1690 = CARTESIAN_POINT('',(4.148261720194,14.835508444899));
#1691 = CARTESIAN_POINT('',(4.157008050755,14.421131595824));
#1692 = CARTESIAN_POINT('',(4.161037678607,14.223440797454));
#1693 = CARTESIAN_POINT('',(4.16497116422,14.024358118787));
#1694 = CARTESIAN_POINT('',(4.168818353247,13.82406056806));
#1695 = CARTESIAN_POINT('',(4.172587183553,13.622688865211));
#1696 = CARTESIAN_POINT('',(4.176284371329,13.420356873364));
#1697 = CARTESIAN_POINT('',(4.179915782147,13.217156645524));
#1698 = CARTESIAN_POINT('',(4.188025755467,12.753826617013));
#1699 = CARTESIAN_POINT('',(4.192466717603,12.49321840959));
#1700 = CARTESIAN_POINT('',(4.196819683413,12.231491071046));
#1701 = CARTESIAN_POINT('',(4.201092885092,11.968770304473));
#1702 = CARTESIAN_POINT('',(4.205293119726,11.705158667616));
#1703 = CARTESIAN_POINT('',(4.209426202205,11.440741024858));
#1704 = CARTESIAN_POINT('',(4.213497228322,11.175587692778));
#1705 = CARTESIAN_POINT('',(4.224365985956,10.455685894227));
#1706 = CARTESIAN_POINT('',(4.231053028244,9.99965119808));
#1707 = CARTESIAN_POINT('',(4.23759392861,9.541942987621));
#1708 = CARTESIAN_POINT('',(4.244005267723,9.082782580966));
#1709 = CARTESIAN_POINT('',(4.250300393327,8.622345829632));
#1710 = CARTESIAN_POINT('',(4.256490467787,8.160774262942));
#1711 = CARTESIAN_POINT('',(4.262584912004,7.69817979627));
#1712 = CARTESIAN_POINT('',(4.276544913988,6.620962139287));
#1713 = CARTESIAN_POINT('',(4.284344448029,6.005652012548));
#1714 = CARTESIAN_POINT('',(4.292009331491,5.388937217566));
#1715 = CARTESIAN_POINT('',(4.299554316438,4.770989220109));
#1716 = CARTESIAN_POINT('',(4.306991411832,4.151946212868));
#1717 = CARTESIAN_POINT('',(4.314330787641,3.531921733781));
#1718 = CARTESIAN_POINT('',(4.32158128345,2.911009478336));
#1719 = CARTESIAN_POINT('',(4.331900364942,2.016126003385));
#1720 = CARTESIAN_POINT('',(4.335034514801,1.742811689175));
#1721 = CARTESIAN_POINT('',(4.338153616021,1.469348176511));
#1722 = CARTESIAN_POINT('',(4.341258271486,1.195741806605));
#1723 = CARTESIAN_POINT('',(4.344349046006,0.921998483298));
#1724 = CARTESIAN_POINT('',(4.347426470249,0.648123707783));
#1725 = CARTESIAN_POINT('',(4.350491044656,0.374122613324));
#1726 = CARTESIAN_POINT('',(4.353543243364,9.999999998419E-02));
#1727 = ( GEOMETRIC_REPRESENTATION_CONTEXT(2) 
PARAMETRIC_REPRESENTATION_CONTEXT() REPRESENTATION_CONTEXT('2D SPACE',''
  ) );
#1728 = ORIENTED_EDGE('',*,*,#1190,.T.);
#1729 = ADVANCED_FACE('',(#1730),#638,.T.);
#1730 = FACE_BOUND('',#1731,.T.);
#1731 = EDGE_LOOP('',(#1732,#1755,#1756,#1779));
#1732 = ORIENTED_EDGE('',*,*,#1733,.F.);
#1733 = EDGE_CURVE('',#617,#1734,#1736,.T.);
#1734 = VERTEX_POINT('',#1735);
#1735 = CARTESIAN_POINT('',(-59.4090747101,29.557016087707,-28.68));
#1736 = SURFACE_CURVE('',#1737,(#1741,#1748),.PCURVE_S1.);
#1737 = LINE('',#1738,#1739);
#1738 = CARTESIAN_POINT('',(-66.94572442427,32.300132249755,-28.68));
#1739 = VECTOR('',#1740,1.);
#1740 = DIRECTION('',(0.939692620786,-0.342020143326,0.));
#1741 = PCURVE('',#638,#1742);
#1742 = DEFINITIONAL_REPRESENTATION('',(#1743),#1747);
#1743 = LINE('',#1744,#1745);
#1744 = CARTESIAN_POINT('',(0.,0.));
#1745 = VECTOR('',#1746,1.);
#1746 = DIRECTION('',(0.,1.));
#1747 = ( GEOMETRIC_REPRESENTATION_CONTEXT(2) 
PARAMETRIC_REPRESENTATION_CONTEXT() REPRESENTATION_CONTEXT('2D SPACE',''
  ) );
#1748 = PCURVE('',#670,#1749);
#1749 = DEFINITIONAL_REPRESENTATION('',(#1750),#1754);
#1750 = LINE('',#1751,#1752);
#1751 = CARTESIAN_POINT('',(0.,0.));
#1752 = VECTOR('',#1753,1.);
#1753 = DIRECTION('',(1.,0.));
#1754 = ( GEOMETRIC_REPRESENTATION_CONTEXT(2) 
PARAMETRIC_REPRESENTATION_CONTEXT() REPRESENTATION_CONTEXT('2D SPACE',''
  ) );
#1755 = ORIENTED_EDGE('',*,*,#616,.T.);
#1756 = ORIENTED_EDGE('',*,*,#1757,.T.);
#1757 = EDGE_CURVE('',#619,#1758,#1760,.T.);
#1758 = VERTEX_POINT('',#1759);
#1759 = CARTESIAN_POINT('',(-58.05411027035,29.063849363149,-24.68));
#1760 = SURFACE_CURVE('',#1761,(#1765,#1772),.PCURVE_S1.);
#1761 = LINE('',#1762,#1763);
#1762 = CARTESIAN_POINT('',(-66.94572442427,32.300132249755,-24.68));
#1763 = VECTOR('',#1764,1.);
#1764 = DIRECTION('',(0.939692620786,-0.342020143326,0.));
#1765 = PCURVE('',#638,#1766);
#1766 = DEFINITIONAL_REPRESENTATION('',(#1767),#1771);
#1767 = LINE('',#1768,#1769);
#1768 = CARTESIAN_POINT('',(4.,0.));
#1769 = VECTOR('',#1770,1.);
#1770 = DIRECTION('',(0.,1.));
#1771 = ( GEOMETRIC_REPRESENTATION_CONTEXT(2) 
PARAMETRIC_REPRESENTATION_CONTEXT() REPRESENTATION_CONTEXT('2D SPACE',''
  ) );
#1772 = PCURVE('',#732,#1773);
#1773 = DEFINITIONAL_REPRESENTATION('',(#1774),#1778);
#1774 = LINE('',#1775,#1776);
#1775 = CARTESIAN_POINT('',(0.,0.));
#1776 = VECTOR('',#1777,1.);
#1777 = DIRECTION('',(1.,0.));
#1778 = ( GEOMETRIC_REPRESENTATION_CONTEXT(2) 
PARAMETRIC_REPRESENTATION_CONTEXT() REPRESENTATION_CONTEXT('2D SPACE',''
  ) );
#1779 = ORIENTED_EDGE('',*,*,#1780,.F.);
#1780 = EDGE_CURVE('',#1734,#1758,#1781,.T.);
#1781 = SURFACE_CURVE('',#1782,(#1787,#1794),.PCURVE_S1.);
#1782 = ELLIPSE('',#1783,40.401727772719,40.304194286451);
#1783 = AXIS2_PLACEMENT_3D('',#1784,#1785,#1786);
#1784 = CARTESIAN_POINT('',(-23.16160410601,16.364015720378,
    -40.39132374853));
#1785 = DIRECTION('',(0.342020143326,0.939692620786,-1.872931498893E-33)
  );
#1786 = DIRECTION('',(-2.165958232111E-16,7.883443251522E-17,-1.));
#1787 = PCURVE('',#638,#1788);
#1788 = DEFINITIONAL_REPRESENTATION('',(#1789),#1793);
#1789 = ELLIPSE('',#1790,40.401727772719,40.304194286451);
#1790 = AXIS2_PLACEMENT_2D('',#1791,#1792);
#1791 = CARTESIAN_POINT('',(-11.71132374853,46.594087630102));
#1792 = DIRECTION('',(-1.,-2.304964606724E-16));
#1793 = ( GEOMETRIC_REPRESENTATION_CONTEXT(2) 
PARAMETRIC_REPRESENTATION_CONTEXT() REPRESENTATION_CONTEXT('2D SPACE',''
  ) );
#1794 = PCURVE('',#961,#1795);
#1795 = DEFINITIONAL_REPRESENTATION('',(#1796),#1803);
#1796 = B_SPLINE_CURVE_WITH_KNOTS('',5,(#1797,#1798,#1799,#1800,#1801,
    #1802),.UNSPECIFIED.,.F.,.F.,(6,6),(1.854560527454,1.9809803447),
  .PIECEWISE_BEZIER_KNOTS.);
#1797 = CARTESIAN_POINT('',(3.420741575402,3.620133344042));
#1798 = CARTESIAN_POINT('',(3.446059300984,3.552195315711));
#1799 = CARTESIAN_POINT('',(3.471380722025,3.484883477914));
#1800 = CARTESIAN_POINT('',(3.496705794552,3.418288313367));
#1801 = CARTESIAN_POINT('',(3.522034464653,3.352498633509));
#1802 = CARTESIAN_POINT('',(3.547366668877,3.287600870386));
#1803 = ( GEOMETRIC_REPRESENTATION_CONTEXT(2) 
PARAMETRIC_REPRESENTATION_CONTEXT() REPRESENTATION_CONTEXT('2D SPACE',''
  ) );
#1804 = ADVANCED_FACE('',(#1805),#670,.T.);
#1805 = FACE_BOUND('',#1806,.T.);
#1806 = EDGE_LOOP('',(#1807,#1830,#1831,#1832));
#1807 = ORIENTED_EDGE('',*,*,#1808,.F.);
#1808 = EDGE_CURVE('',#651,#1809,#1811,.T.);
#1809 = VERTEX_POINT('',#1810);
#1810 = CARTESIAN_POINT('',(-51.75049368628,54.438142642693,-28.68));
#1811 = SURFACE_CURVE('',#1812,(#1816,#1823),.PCURVE_S1.);
#1812 = LINE('',#1813,#1814);
#1813 = CARTESIAN_POINT('',(-58.0532006978,56.732140390188,-28.68));
#1814 = VECTOR('',#1815,1.);
#1815 = DIRECTION('',(0.939692620786,-0.342020143326,0.));
#1816 = PCURVE('',#670,#1817);
#1817 = DEFINITIONAL_REPRESENTATION('',(#1818),#1822);
#1818 = LINE('',#1819,#1820);
#1819 = CARTESIAN_POINT('',(0.,26.));
#1820 = VECTOR('',#1821,1.);
#1821 = DIRECTION('',(1.,0.));
#1822 = ( GEOMETRIC_REPRESENTATION_CONTEXT(2) 
PARAMETRIC_REPRESENTATION_CONTEXT() REPRESENTATION_CONTEXT('2D SPACE',''
  ) );
#1823 = PCURVE('',#702,#1824);
#1824 = DEFINITIONAL_REPRESENTATION('',(#1825),#1829);
#1825 = LINE('',#1826,#1827);
#1826 = CARTESIAN_POINT('',(0.,0.));
#1827 = VECTOR('',#1828,1.);
#1828 = DIRECTION('',(0.,1.));
#1829 = ( GEOMETRIC_REPRESENTATION_CONTEXT(2) 
PARAMETRIC_REPRESENTATION_CONTEXT() REPRESENTATION_CONTEXT('2D SPACE',''
  ) );
#1830 = ORIENTED_EDGE('',*,*,#650,.T.);
#1831 = ORIENTED_EDGE('',*,*,#1733,.T.);
#1832 = ORIENTED_EDGE('',*,*,#1833,.F.);
#1833 = EDGE_CURVE('',#1809,#1734,#1834,.T.);
#1834 = SURFACE_CURVE('',#1835,(#1840,#1847),.PCURVE_S1.);
#1835 = ELLIPSE('',#1836,5.505605015919E+04,331.44662251807);
#1836 = AXIS2_PLACEMENT_3D('',#1837,#1838,#1839);
#1837 = CARTESIAN_POINT('',(1.867916034182E+04,5.140057125352E+04,-28.68
    ));
#1838 = DIRECTION('',(0.,0.,1.));
#1839 = DIRECTION('',(0.342020143326,0.939692620786,-0.));
#1840 = PCURVE('',#670,#1841);
#1841 = DEFINITIONAL_REPRESENTATION('',(#1842),#1846);
#1842 = ELLIPSE('',#1843,5.505605015919E+04,331.44662251807);
#1843 = AXIS2_PLACEMENT_2D('',#1844,#1845);
#1844 = CARTESIAN_POINT('',(46.594087630101,5.468193119876E+04));
#1845 = DIRECTION('',(-2.222180331868E-17,1.));
#1846 = ( GEOMETRIC_REPRESENTATION_CONTEXT(2) 
PARAMETRIC_REPRESENTATION_CONTEXT() REPRESENTATION_CONTEXT('2D SPACE',''
  ) );
#1847 = PCURVE('',#961,#1848);
#1848 = DEFINITIONAL_REPRESENTATION('',(#1849),#1856);
#1849 = B_SPLINE_CURVE_WITH_KNOTS('',5,(#1850,#1851,#1852,#1853,#1854,
    #1855),.UNSPECIFIED.,.F.,.F.,(6,6),(3.020566677274,3.025354825856),
  .PIECEWISE_BEZIER_KNOTS.);
#1850 = CARTESIAN_POINT('',(3.466315636924,32.123708544205));
#1851 = CARTESIAN_POINT('',(3.458798221303,25.773677423996));
#1852 = CARTESIAN_POINT('',(3.451183036202,19.486145897982));
#1853 = CARTESIAN_POINT('',(3.443467973868,13.261126098023));
#1854 = CARTESIAN_POINT('',(3.435650862415,7.098629917334));
#1855 = CARTESIAN_POINT('',(3.427729466201,0.998669010007));
#1856 = ( GEOMETRIC_REPRESENTATION_CONTEXT(2) 
PARAMETRIC_REPRESENTATION_CONTEXT() REPRESENTATION_CONTEXT('2D SPACE',''
  ) );
#1857 = ADVANCED_FACE('',(#1858),#732,.F.);
#1858 = FACE_BOUND('',#1859,.F.);
#1859 = EDGE_LOOP('',(#1860,#1883,#1884,#1885));
#1860 = ORIENTED_EDGE('',*,*,#1861,.F.);
#1861 = EDGE_CURVE('',#683,#1862,#1864,.T.);
#1862 = VERTEX_POINT('',#1863);
#1863 = CARTESIAN_POINT('',(-50.26505100884,53.897485723397,-24.68));
#1864 = SURFACE_CURVE('',#1865,(#1869,#1876),.PCURVE_S1.);
#1865 = LINE('',#1866,#1867);
#1866 = CARTESIAN_POINT('',(-58.0532006978,56.732140390188,-24.68));
#1867 = VECTOR('',#1868,1.);
#1868 = DIRECTION('',(0.939692620786,-0.342020143326,0.));
#1869 = PCURVE('',#732,#1870);
#1870 = DEFINITIONAL_REPRESENTATION('',(#1871),#1875);
#1871 = LINE('',#1872,#1873);
#1872 = CARTESIAN_POINT('',(0.,26.));
#1873 = VECTOR('',#1874,1.);
#1874 = DIRECTION('',(1.,0.));
#1875 = ( GEOMETRIC_REPRESENTATION_CONTEXT(2) 
PARAMETRIC_REPRESENTATION_CONTEXT() REPRESENTATION_CONTEXT('2D SPACE',''
  ) );
#1876 = PCURVE('',#702,#1877);
#1877 = DEFINITIONAL_REPRESENTATION('',(#1878),#1882);
#1878 = LINE('',#1879,#1880);
#1879 = CARTESIAN_POINT('',(4.,0.));
#1880 = VECTOR('',#1881,1.);
#1881 = DIRECTION('',(0.,1.));
#1882 = ( GEOMETRIC_REPRESENTATION_CONTEXT(2) 
PARAMETRIC_REPRESENTATION_CONTEXT() REPRESENTATION_CONTEXT('2D SPACE',''
  ) );
#1883 = ORIENTED_EDGE('',*,*,#714,.T.);
#1884 = ORIENTED_EDGE('',*,*,#1757,.T.);
#1885 = ORIENTED_EDGE('',*,*,#1886,.F.);
#1886 = EDGE_CURVE('',#1862,#1758,#1887,.T.);
#1887 = SURFACE_CURVE('',#1888,(#1893,#1900),.PCURVE_S1.);
#1888 = ELLIPSE('',#1889,4.742060430032E+04,285.47996246847);
#1889 = AXIS2_PLACEMENT_3D('',#1890,#1891,#1892);
#1890 = CARTESIAN_POINT('',(1.605786262108E+04,4.419861495613E+04,-24.68
    ));
#1891 = DIRECTION('',(0.,0.,1.));
#1892 = DIRECTION('',(0.342020143326,0.939692620786,-0.));
#1893 = PCURVE('',#732,#1894);
#1894 = DEFINITIONAL_REPRESENTATION('',(#1895),#1899);
#1895 = ELLIPSE('',#1896,4.742060430032E+04,285.47996246847);
#1896 = AXIS2_PLACEMENT_2D('',#1897,#1898);
#1897 = CARTESIAN_POINT('',(46.5940876301,4.701776938874E+04));
#1898 = DIRECTION('',(-2.222180331868E-17,1.));
#1899 = ( GEOMETRIC_REPRESENTATION_CONTEXT(2) 
PARAMETRIC_REPRESENTATION_CONTEXT() REPRESENTATION_CONTEXT('2D SPACE',''
  ) );
#1900 = PCURVE('',#961,#1901);
#1901 = DEFINITIONAL_REPRESENTATION('',(#1902),#1909);
#1902 = B_SPLINE_CURVE_WITH_KNOTS('',5,(#1903,#1904,#1905,#1906,#1907,
    #1908),.UNSPECIFIED.,.F.,.F.,(6,6),(3.006597269682,3.011577231154),
  .PIECEWISE_BEZIER_KNOTS.);
#1903 = CARTESIAN_POINT('',(3.568154308983,31.846598149512));
#1904 = CARTESIAN_POINT('',(3.561417004197,25.505311036014));
#1905 = CARTESIAN_POINT('',(3.554592156754,19.222150540662));
#1906 = CARTESIAN_POINT('',(3.547677803253,12.997129768748));
#1907 = CARTESIAN_POINT('',(3.540671910935,6.830261585419));
#1908 = CARTESIAN_POINT('',(3.533572374851,0.721558615285));
#1909 = ( GEOMETRIC_REPRESENTATION_CONTEXT(2) 
PARAMETRIC_REPRESENTATION_CONTEXT() REPRESENTATION_CONTEXT('2D SPACE',''
  ) );
#1910 = ADVANCED_FACE('',(#1911),#702,.F.);
#1911 = FACE_BOUND('',#1912,.F.);
#1912 = EDGE_LOOP('',(#1913,#1914,#1915,#1916));
#1913 = ORIENTED_EDGE('',*,*,#1808,.F.);
#1914 = ORIENTED_EDGE('',*,*,#682,.T.);
#1915 = ORIENTED_EDGE('',*,*,#1861,.T.);
#1916 = ORIENTED_EDGE('',*,*,#1917,.F.);
#1917 = EDGE_CURVE('',#1809,#1862,#1918,.T.);
#1918 = SURFACE_CURVE('',#1919,(#1924,#1931),.PCURVE_S1.);
#1919 = ELLIPSE('',#1920,42.209169237256,42.107272421077);
#1920 = AXIS2_PLACEMENT_3D('',#1921,#1922,#1923);
#1921 = CARTESIAN_POINT('',(-14.26908037954,40.796023860812,
    -42.205562773));
#1922 = DIRECTION('',(0.342020143326,0.939692620786,-1.872931498893E-33)
  );
#1923 = DIRECTION('',(-2.165958232111E-16,7.883443251522E-17,-1.));
#1924 = PCURVE('',#702,#1925);
#1925 = DEFINITIONAL_REPRESENTATION('',(#1926),#1930);
#1926 = ELLIPSE('',#1927,42.209169237256,42.107272421077);
#1927 = AXIS2_PLACEMENT_2D('',#1928,#1929);
#1928 = CARTESIAN_POINT('',(-13.525562773,46.594087630102));
#1929 = DIRECTION('',(-1.,-2.304964606724E-16));
#1930 = ( GEOMETRIC_REPRESENTATION_CONTEXT(2) 
PARAMETRIC_REPRESENTATION_CONTEXT() REPRESENTATION_CONTEXT('2D SPACE',''
  ) );
#1931 = PCURVE('',#961,#1932);
#1932 = DEFINITIONAL_REPRESENTATION('',(#1933),#1940);
#1933 = B_SPLINE_CURVE_WITH_KNOTS('',5,(#1934,#1935,#1936,#1937,#1938,
    #1939),.UNSPECIFIED.,.F.,.F.,(6,6),(1.887004242311,2.009409247541),
  .PIECEWISE_BEZIER_KNOTS.);
#1934 = CARTESIAN_POINT('',(3.45323103917,29.557666289202));
#1935 = CARTESIAN_POINT('',(3.477748385723,29.489629308382));
#1936 = CARTESIAN_POINT('',(3.502269163169,29.422273534476));
#1937 = CARTESIAN_POINT('',(3.526793326989,29.355683917948));
#1938 = CARTESIAN_POINT('',(3.551320824008,29.289943705062));
#1939 = CARTESIAN_POINT('',(3.575851592767,29.225133815546));
#1940 = ( GEOMETRIC_REPRESENTATION_CONTEXT(2) 
PARAMETRIC_REPRESENTATION_CONTEXT() REPRESENTATION_CONTEXT('2D SPACE',''
  ) );
#1941 = ADVANCED_FACE('',(#1942),#768,.T.);
#1942 = FACE_BOUND('',#1943,.T.);
#1943 = EDGE_LOOP('',(#1944,#1967,#1968,#1991));
#1944 = ORIENTED_EDGE('',*,*,#1945,.F.);
#1945 = EDGE_CURVE('',#747,#1946,#1948,.T.);
#1946 = VERTEX_POINT('',#1947);
#1947 = CARTESIAN_POINT('',(-30.68486869616,127.90379555363,-33.295));
#1948 = SURFACE_CURVE('',#1949,(#1953,#1960),.PCURVE_S1.);
#1949 = LINE('',#1950,#1951);
#1950 = CARTESIAN_POINT('',(-38.2274081114,130.64905539156,-33.295));
#1951 = VECTOR('',#1952,1.);
#1952 = DIRECTION('',(0.939692620786,-0.342020143326,0.));
#1953 = PCURVE('',#768,#1954);
#1954 = DEFINITIONAL_REPRESENTATION('',(#1955),#1959);
#1955 = LINE('',#1956,#1957);
#1956 = CARTESIAN_POINT('',(0.,0.));
#1957 = VECTOR('',#1958,1.);
#1958 = DIRECTION('',(0.,1.));
#1959 = ( GEOMETRIC_REPRESENTATION_CONTEXT(2) 
PARAMETRIC_REPRESENTATION_CONTEXT() REPRESENTATION_CONTEXT('2D SPACE',''
  ) );
#1960 = PCURVE('',#800,#1961);
#1961 = DEFINITIONAL_REPRESENTATION('',(#1962),#1966);
#1962 = LINE('',#1963,#1964);
#1963 = CARTESIAN_POINT('',(0.,0.));
#1964 = VECTOR('',#1965,1.);
#1965 = DIRECTION('',(1.,0.));
#1966 = ( GEOMETRIC_REPRESENTATION_CONTEXT(2) 
PARAMETRIC_REPRESENTATION_CONTEXT() REPRESENTATION_CONTEXT('2D SPACE',''
  ) );
#1967 = ORIENTED_EDGE('',*,*,#746,.T.);
#1968 = ORIENTED_EDGE('',*,*,#1969,.T.);
#1969 = EDGE_CURVE('',#749,#1970,#1972,.T.);
#1970 = VERTEX_POINT('',#1971);
#1971 = CARTESIAN_POINT('',(-29.3203099039,127.40713677035,-29.295));
#1972 = SURFACE_CURVE('',#1973,(#1977,#1984),.PCURVE_S1.);
#1973 = LINE('',#1974,#1975);
#1974 = CARTESIAN_POINT('',(-38.2274081114,130.64905539156,-29.295));
#1975 = VECTOR('',#1976,1.);
#1976 = DIRECTION('',(0.939692620786,-0.342020143326,0.));
#1977 = PCURVE('',#768,#1978);
#1978 = DEFINITIONAL_REPRESENTATION('',(#1979),#1983);
#1979 = LINE('',#1980,#1981);
#1980 = CARTESIAN_POINT('',(4.,0.));
#1981 = VECTOR('',#1982,1.);
#1982 = DIRECTION('',(0.,1.));
#1983 = ( GEOMETRIC_REPRESENTATION_CONTEXT(2) 
PARAMETRIC_REPRESENTATION_CONTEXT() REPRESENTATION_CONTEXT('2D SPACE',''
  ) );
#1984 = PCURVE('',#862,#1985);
#1985 = DEFINITIONAL_REPRESENTATION('',(#1986),#1990);
#1986 = LINE('',#1987,#1988);
#1987 = CARTESIAN_POINT('',(0.,0.));
#1988 = VECTOR('',#1989,1.);
#1989 = DIRECTION('',(1.,0.));
#1990 = ( GEOMETRIC_REPRESENTATION_CONTEXT(2) 
PARAMETRIC_REPRESENTATION_CONTEXT() REPRESENTATION_CONTEXT('2D SPACE',''
  ) );
#1991 = ORIENTED_EDGE('',*,*,#1992,.F.);
#1992 = EDGE_CURVE('',#1946,#1970,#1993,.T.);
#1993 = SURFACE_CURVE('',#1994,(#1999,#2006),.PCURVE_S1.);
#1994 = ELLIPSE('',#1995,47.509143747114,47.394452305071);
#1995 = AXIS2_PLACEMENT_3D('',#1996,#1997,#1998);
#1996 = CARTESIAN_POINT('',(11.806535347602,112.43818926953,
    -47.52546982012));
#1997 = DIRECTION('',(0.342020143326,0.939692620786,-1.872931498893E-33)
  );
#1998 = DIRECTION('',(-2.165958232111E-16,7.883443251522E-17,-1.));
#1999 = PCURVE('',#768,#2000);
#2000 = DEFINITIONAL_REPRESENTATION('',(#2001),#2005);
#2001 = ELLIPSE('',#2002,47.509143747114,47.394452305071);
#2002 = AXIS2_PLACEMENT_2D('',#2003,#2004);
#2003 = CARTESIAN_POINT('',(-14.23046982012,53.245010498396));
#2004 = DIRECTION('',(-1.,-2.304964606724E-16));
#2005 = ( GEOMETRIC_REPRESENTATION_CONTEXT(2) 
PARAMETRIC_REPRESENTATION_CONTEXT() REPRESENTATION_CONTEXT('2D SPACE',''
  ) );
#2006 = PCURVE('',#961,#2007);
#2007 = DEFINITIONAL_REPRESENTATION('',(#2008),#2015);
#2008 = B_SPLINE_CURVE_WITH_KNOTS('',5,(#2009,#2010,#2011,#2012,#2013,
    #2014),.UNSPECIFIED.,.F.,.F.,(6,6),(1.866185036777,1.97375845363),
  .PIECEWISE_BEZIER_KNOTS.);
#2009 = CARTESIAN_POINT('',(3.432381919252,105.93420978167));
#2010 = CARTESIAN_POINT('',(3.453926486228,105.86646500834));
#2011 = CARTESIAN_POINT('',(3.475473720004,105.79927461768));
#2012 = CARTESIAN_POINT('',(3.497023592363,105.73270393881));
#2013 = CARTESIAN_POINT('',(3.518576069897,105.6668172301));
#2014 = CARTESIAN_POINT('',(3.540131114183,105.60167730802));
#2015 = ( GEOMETRIC_REPRESENTATION_CONTEXT(2) 
PARAMETRIC_REPRESENTATION_CONTEXT() REPRESENTATION_CONTEXT('2D SPACE',''
  ) );
#2016 = ADVANCED_FACE('',(#2017),#862,.F.);
#2017 = FACE_BOUND('',#2018,.F.);
#2018 = EDGE_LOOP('',(#2019,#2042,#2043,#2044));
#2019 = ORIENTED_EDGE('',*,*,#2020,.F.);
#2020 = EDGE_CURVE('',#813,#2021,#2023,.T.);
#2021 = VERTEX_POINT('',#2022);
#2022 = CARTESIAN_POINT('',(-21.54056036299,152.24416159178,-29.295));
#2023 = SURFACE_CURVE('',#2024,(#2028,#2035),.PCURVE_S1.);
#2024 = LINE('',#2025,#2026);
#2025 = CARTESIAN_POINT('',(-29.33488438494,155.081063532,-29.295));
#2026 = VECTOR('',#2027,1.);
#2027 = DIRECTION('',(0.939692620786,-0.342020143326,0.));
#2028 = PCURVE('',#862,#2029);
#2029 = DEFINITIONAL_REPRESENTATION('',(#2030),#2034);
#2030 = LINE('',#2031,#2032);
#2031 = CARTESIAN_POINT('',(0.,26.));
#2032 = VECTOR('',#2033,1.);
#2033 = DIRECTION('',(1.,0.));
#2034 = ( GEOMETRIC_REPRESENTATION_CONTEXT(2) 
PARAMETRIC_REPRESENTATION_CONTEXT() REPRESENTATION_CONTEXT('2D SPACE',''
  ) );
#2035 = PCURVE('',#832,#2036);
#2036 = DEFINITIONAL_REPRESENTATION('',(#2037),#2041);
#2037 = LINE('',#2038,#2039);
#2038 = CARTESIAN_POINT('',(4.,0.));
#2039 = VECTOR('',#2040,1.);
#2040 = DIRECTION('',(0.,1.));
#2041 = ( GEOMETRIC_REPRESENTATION_CONTEXT(2) 
PARAMETRIC_REPRESENTATION_CONTEXT() REPRESENTATION_CONTEXT('2D SPACE',''
  ) );
#2042 = ORIENTED_EDGE('',*,*,#844,.T.);
#2043 = ORIENTED_EDGE('',*,*,#1969,.T.);
#2044 = ORIENTED_EDGE('',*,*,#2045,.F.);
#2045 = EDGE_CURVE('',#2021,#1970,#2046,.T.);
#2046 = SURFACE_CURVE('',#2047,(#2052,#2059),.PCURVE_S1.);
#2047 = ELLIPSE('',#2048,5.622999995999E+04,338.5139965007);
#2048 = AXIS2_PLACEMENT_3D('',#2049,#2050,#2051);
#2049 = CARTESIAN_POINT('',(1.908218486638E+04,5.250787203424E+04,
    -29.295));
#2050 = DIRECTION('',(0.,0.,1.));
#2051 = DIRECTION('',(0.342020143326,0.939692620786,-0.));
#2052 = PCURVE('',#862,#2053);
#2053 = DEFINITIONAL_REPRESENTATION('',(#2054),#2058);
#2054 = ELLIPSE('',#2055,5.622999995999E+04,338.5139965007);
#2055 = AXIS2_PLACEMENT_2D('',#2056,#2057);
#2056 = CARTESIAN_POINT('',(53.245010498393,5.575805607705E+04));
#2057 = DIRECTION('',(-2.222180331868E-17,1.));
#2058 = ( GEOMETRIC_REPRESENTATION_CONTEXT(2) 
PARAMETRIC_REPRESENTATION_CONTEXT() REPRESENTATION_CONTEXT('2D SPACE',''
  ) );
#2059 = PCURVE('',#961,#2060);
#2060 = DEFINITIONAL_REPRESENTATION('',(#2061),#2068);
#2061 = B_SPLINE_CURVE_WITH_KNOTS('',5,(#2062,#2063,#2064,#2065,#2066,
    #2067),.UNSPECIFIED.,.F.,.F.,(6,6),(3.008063921093,3.012298441644),
  .PIECEWISE_BEZIER_KNOTS.);
#2062 = CARTESIAN_POINT('',(3.558156835222,134.1606745871));
#2063 = CARTESIAN_POINT('',(3.552339458054,127.83595861265));
#2064 = CARTESIAN_POINT('',(3.546457517526,121.5610872957));
#2065 = CARTESIAN_POINT('',(3.540509781276,115.33607008705));
#2066 = CARTESIAN_POINT('',(3.534494980222,109.16091628855));
#2067 = CARTESIAN_POINT('',(3.528411807369,103.03563505296));
#2068 = ( GEOMETRIC_REPRESENTATION_CONTEXT(2) 
PARAMETRIC_REPRESENTATION_CONTEXT() REPRESENTATION_CONTEXT('2D SPACE',''
  ) );
#2069 = ADVANCED_FACE('',(#2070),#832,.F.);
#2070 = FACE_BOUND('',#2071,.F.);
#2071 = EDGE_LOOP('',(#2072,#2095,#2096,#2097));
#2072 = ORIENTED_EDGE('',*,*,#2073,.F.);
#2073 = EDGE_CURVE('',#781,#2074,#2076,.T.);
#2074 = VERTEX_POINT('',#2075);
#2075 = CARTESIAN_POINT('',(-23.01640467294,152.78132499101,-33.295));
#2076 = SURFACE_CURVE('',#2077,(#2081,#2088),.PCURVE_S1.);
#2077 = LINE('',#2078,#2079);
#2078 = CARTESIAN_POINT('',(-29.33488438494,155.081063532,-33.295));
#2079 = VECTOR('',#2080,1.);
#2080 = DIRECTION('',(0.939692620786,-0.342020143326,0.));
#2081 = PCURVE('',#832,#2082);
#2082 = DEFINITIONAL_REPRESENTATION('',(#2083),#2087);
#2083 = LINE('',#2084,#2085);
#2084 = CARTESIAN_POINT('',(0.,0.));
#2085 = VECTOR('',#2086,1.);
#2086 = DIRECTION('',(0.,1.));
#2087 = ( GEOMETRIC_REPRESENTATION_CONTEXT(2) 
PARAMETRIC_REPRESENTATION_CONTEXT() REPRESENTATION_CONTEXT('2D SPACE',''
  ) );
#2088 = PCURVE('',#800,#2089);
#2089 = DEFINITIONAL_REPRESENTATION('',(#2090),#2094);
#2090 = LINE('',#2091,#2092);
#2091 = CARTESIAN_POINT('',(0.,26.));
#2092 = VECTOR('',#2093,1.);
#2093 = DIRECTION('',(1.,0.));
#2094 = ( GEOMETRIC_REPRESENTATION_CONTEXT(2) 
PARAMETRIC_REPRESENTATION_CONTEXT() REPRESENTATION_CONTEXT('2D SPACE',''
  ) );
#2095 = ORIENTED_EDGE('',*,*,#812,.T.);
#2096 = ORIENTED_EDGE('',*,*,#2020,.T.);
#2097 = ORIENTED_EDGE('',*,*,#2098,.F.);
#2098 = EDGE_CURVE('',#2074,#2021,#2099,.T.);
#2099 = SURFACE_CURVE('',#2100,(#2105,#2112),.PCURVE_S1.);
#2100 = ELLIPSE('',#2101,49.31658521165,49.197530439697);
#2101 = AXIS2_PLACEMENT_3D('',#2102,#2103,#2104);
#2102 = CARTESIAN_POINT('',(20.699059074069,136.87019740996,
    -49.33970884458));
#2103 = DIRECTION('',(0.342020143326,0.939692620786,-1.872931498893E-33)
  );
#2104 = DIRECTION('',(-2.165958232111E-16,7.883443251522E-17,-1.));
#2105 = PCURVE('',#832,#2106);
#2106 = DEFINITIONAL_REPRESENTATION('',(#2107),#2111);
#2107 = ELLIPSE('',#2108,49.31658521165,49.197530439697);
#2108 = AXIS2_PLACEMENT_2D('',#2109,#2110);
#2109 = CARTESIAN_POINT('',(-16.04470884458,53.245010498396));
#2110 = DIRECTION('',(-1.,-2.304964606724E-16));
#2111 = ( GEOMETRIC_REPRESENTATION_CONTEXT(2) 
PARAMETRIC_REPRESENTATION_CONTEXT() REPRESENTATION_CONTEXT('2D SPACE',''
  ) );
#2112 = PCURVE('',#961,#2113);
#2113 = DEFINITIONAL_REPRESENTATION('',(#2114),#2121);
#2114 = B_SPLINE_CURVE_WITH_KNOTS('',5,(#2115,#2116,#2117,#2118,#2119,
    #2120),.UNSPECIFIED.,.F.,.F.,(6,6),(1.893603696971,1.998256134958),
  .PIECEWISE_BEZIER_KNOTS.);
#2115 = CARTESIAN_POINT('',(3.459840391313,131.87174272683));
#2116 = CARTESIAN_POINT('',(3.480802585106,131.80392657159));
#2117 = CARTESIAN_POINT('',(3.501767281464,131.73670392764));
#2118 = CARTESIAN_POINT('',(3.522734451983,131.67013668957));
#2119 = CARTESIAN_POINT('',(3.543704063644,131.60428566724));
#2120 = CARTESIAN_POINT('',(3.564676078981,131.53921025318));
#2121 = ( GEOMETRIC_REPRESENTATION_CONTEXT(2) 
PARAMETRIC_REPRESENTATION_CONTEXT() REPRESENTATION_CONTEXT('2D SPACE',''
  ) );
#2122 = ADVANCED_FACE('',(#2123),#800,.T.);
#2123 = FACE_BOUND('',#2124,.T.);
#2124 = EDGE_LOOP('',(#2125,#2126,#2127,#2128));
#2125 = ORIENTED_EDGE('',*,*,#2073,.F.);
#2126 = ORIENTED_EDGE('',*,*,#780,.T.);
#2127 = ORIENTED_EDGE('',*,*,#1945,.T.);
#2128 = ORIENTED_EDGE('',*,*,#2129,.F.);
#2129 = EDGE_CURVE('',#2074,#1946,#2130,.T.);
#2130 = SURFACE_CURVE('',#2131,(#2136,#2143),.PCURVE_S1.);
#2131 = ELLIPSE('',#2132,6.386544581886E+04,384.4806565503);
#2132 = AXIS2_PLACEMENT_3D('',#2133,#2134,#2135);
#2133 = CARTESIAN_POINT('',(2.170348258711E+04,5.970982833162E+04,
    -33.295));
#2134 = DIRECTION('',(0.,0.,1.));
#2135 = DIRECTION('',(0.342020143326,0.939692620786,-0.));
#2136 = PCURVE('',#800,#2137);
#2137 = DEFINITIONAL_REPRESENTATION('',(#2138),#2142);
#2138 = ELLIPSE('',#2139,6.386544581886E+04,384.4806565503);
#2139 = AXIS2_PLACEMENT_2D('',#2140,#2141);
#2140 = CARTESIAN_POINT('',(53.245010498394,6.342221788706E+04));
#2141 = DIRECTION('',(-2.222180331868E-17,1.));
#2142 = ( GEOMETRIC_REPRESENTATION_CONTEXT(2) 
PARAMETRIC_REPRESENTATION_CONTEXT() REPRESENTATION_CONTEXT('2D SPACE',''
  ) );
#2143 = PCURVE('',#961,#2144);
#2144 = DEFINITIONAL_REPRESENTATION('',(#2145),#2152);
#2145 = B_SPLINE_CURVE_WITH_KNOTS('',5,(#2146,#2147,#2148,#2149,#2150,
    #2151),.UNSPECIFIED.,.F.,.F.,(6,6),(3.019962407568,3.024057427577),
  .PIECEWISE_BEZIER_KNOTS.);
#2146 = CARTESIAN_POINT('',(3.471043639029,134.4377849819));
#2147 = CARTESIAN_POINT('',(3.464656476635,128.10670898206));
#2148 = CARTESIAN_POINT('',(3.458198383507,121.82865825557));
#2149 = CARTESIAN_POINT('',(3.451668051221,115.60364164971));
#2150 = CARTESIAN_POINT('',(3.445064137091,109.4316678635));
#2151 = CARTESIAN_POINT('',(3.438385264217,103.31274544775));
#2152 = ( GEOMETRIC_REPRESENTATION_CONTEXT(2) 
PARAMETRIC_REPRESENTATION_CONTEXT() REPRESENTATION_CONTEXT('2D SPACE',''
  ) );
#2153 = ADVANCED_FACE('',(#2154,#2614,#2620,#2750,#2756),#961,.F.);
#2154 = FACE_BOUND('',#2155,.F.);
#2155 = EDGE_LOOP('',(#2156,#2157,#2158,#2159,#2160,#2182,#2183,#2207,
    #2239,#2268,#2301,#2333,#2365,#2397,#2430,#2459,#2492,#2524,#2556,
    #2588));
#2156 = ORIENTED_EDGE('',*,*,#946,.F.);
#2157 = ORIENTED_EDGE('',*,*,#999,.T.);
#2158 = ORIENTED_EDGE('',*,*,#1227,.T.);
#2159 = ORIENTED_EDGE('',*,*,#1291,.T.);
#2160 = ORIENTED_EDGE('',*,*,#2161,.T.);
#2161 = EDGE_CURVE('',#1255,#1050,#2162,.T.);
#2162 = SURFACE_CURVE('',#2163,(#2168,#2175),.PCURVE_S1.);
#2163 = CIRCLE('',#2164,40.006918174378);
#2164 = AXIS2_PLACEMENT_3D('',#2165,#2166,#2167);
#2165 = CARTESIAN_POINT('',(-24.62545031944,12.342131303415,-39.9));
#2166 = DIRECTION('',(0.341198412901,0.937434934998,-6.927759867831E-02)
  );
#2167 = DIRECTION('',(0.939692620786,-0.342020143326,-1.698782609248E-19
    ));
#2168 = PCURVE('',#961,#2169);
#2169 = DEFINITIONAL_REPRESENTATION('',(#2170),#2174);
#2170 = LINE('',#2171,#2172);
#2171 = CARTESIAN_POINT('',(0.,9.999999999999E-02));
#2172 = VECTOR('',#2173,1.);
#2173 = DIRECTION('',(1.,0.));
#2174 = ( GEOMETRIC_REPRESENTATION_CONTEXT(2) 
PARAMETRIC_REPRESENTATION_CONTEXT() REPRESENTATION_CONTEXT('2D SPACE',''
  ) );
#2175 = PCURVE('',#1064,#2176);
#2176 = DEFINITIONAL_REPRESENTATION('',(#2177),#2181);
#2177 = CIRCLE('',#2178,40.006918174378);
#2178 = AXIS2_PLACEMENT_2D('',#2179,#2180);
#2179 = CARTESIAN_POINT('',(6.075498208092E-16,-6.97271580138E-15));
#2180 = DIRECTION('',(1.,-1.2825496353E-18));
#2181 = ( GEOMETRIC_REPRESENTATION_CONTEXT(2) 
PARAMETRIC_REPRESENTATION_CONTEXT() REPRESENTATION_CONTEXT('2D SPACE',''
  ) );
#2182 = ORIENTED_EDGE('',*,*,#1075,.F.);
#2183 = ORIENTED_EDGE('',*,*,#2184,.T.);
#2184 = EDGE_CURVE('',#1076,#2185,#2187,.T.);
#2185 = VERTEX_POINT('',#2186);
#2186 = CARTESIAN_POINT('',(12.9687554694,-1.341040584604,-39.9));
#2187 = SURFACE_CURVE('',#2188,(#2193,#2200),.PCURVE_S1.);
#2188 = CIRCLE('',#2189,40.006918174378);
#2189 = AXIS2_PLACEMENT_3D('',#2190,#2191,#2192);
#2190 = CARTESIAN_POINT('',(-24.62545031944,12.342131303415,-39.9));
#2191 = DIRECTION('',(0.341198412901,0.937434934998,-6.927759867831E-02)
  );
#2192 = DIRECTION('',(0.939692620786,-0.342020143326,-1.698782609248E-19
    ));
#2193 = PCURVE('',#961,#2194);
#2194 = DEFINITIONAL_REPRESENTATION('',(#2195),#2199);
#2195 = LINE('',#2196,#2197);
#2196 = CARTESIAN_POINT('',(0.,9.999999999999E-02));
#2197 = VECTOR('',#2198,1.);
#2198 = DIRECTION('',(1.,0.));
#2199 = ( GEOMETRIC_REPRESENTATION_CONTEXT(2) 
PARAMETRIC_REPRESENTATION_CONTEXT() REPRESENTATION_CONTEXT('2D SPACE',''
  ) );
#2200 = PCURVE('',#1120,#2201);
#2201 = DEFINITIONAL_REPRESENTATION('',(#2202),#2206);
#2202 = CIRCLE('',#2203,40.006918174378);
#2203 = AXIS2_PLACEMENT_2D('',#2204,#2205);
#2204 = CARTESIAN_POINT('',(6.075498208092E-16,-6.97271580138E-15));
#2205 = DIRECTION('',(1.,-1.2825496353E-18));
#2206 = ( GEOMETRIC_REPRESENTATION_CONTEXT(2) 
PARAMETRIC_REPRESENTATION_CONTEXT() REPRESENTATION_CONTEXT('2D SPACE',''
  ) );
#2207 = ORIENTED_EDGE('',*,*,#2208,.T.);
#2208 = EDGE_CURVE('',#2185,#2209,#2211,.T.);
#2209 = VERTEX_POINT('',#2210);
#2210 = CARTESIAN_POINT('',(70.887051953825,131.55903505418,-39.9));
#2211 = SURFACE_CURVE('',#2212,(#2217,#2227),.PCURVE_S1.);
#2212 = ELLIPSE('',#2213,7.647347579331E+04,460.38310395721);
#2213 = AXIS2_PLACEMENT_3D('',#2214,#2215,#2216);
#2214 = CARTESIAN_POINT('',(2.603190044847E+04,7.160205866767E+04,-39.9)
  );
#2215 = DIRECTION('',(0.,0.,1.));
#2216 = DIRECTION('',(0.342020143326,0.939692620786,-0.));
#2217 = PCURVE('',#961,#2218);
#2218 = DEFINITIONAL_REPRESENTATION('',(#2219),#2226);
#2219 = B_SPLINE_CURVE_WITH_KNOTS('',5,(#2220,#2221,#2222,#2223,#2224,
    #2225),.UNSPECIFIED.,.F.,.F.,(6,6),(3.228601584935,3.248179256749),
  .PIECEWISE_BEZIER_KNOTS.);
#2220 = CARTESIAN_POINT('',(6.28318530718,0.100000000027));
#2221 = CARTESIAN_POINT('',(6.238126953628,26.058100435876));
#2222 = CARTESIAN_POINT('',(6.19559690322,53.472706732346));
#2223 = CARTESIAN_POINT('',(6.155405444413,82.342989776986));
#2224 = CARTESIAN_POINT('',(6.117365344364,112.66802741131));
#2225 = CARTESIAN_POINT('',(6.081307437995,144.44680460619));
#2226 = ( GEOMETRIC_REPRESENTATION_CONTEXT(2) 
PARAMETRIC_REPRESENTATION_CONTEXT() REPRESENTATION_CONTEXT('2D SPACE',''
  ) );
#2227 = PCURVE('',#2228,#2233);
#2228 = PLANE('',#2229);
#2229 = AXIS2_PLACEMENT_3D('',#2230,#2231,#2232);
#2230 = CARTESIAN_POINT('',(-200.,-52.,-39.9));
#2231 = DIRECTION('',(0.,0.,1.));
#2232 = DIRECTION('',(1.,0.,-0.));
#2233 = DEFINITIONAL_REPRESENTATION('',(#2234),#2238);
#2234 = ELLIPSE('',#2235,7.647347579331E+04,460.38310395721);
#2235 = AXIS2_PLACEMENT_2D('',#2236,#2237);
#2236 = CARTESIAN_POINT('',(2.623190044847E+04,7.165405866767E+04));
#2237 = DIRECTION('',(0.342020143326,0.939692620786));
#2238 = ( GEOMETRIC_REPRESENTATION_CONTEXT(2) 
PARAMETRIC_REPRESENTATION_CONTEXT() REPRESENTATION_CONTEXT('2D SPACE',''
  ) );
#2239 = ORIENTED_EDGE('',*,*,#2240,.F.);
#2240 = EDGE_CURVE('',#2241,#2209,#2243,.T.);
#2241 = VERTEX_POINT('',#2242);
#2242 = CARTESIAN_POINT('',(47.05,142.77827779718,-5.485617254066));
#2243 = SURFACE_CURVE('',#2244,(#2249,#2256),.PCURVE_S1.);
#2244 = CIRCLE('',#2245,49.993081825622);
#2245 = AXIS2_PLACEMENT_3D('',#2246,#2247,#2248);
#2246 = CARTESIAN_POINT('',(24.625450319448,147.65786869658,-49.9));
#2247 = DIRECTION('',(0.341198412901,0.937434934998,-6.927759867831E-02)
  );
#2248 = DIRECTION('',(0.939692620786,-0.342020143326,-1.698782609248E-19
    ));
#2249 = PCURVE('',#961,#2250);
#2250 = DEFINITIONAL_REPRESENTATION('',(#2251),#2255);
#2251 = LINE('',#2252,#2253);
#2252 = CARTESIAN_POINT('',(0.,144.44680460612));
#2253 = VECTOR('',#2254,1.);
#2254 = DIRECTION('',(1.,0.));
#2255 = ( GEOMETRIC_REPRESENTATION_CONTEXT(2) 
PARAMETRIC_REPRESENTATION_CONTEXT() REPRESENTATION_CONTEXT('2D SPACE',''
  ) );
#2256 = PCURVE('',#2257,#2262);
#2257 = PLANE('',#2258);
#2258 = AXIS2_PLACEMENT_3D('',#2259,#2260,#2261);
#2259 = CARTESIAN_POINT('',(24.625450319448,147.65786869658,-49.9));
#2260 = DIRECTION('',(0.341198412901,0.937434934998,-6.927759867831E-02)
  );
#2261 = DIRECTION('',(0.939692620786,-0.342020143326,-1.698782609248E-19
    ));
#2262 = DEFINITIONAL_REPRESENTATION('',(#2263),#2267);
#2263 = CIRCLE('',#2264,49.993081825622);
#2264 = AXIS2_PLACEMENT_2D('',#2265,#2266);
#2265 = CARTESIAN_POINT('',(-1.207057642637E-33,-7.088356006816E-15));
#2266 = DIRECTION('',(1.,-1.2825496353E-18));
#2267 = ( GEOMETRIC_REPRESENTATION_CONTEXT(2) 
PARAMETRIC_REPRESENTATION_CONTEXT() REPRESENTATION_CONTEXT('2D SPACE',''
  ) );
#2268 = ORIENTED_EDGE('',*,*,#2269,.F.);
#2269 = EDGE_CURVE('',#2270,#2241,#2272,.T.);
#2270 = VERTEX_POINT('',#2271);
#2271 = CARTESIAN_POINT('',(47.05,116.0896676793,-12.));
#2272 = SURFACE_CURVE('',#2273,(#2278,#2289),.PCURVE_S1.);
#2273 = ELLIPSE('',#2274,165.8735779889,55.558345363047);
#2274 = AXIS2_PLACEMENT_3D('',#2275,#2276,#2277);
#2275 = CARTESIAN_POINT('',(47.05,240.7972791779,-56.7831173872));
#2276 = DIRECTION('',(-1.,0.,-0.));
#2277 = DIRECTION('',(0.,0.997280438182,-7.370025522486E-02));
#2278 = PCURVE('',#961,#2279);
#2279 = DEFINITIONAL_REPRESENTATION('',(#2280),#2288);
#2280 = B_SPLINE_CURVE_WITH_KNOTS('',6,(#2281,#2282,#2283,#2284,#2285,
    #2286,#2287),.UNSPECIFIED.,.F.,.F.,(7,7),(3.764227434198,
    4.053661367914),.PIECEWISE_BEZIER_KNOTS.);
#2281 = CARTESIAN_POINT('',(5.513805355866,113.22644497234));
#2282 = CARTESIAN_POINT('',(5.457775689328,117.61276209614));
#2283 = CARTESIAN_POINT('',(5.402172564058,122.35276616484));
#2284 = CARTESIAN_POINT('',(5.347030856514,127.42808480185));
#2285 = CARTESIAN_POINT('',(5.292379492103,132.81787584738));
#2286 = CARTESIAN_POINT('',(5.238241024586,138.49908660033));
#2287 = CARTESIAN_POINT('',(5.184632038895,144.44680460619));
#2288 = ( GEOMETRIC_REPRESENTATION_CONTEXT(2) 
PARAMETRIC_REPRESENTATION_CONTEXT() REPRESENTATION_CONTEXT('2D SPACE',''
  ) );
#2289 = PCURVE('',#2290,#2295);
#2290 = PLANE('',#2291);
#2291 = AXIS2_PLACEMENT_3D('',#2292,#2293,#2294);
#2292 = CARTESIAN_POINT('',(47.05,80.319743891989,-3.720554603322));
#2293 = DIRECTION('',(-1.,0.,-0.));
#2294 = DIRECTION('',(0.,-1.,0.));
#2295 = DEFINITIONAL_REPRESENTATION('',(#2296),#2300);
#2296 = ELLIPSE('',#2297,165.8735779889,55.558345363047);
#2297 = AXIS2_PLACEMENT_2D('',#2298,#2299);
#2298 = CARTESIAN_POINT('',(-160.4775352859,-53.06256278388));
#2299 = DIRECTION('',(-0.997280438182,-7.370025522486E-02));
#2300 = ( GEOMETRIC_REPRESENTATION_CONTEXT(2) 
PARAMETRIC_REPRESENTATION_CONTEXT() REPRESENTATION_CONTEXT('2D SPACE',''
  ) );
#2301 = ORIENTED_EDGE('',*,*,#2302,.T.);
#2302 = EDGE_CURVE('',#2270,#2303,#2305,.T.);
#2303 = VERTEX_POINT('',#2304);
#2304 = CARTESIAN_POINT('',(46.5,114.69151505921,-12.));
#2305 = SURFACE_CURVE('',#2306,(#2311,#2321),.PCURVE_S1.);
#2306 = ELLIPSE('',#2307,2.321624092771E+04,139.76565011123);
#2307 = AXIS2_PLACEMENT_3D('',#2308,#2309,#2310);
#2308 = CARTESIAN_POINT('',(7.748348846361E+03,2.136841349343E+04,-12.)
  );
#2309 = DIRECTION('',(-5.321018603703E-34,1.100592837299E-17,-1.));
#2310 = DIRECTION('',(0.342020143326,0.939692620786,1.0342189677E-17));
#2311 = PCURVE('',#961,#2312);
#2312 = DEFINITIONAL_REPRESENTATION('',(#2313),#2320);
#2313 = B_SPLINE_CURVE_WITH_KNOTS('',5,(#2314,#2315,#2316,#2317,#2318,
    #2319),.UNSPECIFIED.,.F.,.F.,(6,6),(2.908272927791,2.91726175527),
  .PIECEWISE_BEZIER_KNOTS.);
#2314 = CARTESIAN_POINT('',(5.423712934554,137.30999854601));
#2315 = CARTESIAN_POINT('',(5.428789079755,127.68314904858));
#2316 = CARTESIAN_POINT('',(5.433950597891,118.14733140693));
#2317 = CARTESIAN_POINT('',(5.43920024158,108.70261044105));
#2318 = CARTESIAN_POINT('',(5.444540931011,99.349049745099));
#2319 = CARTESIAN_POINT('',(5.449975779806,90.086711684674));
#2320 = ( GEOMETRIC_REPRESENTATION_CONTEXT(2) 
PARAMETRIC_REPRESENTATION_CONTEXT() REPRESENTATION_CONTEXT('2D SPACE',''
  ) );
#2321 = PCURVE('',#2322,#2327);
#2322 = PLANE('',#2323);
#2323 = AXIS2_PLACEMENT_3D('',#2324,#2325,#2326);
#2324 = CARTESIAN_POINT('',(37.55,161.4,-12.));
#2325 = DIRECTION('',(0.,1.100592837299E-17,-1.));
#2326 = DIRECTION('',(0.,-1.,-1.100592837299E-17));
#2327 = DEFINITIONAL_REPRESENTATION('',(#2328),#2332);
#2328 = ELLIPSE('',#2329,2.321624092771E+04,139.76565011123);
#2329 = AXIS2_PLACEMENT_2D('',#2330,#2331);
#2330 = CARTESIAN_POINT('',(-2.120701349343E+04,-7.710798846361E+03));
#2331 = DIRECTION('',(-0.939692620786,-0.342020143326));
#2332 = ( GEOMETRIC_REPRESENTATION_CONTEXT(2) 
PARAMETRIC_REPRESENTATION_CONTEXT() REPRESENTATION_CONTEXT('2D SPACE',''
  ) );
#2333 = ORIENTED_EDGE('',*,*,#2334,.T.);
#2334 = EDGE_CURVE('',#2303,#2335,#2337,.T.);
#2335 = VERTEX_POINT('',#2336);
#2336 = CARTESIAN_POINT('',(46.5,121.39546273175,-10.));
#2337 = SURFACE_CURVE('',#2338,(#2343,#2353),.PCURVE_S1.);
#2338 = ELLIPSE('',#2339,165.53441378217,55.444744376315);
#2339 = AXIS2_PLACEMENT_3D('',#2340,#2341,#2342);
#2340 = CARTESIAN_POINT('',(46.5,239.22169986603,-56.66668013147));
#2341 = DIRECTION('',(-1.,0.,0.));
#2342 = DIRECTION('',(0.,0.997280438182,-7.370025522486E-02));
#2343 = PCURVE('',#961,#2344);
#2344 = DEFINITIONAL_REPRESENTATION('',(#2345),#2352);
#2345 = B_SPLINE_CURVE_WITH_KNOTS('',5,(#2346,#2347,#2348,#2349,#2350,
    #2351),.UNSPECIFIED.,.F.,.F.,(6,6),(3.827613980088,3.899403207661),
  .PIECEWISE_BEZIER_KNOTS.);
#2346 = CARTESIAN_POINT('',(5.440495761845,117.81457905987));
#2347 = CARTESIAN_POINT('',(5.423962909162,119.22979620298));
#2348 = CARTESIAN_POINT('',(5.407472077876,120.67603850151));
#2349 = CARTESIAN_POINT('',(5.391024211489,122.15269815907));
#2350 = CARTESIAN_POINT('',(5.374620184158,123.65914071588));
#2351 = CARTESIAN_POINT('',(5.358260799911,125.19470668242));
#2352 = ( GEOMETRIC_REPRESENTATION_CONTEXT(2) 
PARAMETRIC_REPRESENTATION_CONTEXT() REPRESENTATION_CONTEXT('2D SPACE',''
  ) );
#2353 = PCURVE('',#2354,#2359);
#2354 = PLANE('',#2355);
#2355 = AXIS2_PLACEMENT_3D('',#2356,#2357,#2358);
#2356 = CARTESIAN_POINT('',(46.5,89.7,-12.1));
#2357 = DIRECTION('',(-1.,0.,0.));
#2358 = DIRECTION('',(0.,1.,0.));
#2359 = DEFINITIONAL_REPRESENTATION('',(#2360),#2364);
#2360 = ELLIPSE('',#2361,165.53441378217,55.444744376315);
#2361 = AXIS2_PLACEMENT_2D('',#2362,#2363);
#2362 = CARTESIAN_POINT('',(149.52169986603,44.566680131476));
#2363 = DIRECTION('',(0.997280438182,7.370025522486E-02));
#2364 = ( GEOMETRIC_REPRESENTATION_CONTEXT(2) 
PARAMETRIC_REPRESENTATION_CONTEXT() REPRESENTATION_CONTEXT('2D SPACE',''
  ) );
#2365 = ORIENTED_EDGE('',*,*,#2366,.F.);
#2366 = EDGE_CURVE('',#2367,#2335,#2369,.T.);
#2367 = VERTEX_POINT('',#2368);
#2368 = CARTESIAN_POINT('',(42.85,112.04561921141,-10.));
#2369 = SURFACE_CURVE('',#2370,(#2375,#2385),.PCURVE_S1.);
#2370 = ELLIPSE('',#2371,1.939851799828E+04,116.78232008643);
#2371 = AXIS2_PLACEMENT_3D('',#2372,#2373,#2374);
#2372 = CARTESIAN_POINT('',(6.437699985995E+03,1.776743534474E+04,-10.)
  );
#2373 = DIRECTION('',(0.,0.,1.));
#2374 = DIRECTION('',(0.342020143326,0.939692620786,-0.));
#2375 = PCURVE('',#961,#2376);
#2376 = DEFINITIONAL_REPRESENTATION('',(#2377),#2384);
#2377 = B_SPLINE_CURVE_WITH_KNOTS('',5,(#2378,#2379,#2380,#2381,#2382,
    #2383),.UNSPECIFIED.,.F.,.F.,(6,6),(3.392354093825,3.397744263682),
  .PIECEWISE_BEZIER_KNOTS.);
#2378 = CARTESIAN_POINT('',(5.377489292824,100.55198647034));
#2379 = CARTESIAN_POINT('',(5.374808179902,105.72872218094));
#2380 = CARTESIAN_POINT('',(5.372152627999,110.93269109478));
#2381 = CARTESIAN_POINT('',(5.369522166564,116.16388067811));
#2382 = CARTESIAN_POINT('',(5.366916341571,121.42227826539));
#2383 = CARTESIAN_POINT('',(5.364334714206,126.70787105934));
#2384 = ( GEOMETRIC_REPRESENTATION_CONTEXT(2) 
PARAMETRIC_REPRESENTATION_CONTEXT() REPRESENTATION_CONTEXT('2D SPACE',''
  ) );
#2385 = PCURVE('',#2386,#2391);
#2386 = PLANE('',#2387);
#2387 = AXIS2_PLACEMENT_3D('',#2388,#2389,#2390);
#2388 = CARTESIAN_POINT('',(42.525,110.85,-10.));
#2389 = DIRECTION('',(0.,0.,1.));
#2390 = DIRECTION('',(1.,0.,0.));
#2391 = DEFINITIONAL_REPRESENTATION('',(#2392),#2396);
#2392 = ELLIPSE('',#2393,1.939851799828E+04,116.78232008643);
#2393 = AXIS2_PLACEMENT_2D('',#2394,#2395);
#2394 = CARTESIAN_POINT('',(6.395174985995E+03,1.765658534474E+04));
#2395 = DIRECTION('',(0.342020143326,0.939692620786));
#2396 = ( GEOMETRIC_REPRESENTATION_CONTEXT(2) 
PARAMETRIC_REPRESENTATION_CONTEXT() REPRESENTATION_CONTEXT('2D SPACE',''
  ) );
#2397 = ORIENTED_EDGE('',*,*,#2398,.F.);
#2398 = EDGE_CURVE('',#2399,#2367,#2401,.T.);
#2399 = VERTEX_POINT('',#2400);
#2400 = CARTESIAN_POINT('',(42.85,144.45685041026,-3.457266431711));
#2401 = SURFACE_CURVE('',#2402,(#2407,#2418),.PCURVE_S1.);
#2402 = ELLIPSE('',#2403,163.28359677386,54.690846918908);
#2403 = AXIS2_PLACEMENT_3D('',#2404,#2405,#2406);
#2404 = CARTESIAN_POINT('',(42.85,228.76558261449,-55.89396016165));
#2405 = DIRECTION('',(1.,0.,-0.));
#2406 = DIRECTION('',(-0.,0.997280438182,-7.370025522486E-02));
#2407 = PCURVE('',#961,#2408);
#2408 = DEFINITIONAL_REPRESENTATION('',(#2409),#2417);
#2409 = B_SPLINE_CURVE_WITH_KNOTS('',6,(#2410,#2411,#2412,#2413,#2414,
    #2415,#2416),.UNSPECIFIED.,.F.,.F.,(7,7),(2.139567331809,
    2.450293211499),.PIECEWISE_BEZIER_KNOTS.);
#2410 = CARTESIAN_POINT('',(5.085437729478,144.44680460619));
#2411 = CARTESIAN_POINT('',(5.142091773395,137.74957432401));
#2412 = CARTESIAN_POINT('',(5.199375888178,131.31839445648));
#2413 = CARTESIAN_POINT('',(5.257276300284,125.18559579961));
#2414 = CARTESIAN_POINT('',(5.315771681613,119.38136981723));
#2415 = CARTESIAN_POINT('',(5.37483231687,113.93324323193));
#2416 = CARTESIAN_POINT('',(5.434420362849,108.86567958688));
#2417 = ( GEOMETRIC_REPRESENTATION_CONTEXT(2) 
PARAMETRIC_REPRESENTATION_CONTEXT() REPRESENTATION_CONTEXT('2D SPACE',''
  ) );
#2418 = PCURVE('',#2419,#2424);
#2419 = PLANE('',#2420);
#2420 = AXIS2_PLACEMENT_3D('',#2421,#2422,#2423);
#2421 = CARTESIAN_POINT('',(42.85,147.,3.5));
#2422 = DIRECTION('',(1.,0.,-0.));
#2423 = DIRECTION('',(0.,0.,1.));
#2424 = DEFINITIONAL_REPRESENTATION('',(#2425),#2429);
#2425 = ELLIPSE('',#2426,163.28359677386,54.690846918908);
#2426 = AXIS2_PLACEMENT_2D('',#2427,#2428);
#2427 = CARTESIAN_POINT('',(-59.39396016165,-81.76558261449));
#2428 = DIRECTION('',(-7.370025522486E-02,-0.997280438182));
#2429 = ( GEOMETRIC_REPRESENTATION_CONTEXT(2) 
PARAMETRIC_REPRESENTATION_CONTEXT() REPRESENTATION_CONTEXT('2D SPACE',''
  ) );
#2430 = ORIENTED_EDGE('',*,*,#2431,.F.);
#2431 = EDGE_CURVE('',#2432,#2399,#2434,.T.);
#2432 = VERTEX_POINT('',#2433);
#2433 = CARTESIAN_POINT('',(38.85,146.02033170784,-2.001264218986));
#2434 = SURFACE_CURVE('',#2435,(#2440,#2447),.PCURVE_S1.);
#2435 = CIRCLE('',#2436,49.993081825622);
#2436 = AXIS2_PLACEMENT_3D('',#2437,#2438,#2439);
#2437 = CARTESIAN_POINT('',(24.625450319448,147.65786869658,-49.9));
#2438 = DIRECTION('',(0.341198412901,0.937434934998,-6.927759867831E-02)
  );
#2439 = DIRECTION('',(0.939692620786,-0.342020143326,-1.698782609248E-19
    ));
#2440 = PCURVE('',#961,#2441);
#2441 = DEFINITIONAL_REPRESENTATION('',(#2442),#2446);
#2442 = LINE('',#2443,#2444);
#2443 = CARTESIAN_POINT('',(0.,144.44680460612));
#2444 = VECTOR('',#2445,1.);
#2445 = DIRECTION('',(1.,0.));
#2446 = ( GEOMETRIC_REPRESENTATION_CONTEXT(2) 
PARAMETRIC_REPRESENTATION_CONTEXT() REPRESENTATION_CONTEXT('2D SPACE',''
  ) );
#2447 = PCURVE('',#2448,#2453);
#2448 = PLANE('',#2449);
#2449 = AXIS2_PLACEMENT_3D('',#2450,#2451,#2452);
#2450 = CARTESIAN_POINT('',(24.625450319448,147.65786869658,-49.9));
#2451 = DIRECTION('',(0.341198412901,0.937434934998,-6.927759867831E-02)
  );
#2452 = DIRECTION('',(0.939692620786,-0.342020143326,-1.698782609248E-19
    ));
#2453 = DEFINITIONAL_REPRESENTATION('',(#2454),#2458);
#2454 = CIRCLE('',#2455,49.993081825622);
#2455 = AXIS2_PLACEMENT_2D('',#2456,#2457);
#2456 = CARTESIAN_POINT('',(-1.207057642637E-33,-7.088356006816E-15));
#2457 = DIRECTION('',(1.,-1.2825496353E-18));
#2458 = ( GEOMETRIC_REPRESENTATION_CONTEXT(2) 
PARAMETRIC_REPRESENTATION_CONTEXT() REPRESENTATION_CONTEXT('2D SPACE',''
  ) );
#2459 = ORIENTED_EDGE('',*,*,#2460,.T.);
#2460 = EDGE_CURVE('',#2432,#2461,#2463,.T.);
#2461 = VERTEX_POINT('',#2462);
#2462 = CARTESIAN_POINT('',(38.85,101.80545867493,-10.));
#2463 = SURFACE_CURVE('',#2464,(#2469,#2480),.PCURVE_S1.);
#2464 = ELLIPSE('',#2465,160.81694799763,53.864657924491);
#2465 = AXIS2_PLACEMENT_3D('',#2466,#2467,#2468);
#2466 = CARTESIAN_POINT('',(38.85,217.30682398267,-55.04714375636));
#2467 = DIRECTION('',(1.,0.,-0.));
#2468 = DIRECTION('',(-0.,0.997280438182,-7.370025522486E-02));
#2469 = PCURVE('',#961,#2470);
#2470 = DEFINITIONAL_REPRESENTATION('',(#2471),#2479);
#2471 = B_SPLINE_CURVE_WITH_KNOTS('',6,(#2472,#2473,#2474,#2475,#2476,
    #2477,#2478),.UNSPECIFIED.,.F.,.F.,(7,7),(2.055992537635,
    2.440819544186),.PIECEWISE_BEZIER_KNOTS.);
#2472 = CARTESIAN_POINT('',(4.994698040418,144.44680460619));
#2473 = CARTESIAN_POINT('',(5.063802852227,135.87033101131));
#2474 = CARTESIAN_POINT('',(5.133891858919,127.64187998833));
#2475 = CARTESIAN_POINT('',(5.204950160865,119.82495555851));
#2476 = CARTESIAN_POINT('',(5.276946191894,112.47877266535));
#2477 = CARTESIAN_POINT('',(5.34982867461,105.65666610456));
#2478 = CARTESIAN_POINT('',(5.423527120735,99.404926243236));
#2479 = ( GEOMETRIC_REPRESENTATION_CONTEXT(2) 
PARAMETRIC_REPRESENTATION_CONTEXT() REPRESENTATION_CONTEXT('2D SPACE',''
  ) );
#2480 = PCURVE('',#2481,#2486);
#2481 = PLANE('',#2482);
#2482 = AXIS2_PLACEMENT_3D('',#2483,#2484,#2485);
#2483 = CARTESIAN_POINT('',(38.85,147.,-10.5));
#2484 = DIRECTION('',(1.,0.,-0.));
#2485 = DIRECTION('',(0.,0.,1.));
#2486 = DEFINITIONAL_REPRESENTATION('',(#2487),#2491);
#2487 = ELLIPSE('',#2488,160.81694799763,53.864657924491);
#2488 = AXIS2_PLACEMENT_2D('',#2489,#2490);
#2489 = CARTESIAN_POINT('',(-44.54714375636,-70.30682398267));
#2490 = DIRECTION('',(-7.370025522486E-02,-0.997280438182));
#2491 = ( GEOMETRIC_REPRESENTATION_CONTEXT(2) 
PARAMETRIC_REPRESENTATION_CONTEXT() REPRESENTATION_CONTEXT('2D SPACE',''
  ) );
#2492 = ORIENTED_EDGE('',*,*,#2493,.F.);
#2493 = EDGE_CURVE('',#2494,#2461,#2496,.T.);
#2494 = VERTEX_POINT('',#2495);
#2495 = CARTESIAN_POINT('',(38.55,101.03771414809,-10.));
#2496 = SURFACE_CURVE('',#2497,(#2502,#2512),.PCURVE_S1.);
#2497 = ELLIPSE('',#2498,1.939851799828E+04,116.78232008643);
#2498 = AXIS2_PLACEMENT_3D('',#2499,#2500,#2501);
#2499 = CARTESIAN_POINT('',(6.437699985995E+03,1.776743534474E+04,-10.)
  );
#2500 = DIRECTION('',(0.,0.,1.));
#2501 = DIRECTION('',(0.342020143326,0.939692620786,-0.));
#2502 = PCURVE('',#961,#2503);
#2503 = DEFINITIONAL_REPRESENTATION('',(#2504),#2511);
#2504 = B_SPLINE_CURVE_WITH_KNOTS('',5,(#2505,#2506,#2507,#2508,#2509,
    #2510),.UNSPECIFIED.,.F.,.F.,(6,6),(3.392354093825,3.397744263682),
  .PIECEWISE_BEZIER_KNOTS.);
#2505 = CARTESIAN_POINT('',(5.377489292824,100.55198647034));
#2506 = CARTESIAN_POINT('',(5.374808179902,105.72872218094));
#2507 = CARTESIAN_POINT('',(5.372152627999,110.93269109478));
#2508 = CARTESIAN_POINT('',(5.369522166564,116.16388067811));
#2509 = CARTESIAN_POINT('',(5.366916341571,121.42227826539));
#2510 = CARTESIAN_POINT('',(5.364334714206,126.70787105934));
#2511 = ( GEOMETRIC_REPRESENTATION_CONTEXT(2) 
PARAMETRIC_REPRESENTATION_CONTEXT() REPRESENTATION_CONTEXT('2D SPACE',''
  ) );
#2512 = PCURVE('',#2513,#2518);
#2513 = PLANE('',#2514);
#2514 = AXIS2_PLACEMENT_3D('',#2515,#2516,#2517);
#2515 = CARTESIAN_POINT('',(42.525,110.85,-10.));
#2516 = DIRECTION('',(0.,0.,1.));
#2517 = DIRECTION('',(1.,0.,0.));
#2518 = DEFINITIONAL_REPRESENTATION('',(#2519),#2523);
#2519 = ELLIPSE('',#2520,1.939851799828E+04,116.78232008643);
#2520 = AXIS2_PLACEMENT_2D('',#2521,#2522);
#2521 = CARTESIAN_POINT('',(6.395174985995E+03,1.765658534474E+04));
#2522 = DIRECTION('',(0.342020143326,0.939692620786));
#2523 = ( GEOMETRIC_REPRESENTATION_CONTEXT(2) 
PARAMETRIC_REPRESENTATION_CONTEXT() REPRESENTATION_CONTEXT('2D SPACE',''
  ) );
#2524 = ORIENTED_EDGE('',*,*,#2525,.T.);
#2525 = EDGE_CURVE('',#2494,#2526,#2528,.T.);
#2526 = VERTEX_POINT('',#2527);
#2527 = CARTESIAN_POINT('',(38.55,94.497191899046,-12.));
#2528 = SURFACE_CURVE('',#2529,(#2534,#2544),.PCURVE_S1.);
#2529 = ELLIPSE('',#2530,160.63194933941,53.80269374991);
#2530 = AXIS2_PLACEMENT_3D('',#2531,#2532,#2533);
#2531 = CARTESIAN_POINT('',(38.55,216.44741708528,-54.98363252596));
#2532 = DIRECTION('',(1.,0.,-0.));
#2533 = DIRECTION('',(-0.,0.997280438182,-7.370025522486E-02));
#2534 = PCURVE('',#961,#2535);
#2535 = DEFINITIONAL_REPRESENTATION('',(#2536),#2543);
#2536 = B_SPLINE_CURVE_WITH_KNOTS('',5,(#2537,#2538,#2539,#2540,#2541,
    #2542),.UNSPECIFIED.,.F.,.F.,(6,6),(2.393283905819,2.466261527566),
  .PIECEWISE_BEZIER_KNOTS.);
#2537 = CARTESIAN_POINT('',(5.369094996445,103.38220666856));
#2538 = CARTESIAN_POINT('',(5.385749132851,101.88272910615));
#2539 = CARTESIAN_POINT('',(5.402449068886,100.41271710518));
#2540 = CARTESIAN_POINT('',(5.419193940467,98.972836153894));
#2541 = CARTESIAN_POINT('',(5.435982808656,97.563725570893));
#2542 = CARTESIAN_POINT('',(5.452814660692,96.18599680405));
#2543 = ( GEOMETRIC_REPRESENTATION_CONTEXT(2) 
PARAMETRIC_REPRESENTATION_CONTEXT() REPRESENTATION_CONTEXT('2D SPACE',''
  ) );
#2544 = PCURVE('',#2545,#2550);
#2545 = PLANE('',#2546);
#2546 = AXIS2_PLACEMENT_3D('',#2547,#2548,#2549);
#2547 = CARTESIAN_POINT('',(38.55,156.,-12.1));
#2548 = DIRECTION('',(1.,0.,-0.));
#2549 = DIRECTION('',(0.,-1.,0.));
#2550 = DEFINITIONAL_REPRESENTATION('',(#2551),#2555);
#2551 = ELLIPSE('',#2552,160.63194933941,53.80269374991);
#2552 = AXIS2_PLACEMENT_2D('',#2553,#2554);
#2553 = CARTESIAN_POINT('',(-60.44741708528,42.883632525966));
#2554 = DIRECTION('',(-0.997280438182,7.370025522486E-02));
#2555 = ( GEOMETRIC_REPRESENTATION_CONTEXT(2) 
PARAMETRIC_REPRESENTATION_CONTEXT() REPRESENTATION_CONTEXT('2D SPACE',''
  ) );
#2556 = ORIENTED_EDGE('',*,*,#2557,.T.);
#2557 = EDGE_CURVE('',#2526,#2558,#2560,.T.);
#2558 = VERTEX_POINT('',#2559);
#2559 = CARTESIAN_POINT('',(37.55,91.959097598906,-12.));
#2560 = SURFACE_CURVE('',#2561,(#2566,#2576),.PCURVE_S1.);
#2561 = ELLIPSE('',#2562,2.321624092771E+04,139.76565011123);
#2562 = AXIS2_PLACEMENT_3D('',#2563,#2564,#2565);
#2563 = CARTESIAN_POINT('',(7.748348846361E+03,2.136841349343E+04,-12.)
  );
#2564 = DIRECTION('',(-5.321018603703E-34,1.100592837299E-17,-1.));
#2565 = DIRECTION('',(0.342020143326,0.939692620786,1.0342189677E-17));
#2566 = PCURVE('',#961,#2567);
#2567 = DEFINITIONAL_REPRESENTATION('',(#2568),#2575);
#2568 = B_SPLINE_CURVE_WITH_KNOTS('',5,(#2569,#2570,#2571,#2572,#2573,
    #2574),.UNSPECIFIED.,.F.,.F.,(6,6),(2.908272927791,2.91726175527),
  .PIECEWISE_BEZIER_KNOTS.);
#2569 = CARTESIAN_POINT('',(5.423712934554,137.30999854601));
#2570 = CARTESIAN_POINT('',(5.428789079755,127.68314904858));
#2571 = CARTESIAN_POINT('',(5.433950597891,118.14733140693));
#2572 = CARTESIAN_POINT('',(5.43920024158,108.70261044105));
#2573 = CARTESIAN_POINT('',(5.444540931011,99.349049745099));
#2574 = CARTESIAN_POINT('',(5.449975779806,90.086711684674));
#2575 = ( GEOMETRIC_REPRESENTATION_CONTEXT(2) 
PARAMETRIC_REPRESENTATION_CONTEXT() REPRESENTATION_CONTEXT('2D SPACE',''
  ) );
#2576 = PCURVE('',#2577,#2582);
#2577 = PLANE('',#2578);
#2578 = AXIS2_PLACEMENT_3D('',#2579,#2580,#2581);
#2579 = CARTESIAN_POINT('',(37.55,161.4,-12.));
#2580 = DIRECTION('',(0.,1.100592837299E-17,-1.));
#2581 = DIRECTION('',(0.,-1.,-1.100592837299E-17));
#2582 = DEFINITIONAL_REPRESENTATION('',(#2583),#2587);
#2583 = ELLIPSE('',#2584,2.321624092771E+04,139.76565011123);
#2584 = AXIS2_PLACEMENT_2D('',#2585,#2586);
#2585 = CARTESIAN_POINT('',(-2.120701349343E+04,-7.710798846361E+03));
#2586 = DIRECTION('',(-0.939692620786,-0.342020143326));
#2587 = ( GEOMETRIC_REPRESENTATION_CONTEXT(2) 
PARAMETRIC_REPRESENTATION_CONTEXT() REPRESENTATION_CONTEXT('2D SPACE',''
  ) );
#2588 = ORIENTED_EDGE('',*,*,#2589,.T.);
#2589 = EDGE_CURVE('',#2558,#921,#2590,.T.);
#2590 = SURFACE_CURVE('',#2591,(#2596,#2607),.PCURVE_S1.);
#2591 = ELLIPSE('',#2592,160.01528714535,53.596146501305);
#2592 = AXIS2_PLACEMENT_3D('',#2593,#2594,#2595);
#2593 = CARTESIAN_POINT('',(37.55,213.58272742732,-54.77192842464));
#2594 = DIRECTION('',(-1.,0.,-0.));
#2595 = DIRECTION('',(0.,0.997280438182,-7.370025522486E-02));
#2596 = PCURVE('',#961,#2597);
#2597 = DEFINITIONAL_REPRESENTATION('',(#2598),#2606);
#2598 = B_SPLINE_CURVE_WITH_KNOTS('',6,(#2599,#2600,#2601,#2602,#2603,
    #2604,#2605),.UNSPECIFIED.,.F.,.F.,(7,7),(3.786977920011,
    4.254079497608),.PIECEWISE_BEZIER_KNOTS.);
#2599 = CARTESIAN_POINT('',(5.48742049453,90.834293994133));
#2600 = CARTESIAN_POINT('',(5.397271256146,97.877745751123));
#2601 = CARTESIAN_POINT('',(5.308260915959,105.79509698546));
#2602 = CARTESIAN_POINT('',(5.220530210208,114.50951391059));
#2603 = CARTESIAN_POINT('',(5.134178793711,123.92825252584));
#2604 = CARTESIAN_POINT('',(5.049262333019,133.94553461245));
#2605 = CARTESIAN_POINT('',(4.965801303113,144.44680460619));
#2606 = ( GEOMETRIC_REPRESENTATION_CONTEXT(2) 
PARAMETRIC_REPRESENTATION_CONTEXT() REPRESENTATION_CONTEXT('2D SPACE',''
  ) );
#2607 = PCURVE('',#935,#2608);
#2608 = DEFINITIONAL_REPRESENTATION('',(#2609),#2613);
#2609 = ELLIPSE('',#2610,160.01528714535,53.596146501305);
#2610 = AXIS2_PLACEMENT_2D('',#2611,#2612);
#2611 = CARTESIAN_POINT('',(-133.2629835353,-51.05137382132));
#2612 = DIRECTION('',(-0.997280438182,-7.370025522486E-02));
#2613 = ( GEOMETRIC_REPRESENTATION_CONTEXT(2) 
PARAMETRIC_REPRESENTATION_CONTEXT() REPRESENTATION_CONTEXT('2D SPACE',''
  ) );
#2614 = FACE_BOUND('',#2615,.F.);
#2615 = EDGE_LOOP('',(#2616,#2617,#2618,#2619));
#2616 = ORIENTED_EDGE('',*,*,#1780,.F.);
#2617 = ORIENTED_EDGE('',*,*,#1833,.F.);
#2618 = ORIENTED_EDGE('',*,*,#1917,.T.);
#2619 = ORIENTED_EDGE('',*,*,#1886,.T.);
#2620 = FACE_BOUND('',#2621,.F.);
#2621 = EDGE_LOOP('',(#2622,#2656,#2688,#2720));
#2622 = ORIENTED_EDGE('',*,*,#2623,.F.);
#2623 = EDGE_CURVE('',#2624,#2626,#2628,.T.);
#2624 = VERTEX_POINT('',#2625);
#2625 = CARTESIAN_POINT('',(11.730902058327,3.664182077608,-24.68));
#2626 = VERTEX_POINT('',#2627);
#2627 = CARTESIAN_POINT('',(13.085866498079,3.171015353049,-28.68));
#2628 = SURFACE_CURVE('',#2629,(#2634,#2644),.PCURVE_S1.);
#2629 = ELLIPSE('',#2630,40.401727772719,40.304194286451);
#2630 = AXIS2_PLACEMENT_3D('',#2631,#2632,#2633);
#2631 = CARTESIAN_POINT('',(-23.16160410601,16.364015720378,
    -40.39132374853));
#2632 = DIRECTION('',(0.342020143326,0.939692620786,-1.872931498893E-33)
  );
#2633 = DIRECTION('',(-2.165958232111E-16,7.883443251522E-17,-1.));
#2634 = PCURVE('',#961,#2635);
#2635 = DEFINITIONAL_REPRESENTATION('',(#2636),#2643);
#2636 = B_SPLINE_CURVE_WITH_KNOTS('',5,(#2637,#2638,#2639,#2640,#2641,
    #2642),.UNSPECIFIED.,.F.,.F.,(6,6),(4.30220496248,4.428624779725),
  .PIECEWISE_BEZIER_KNOTS.);
#2637 = CARTESIAN_POINT('',(5.877411291892,3.287600870386));
#2638 = CARTESIAN_POINT('',(5.902743496116,3.352498633509));
#2639 = CARTESIAN_POINT('',(5.928072166217,3.418288313367));
#2640 = CARTESIAN_POINT('',(5.953397238744,3.484883477914));
#2641 = CARTESIAN_POINT('',(5.978718659785,3.552195315711));
#2642 = CARTESIAN_POINT('',(6.004036385367,3.620133344042));
#2643 = ( GEOMETRIC_REPRESENTATION_CONTEXT(2) 
PARAMETRIC_REPRESENTATION_CONTEXT() REPRESENTATION_CONTEXT('2D SPACE',''
  ) );
#2644 = PCURVE('',#2645,#2650);
#2645 = PLANE('',#2646);
#2646 = AXIS2_PLACEMENT_3D('',#2647,#2648,#2649);
#2647 = CARTESIAN_POINT('',(5.58743427967,5.900221484213,-28.68));
#2648 = DIRECTION('',(0.342020143326,0.939692620786,0.));
#2649 = DIRECTION('',(0.,0.,1.));
#2650 = DEFINITIONAL_REPRESENTATION('',(#2651),#2655);
#2651 = ELLIPSE('',#2652,40.401727772719,40.304194286451);
#2652 = AXIS2_PLACEMENT_2D('',#2653,#2654);
#2653 = CARTESIAN_POINT('',(-11.71132374853,-30.5940876301));
#2654 = DIRECTION('',(-1.,-2.304964606724E-16));
#2655 = ( GEOMETRIC_REPRESENTATION_CONTEXT(2) 
PARAMETRIC_REPRESENTATION_CONTEXT() REPRESENTATION_CONTEXT('2D SPACE',''
  ) );
#2656 = ORIENTED_EDGE('',*,*,#2657,.T.);
#2657 = EDGE_CURVE('',#2624,#2658,#2660,.T.);
#2658 = VERTEX_POINT('',#2659);
#2659 = CARTESIAN_POINT('',(21.726890249752,27.694561998227,-24.68));
#2660 = SURFACE_CURVE('',#2661,(#2666,#2676),.PCURVE_S1.);
#2661 = ELLIPSE('',#2662,4.742060430032E+04,285.47996246847);
#2662 = AXIS2_PLACEMENT_3D('',#2663,#2664,#2665);
#2663 = CARTESIAN_POINT('',(1.605786262108E+04,4.419861495613E+04,-24.68
    ));
#2664 = DIRECTION('',(0.,0.,1.));
#2665 = DIRECTION('',(0.342020143326,0.939692620786,-0.));
#2666 = PCURVE('',#961,#2667);
#2667 = DEFINITIONAL_REPRESENTATION('',(#2668),#2675);
#2668 = B_SPLINE_CURVE_WITH_KNOTS('',5,(#2669,#2670,#2671,#2672,#2673,
    #2674),.UNSPECIFIED.,.F.,.F.,(6,6),(3.271608076025,3.276588037498),
  .PIECEWISE_BEZIER_KNOTS.);
#2669 = CARTESIAN_POINT('',(5.891205585919,0.72155861536));
#2670 = CARTESIAN_POINT('',(5.884106049834,6.830261585487));
#2671 = CARTESIAN_POINT('',(5.877100157516,12.997129768816));
#2672 = CARTESIAN_POINT('',(5.870185804016,19.222150540719));
#2673 = CARTESIAN_POINT('',(5.863360956572,25.505311036061));
#2674 = CARTESIAN_POINT('',(5.856623651786,31.846598149551));
#2675 = ( GEOMETRIC_REPRESENTATION_CONTEXT(2) 
PARAMETRIC_REPRESENTATION_CONTEXT() REPRESENTATION_CONTEXT('2D SPACE',''
  ) );
#2676 = PCURVE('',#2677,#2682);
#2677 = PLANE('',#2678);
#2678 = AXIS2_PLACEMENT_3D('',#2679,#2680,#2681);
#2679 = CARTESIAN_POINT('',(5.58743427967,5.900221484213,-24.68));
#2680 = DIRECTION('',(0.,0.,1.));
#2681 = DIRECTION('',(0.939692620786,-0.342020143326,0.));
#2682 = DEFINITIONAL_REPRESENTATION('',(#2683),#2687);
#2683 = ELLIPSE('',#2684,4.742060430032E+04,285.47996246847);
#2684 = AXIS2_PLACEMENT_2D('',#2685,#2686);
#2685 = CARTESIAN_POINT('',(-30.5940876301,4.701776938874E+04));
#2686 = DIRECTION('',(-2.222180331868E-17,1.));
#2687 = ( GEOMETRIC_REPRESENTATION_CONTEXT(2) 
PARAMETRIC_REPRESENTATION_CONTEXT() REPRESENTATION_CONTEXT('2D SPACE',''
  ) );
#2688 = ORIENTED_EDGE('',*,*,#2689,.T.);
#2689 = EDGE_CURVE('',#2658,#2690,#2692,.T.);
#2690 = VERTEX_POINT('',#2691);
#2691 = CARTESIAN_POINT('',(23.21233292719,27.153905078931,-28.68));
#2692 = SURFACE_CURVE('',#2693,(#2698,#2708),.PCURVE_S1.);
#2693 = ELLIPSE('',#2694,42.209169237256,42.107272421077);
#2694 = AXIS2_PLACEMENT_3D('',#2695,#2696,#2697);
#2695 = CARTESIAN_POINT('',(-14.26908037954,40.796023860812,
    -42.205562773));
#2696 = DIRECTION('',(0.342020143326,0.939692620786,-1.872931498893E-33)
  );
#2697 = DIRECTION('',(-2.165958232111E-16,7.883443251522E-17,-1.));
#2698 = PCURVE('',#961,#2699);
#2699 = DEFINITIONAL_REPRESENTATION('',(#2700),#2707);
#2700 = B_SPLINE_CURVE_WITH_KNOTS('',5,(#2701,#2702,#2703,#2704,#2705,
    #2706),.UNSPECIFIED.,.F.,.F.,(6,6),(4.273776059639,4.396181064869),
  .PIECEWISE_BEZIER_KNOTS.);
#2701 = CARTESIAN_POINT('',(5.848926368002,29.225133815546));
#2702 = CARTESIAN_POINT('',(5.873457136761,29.289943705062));
#2703 = CARTESIAN_POINT('',(5.897984633781,29.355683917948));
#2704 = CARTESIAN_POINT('',(5.922508797601,29.422273534476));
#2705 = CARTESIAN_POINT('',(5.947029575047,29.489629308382));
#2706 = CARTESIAN_POINT('',(5.9715469216,29.557666289202));
#2707 = ( GEOMETRIC_REPRESENTATION_CONTEXT(2) 
PARAMETRIC_REPRESENTATION_CONTEXT() REPRESENTATION_CONTEXT('2D SPACE',''
  ) );
#2708 = PCURVE('',#2709,#2714);
#2709 = PLANE('',#2710);
#2710 = AXIS2_PLACEMENT_3D('',#2711,#2712,#2713);
#2711 = CARTESIAN_POINT('',(14.479958006137,30.332229624646,-28.68));
#2712 = DIRECTION('',(0.342020143326,0.939692620786,0.));
#2713 = DIRECTION('',(0.,0.,1.));
#2714 = DEFINITIONAL_REPRESENTATION('',(#2715),#2719);
#2715 = ELLIPSE('',#2716,42.209169237256,42.107272421077);
#2716 = AXIS2_PLACEMENT_2D('',#2717,#2718);
#2717 = CARTESIAN_POINT('',(-13.525562773,-30.5940876301));
#2718 = DIRECTION('',(-1.,-2.304964606724E-16));
#2719 = ( GEOMETRIC_REPRESENTATION_CONTEXT(2) 
PARAMETRIC_REPRESENTATION_CONTEXT() REPRESENTATION_CONTEXT('2D SPACE',''
  ) );
#2720 = ORIENTED_EDGE('',*,*,#2721,.F.);
#2721 = EDGE_CURVE('',#2626,#2690,#2722,.T.);
#2722 = SURFACE_CURVE('',#2723,(#2728,#2738),.PCURVE_S1.);
#2723 = ELLIPSE('',#2724,5.505605015919E+04,331.44662251807);
#2724 = AXIS2_PLACEMENT_3D('',#2725,#2726,#2727);
#2725 = CARTESIAN_POINT('',(1.867916034182E+04,5.140057125352E+04,-28.68
    ));
#2726 = DIRECTION('',(0.,0.,1.));
#2727 = DIRECTION('',(0.342020143326,0.939692620786,-0.));
#2728 = PCURVE('',#961,#2729);
#2729 = DEFINITIONAL_REPRESENTATION('',(#2730),#2737);
#2730 = B_SPLINE_CURVE_WITH_KNOTS('',5,(#2731,#2732,#2733,#2734,#2735,
    #2736),.UNSPECIFIED.,.F.,.F.,(6,6),(3.257830481323,3.262618629906),
  .PIECEWISE_BEZIER_KNOTS.);
#2731 = CARTESIAN_POINT('',(5.997048494569,0.998669010111));
#2732 = CARTESIAN_POINT('',(5.989127098354,7.098629917432));
#2733 = CARTESIAN_POINT('',(5.981309986901,13.261126098156));
#2734 = CARTESIAN_POINT('',(5.973594924568,19.48614589802));
#2735 = CARTESIAN_POINT('',(5.965979739466,25.773677424083));
#2736 = CARTESIAN_POINT('',(5.958462323845,32.123708544285));
#2737 = ( GEOMETRIC_REPRESENTATION_CONTEXT(2) 
PARAMETRIC_REPRESENTATION_CONTEXT() REPRESENTATION_CONTEXT('2D SPACE',''
  ) );
#2738 = PCURVE('',#2739,#2744);
#2739 = PLANE('',#2740);
#2740 = AXIS2_PLACEMENT_3D('',#2741,#2742,#2743);
#2741 = CARTESIAN_POINT('',(5.58743427967,5.900221484213,-28.68));
#2742 = DIRECTION('',(0.,0.,1.));
#2743 = DIRECTION('',(0.939692620786,-0.342020143326,0.));
#2744 = DEFINITIONAL_REPRESENTATION('',(#2745),#2749);
#2745 = ELLIPSE('',#2746,5.505605015919E+04,331.44662251807);
#2746 = AXIS2_PLACEMENT_2D('',#2747,#2748);
#2747 = CARTESIAN_POINT('',(-30.5940876301,5.468193119876E+04));
#2748 = DIRECTION('',(-2.222180331868E-17,1.));
#2749 = ( GEOMETRIC_REPRESENTATION_CONTEXT(2) 
PARAMETRIC_REPRESENTATION_CONTEXT() REPRESENTATION_CONTEXT('2D SPACE',''
  ) );
#2750 = FACE_BOUND('',#2751,.F.);
#2751 = EDGE_LOOP('',(#2752,#2753,#2754,#2755));
#2752 = ORIENTED_EDGE('',*,*,#1992,.F.);
#2753 = ORIENTED_EDGE('',*,*,#2129,.F.);
#2754 = ORIENTED_EDGE('',*,*,#2098,.T.);
#2755 = ORIENTED_EDGE('',*,*,#2045,.T.);
#2756 = FACE_BOUND('',#2757,.F.);
#2757 = EDGE_LOOP('',(#2758,#2792,#2824,#2856));
#2758 = ORIENTED_EDGE('',*,*,#2759,.F.);
#2759 = EDGE_CURVE('',#2760,#2762,#2764,.T.);
#2760 = VERTEX_POINT('',#2761);
#2761 = CARTESIAN_POINT('',(52.93338059911,97.469241768708,-29.295));
#2762 = VERTEX_POINT('',#2763);
#2763 = CARTESIAN_POINT('',(54.297939391369,96.97258298542,-33.295));
#2764 = SURFACE_CURVE('',#2765,(#2770,#2780),.PCURVE_S1.);
#2765 = ELLIPSE('',#2766,47.509143747114,47.394452305071);
#2766 = AXIS2_PLACEMENT_3D('',#2767,#2768,#2769);
#2767 = CARTESIAN_POINT('',(11.806535347602,112.43818926953,
    -47.52546982012));
#2768 = DIRECTION('',(0.342020143326,0.939692620786,-1.872931498893E-33)
  );
#2769 = DIRECTION('',(-2.165958232111E-16,7.883443251522E-17,-1.));
#2770 = PCURVE('',#961,#2771);
#2771 = DEFINITIONAL_REPRESENTATION('',(#2772),#2779);
#2772 = B_SPLINE_CURVE_WITH_KNOTS('',5,(#2773,#2774,#2775,#2776,#2777,
    #2778),.UNSPECIFIED.,.F.,.F.,(6,6),(4.30942685355,4.417000270403),
  .PIECEWISE_BEZIER_KNOTS.);
#2773 = CARTESIAN_POINT('',(5.884646846586,105.60167730802));
#2774 = CARTESIAN_POINT('',(5.906201890873,105.6668172301));
#2775 = CARTESIAN_POINT('',(5.927754368406,105.73270393881));
#2776 = CARTESIAN_POINT('',(5.949304240765,105.79927461768));
#2777 = CARTESIAN_POINT('',(5.970851474541,105.86646500834));
#2778 = CARTESIAN_POINT('',(5.992396041518,105.93420978167));
#2779 = ( GEOMETRIC_REPRESENTATION_CONTEXT(2) 
PARAMETRIC_REPRESENTATION_CONTEXT() REPRESENTATION_CONTEXT('2D SPACE',''
  ) );
#2780 = PCURVE('',#2781,#2786);
#2781 = PLANE('',#2782);
#2782 = AXIS2_PLACEMENT_3D('',#2783,#2784,#2785);
#2783 = CARTESIAN_POINT('',(46.805396874039,99.699645440702,-33.295));
#2784 = DIRECTION('',(0.342020143326,0.939692620786,0.));
#2785 = DIRECTION('',(0.,0.,1.));
#2786 = DEFINITIONAL_REPRESENTATION('',(#2787),#2791);
#2787 = ELLIPSE('',#2788,47.509143747114,47.394452305071);
#2788 = AXIS2_PLACEMENT_2D('',#2789,#2790);
#2789 = CARTESIAN_POINT('',(-14.23046982012,-37.24501049839));
#2790 = DIRECTION('',(-1.,-2.304964606724E-16));
#2791 = ( GEOMETRIC_REPRESENTATION_CONTEXT(2) 
PARAMETRIC_REPRESENTATION_CONTEXT() REPRESENTATION_CONTEXT('2D SPACE',''
  ) );
#2792 = ORIENTED_EDGE('',*,*,#2793,.T.);
#2793 = EDGE_CURVE('',#2760,#2794,#2796,.T.);
#2794 = VERTEX_POINT('',#2795);
#2795 = CARTESIAN_POINT('',(62.938678511137,121.49623322813,-29.295));
#2796 = SURFACE_CURVE('',#2797,(#2802,#2812),.PCURVE_S1.);
#2797 = ELLIPSE('',#2798,5.622999995999E+04,338.5139965007);
#2798 = AXIS2_PLACEMENT_3D('',#2799,#2800,#2801);
#2799 = CARTESIAN_POINT('',(1.908218486638E+04,5.250787203424E+04,
    -29.295));
#2800 = DIRECTION('',(0.,0.,1.));
#2801 = DIRECTION('',(0.342020143326,0.939692620786,-0.));
#2802 = PCURVE('',#961,#2803);
#2803 = DEFINITIONAL_REPRESENTATION('',(#2804),#2811);
#2804 = B_SPLINE_CURVE_WITH_KNOTS('',5,(#2805,#2806,#2807,#2808,#2809,
    #2810),.UNSPECIFIED.,.F.,.F.,(6,6),(3.270886865536,3.275121386087),
  .PIECEWISE_BEZIER_KNOTS.);
#2805 = CARTESIAN_POINT('',(5.8963661534,103.03563505302));
#2806 = CARTESIAN_POINT('',(5.890282980548,109.16091628862));
#2807 = CARTESIAN_POINT('',(5.884268179493,115.33607008717));
#2808 = CARTESIAN_POINT('',(5.878320443244,121.56108729576));
#2809 = CARTESIAN_POINT('',(5.872438502715,127.83595861275));
#2810 = CARTESIAN_POINT('',(5.866621125547,134.1606745872));
#2811 = ( GEOMETRIC_REPRESENTATION_CONTEXT(2) 
PARAMETRIC_REPRESENTATION_CONTEXT() REPRESENTATION_CONTEXT('2D SPACE',''
  ) );
#2812 = PCURVE('',#2813,#2818);
#2813 = PLANE('',#2814);
#2814 = AXIS2_PLACEMENT_3D('',#2815,#2816,#2817);
#2815 = CARTESIAN_POINT('',(46.805396874039,99.699645440702,-29.295));
#2816 = DIRECTION('',(0.,0.,1.));
#2817 = DIRECTION('',(0.939692620786,-0.342020143326,0.));
#2818 = DEFINITIONAL_REPRESENTATION('',(#2819),#2823);
#2819 = ELLIPSE('',#2820,5.622999995999E+04,338.5139965007);
#2820 = AXIS2_PLACEMENT_2D('',#2821,#2822);
#2821 = CARTESIAN_POINT('',(-37.24501049839,5.575805607705E+04));
#2822 = DIRECTION('',(-2.222180331868E-17,1.));
#2823 = ( GEOMETRIC_REPRESENTATION_CONTEXT(2) 
PARAMETRIC_REPRESENTATION_CONTEXT() REPRESENTATION_CONTEXT('2D SPACE',''
  ) );
#2824 = ORIENTED_EDGE('',*,*,#2825,.T.);
#2825 = EDGE_CURVE('',#2794,#2826,#2828,.T.);
#2826 = VERTEX_POINT('',#2827);
#2827 = CARTESIAN_POINT('',(64.414522821083,120.9590698289,-33.295));
#2828 = SURFACE_CURVE('',#2829,(#2834,#2844),.PCURVE_S1.);
#2829 = ELLIPSE('',#2830,49.31658521165,49.197530439697);
#2830 = AXIS2_PLACEMENT_3D('',#2831,#2832,#2833);
#2831 = CARTESIAN_POINT('',(20.699059074069,136.87019740996,
    -49.33970884458));
#2832 = DIRECTION('',(0.342020143326,0.939692620786,-1.872931498893E-33)
  );
#2833 = DIRECTION('',(-2.165958232111E-16,7.883443251522E-17,-1.));
#2834 = PCURVE('',#961,#2835);
#2835 = DEFINITIONAL_REPRESENTATION('',(#2836),#2843);
#2836 = B_SPLINE_CURVE_WITH_KNOTS('',5,(#2837,#2838,#2839,#2840,#2841,
    #2842),.UNSPECIFIED.,.F.,.F.,(6,6),(4.284929172221,4.389581610208),
  .PIECEWISE_BEZIER_KNOTS.);
#2837 = CARTESIAN_POINT('',(5.860101881788,131.53921025318));
#2838 = CARTESIAN_POINT('',(5.881073897126,131.60428566724));
#2839 = CARTESIAN_POINT('',(5.902043508786,131.67013668957));
#2840 = CARTESIAN_POINT('',(5.923010679305,131.73670392764));
#2841 = CARTESIAN_POINT('',(5.943975375663,131.80392657159));
#2842 = CARTESIAN_POINT('',(5.964937569456,131.87174272683));
#2843 = ( GEOMETRIC_REPRESENTATION_CONTEXT(2) 
PARAMETRIC_REPRESENTATION_CONTEXT() REPRESENTATION_CONTEXT('2D SPACE',''
  ) );
#2844 = PCURVE('',#2845,#2850);
#2845 = PLANE('',#2846);
#2846 = AXIS2_PLACEMENT_3D('',#2847,#2848,#2849);
#2847 = CARTESIAN_POINT('',(55.697920600506,124.13165358113,-33.295));
#2848 = DIRECTION('',(0.342020143326,0.939692620786,0.));
#2849 = DIRECTION('',(0.,0.,1.));
#2850 = DEFINITIONAL_REPRESENTATION('',(#2851),#2855);
#2851 = ELLIPSE('',#2852,49.31658521165,49.197530439697);
#2852 = AXIS2_PLACEMENT_2D('',#2853,#2854);
#2853 = CARTESIAN_POINT('',(-16.04470884458,-37.24501049839));
#2854 = DIRECTION('',(-1.,-2.304964606724E-16));
#2855 = ( GEOMETRIC_REPRESENTATION_CONTEXT(2) 
PARAMETRIC_REPRESENTATION_CONTEXT() REPRESENTATION_CONTEXT('2D SPACE',''
  ) );
#2856 = ORIENTED_EDGE('',*,*,#2857,.F.);
#2857 = EDGE_CURVE('',#2762,#2826,#2858,.T.);
#2858 = SURFACE_CURVE('',#2859,(#2864,#2874),.PCURVE_S1.);
#2859 = ELLIPSE('',#2860,6.386544581886E+04,384.4806565503);
#2860 = AXIS2_PLACEMENT_3D('',#2861,#2862,#2863);
#2861 = CARTESIAN_POINT('',(2.170348258711E+04,5.970982833162E+04,
    -33.295));
#2862 = DIRECTION('',(0.,0.,1.));
#2863 = DIRECTION('',(0.342020143326,0.939692620786,-0.));
#2864 = PCURVE('',#961,#2865);
#2865 = DEFINITIONAL_REPRESENTATION('',(#2866),#2873);
#2866 = B_SPLINE_CURVE_WITH_KNOTS('',5,(#2867,#2868,#2869,#2870,#2871,
    #2872),.UNSPECIFIED.,.F.,.F.,(6,6),(3.259127879603,3.263222899612),
  .PIECEWISE_BEZIER_KNOTS.);
#2867 = CARTESIAN_POINT('',(5.986392696553,103.31274544769));
#2868 = CARTESIAN_POINT('',(5.979713823678,109.43166786346));
#2869 = CARTESIAN_POINT('',(5.973109909549,115.6036416497));
#2870 = CARTESIAN_POINT('',(5.966579577263,121.82865825553));
#2871 = CARTESIAN_POINT('',(5.960121484135,128.10670898204));
#2872 = CARTESIAN_POINT('',(5.95373432174,134.43778498189));
#2873 = ( GEOMETRIC_REPRESENTATION_CONTEXT(2) 
PARAMETRIC_REPRESENTATION_CONTEXT() REPRESENTATION_CONTEXT('2D SPACE',''
  ) );
#2874 = PCURVE('',#2875,#2880);
#2875 = PLANE('',#2876);
#2876 = AXIS2_PLACEMENT_3D('',#2877,#2878,#2879);
#2877 = CARTESIAN_POINT('',(46.805396874039,99.699645440702,-33.295));
#2878 = DIRECTION('',(0.,0.,1.));
#2879 = DIRECTION('',(0.939692620786,-0.342020143326,0.));
#2880 = DEFINITIONAL_REPRESENTATION('',(#2881),#2885);
#2881 = ELLIPSE('',#2882,6.386544581886E+04,384.4806565503);
#2882 = AXIS2_PLACEMENT_2D('',#2883,#2884);
#2883 = CARTESIAN_POINT('',(-37.24501049839,6.342221788706E+04));
#2884 = DIRECTION('',(-2.222180331868E-17,1.));
#2885 = ( GEOMETRIC_REPRESENTATION_CONTEXT(2) 
PARAMETRIC_REPRESENTATION_CONTEXT() REPRESENTATION_CONTEXT('2D SPACE',''
  ) );
#2886 = ADVANCED_FACE('',(#2887),#935,.F.);
#2887 = FACE_BOUND('',#2888,.F.);
#2888 = EDGE_LOOP('',(#2889,#2890,#2891,#2892,#2915));
#2889 = ORIENTED_EDGE('',*,*,#1163,.T.);
#2890 = ORIENTED_EDGE('',*,*,#920,.F.);
#2891 = ORIENTED_EDGE('',*,*,#2589,.F.);
#2892 = ORIENTED_EDGE('',*,*,#2893,.T.);
#2893 = EDGE_CURVE('',#2558,#2894,#2896,.T.);
#2894 = VERTEX_POINT('',#2895);
#2895 = CARTESIAN_POINT('',(37.55,80.264575844365,-12.));
#2896 = SURFACE_CURVE('',#2897,(#2901,#2908),.PCURVE_S1.);
#2897 = LINE('',#2898,#2899);
#2898 = CARTESIAN_POINT('',(37.55,161.4,-12.));
#2899 = VECTOR('',#2900,1.);
#2900 = DIRECTION('',(0.,-1.,-1.100592837299E-17));
#2901 = PCURVE('',#935,#2902);
#2902 = DEFINITIONAL_REPRESENTATION('',(#2903),#2907);
#2903 = LINE('',#2904,#2905);
#2904 = CARTESIAN_POINT('',(-81.08025610801,-8.279445396678));
#2905 = VECTOR('',#2906,1.);
#2906 = DIRECTION('',(1.,-1.100592837299E-17));
#2907 = ( GEOMETRIC_REPRESENTATION_CONTEXT(2) 
PARAMETRIC_REPRESENTATION_CONTEXT() REPRESENTATION_CONTEXT('2D SPACE',''
  ) );
#2908 = PCURVE('',#2577,#2909);
#2909 = DEFINITIONAL_REPRESENTATION('',(#2910),#2914);
#2910 = LINE('',#2911,#2912);
#2911 = CARTESIAN_POINT('',(0.,0.));
#2912 = VECTOR('',#2913,1.);
#2913 = DIRECTION('',(1.,0.));
#2914 = ( GEOMETRIC_REPRESENTATION_CONTEXT(2) 
PARAMETRIC_REPRESENTATION_CONTEXT() REPRESENTATION_CONTEXT('2D SPACE',''
  ) );
#2915 = ORIENTED_EDGE('',*,*,#2916,.T.);
#2916 = EDGE_CURVE('',#2894,#1132,#2917,.T.);
#2917 = SURFACE_CURVE('',#2918,(#2923,#2930),.PCURVE_S1.);
#2918 = ELLIPSE('',#2919,169.18903060095,56.66587416789);
#2919 = AXIS2_PLACEMENT_3D('',#2920,#2921,#2922);
#2920 = CARTESIAN_POINT('',(37.55,215.37098675687,-54.90408299616));
#2921 = DIRECTION('',(-1.,0.,-0.));
#2922 = DIRECTION('',(0.,0.997280438182,-7.370025522486E-02));
#2923 = PCURVE('',#935,#2924);
#2924 = DEFINITIONAL_REPRESENTATION('',(#2925),#2929);
#2925 = ELLIPSE('',#2926,169.18903060095,56.66587416789);
#2926 = AXIS2_PLACEMENT_2D('',#2927,#2928);
#2927 = CARTESIAN_POINT('',(-135.0512428648,-51.18352839284));
#2928 = DIRECTION('',(-0.997280438182,-7.370025522486E-02));
#2929 = ( GEOMETRIC_REPRESENTATION_CONTEXT(2) 
PARAMETRIC_REPRESENTATION_CONTEXT() REPRESENTATION_CONTEXT('2D SPACE',''
  ) );
#2930 = PCURVE('',#1148,#2931);
#2931 = DEFINITIONAL_REPRESENTATION('',(#2932),#2940);
#2932 = B_SPLINE_CURVE_WITH_KNOTS('',6,(#2933,#2934,#2935,#2936,#2937,
    #2938,#2939),.UNSPECIFIED.,.F.,.F.,(7,7),(3.729144797849,
    4.181811727251),.PIECEWISE_BEZIER_KNOTS.);
#2933 = CARTESIAN_POINT('',(5.554469377064,80.21409785804));
#2934 = CARTESIAN_POINT('',(5.466425956998,86.865118275342));
#2935 = CARTESIAN_POINT('',(5.37938508193,94.42022940677));
#2936 = CARTESIAN_POINT('',(5.293488613749,102.81129277797));
#2937 = CARTESIAN_POINT('',(5.208843287995,111.95471526141));
#2938 = CARTESIAN_POINT('',(5.125516205579,121.75384142924));
#2939 = CARTESIAN_POINT('',(5.04354143904,132.10264783711));
#2940 = ( GEOMETRIC_REPRESENTATION_CONTEXT(2) 
PARAMETRIC_REPRESENTATION_CONTEXT() REPRESENTATION_CONTEXT('2D SPACE',''
  ) );
#2941 = ADVANCED_FACE('',(#2942,#3297,#3407),#1148,.T.);
#2942 = FACE_BOUND('',#2943,.T.);
#2943 = EDGE_LOOP('',(#2944,#2970,#2998,#3025,#3052,#3079,#3107,#3139,
    #3167,#3194,#3221,#3246,#3247,#3248,#3272));
#2944 = ORIENTED_EDGE('',*,*,#2945,.F.);
#2945 = EDGE_CURVE('',#2946,#2948,#2950,.T.);
#2946 = VERTEX_POINT('',#2947);
#2947 = CARTESIAN_POINT('',(47.05,143.0283765662,-2.101387318885));
#2948 = VERTEX_POINT('',#2949);
#2949 = CARTESIAN_POINT('',(73.767783681965,130.51053445224,-39.9));
#2950 = SURFACE_CURVE('',#2951,(#2956,#2963),.PCURVE_S1.);
#2951 = CIRCLE('',#2952,53.);
#2952 = AXIS2_PLACEMENT_3D('',#2953,#2954,#2955);
#2953 = CARTESIAN_POINT('',(24.625450319448,147.65786869658,-49.9));
#2954 = DIRECTION('',(0.341198412901,0.937434934998,-6.927759867831E-02)
  );
#2955 = DIRECTION('',(0.939692620786,-0.342020143326,-1.698782609248E-19
    ));
#2956 = PCURVE('',#1148,#2957);
#2957 = DEFINITIONAL_REPRESENTATION('',(#2958),#2962);
#2958 = LINE('',#2959,#2960);
#2959 = CARTESIAN_POINT('',(0.,144.34680460612));
#2960 = VECTOR('',#2961,1.);
#2961 = DIRECTION('',(1.,0.));
#2962 = ( GEOMETRIC_REPRESENTATION_CONTEXT(2) 
PARAMETRIC_REPRESENTATION_CONTEXT() REPRESENTATION_CONTEXT('2D SPACE',''
  ) );
#2963 = PCURVE('',#2257,#2964);
#2964 = DEFINITIONAL_REPRESENTATION('',(#2965),#2969);
#2965 = CIRCLE('',#2966,53.);
#2966 = AXIS2_PLACEMENT_2D('',#2967,#2968);
#2967 = CARTESIAN_POINT('',(0.,0.));
#2968 = DIRECTION('',(1.,0.));
#2969 = ( GEOMETRIC_REPRESENTATION_CONTEXT(2) 
PARAMETRIC_REPRESENTATION_CONTEXT() REPRESENTATION_CONTEXT('2D SPACE',''
  ) );
#2970 = ORIENTED_EDGE('',*,*,#2971,.F.);
#2971 = EDGE_CURVE('',#2972,#2946,#2974,.T.);
#2972 = VERTEX_POINT('',#2973);
#2973 = CARTESIAN_POINT('',(47.05,104.18310984313,-12.));
#2974 = SURFACE_CURVE('',#2975,(#2980,#2991),.PCURVE_S1.);
#2975 = ELLIPSE('',#2976,175.05605168942,58.630894462401);
#2976 = AXIS2_PLACEMENT_3D('',#2977,#2978,#2979);
#2977 = CARTESIAN_POINT('',(47.05,242.58874304503,-56.915508778));
#2978 = DIRECTION('',(-1.,0.,-0.));
#2979 = DIRECTION('',(0.,0.997280438182,-7.370025522486E-02));
#2980 = PCURVE('',#1148,#2981);
#2981 = DEFINITIONAL_REPRESENTATION('',(#2982),#2990);
#2982 = B_SPLINE_CURVE_WITH_KNOTS('',6,(#2983,#2984,#2985,#2986,#2987,
    #2988,#2989),.UNSPECIFIED.,.F.,.F.,(7,7),(3.710658754385,
    4.081002168491),.PIECEWISE_BEZIER_KNOTS.);
#2983 = CARTESIAN_POINT('',(5.576067402291,102.85690719206));
#2984 = CARTESIAN_POINT('',(5.503870324108,108.32982151271));
#2985 = CARTESIAN_POINT('',(5.432328562331,114.43647360255));
#2986 = CARTESIAN_POINT('',(5.36152211101,121.13933267128));
#2987 = CARTESIAN_POINT('',(5.291515490421,128.39362058831));
#2988 = CARTESIAN_POINT('',(5.222355737887,136.1481855145));
#2989 = CARTESIAN_POINT('',(5.154074084971,144.34680460616));
#2990 = ( GEOMETRIC_REPRESENTATION_CONTEXT(2) 
PARAMETRIC_REPRESENTATION_CONTEXT() REPRESENTATION_CONTEXT('2D SPACE',''
  ) );
#2991 = PCURVE('',#2290,#2992);
#2992 = DEFINITIONAL_REPRESENTATION('',(#2993),#2997);
#2993 = ELLIPSE('',#2994,175.05605168942,58.630894462401);
#2994 = AXIS2_PLACEMENT_2D('',#2995,#2996);
#2995 = CARTESIAN_POINT('',(-162.268999153,-53.19495417468));
#2996 = DIRECTION('',(-0.997280438182,-7.370025522486E-02));
#2997 = ( GEOMETRIC_REPRESENTATION_CONTEXT(2) 
PARAMETRIC_REPRESENTATION_CONTEXT() REPRESENTATION_CONTEXT('2D SPACE',''
  ) );
#2998 = ORIENTED_EDGE('',*,*,#2999,.T.);
#2999 = EDGE_CURVE('',#2972,#3000,#3002,.T.);
#3000 = VERTEX_POINT('',#3001);
#3001 = CARTESIAN_POINT('',(46.5,102.79717417369,-12.));
#3002 = SURFACE_CURVE('',#3003,(#3008,#3018),.PCURVE_S1.);
#3003 = ELLIPSE('',#3004,4.541491131367E+04,217.96367495525);
#3004 = AXIS2_PLACEMENT_3D('',#3005,#3006,#3007);
#3005 = CARTESIAN_POINT('',(1.533346019915E+04,4.220833565927E+04,-12.)
  );
#3006 = DIRECTION('',(-5.321018603703E-34,1.100592837299E-17,-1.));
#3007 = DIRECTION('',(0.342020143326,0.939692620786,1.0342189677E-17));
#3008 = PCURVE('',#1148,#3009);
#3009 = DEFINITIONAL_REPRESENTATION('',(#3010),#3017);
#3010 = B_SPLINE_CURVE_WITH_KNOTS('',5,(#3011,#3012,#3013,#3014,#3015,
    #3016),.UNSPECIFIED.,.F.,.F.,(6,6),(2.97364005293,2.979944868369),
  .PIECEWISE_BEZIER_KNOTS.);
#3011 = CARTESIAN_POINT('',(5.494018922535,125.91570171097));
#3012 = CARTESIAN_POINT('',(5.499332678857,116.36579337699));
#3013 = CARTESIAN_POINT('',(5.504731396012,106.90466485622));
#3014 = CARTESIAN_POINT('',(5.510217643427,97.532347783233));
#3015 = CARTESIAN_POINT('',(5.515794135143,88.248873204577));
#3016 = CARTESIAN_POINT('',(5.521463749715,79.054271577826));
#3017 = ( GEOMETRIC_REPRESENTATION_CONTEXT(2) 
PARAMETRIC_REPRESENTATION_CONTEXT() REPRESENTATION_CONTEXT('2D SPACE',''
  ) );
#3018 = PCURVE('',#2322,#3019);
#3019 = DEFINITIONAL_REPRESENTATION('',(#3020),#3024);
#3020 = ELLIPSE('',#3021,4.541491131367E+04,217.96367495525);
#3021 = AXIS2_PLACEMENT_2D('',#3022,#3023);
#3022 = CARTESIAN_POINT('',(-4.204693565927E+04,-1.529591019915E+04));
#3023 = DIRECTION('',(-0.939692620786,-0.342020143326));
#3024 = ( GEOMETRIC_REPRESENTATION_CONTEXT(2) 
PARAMETRIC_REPRESENTATION_CONTEXT() REPRESENTATION_CONTEXT('2D SPACE',''
  ) );
#3025 = ORIENTED_EDGE('',*,*,#3026,.T.);
#3026 = EDGE_CURVE('',#3000,#3027,#3029,.T.);
#3027 = VERTEX_POINT('',#3028);
#3028 = CARTESIAN_POINT('',(46.5,108.51732975556,-10.));
#3029 = SURFACE_CURVE('',#3030,(#3035,#3045),.PCURVE_S1.);
#3030 = ELLIPSE('',#3031,174.71638204745,58.517130129561);
#3031 = AXIS2_PLACEMENT_3D('',#3032,#3033,#3034);
#3032 = CARTESIAN_POINT('',(46.5,241.0129782073,-56.79905781169));
#3033 = DIRECTION('',(-1.,0.,0.));
#3034 = DIRECTION('',(0.,0.997280438182,-7.370025522486E-02));
#3035 = PCURVE('',#1148,#3036);
#3036 = DEFINITIONAL_REPRESENTATION('',(#3037),#3044);
#3037 = B_SPLINE_CURVE_WITH_KNOTS('',5,(#3038,#3039,#3040,#3041,#3042,
    #3043),.UNSPECIFIED.,.F.,.F.,(6,6),(3.766881093372,3.82944870502),
  .PIECEWISE_BEZIER_KNOTS.);
#3038 = CARTESIAN_POINT('',(5.51053739719,106.64438268933));
#3039 = CARTESIAN_POINT('',(5.496005079087,107.84730804977));
#3040 = CARTESIAN_POINT('',(5.481502804357,109.07629718501));
#3041 = CARTESIAN_POINT('',(5.467031275319,110.33095767168));
#3042 = CARTESIAN_POINT('',(5.452591155152,111.61088007406));
#3043 = CARTESIAN_POINT('',(5.438183066917,112.91563874503));
#3044 = ( GEOMETRIC_REPRESENTATION_CONTEXT(2) 
PARAMETRIC_REPRESENTATION_CONTEXT() REPRESENTATION_CONTEXT('2D SPACE',''
  ) );
#3045 = PCURVE('',#2354,#3046);
#3046 = DEFINITIONAL_REPRESENTATION('',(#3047),#3051);
#3047 = ELLIPSE('',#3048,174.71638204745,58.517130129561);
#3048 = AXIS2_PLACEMENT_2D('',#3049,#3050);
#3049 = CARTESIAN_POINT('',(151.3129782073,44.699057811692));
#3050 = DIRECTION('',(0.997280438182,7.370025522486E-02));
#3051 = ( GEOMETRIC_REPRESENTATION_CONTEXT(2) 
PARAMETRIC_REPRESENTATION_CONTEXT() REPRESENTATION_CONTEXT('2D SPACE',''
  ) );
#3052 = ORIENTED_EDGE('',*,*,#3053,.F.);
#3053 = EDGE_CURVE('',#3054,#3027,#3056,.T.);
#3054 = VERTEX_POINT('',#3055);
#3055 = CARTESIAN_POINT('',(42.85,99.257319985917,-10.));
#3056 = SURFACE_CURVE('',#3057,(#3062,#3072),.PCURVE_S1.);
#3057 = ELLIPSE('',#3058,3.939969127213E+04,189.09431403403);
#3058 = AXIS2_PLACEMENT_3D('',#3059,#3060,#3061);
#3059 = CARTESIAN_POINT('',(1.32712264876E+04,3.654239510314E+04,-10.));
#3060 = DIRECTION('',(0.,0.,1.));
#3061 = DIRECTION('',(0.342020143326,0.939692620786,-0.));
#3062 = PCURVE('',#1148,#3063);
#3063 = DEFINITIONAL_REPRESENTATION('',(#3064),#3071);
#3064 = B_SPLINE_CURVE_WITH_KNOTS('',5,(#3065,#3066,#3067,#3068,#3069,
    #3070),.UNSPECIFIED.,.F.,.F.,(6,6),(3.318668413364,3.322375903571),
  .PIECEWISE_BEZIER_KNOTS.);
#3065 = CARTESIAN_POINT('',(5.45727767921,88.581939843926));
#3066 = CARTESIAN_POINT('',(5.454424151446,93.715814620785));
#3067 = CARTESIAN_POINT('',(5.451596441755,98.87628032304));
#3068 = CARTESIAN_POINT('',(5.448794105517,104.06333107011));
#3069 = CARTESIAN_POINT('',(5.446016712499,109.27696092039));
#3070 = CARTESIAN_POINT('',(5.443263845826,114.51716387147));
#3071 = ( GEOMETRIC_REPRESENTATION_CONTEXT(2) 
PARAMETRIC_REPRESENTATION_CONTEXT() REPRESENTATION_CONTEXT('2D SPACE',''
  ) );
#3072 = PCURVE('',#2386,#3073);
#3073 = DEFINITIONAL_REPRESENTATION('',(#3074),#3078);
#3074 = ELLIPSE('',#3075,3.939969127213E+04,189.09431403403);
#3075 = AXIS2_PLACEMENT_2D('',#3076,#3077);
#3076 = CARTESIAN_POINT('',(1.32287014876E+04,3.643154510314E+04));
#3077 = DIRECTION('',(0.342020143326,0.939692620786));
#3078 = ( GEOMETRIC_REPRESENTATION_CONTEXT(2) 
PARAMETRIC_REPRESENTATION_CONTEXT() REPRESENTATION_CONTEXT('2D SPACE',''
  ) );
#3079 = ORIENTED_EDGE('',*,*,#3080,.F.);
#3080 = EDGE_CURVE('',#3081,#3054,#3083,.T.);
#3081 = VERTEX_POINT('',#3082);
#3082 = CARTESIAN_POINT('',(42.85,136.34177357314,-1.4));
#3083 = SURFACE_CURVE('',#3084,(#3089,#3100),.PCURVE_S1.);
#3084 = ELLIPSE('',#3085,172.46221078715,57.762148647986);
#3085 = AXIS2_PLACEMENT_3D('',#3086,#3087,#3088);
#3086 = CARTESIAN_POINT('',(42.85,230.55562973869,-56.0262468534));
#3087 = DIRECTION('',(1.,0.,-0.));
#3088 = DIRECTION('',(-0.,0.997280438182,-7.370025522486E-02));
#3089 = PCURVE('',#1148,#3090);
#3090 = DEFINITIONAL_REPRESENTATION('',(#3091),#3099);
#3091 = B_SPLINE_CURVE_WITH_KNOTS('',6,(#3092,#3093,#3094,#3095,#3096,
    #3097,#3098),.UNSPECIFIED.,.F.,.F.,(7,7),(2.118045299265,
    2.512409357847),.PIECEWISE_BEZIER_KNOTS.);
#3092 = CARTESIAN_POINT('',(5.061683699088,144.34680460616));
#3093 = CARTESIAN_POINT('',(5.1333167663,135.24765108801));
#3094 = CARTESIAN_POINT('',(5.205972217527,126.58579663296));
#3095 = CARTESIAN_POINT('',(5.279625091162,118.43199610946));
#3096 = CARTESIAN_POINT('',(5.354231118788,110.85134395922));
#3097 = CARTESIAN_POINT('',(5.4297236534,103.90141156099));
#3098 = CARTESIAN_POINT('',(5.506015353378,97.630957459625));
#3099 = ( GEOMETRIC_REPRESENTATION_CONTEXT(2) 
PARAMETRIC_REPRESENTATION_CONTEXT() REPRESENTATION_CONTEXT('2D SPACE',''
  ) );
#3100 = PCURVE('',#2419,#3101);
#3101 = DEFINITIONAL_REPRESENTATION('',(#3102),#3106);
#3102 = ELLIPSE('',#3103,172.46221078715,57.762148647986);
#3103 = AXIS2_PLACEMENT_2D('',#3104,#3105);
#3104 = CARTESIAN_POINT('',(-59.5262468534,-83.55562973869));
#3105 = DIRECTION('',(-7.370025522486E-02,-0.997280438182));
#3106 = ( GEOMETRIC_REPRESENTATION_CONTEXT(2) 
PARAMETRIC_REPRESENTATION_CONTEXT() REPRESENTATION_CONTEXT('2D SPACE',''
  ) );
#3107 = ORIENTED_EDGE('',*,*,#3108,.F.);
#3108 = EDGE_CURVE('',#3109,#3081,#3111,.T.);
#3109 = VERTEX_POINT('',#3110);
#3110 = CARTESIAN_POINT('',(38.85,125.81636378438,-1.4));
#3111 = SURFACE_CURVE('',#3112,(#3117,#3127),.PCURVE_S1.);
#3112 = ELLIPSE('',#3113,1.353424509348E+04,64.956062072759);
#3113 = AXIS2_PLACEMENT_3D('',#3114,#3115,#3116);
#3114 = CARTESIAN_POINT('',(4.403621527925E+03,1.21788507118E+04,-1.4));
#3115 = DIRECTION('',(0.,0.,1.));
#3116 = DIRECTION('',(0.342020143326,0.939692620786,-0.));
#3117 = PCURVE('',#1148,#3118);
#3118 = DEFINITIONAL_REPRESENTATION('',(#3119),#3126);
#3119 = B_SPLINE_CURVE_WITH_KNOTS('',5,(#3120,#3121,#3122,#3123,#3124,
    #3125),.UNSPECIFIED.,.F.,.F.,(6,6),(3.46748599757,3.472505549422),
  .PIECEWISE_BEZIER_KNOTS.);
#3120 = CARTESIAN_POINT('',(5.128185421598,122.48799445572));
#3121 = CARTESIAN_POINT('',(5.126918854432,126.827546534));
#3122 = CARTESIAN_POINT('',(5.125661531897,131.18321273359));
#3123 = CARTESIAN_POINT('',(5.124413319828,135.55498394288));
#3124 = CARTESIAN_POINT('',(5.123174087889,139.94285098266));
#3125 = CARTESIAN_POINT('',(5.121943709316,144.34680460612));
#3126 = ( GEOMETRIC_REPRESENTATION_CONTEXT(2) 
PARAMETRIC_REPRESENTATION_CONTEXT() REPRESENTATION_CONTEXT('2D SPACE',''
  ) );
#3127 = PCURVE('',#3128,#3133);
#3128 = PLANE('',#3129);
#3129 = AXIS2_PLACEMENT_3D('',#3130,#3131,#3132);
#3130 = CARTESIAN_POINT('',(38.85,80.7,-1.4));
#3131 = DIRECTION('',(0.,0.,1.));
#3132 = DIRECTION('',(1.,0.,-0.));
#3133 = DEFINITIONAL_REPRESENTATION('',(#3134),#3138);
#3134 = ELLIPSE('',#3135,1.353424509348E+04,64.956062072759);
#3135 = AXIS2_PLACEMENT_2D('',#3136,#3137);
#3136 = CARTESIAN_POINT('',(4.364771527925E+03,1.20981507118E+04));
#3137 = DIRECTION('',(0.342020143326,0.939692620786));
#3138 = ( GEOMETRIC_REPRESENTATION_CONTEXT(2) 
PARAMETRIC_REPRESENTATION_CONTEXT() REPRESENTATION_CONTEXT('2D SPACE',''
  ) );
#3139 = ORIENTED_EDGE('',*,*,#3140,.T.);
#3140 = EDGE_CURVE('',#3109,#3141,#3143,.T.);
#3141 = VERTEX_POINT('',#3142);
#3142 = CARTESIAN_POINT('',(38.85,89.116045783879,-10.));
#3143 = SURFACE_CURVE('',#3144,(#3149,#3160),.PCURVE_S1.);
#3144 = ELLIPSE('',#3145,169.99188611832,56.934771681876);
#3145 = AXIS2_PLACEMENT_3D('',#3146,#3147,#3148);
#3146 = CARTESIAN_POINT('',(38.85,219.09552182788,-55.17933073473));
#3147 = DIRECTION('',(1.,0.,-0.));
#3148 = DIRECTION('',(-0.,0.997280438182,-7.370025522486E-02));
#3149 = PCURVE('',#1148,#3150);
#3150 = DEFINITIONAL_REPRESENTATION('',(#3151),#3159);
#3151 = B_SPLINE_CURVE_WITH_KNOTS('',6,(#3152,#3153,#3154,#3155,#3156,
    #3157,#3158),.UNSPECIFIED.,.F.,.F.,(7,7),(2.101373579929,
    2.504959642737),.PIECEWISE_BEZIER_KNOTS.);
#3152 = CARTESIAN_POINT('',(5.04354143904,135.67489327197));
#3153 = CARTESIAN_POINT('',(5.116628009161,126.40438285646));
#3154 = CARTESIAN_POINT('',(5.190789538218,117.57288882111));
#3155 = CARTESIAN_POINT('',(5.266001892873,109.25590921596));
#3156 = CARTESIAN_POINT('',(5.342220023103,101.5229914051));
#3157 = CARTESIAN_POINT('',(5.419374357936,94.43564898222));
#3158 = CARTESIAN_POINT('',(5.497372534913,88.045918757733));
#3159 = ( GEOMETRIC_REPRESENTATION_CONTEXT(2) 
PARAMETRIC_REPRESENTATION_CONTEXT() REPRESENTATION_CONTEXT('2D SPACE',''
  ) );
#3160 = PCURVE('',#2481,#3161);
#3161 = DEFINITIONAL_REPRESENTATION('',(#3162),#3166);
#3162 = ELLIPSE('',#3163,169.99188611832,56.934771681876);
#3163 = AXIS2_PLACEMENT_2D('',#3164,#3165);
#3164 = CARTESIAN_POINT('',(-44.67933073473,-72.09552182788));
#3165 = DIRECTION('',(-7.370025522486E-02,-0.997280438182));
#3166 = ( GEOMETRIC_REPRESENTATION_CONTEXT(2) 
PARAMETRIC_REPRESENTATION_CONTEXT() REPRESENTATION_CONTEXT('2D SPACE',''
  ) );
#3167 = ORIENTED_EDGE('',*,*,#3168,.F.);
#3168 = EDGE_CURVE('',#3169,#3141,#3171,.T.);
#3169 = VERTEX_POINT('',#3170);
#3170 = CARTESIAN_POINT('',(38.55,88.355736416237,-10.));
#3171 = SURFACE_CURVE('',#3172,(#3177,#3187),.PCURVE_S1.);
#3172 = ELLIPSE('',#3173,3.939969127213E+04,189.09431403403);
#3173 = AXIS2_PLACEMENT_3D('',#3174,#3175,#3176);
#3174 = CARTESIAN_POINT('',(1.32712264876E+04,3.654239510314E+04,-10.));
#3175 = DIRECTION('',(0.,0.,1.));
#3176 = DIRECTION('',(0.342020143326,0.939692620786,-0.));
#3177 = PCURVE('',#1148,#3178);
#3178 = DEFINITIONAL_REPRESENTATION('',(#3179),#3186);
#3179 = B_SPLINE_CURVE_WITH_KNOTS('',5,(#3180,#3181,#3182,#3183,#3184,
    #3185),.UNSPECIFIED.,.F.,.F.,(6,6),(3.318668413364,3.322375903571),
  .PIECEWISE_BEZIER_KNOTS.);
#3180 = CARTESIAN_POINT('',(5.45727767921,88.581939843926));
#3181 = CARTESIAN_POINT('',(5.454424151446,93.715814620785));
#3182 = CARTESIAN_POINT('',(5.451596441755,98.87628032304));
#3183 = CARTESIAN_POINT('',(5.448794105517,104.06333107011));
#3184 = CARTESIAN_POINT('',(5.446016712499,109.27696092039));
#3185 = CARTESIAN_POINT('',(5.443263845826,114.51716387147));
#3186 = ( GEOMETRIC_REPRESENTATION_CONTEXT(2) 
PARAMETRIC_REPRESENTATION_CONTEXT() REPRESENTATION_CONTEXT('2D SPACE',''
  ) );
#3187 = PCURVE('',#2513,#3188);
#3188 = DEFINITIONAL_REPRESENTATION('',(#3189),#3193);
#3189 = ELLIPSE('',#3190,3.939969127213E+04,189.09431403403);
#3190 = AXIS2_PLACEMENT_2D('',#3191,#3192);
#3191 = CARTESIAN_POINT('',(1.32287014876E+04,3.643154510314E+04));
#3192 = DIRECTION('',(0.342020143326,0.939692620786));
#3193 = ( GEOMETRIC_REPRESENTATION_CONTEXT(2) 
PARAMETRIC_REPRESENTATION_CONTEXT() REPRESENTATION_CONTEXT('2D SPACE',''
  ) );
#3194 = ORIENTED_EDGE('',*,*,#3195,.T.);
#3195 = EDGE_CURVE('',#3169,#3196,#3198,.T.);
#3196 = VERTEX_POINT('',#3197);
#3197 = CARTESIAN_POINT('',(38.55,82.780248106835,-12.));
#3198 = SURFACE_CURVE('',#3199,(#3204,#3214),.PCURVE_S1.);
#3199 = ELLIPSE('',#3200,169.80661176816,56.872718409418);
#3200 = AXIS2_PLACEMENT_3D('',#3201,#3202,#3203);
#3201 = CARTESIAN_POINT('',(38.55,218.23601373457,-55.11581202583));
#3202 = DIRECTION('',(1.,0.,-0.));
#3203 = DIRECTION('',(-0.,0.997280438182,-7.370025522486E-02));
#3204 = PCURVE('',#1148,#3205);
#3205 = DEFINITIONAL_REPRESENTATION('',(#3206),#3213);
#3206 = B_SPLINE_CURVE_WITH_KNOTS('',5,(#3207,#3208,#3209,#3210,#3211,
    #3212),.UNSPECIFIED.,.F.,.F.,(6,6),(2.463777207679,2.527356902257),
  .PIECEWISE_BEZIER_KNOTS.);
#3207 = CARTESIAN_POINT('',(5.449752058221,91.289017551363));
#3208 = CARTESIAN_POINT('',(5.464414004747,90.016221762444));
#3209 = CARTESIAN_POINT('',(5.47910871493,88.768555934662));
#3210 = CARTESIAN_POINT('',(5.493835521513,87.546448829785));
#3211 = CARTESIAN_POINT('',(5.508593714584,86.350312271305));
#3212 = CARTESIAN_POINT('',(5.523382542742,85.180540312527));
#3213 = ( GEOMETRIC_REPRESENTATION_CONTEXT(2) 
PARAMETRIC_REPRESENTATION_CONTEXT() REPRESENTATION_CONTEXT('2D SPACE',''
  ) );
#3214 = PCURVE('',#2545,#3215);
#3215 = DEFINITIONAL_REPRESENTATION('',(#3216),#3220);
#3216 = ELLIPSE('',#3217,169.80661176816,56.872718409418);
#3217 = AXIS2_PLACEMENT_2D('',#3218,#3219);
#3218 = CARTESIAN_POINT('',(-62.23601373457,43.015812025834));
#3219 = DIRECTION('',(-0.997280438182,7.370025522486E-02));
#3220 = ( GEOMETRIC_REPRESENTATION_CONTEXT(2) 
PARAMETRIC_REPRESENTATION_CONTEXT() REPRESENTATION_CONTEXT('2D SPACE',''
  ) );
#3221 = ORIENTED_EDGE('',*,*,#3222,.T.);
#3222 = EDGE_CURVE('',#3196,#2894,#3223,.T.);
#3223 = SURFACE_CURVE('',#3224,(#3229,#3239),.PCURVE_S1.);
#3224 = ELLIPSE('',#3225,4.541491131367E+04,217.96367495525);
#3225 = AXIS2_PLACEMENT_3D('',#3226,#3227,#3228);
#3226 = CARTESIAN_POINT('',(1.533346019915E+04,4.220833565927E+04,-12.)
  );
#3227 = DIRECTION('',(-5.321018603703E-34,1.100592837299E-17,-1.));
#3228 = DIRECTION('',(0.342020143326,0.939692620786,1.0342189677E-17));
#3229 = PCURVE('',#1148,#3230);
#3230 = DEFINITIONAL_REPRESENTATION('',(#3231),#3238);
#3231 = B_SPLINE_CURVE_WITH_KNOTS('',5,(#3232,#3233,#3234,#3235,#3236,
    #3237),.UNSPECIFIED.,.F.,.F.,(6,6),(2.97364005293,2.979944868369),
  .PIECEWISE_BEZIER_KNOTS.);
#3232 = CARTESIAN_POINT('',(5.494018922535,125.91570171097));
#3233 = CARTESIAN_POINT('',(5.499332678857,116.36579337699));
#3234 = CARTESIAN_POINT('',(5.504731396012,106.90466485622));
#3235 = CARTESIAN_POINT('',(5.510217643427,97.532347783233));
#3236 = CARTESIAN_POINT('',(5.515794135143,88.248873204577));
#3237 = CARTESIAN_POINT('',(5.521463749715,79.054271577826));
#3238 = ( GEOMETRIC_REPRESENTATION_CONTEXT(2) 
PARAMETRIC_REPRESENTATION_CONTEXT() REPRESENTATION_CONTEXT('2D SPACE',''
  ) );
#3239 = PCURVE('',#2577,#3240);
#3240 = DEFINITIONAL_REPRESENTATION('',(#3241),#3245);
#3241 = ELLIPSE('',#3242,4.541491131367E+04,217.96367495525);
#3242 = AXIS2_PLACEMENT_2D('',#3243,#3244);
#3243 = CARTESIAN_POINT('',(-4.204693565927E+04,-1.529591019915E+04));
#3244 = DIRECTION('',(-0.939692620786,-0.342020143326));
#3245 = ( GEOMETRIC_REPRESENTATION_CONTEXT(2) 
PARAMETRIC_REPRESENTATION_CONTEXT() REPRESENTATION_CONTEXT('2D SPACE',''
  ) );
#3246 = ORIENTED_EDGE('',*,*,#2916,.T.);
#3247 = ORIENTED_EDGE('',*,*,#1131,.F.);
#3248 = ORIENTED_EDGE('',*,*,#3249,.T.);
#3249 = EDGE_CURVE('',#1106,#3250,#3252,.T.);
#3250 = VERTEX_POINT('',#3251);
#3251 = CARTESIAN_POINT('',(15.781332374346,-2.364734859589,-39.9));
#3252 = SURFACE_CURVE('',#3253,(#3258,#3265),.PCURVE_S1.);
#3253 = CIRCLE('',#3254,43.);
#3254 = AXIS2_PLACEMENT_3D('',#3255,#3256,#3257);
#3255 = CARTESIAN_POINT('',(-24.62545031944,12.342131303415,-39.9));
#3256 = DIRECTION('',(0.341198412901,0.937434934998,-6.927759867831E-02)
  );
#3257 = DIRECTION('',(0.939692620786,-0.342020143326,-1.698782609248E-19
    ));
#3258 = PCURVE('',#1148,#3259);
#3259 = DEFINITIONAL_REPRESENTATION('',(#3260),#3264);
#3260 = LINE('',#3261,#3262);
#3261 = CARTESIAN_POINT('',(0.,0.));
#3262 = VECTOR('',#3263,1.);
#3263 = DIRECTION('',(1.,0.));
#3264 = ( GEOMETRIC_REPRESENTATION_CONTEXT(2) 
PARAMETRIC_REPRESENTATION_CONTEXT() REPRESENTATION_CONTEXT('2D SPACE',''
  ) );
#3265 = PCURVE('',#1120,#3266);
#3266 = DEFINITIONAL_REPRESENTATION('',(#3267),#3271);
#3267 = CIRCLE('',#3268,43.);
#3268 = AXIS2_PLACEMENT_2D('',#3269,#3270);
#3269 = CARTESIAN_POINT('',(0.,0.));
#3270 = DIRECTION('',(1.,0.));
#3271 = ( GEOMETRIC_REPRESENTATION_CONTEXT(2) 
PARAMETRIC_REPRESENTATION_CONTEXT() REPRESENTATION_CONTEXT('2D SPACE',''
  ) );
#3272 = ORIENTED_EDGE('',*,*,#3273,.T.);
#3273 = EDGE_CURVE('',#3250,#2948,#3274,.T.);
#3274 = SURFACE_CURVE('',#3275,(#3280,#3290),.PCURVE_S1.);
#3275 = ELLIPSE('',#3276,1.293272308933E+05,620.69125980636);
#3276 = AXIS2_PLACEMENT_3D('',#3277,#3278,#3279);
#3277 = CARTESIAN_POINT('',(4.41016204753E+04,1.212482064172E+05,-39.9)
  );
#3278 = DIRECTION('',(0.,0.,1.));
#3279 = DIRECTION('',(0.342020143326,0.939692620786,-0.));
#3280 = PCURVE('',#1148,#3281);
#3281 = DEFINITIONAL_REPRESENTATION('',(#3282),#3289);
#3282 = B_SPLINE_CURVE_WITH_KNOTS('',5,(#3283,#3284,#3285,#3286,#3287,
    #3288),.UNSPECIFIED.,.F.,.F.,(6,6),(3.210925787278,3.225538731007),
  .PIECEWISE_BEZIER_KNOTS.);
#3283 = CARTESIAN_POINT('',(6.28318530718,2.106199243901E-11));
#3284 = CARTESIAN_POINT('',(6.240998672517,26.121964183058));
#3285 = CARTESIAN_POINT('',(6.201031391546,53.618116019776));
#3286 = CARTESIAN_POINT('',(6.163127406281,82.487990674023));
#3287 = CARTESIAN_POINT('',(6.127132397957,112.73107440193));
#3288 = CARTESIAN_POINT('',(6.092905505684,144.34680460616));
#3289 = ( GEOMETRIC_REPRESENTATION_CONTEXT(2) 
PARAMETRIC_REPRESENTATION_CONTEXT() REPRESENTATION_CONTEXT('2D SPACE',''
  ) );
#3290 = PCURVE('',#2228,#3291);
#3291 = DEFINITIONAL_REPRESENTATION('',(#3292),#3296);
#3292 = ELLIPSE('',#3293,1.293272308933E+05,620.69125980636);
#3293 = AXIS2_PLACEMENT_2D('',#3294,#3295);
#3294 = CARTESIAN_POINT('',(4.43016204753E+04,1.213002064172E+05));
#3295 = DIRECTION('',(0.342020143326,0.939692620786));
#3296 = ( GEOMETRIC_REPRESENTATION_CONTEXT(2) 
PARAMETRIC_REPRESENTATION_CONTEXT() REPRESENTATION_CONTEXT('2D SPACE',''
  ) );
#3297 = FACE_BOUND('',#3298,.T.);
#3298 = EDGE_LOOP('',(#3299,#3328,#3355,#3382));
#3299 = ORIENTED_EDGE('',*,*,#3300,.F.);
#3300 = EDGE_CURVE('',#3301,#3303,#3305,.T.);
#3301 = VERTEX_POINT('',#3302);
#3302 = CARTESIAN_POINT('',(14.760290559494,2.561574835155,-24.68));
#3303 = VERTEX_POINT('',#3304);
#3304 = CARTESIAN_POINT('',(16.011927888176,2.106016103418,-28.68));
#3305 = SURFACE_CURVE('',#3306,(#3311,#3321),.PCURVE_S1.);
#3306 = ELLIPSE('',#3307,43.402502309659,43.297723292042);
#3307 = AXIS2_PLACEMENT_3D('',#3308,#3309,#3310);
#3308 = CARTESIAN_POINT('',(-23.16160410601,16.364015720378,
    -40.4060292456));
#3309 = DIRECTION('',(0.342020143326,0.939692620786,-1.872931498893E-33)
  );
#3310 = DIRECTION('',(-2.165958232111E-16,7.883443251522E-17,-1.));
#3311 = PCURVE('',#1148,#3312);
#3312 = DEFINITIONAL_REPRESENTATION('',(#3313),#3320);
#3313 = B_SPLINE_CURVE_WITH_KNOTS('',5,(#3314,#3315,#3316,#3317,#3318,
    #3319),.UNSPECIFIED.,.F.,.F.,(6,6),(4.331715231499,4.448379320517),
  .PIECEWISE_BEZIER_KNOTS.);
#3314 = CARTESIAN_POINT('',(5.906982122842,3.187600870386));
#3315 = CARTESIAN_POINT('',(5.930356451944,3.252736213796));
#3316 = CARTESIAN_POINT('',(5.953727730584,3.318631821542));
#3317 = CARTESIAN_POINT('',(5.977095912348,3.385213817017));
#3318 = CARTESIAN_POINT('',(6.000460957825,3.452406596771));
#3319 = CARTESIAN_POINT('',(6.023822834857,3.520133344042));
#3320 = ( GEOMETRIC_REPRESENTATION_CONTEXT(2) 
PARAMETRIC_REPRESENTATION_CONTEXT() REPRESENTATION_CONTEXT('2D SPACE',''
  ) );
#3321 = PCURVE('',#2645,#3322);
#3322 = DEFINITIONAL_REPRESENTATION('',(#3323),#3327);
#3323 = ELLIPSE('',#3324,43.402502309659,43.297723292042);
#3324 = AXIS2_PLACEMENT_2D('',#3325,#3326);
#3325 = CARTESIAN_POINT('',(-11.7260292456,-30.5940876301));
#3326 = DIRECTION('',(-1.,-2.304964606724E-16));
#3327 = ( GEOMETRIC_REPRESENTATION_CONTEXT(2) 
PARAMETRIC_REPRESENTATION_CONTEXT() REPRESENTATION_CONTEXT('2D SPACE',''
  ) );
#3328 = ORIENTED_EDGE('',*,*,#3329,.T.);
#3329 = EDGE_CURVE('',#3301,#3330,#3332,.T.);
#3330 = VERTEX_POINT('',#3331);
#3331 = CARTESIAN_POINT('',(24.794671625766,26.577980892121,-24.68));
#3332 = SURFACE_CURVE('',#3333,(#3338,#3348),.PCURVE_S1.);
#3333 = ELLIPSE('',#3334,8.355140637709E+04,400.99542319583);
#3334 = AXIS2_PLACEMENT_3D('',#3335,#3336,#3337);
#3335 = CARTESIAN_POINT('',(2.840802193039E+04,7.813039878512E+04,-24.68
    ));
#3336 = DIRECTION('',(0.,0.,1.));
#3337 = DIRECTION('',(0.342020143326,0.939692620786,-0.));
#3338 = PCURVE('',#1148,#3339);
#3339 = DEFINITIONAL_REPRESENTATION('',(#3340),#3347);
#3340 = B_SPLINE_CURVE_WITH_KNOTS('',5,(#3341,#3342,#3343,#3344,#3345,
    #3346),.UNSPECIFIED.,.F.,.F.,(6,6),(3.242092276301,3.245747946934),
  .PIECEWISE_BEZIER_KNOTS.);
#3341 = CARTESIAN_POINT('',(5.919785782093,0.621558615313));
#3342 = CARTESIAN_POINT('',(5.912974429975,6.735753085769));
#3343 = CARTESIAN_POINT('',(5.906246864017,12.905361145273));
#3344 = CARTESIAN_POINT('',(5.89960134829,19.130375984635));
#3345 = CARTESIAN_POINT('',(5.893036200133,25.410790671408));
#3346 = CARTESIAN_POINT('',(5.886549788699,31.746598149548));
#3347 = ( GEOMETRIC_REPRESENTATION_CONTEXT(2) 
PARAMETRIC_REPRESENTATION_CONTEXT() REPRESENTATION_CONTEXT('2D SPACE',''
  ) );
#3348 = PCURVE('',#2677,#3349);
#3349 = DEFINITIONAL_REPRESENTATION('',(#3350),#3354);
#3350 = ELLIPSE('',#3351,8.355140637709E+04,400.99542319583);
#3351 = AXIS2_PLACEMENT_2D('',#3352,#3353);
#3352 = CARTESIAN_POINT('',(-30.5940876301,8.312721952E+04));
#3353 = DIRECTION('',(-2.222180331868E-17,1.));
#3354 = ( GEOMETRIC_REPRESENTATION_CONTEXT(2) 
PARAMETRIC_REPRESENTATION_CONTEXT() REPRESENTATION_CONTEXT('2D SPACE',''
  ) );
#3355 = ORIENTED_EDGE('',*,*,#3356,.T.);
#3356 = EDGE_CURVE('',#3330,#3357,#3359,.T.);
#3357 = VERTEX_POINT('',#3358);
#3358 = CARTESIAN_POINT('',(26.168856093999,26.077818649293,-28.68));
#3359 = SURFACE_CURVE('',#3360,(#3365,#3375),.PCURVE_S1.);
#3360 = ELLIPSE('',#3361,45.212448194132,45.103299742919);
#3361 = AXIS2_PLACEMENT_3D('',#3362,#3363,#3364);
#3362 = CARTESIAN_POINT('',(-14.26908037954,40.796023860812,
    -42.22029235008));
#3363 = DIRECTION('',(0.342020143326,0.939692620786,-1.872931498893E-33)
  );
#3364 = DIRECTION('',(-2.165958232111E-16,7.883443251522E-17,-1.));
#3365 = PCURVE('',#1148,#3366);
#3366 = DEFINITIONAL_REPRESENTATION('',(#3367),#3374);
#3367 = B_SPLINE_CURVE_WITH_KNOTS('',5,(#3368,#3369,#3370,#3371,#3372,
    #3373),.UNSPECIFIED.,.F.,.F.,(6,6),(4.304361142417,4.417499198866),
  .PIECEWISE_BEZIER_KNOTS.);
#3368 = CARTESIAN_POINT('',(5.879577697317,29.125133815546));
#3369 = CARTESIAN_POINT('',(5.902248324564,29.190189817654));
#3370 = CARTESIAN_POINT('',(5.924916114739,29.256041263991));
#3371 = CARTESIAN_POINT('',(5.947581022537,29.322618760761));
#3372 = CARTESIAN_POINT('',(5.970243008778,29.389851215084));
#3373 = CARTESIAN_POINT('',(5.992902040651,29.457666289202));
#3374 = ( GEOMETRIC_REPRESENTATION_CONTEXT(2) 
PARAMETRIC_REPRESENTATION_CONTEXT() REPRESENTATION_CONTEXT('2D SPACE',''
  ) );
#3375 = PCURVE('',#2709,#3376);
#3376 = DEFINITIONAL_REPRESENTATION('',(#3377),#3381);
#3377 = ELLIPSE('',#3378,45.212448194132,45.103299742919);
#3378 = AXIS2_PLACEMENT_2D('',#3379,#3380);
#3379 = CARTESIAN_POINT('',(-13.54029235008,-30.5940876301));
#3380 = DIRECTION('',(-1.,-2.304964606724E-16));
#3381 = ( GEOMETRIC_REPRESENTATION_CONTEXT(2) 
PARAMETRIC_REPRESENTATION_CONTEXT() REPRESENTATION_CONTEXT('2D SPACE',''
  ) );
#3382 = ORIENTED_EDGE('',*,*,#3383,.F.);
#3383 = EDGE_CURVE('',#3303,#3357,#3384,.T.);
#3384 = SURFACE_CURVE('',#3385,(#3390,#3400),.PCURVE_S1.);
#3385 = ELLIPSE('',#3386,9.558184646018E+04,458.73414503828);
#3386 = AXIS2_PLACEMENT_3D('',#3387,#3388,#3389);
#3387 = CARTESIAN_POINT('',(3.253248935349E+04,8.946227989737E+04,-28.68
    ));
#3388 = DIRECTION('',(0.,0.,1.));
#3389 = DIRECTION('',(0.342020143326,0.939692620786,-0.));
#3390 = PCURVE('',#1148,#3391);
#3391 = DEFINITIONAL_REPRESENTATION('',(#3392),#3399);
#3392 = B_SPLINE_CURVE_WITH_KNOTS('',5,(#3393,#3394,#3395,#3396,#3397,
    #3398),.UNSPECIFIED.,.F.,.F.,(6,6),(3.232293674178,3.235828795218),
  .PIECEWISE_BEZIER_KNOTS.);
#3393 = CARTESIAN_POINT('',(6.017438702399,0.898669010018));
#3394 = CARTESIAN_POINT('',(6.009906906263,7.005017159422));
#3395 = CARTESIAN_POINT('',(6.002467598295,13.170701608606));
#3396 = CARTESIAN_POINT('',(5.995118948161,19.395715998354));
#3397 = CARTESIAN_POINT('',(5.987859172018,25.680053845673));
#3398 = CARTESIAN_POINT('',(5.980686533345,32.023708544208));
#3399 = ( GEOMETRIC_REPRESENTATION_CONTEXT(2) 
PARAMETRIC_REPRESENTATION_CONTEXT() REPRESENTATION_CONTEXT('2D SPACE',''
  ) );
#3400 = PCURVE('',#2739,#3401);
#3401 = DEFINITIONAL_REPRESENTATION('',(#3402),#3406);
#3402 = ELLIPSE('',#3403,9.558184646018E+04,458.73414503828);
#3403 = AXIS2_PLACEMENT_2D('',#3404,#3405);
#3404 = CARTESIAN_POINT('',(-30.59408763009,9.518635552E+04));
#3405 = DIRECTION('',(-2.222180331868E-17,1.));
#3406 = ( GEOMETRIC_REPRESENTATION_CONTEXT(2) 
PARAMETRIC_REPRESENTATION_CONTEXT() REPRESENTATION_CONTEXT('2D SPACE',''
  ) );
#3407 = FACE_BOUND('',#3408,.T.);
#3408 = EDGE_LOOP('',(#3409,#3438,#3465,#3492));
#3409 = ORIENTED_EDGE('',*,*,#3410,.F.);
#3410 = EDGE_CURVE('',#3411,#3413,#3415,.T.);
#3411 = VERTEX_POINT('',#3412);
#3412 = CARTESIAN_POINT('',(55.968632041522,96.364500590157,-29.295));
#3413 = VERTEX_POINT('',#3414);
#3414 = CARTESIAN_POINT('',(57.243269839997,95.900570372041,-33.295));
#3415 = SURFACE_CURVE('',#3416,(#3421,#3431),.PCURVE_S1.);
#3416 = ELLIPSE('',#3417,50.519766433833,50.397805458877);
#3417 = AXIS2_PLACEMENT_3D('',#3418,#3419,#3420);
#3418 = CARTESIAN_POINT('',(11.806535347602,112.43818926953,
    -47.54027000724));
#3419 = DIRECTION('',(0.342020143326,0.939692620786,-1.872931498893E-33)
  );
#3420 = DIRECTION('',(-2.165958232111E-16,7.883443251522E-17,-1.));
#3421 = PCURVE('',#1148,#3422);
#3422 = DEFINITIONAL_REPRESENTATION('',(#3423),#3430);
#3423 = B_SPLINE_CURVE_WITH_KNOTS('',5,(#3424,#3425,#3426,#3427,#3428,
    #3429),.UNSPECIFIED.,.F.,.F.,(6,6),(4.334382084524,4.434780484099),
  .PIECEWISE_BEZIER_KNOTS.);
#3424 = CARTESIAN_POINT('',(5.909653704506,105.50167730802));
#3425 = CARTESIAN_POINT('',(5.929768867917,105.56699255634));
#3426 = CARTESIAN_POINT('',(5.94988176983,105.63295881077));
#3427 = CARTESIAN_POINT('',(5.969992380868,105.69952120761));
#3428 = CARTESIAN_POINT('',(5.990100675498,105.76662378843));
#3429 = CARTESIAN_POINT('',(6.010206632149,105.83420978167));
#3430 = ( GEOMETRIC_REPRESENTATION_CONTEXT(2) 
PARAMETRIC_REPRESENTATION_CONTEXT() REPRESENTATION_CONTEXT('2D SPACE',''
  ) );
#3431 = PCURVE('',#2781,#3432);
#3432 = DEFINITIONAL_REPRESENTATION('',(#3433),#3437);
#3433 = ELLIPSE('',#3434,50.519766433833,50.397805458877);
#3434 = AXIS2_PLACEMENT_2D('',#3435,#3436);
#3435 = CARTESIAN_POINT('',(-14.24527000724,-37.24501049839));
#3436 = DIRECTION('',(-1.,-2.304964606724E-16));
#3437 = ( GEOMETRIC_REPRESENTATION_CONTEXT(2) 
PARAMETRIC_REPRESENTATION_CONTEXT() REPRESENTATION_CONTEXT('2D SPACE',''
  ) );
#3438 = ORIENTED_EDGE('',*,*,#3439,.T.);
#3439 = EDGE_CURVE('',#3411,#3440,#3442,.T.);
#3440 = VERTEX_POINT('',#3441);
#3441 = CARTESIAN_POINT('',(66.006947421979,120.37947467386,-29.295));
#3442 = SURFACE_CURVE('',#3443,(#3448,#3458),.PCURVE_S1.);
#3443 = ELLIPSE('',#3444,9.743152662295E+04,467.61147352156);
#3444 = AXIS2_PLACEMENT_3D('',#3445,#3446,#3447);
#3445 = CARTESIAN_POINT('',(3.31666262198E+04,9.120455661838E+04,-29.295
    ));
#3446 = DIRECTION('',(0.,0.,1.));
#3447 = DIRECTION('',(0.342020143326,0.939692620786,-0.));
#3448 = PCURVE('',#1148,#3449);
#3449 = DEFINITIONAL_REPRESENTATION('',(#3450),#3457);
#3450 = B_SPLINE_CURVE_WITH_KNOTS('',5,(#3451,#3452,#3453,#3454,#3455,
    #3456),.UNSPECIFIED.,.F.,.F.,(6,6),(3.241999679455,3.245145211926),
  .PIECEWISE_BEZIER_KNOTS.);
#3451 = CARTESIAN_POINT('',(5.92064896566,102.93563505304));
#3452 = CARTESIAN_POINT('',(5.91478080762,109.06496672845));
#3453 = CARTESIAN_POINT('',(5.908974780852,115.24214161283));
#3454 = CARTESIAN_POINT('',(5.903229777746,121.46715465243));
#3455 = CARTESIAN_POINT('',(5.897544719903,127.74000071444));
#3456 = CARTESIAN_POINT('',(5.891918557468,134.0606745873));
#3457 = ( GEOMETRIC_REPRESENTATION_CONTEXT(2) 
PARAMETRIC_REPRESENTATION_CONTEXT() REPRESENTATION_CONTEXT('2D SPACE',''
  ) );
#3458 = PCURVE('',#2813,#3459);
#3459 = DEFINITIONAL_REPRESENTATION('',(#3460),#3464);
#3460 = ELLIPSE('',#3461,9.743152662295E+04,467.61147352156);
#3461 = AXIS2_PLACEMENT_2D('',#3462,#3463);
#3462 = CARTESIAN_POINT('',(-37.2450104984,9.693820768E+04));
#3463 = DIRECTION('',(-2.222180331868E-17,1.));
#3464 = ( GEOMETRIC_REPRESENTATION_CONTEXT(2) 
PARAMETRIC_REPRESENTATION_CONTEXT() REPRESENTATION_CONTEXT('2D SPACE',''
  ) );
#3465 = ORIENTED_EDGE('',*,*,#3466,.T.);
#3466 = EDGE_CURVE('',#3440,#3467,#3469,.T.);
#3467 = VERTEX_POINT('',#3468);
#3468 = CARTESIAN_POINT('',(67.387015498653,119.87717097269,-33.295));
#3469 = SURFACE_CURVE('',#3470,(#3475,#3485),.PCURVE_S1.);
#3470 = ELLIPSE('',#3471,52.329712318305,52.203381909754);
#3471 = AXIS2_PLACEMENT_3D('',#3472,#3473,#3474);
#3472 = CARTESIAN_POINT('',(20.699059074069,136.87019740996,
    -49.35453311173));
#3473 = DIRECTION('',(0.342020143326,0.939692620786,-1.872931498893E-33)
  );
#3474 = DIRECTION('',(-2.165958232111E-16,7.883443251522E-17,-1.));
#3475 = PCURVE('',#1148,#3476);
#3476 = DEFINITIONAL_REPRESENTATION('',(#3477),#3484);
#3477 = B_SPLINE_CURVE_WITH_KNOTS('',5,(#3478,#3479,#3480,#3481,#3482,
    #3483),.UNSPECIFIED.,.F.,.F.,(6,6),(4.31069988647,4.408485112542),
  .PIECEWISE_BEZIER_KNOTS.);
#3478 = CARTESIAN_POINT('',(5.885928402431,131.43921025318));
#3479 = CARTESIAN_POINT('',(5.905522076077,131.50446647519));
#3480 = CARTESIAN_POINT('',(5.925113624745,131.57040034654));
#3481 = CARTESIAN_POINT('',(5.944703019625,131.63695986937));
#3482 = CARTESIAN_POINT('',(5.964290235337,131.70409196491));
#3483 = CARTESIAN_POINT('',(5.983875250042,131.77174272683));
#3484 = ( GEOMETRIC_REPRESENTATION_CONTEXT(2) 
PARAMETRIC_REPRESENTATION_CONTEXT() REPRESENTATION_CONTEXT('2D SPACE',''
  ) );
#3485 = PCURVE('',#2845,#3486);
#3486 = DEFINITIONAL_REPRESENTATION('',(#3487),#3491);
#3487 = ELLIPSE('',#3488,52.329712318305,52.203381909754);
#3488 = AXIS2_PLACEMENT_2D('',#3489,#3490);
#3489 = CARTESIAN_POINT('',(-16.05953311173,-37.24501049839));
#3490 = DIRECTION('',(-1.,-2.304964606724E-16));
#3491 = ( GEOMETRIC_REPRESENTATION_CONTEXT(2) 
PARAMETRIC_REPRESENTATION_CONTEXT() REPRESENTATION_CONTEXT('2D SPACE',''
  ) );
#3492 = ORIENTED_EDGE('',*,*,#3493,.F.);
#3493 = EDGE_CURVE('',#3413,#3467,#3494,.T.);
#3494 = SURFACE_CURVE('',#3495,(#3500,#3510),.PCURVE_S1.);
#3495 = ELLIPSE('',#3496,1.09461966706E+05,525.35019536401);
#3496 = AXIS2_PLACEMENT_3D('',#3497,#3498,#3499);
#3497 = CARTESIAN_POINT('',(3.72910936429E+04,1.025364377306E+05,-33.295
    ));
#3498 = DIRECTION('',(0.,0.,1.));
#3499 = DIRECTION('',(0.342020143326,0.939692620786,-0.));
#3500 = PCURVE('',#1148,#3501);
#3501 = DEFINITIONAL_REPRESENTATION('',(#3502),#3509);
#3502 = B_SPLINE_CURVE_WITH_KNOTS('',5,(#3503,#3504,#3505,#3506,#3507,
    #3508),.UNSPECIFIED.,.F.,.F.,(6,6),(3.23350377409,3.236558677342),
  .PIECEWISE_BEZIER_KNOTS.);
#3503 = CARTESIAN_POINT('',(6.004655377041,103.21274544766));
#3504 = CARTESIAN_POINT('',(5.998255044348,109.33628387996));
#3505 = CARTESIAN_POINT('',(5.991922387555,115.51056185129));
#3506 = CARTESIAN_POINT('',(5.985656246088,121.73557459938));
#3507 = CARTESIAN_POINT('',(5.979455485509,128.01131728293));
#3508 = CARTESIAN_POINT('',(5.973318997776,134.33778498191));
#3509 = ( GEOMETRIC_REPRESENTATION_CONTEXT(2) 
PARAMETRIC_REPRESENTATION_CONTEXT() REPRESENTATION_CONTEXT('2D SPACE',''
  ) );
#3510 = PCURVE('',#2875,#3511);
#3511 = DEFINITIONAL_REPRESENTATION('',(#3512),#3516);
#3512 = ELLIPSE('',#3513,1.09461966706E+05,525.35019536401);
#3513 = AXIS2_PLACEMENT_2D('',#3514,#3515);
#3514 = CARTESIAN_POINT('',(-37.24501049839,1.0899734368E+05));
#3515 = DIRECTION('',(-2.222180331868E-17,1.));
#3516 = ( GEOMETRIC_REPRESENTATION_CONTEXT(2) 
PARAMETRIC_REPRESENTATION_CONTEXT() REPRESENTATION_CONTEXT('2D SPACE',''
  ) );
#3517 = ADVANCED_FACE('',(#3518),#1120,.F.);
#3518 = FACE_BOUND('',#3519,.F.);
#3519 = EDGE_LOOP('',(#3520,#3521,#3522,#3541));
#3520 = ORIENTED_EDGE('',*,*,#1105,.T.);
#3521 = ORIENTED_EDGE('',*,*,#3249,.T.);
#3522 = ORIENTED_EDGE('',*,*,#3523,.F.);
#3523 = EDGE_CURVE('',#2185,#3250,#3524,.T.);
#3524 = SURFACE_CURVE('',#3525,(#3529,#3535),.PCURVE_S1.);
#3525 = LINE('',#3526,#3527);
#3526 = CARTESIAN_POINT('',(-91.71568135574,36.760978410668,-39.9));
#3527 = VECTOR('',#3528,1.);
#3528 = DIRECTION('',(0.939692620786,-0.342020143326,0.));
#3529 = PCURVE('',#1120,#3530);
#3530 = DEFINITIONAL_REPRESENTATION('',(#3531),#3534);
#3531 = B_SPLINE_CURVE_WITH_KNOTS('',1,(#3532,#3533),.UNSPECIFIED.,.F.,
  .F.,(2,2),(28.395932619097,114.39593261909),.PIECEWISE_BEZIER_KNOTS.);
#3532 = CARTESIAN_POINT('',(-43.,-2.096034259434E-16));
#3533 = CARTESIAN_POINT('',(43.,-3.344771244672E-16));
#3534 = ( GEOMETRIC_REPRESENTATION_CONTEXT(2) 
PARAMETRIC_REPRESENTATION_CONTEXT() REPRESENTATION_CONTEXT('2D SPACE',''
  ) );
#3535 = PCURVE('',#2228,#3536);
#3536 = DEFINITIONAL_REPRESENTATION('',(#3537),#3540);
#3537 = B_SPLINE_CURVE_WITH_KNOTS('',1,(#3538,#3539),.UNSPECIFIED.,.F.,
  .F.,(2,2),(28.395932619097,114.39593261909),.PIECEWISE_BEZIER_KNOTS.);
#3538 = CARTESIAN_POINT('',(134.96776698675,79.048997466418));
#3539 = CARTESIAN_POINT('',(215.78133237434,49.635265140411));
#3540 = ( GEOMETRIC_REPRESENTATION_CONTEXT(2) 
PARAMETRIC_REPRESENTATION_CONTEXT() REPRESENTATION_CONTEXT('2D SPACE',''
  ) );
#3541 = ORIENTED_EDGE('',*,*,#2184,.F.);
#3542 = ADVANCED_FACE('',(#3543),#1064,.F.);
#3543 = FACE_BOUND('',#3544,.F.);
#3544 = EDGE_LOOP('',(#3545,#3546,#3547));
#3545 = ORIENTED_EDGE('',*,*,#2161,.F.);
#3546 = ORIENTED_EDGE('',*,*,#1254,.F.);
#3547 = ORIENTED_EDGE('',*,*,#1049,.T.);
#3548 = ADVANCED_FACE('',(#3549),#2577,.F.);
#3549 = FACE_BOUND('',#3550,.F.);
#3550 = EDGE_LOOP('',(#3551,#3552,#3553,#3572));
#3551 = ORIENTED_EDGE('',*,*,#2893,.F.);
#3552 = ORIENTED_EDGE('',*,*,#2557,.F.);
#3553 = ORIENTED_EDGE('',*,*,#3554,.T.);
#3554 = EDGE_CURVE('',#2526,#3196,#3555,.T.);
#3555 = SURFACE_CURVE('',#3556,(#3560,#3566),.PCURVE_S1.);
#3556 = LINE('',#3557,#3558);
#3557 = CARTESIAN_POINT('',(38.55,158.7,-12.));
#3558 = VECTOR('',#3559,1.);
#3559 = DIRECTION('',(0.,-1.,-1.100592837299E-17));
#3560 = PCURVE('',#2577,#3561);
#3561 = DEFINITIONAL_REPRESENTATION('',(#3562),#3565);
#3562 = B_SPLINE_CURVE_WITH_KNOTS('',1,(#3563,#3564),.UNSPECIFIED.,.F.,
  .F.,(2,2),(2.7,93.),.PIECEWISE_BEZIER_KNOTS.);
#3563 = CARTESIAN_POINT('',(5.4,-1.));
#3564 = CARTESIAN_POINT('',(95.7,-1.));
#3565 = ( GEOMETRIC_REPRESENTATION_CONTEXT(2) 
PARAMETRIC_REPRESENTATION_CONTEXT() REPRESENTATION_CONTEXT('2D SPACE',''
  ) );
#3566 = PCURVE('',#2545,#3567);
#3567 = DEFINITIONAL_REPRESENTATION('',(#3568),#3571);
#3568 = B_SPLINE_CURVE_WITH_KNOTS('',1,(#3569,#3570),.UNSPECIFIED.,.F.,
  .F.,(2,2),(2.7,93.),.PIECEWISE_BEZIER_KNOTS.);
#3569 = CARTESIAN_POINT('',(0.,-0.1));
#3570 = CARTESIAN_POINT('',(90.3,-0.1));
#3571 = ( GEOMETRIC_REPRESENTATION_CONTEXT(2) 
PARAMETRIC_REPRESENTATION_CONTEXT() REPRESENTATION_CONTEXT('2D SPACE',''
  ) );
#3572 = ORIENTED_EDGE('',*,*,#3222,.T.);
#3573 = ADVANCED_FACE('',(#3574),#2545,.F.);
#3574 = FACE_BOUND('',#3575,.F.);
#3575 = EDGE_LOOP('',(#3576,#3577,#3578,#3599));
#3576 = ORIENTED_EDGE('',*,*,#3554,.F.);
#3577 = ORIENTED_EDGE('',*,*,#2525,.F.);
#3578 = ORIENTED_EDGE('',*,*,#3579,.T.);
#3579 = EDGE_CURVE('',#2494,#3169,#3580,.T.);
#3580 = SURFACE_CURVE('',#3581,(#3585,#3592),.PCURVE_S1.);
#3581 = LINE('',#3582,#3583);
#3582 = CARTESIAN_POINT('',(38.55,156.,-10.));
#3583 = VECTOR('',#3584,1.);
#3584 = DIRECTION('',(0.,-1.,0.));
#3585 = PCURVE('',#2545,#3586);
#3586 = DEFINITIONAL_REPRESENTATION('',(#3587),#3591);
#3587 = LINE('',#3588,#3589);
#3588 = CARTESIAN_POINT('',(0.,-2.1));
#3589 = VECTOR('',#3590,1.);
#3590 = DIRECTION('',(1.,0.));
#3591 = ( GEOMETRIC_REPRESENTATION_CONTEXT(2) 
PARAMETRIC_REPRESENTATION_CONTEXT() REPRESENTATION_CONTEXT('2D SPACE',''
  ) );
#3592 = PCURVE('',#2513,#3593);
#3593 = DEFINITIONAL_REPRESENTATION('',(#3594),#3598);
#3594 = LINE('',#3595,#3596);
#3595 = CARTESIAN_POINT('',(-3.975,45.15));
#3596 = VECTOR('',#3597,1.);
#3597 = DIRECTION('',(0.,-1.));
#3598 = ( GEOMETRIC_REPRESENTATION_CONTEXT(2) 
PARAMETRIC_REPRESENTATION_CONTEXT() REPRESENTATION_CONTEXT('2D SPACE',''
  ) );
#3599 = ORIENTED_EDGE('',*,*,#3195,.T.);
#3600 = ADVANCED_FACE('',(#3601),#2513,.T.);
#3601 = FACE_BOUND('',#3602,.T.);
#3602 = EDGE_LOOP('',(#3603,#3604,#3605,#3606));
#3603 = ORIENTED_EDGE('',*,*,#2493,.F.);
#3604 = ORIENTED_EDGE('',*,*,#3579,.T.);
#3605 = ORIENTED_EDGE('',*,*,#3168,.T.);
#3606 = ORIENTED_EDGE('',*,*,#3607,.F.);
#3607 = EDGE_CURVE('',#2461,#3141,#3608,.T.);
#3608 = SURFACE_CURVE('',#3609,(#3613,#3620),.PCURVE_S1.);
#3609 = LINE('',#3610,#3611);
#3610 = CARTESIAN_POINT('',(38.85,152.5,-10.));
#3611 = VECTOR('',#3612,1.);
#3612 = DIRECTION('',(0.,-1.,0.));
#3613 = PCURVE('',#2513,#3614);
#3614 = DEFINITIONAL_REPRESENTATION('',(#3615),#3619);
#3615 = LINE('',#3616,#3617);
#3616 = CARTESIAN_POINT('',(-3.675,41.65));
#3617 = VECTOR('',#3618,1.);
#3618 = DIRECTION('',(0.,-1.));
#3619 = ( GEOMETRIC_REPRESENTATION_CONTEXT(2) 
PARAMETRIC_REPRESENTATION_CONTEXT() REPRESENTATION_CONTEXT('2D SPACE',''
  ) );
#3620 = PCURVE('',#2481,#3621);
#3621 = DEFINITIONAL_REPRESENTATION('',(#3622),#3626);
#3622 = LINE('',#3623,#3624);
#3623 = CARTESIAN_POINT('',(0.5,-5.5));
#3624 = VECTOR('',#3625,1.);
#3625 = DIRECTION('',(0.,1.));
#3626 = ( GEOMETRIC_REPRESENTATION_CONTEXT(2) 
PARAMETRIC_REPRESENTATION_CONTEXT() REPRESENTATION_CONTEXT('2D SPACE',''
  ) );
#3627 = ADVANCED_FACE('',(#3628),#2481,.F.);
#3628 = FACE_BOUND('',#3629,.F.);
#3629 = EDGE_LOOP('',(#3630,#3651,#3672,#3673,#3674));
#3630 = ORIENTED_EDGE('',*,*,#3631,.F.);
#3631 = EDGE_CURVE('',#3632,#2432,#3634,.T.);
#3632 = VERTEX_POINT('',#3633);
#3633 = CARTESIAN_POINT('',(38.85,146.06476587571,-1.4));
#3634 = SURFACE_CURVE('',#3635,(#3639,#3645),.PCURVE_S1.);
#3635 = LINE('',#3636,#3637);
#3636 = CARTESIAN_POINT('',(38.85,143.95483759716,-29.95065008578));
#3637 = VECTOR('',#3638,1.);
#3638 = DIRECTION('',(0.,-7.370025522486E-02,-0.997280438182));
#3639 = PCURVE('',#2481,#3640);
#3640 = DEFINITIONAL_REPRESENTATION('',(#3641),#3644);
#3641 = B_SPLINE_CURVE_WITH_KNOTS('',1,(#3642,#3643),.UNSPECIFIED.,.F.,
  .F.,(2,2),(-30.13259754756,-20.00505506972),.PIECEWISE_BEZIER_KNOTS.);
#3642 = CARTESIAN_POINT('',(10.6,0.82438227299));
#3643 = CARTESIAN_POINT('',(0.5,1.570784738408));
#3644 = ( GEOMETRIC_REPRESENTATION_CONTEXT(2) 
PARAMETRIC_REPRESENTATION_CONTEXT() REPRESENTATION_CONTEXT('2D SPACE',''
  ) );
#3645 = PCURVE('',#2448,#3646);
#3646 = DEFINITIONAL_REPRESENTATION('',(#3647),#3650);
#3647 = B_SPLINE_CURVE_WITH_KNOTS('',1,(#3648,#3649),.UNSPECIFIED.,.F.,
  .F.,(2,2),(-30.13259754756,-20.00505506972),.PIECEWISE_BEZIER_KNOTS.);
#3648 = CARTESIAN_POINT('',(13.873664057876,-50.12041826601));
#3649 = CARTESIAN_POINT('',(14.128948736077,-39.99609377628));
#3650 = ( GEOMETRIC_REPRESENTATION_CONTEXT(2) 
PARAMETRIC_REPRESENTATION_CONTEXT() REPRESENTATION_CONTEXT('2D SPACE',''
  ) );
#3651 = ORIENTED_EDGE('',*,*,#3652,.F.);
#3652 = EDGE_CURVE('',#3109,#3632,#3653,.T.);
#3653 = SURFACE_CURVE('',#3654,(#3658,#3665),.PCURVE_S1.);
#3654 = LINE('',#3655,#3656);
#3655 = CARTESIAN_POINT('',(38.85,74.2,-1.4));
#3656 = VECTOR('',#3657,1.);
#3657 = DIRECTION('',(0.,1.,0.));
#3658 = PCURVE('',#2481,#3659);
#3659 = DEFINITIONAL_REPRESENTATION('',(#3660),#3664);
#3660 = LINE('',#3661,#3662);
#3661 = CARTESIAN_POINT('',(9.1,72.8));
#3662 = VECTOR('',#3663,1.);
#3663 = DIRECTION('',(0.,-1.));
#3664 = ( GEOMETRIC_REPRESENTATION_CONTEXT(2) 
PARAMETRIC_REPRESENTATION_CONTEXT() REPRESENTATION_CONTEXT('2D SPACE',''
  ) );
#3665 = PCURVE('',#3128,#3666);
#3666 = DEFINITIONAL_REPRESENTATION('',(#3667),#3671);
#3667 = LINE('',#3668,#3669);
#3668 = CARTESIAN_POINT('',(0.,-6.5));
#3669 = VECTOR('',#3670,1.);
#3670 = DIRECTION('',(0.,1.));
#3671 = ( GEOMETRIC_REPRESENTATION_CONTEXT(2) 
PARAMETRIC_REPRESENTATION_CONTEXT() REPRESENTATION_CONTEXT('2D SPACE',''
  ) );
#3672 = ORIENTED_EDGE('',*,*,#3140,.T.);
#3673 = ORIENTED_EDGE('',*,*,#3607,.F.);
#3674 = ORIENTED_EDGE('',*,*,#2460,.F.);
#3675 = ADVANCED_FACE('',(#3676),#2448,.T.);
#3676 = FACE_BOUND('',#3677,.T.);
#3677 = EDGE_LOOP('',(#3678,#3679,#3680,#3701));
#3678 = ORIENTED_EDGE('',*,*,#2431,.F.);
#3679 = ORIENTED_EDGE('',*,*,#3631,.F.);
#3680 = ORIENTED_EDGE('',*,*,#3681,.T.);
#3681 = EDGE_CURVE('',#3632,#3682,#3684,.T.);
#3682 = VERTEX_POINT('',#3683);
#3683 = CARTESIAN_POINT('',(42.85,144.60888493864,-1.4));
#3684 = SURFACE_CURVE('',#3685,(#3689,#3695),.PCURVE_S1.);
#3685 = LINE('',#3686,#3687);
#3686 = CARTESIAN_POINT('',(42.817611985386,144.62067321191,-1.4));
#3687 = VECTOR('',#3688,1.);
#3688 = DIRECTION('',(0.939692620786,-0.342020143326,0.));
#3689 = PCURVE('',#2448,#3690);
#3690 = DEFINITIONAL_REPRESENTATION('',(#3691),#3694);
#3691 = B_SPLINE_CURVE_WITH_KNOTS('',1,(#3692,#3693),.UNSPECIFIED.,.F.,
  .F.,(2,2),(-4.222244484657,6.684468671665),.PIECEWISE_BEZIER_KNOTS.);
#3692 = CARTESIAN_POINT('',(13.911577623945,-48.61680571803));
#3693 = CARTESIAN_POINT('',(24.818290780267,-48.61680571803));
#3694 = ( GEOMETRIC_REPRESENTATION_CONTEXT(2) 
PARAMETRIC_REPRESENTATION_CONTEXT() REPRESENTATION_CONTEXT('2D SPACE',''
  ) );
#3695 = PCURVE('',#3128,#3696);
#3696 = DEFINITIONAL_REPRESENTATION('',(#3697),#3700);
#3697 = B_SPLINE_CURVE_WITH_KNOTS('',1,(#3698,#3699),.UNSPECIFIED.,.F.,
  .F.,(2,2),(-4.222244484657,6.684468671665),.PIECEWISE_BEZIER_KNOTS.);
#3698 = CARTESIAN_POINT('',(2.417754219566E-15,65.36476587571));
#3699 = CARTESIAN_POINT('',(10.248957870024,61.634450278773));
#3700 = ( GEOMETRIC_REPRESENTATION_CONTEXT(2) 
PARAMETRIC_REPRESENTATION_CONTEXT() REPRESENTATION_CONTEXT('2D SPACE',''
  ) );
#3701 = ORIENTED_EDGE('',*,*,#3702,.T.);
#3702 = EDGE_CURVE('',#3682,#2399,#3703,.T.);
#3703 = SURFACE_CURVE('',#3704,(#3708,#3714),.PCURVE_S1.);
#3704 = LINE('',#3705,#3706);
#3705 = CARTESIAN_POINT('',(42.85,143.02136336857,-22.88166518819));
#3706 = VECTOR('',#3707,1.);
#3707 = DIRECTION('',(0.,-7.370025522486E-02,-0.997280438182));
#3708 = PCURVE('',#2448,#3709);
#3709 = DEFINITIONAL_REPRESENTATION('',(#3710),#3713);
#3710 = B_SPLINE_CURVE_WITH_KNOTS('',1,(#3711,#3712),.UNSPECIFIED.,.F.,
  .F.,(2,2),(-23.04433568365,-12.91679320581),.PIECEWISE_BEZIER_KNOTS.);
#3711 = CARTESIAN_POINT('',(18.13037514778,-50.12041826601));
#3712 = CARTESIAN_POINT('',(18.38565982598,-39.99609377628));
#3713 = ( GEOMETRIC_REPRESENTATION_CONTEXT(2) 
PARAMETRIC_REPRESENTATION_CONTEXT() REPRESENTATION_CONTEXT('2D SPACE',''
  ) );
#3714 = PCURVE('',#2419,#3715);
#3715 = DEFINITIONAL_REPRESENTATION('',(#3716),#3719);
#3716 = B_SPLINE_CURVE_WITH_KNOTS('',1,(#3717,#3718),.UNSPECIFIED.,.F.,
  .F.,(2,2),(-23.04433568365,-12.91679320581),.PIECEWISE_BEZIER_KNOTS.);
#3717 = CARTESIAN_POINT('',(-3.4,2.280263210055));
#3718 = CARTESIAN_POINT('',(-13.5,3.026665675472));
#3719 = ( GEOMETRIC_REPRESENTATION_CONTEXT(2) 
PARAMETRIC_REPRESENTATION_CONTEXT() REPRESENTATION_CONTEXT('2D SPACE',''
  ) );
#3720 = ADVANCED_FACE('',(#3721),#2228,.F.);
#3721 = FACE_BOUND('',#3722,.F.);
#3722 = EDGE_LOOP('',(#3723,#3724,#3725,#3744));
#3723 = ORIENTED_EDGE('',*,*,#3523,.T.);
#3724 = ORIENTED_EDGE('',*,*,#3273,.T.);
#3725 = ORIENTED_EDGE('',*,*,#3726,.F.);
#3726 = EDGE_CURVE('',#2209,#2948,#3727,.T.);
#3727 = SURFACE_CURVE('',#3728,(#3732,#3738),.PCURVE_S1.);
#3728 = LINE('',#3729,#3730);
#3729 = CARTESIAN_POINT('',(-42.22726672842,172.72928012382,-39.9));
#3730 = VECTOR('',#3731,1.);
#3731 = DIRECTION('',(0.939692620786,-0.342020143326,0.));
#3732 = PCURVE('',#2228,#3733);
#3733 = DEFINITIONAL_REPRESENTATION('',(#3734),#3737);
#3734 = B_SPLINE_CURVE_WITH_KNOTS('',1,(#3735,#3736),.UNSPECIFIED.,.F.,
  .F.,(2,2),(18.395932619097,124.39593261909),.PIECEWISE_BEZIER_KNOTS.);
#3735 = CARTESIAN_POINT('',(175.05925540621,218.43750061283));
#3736 = CARTESIAN_POINT('',(274.66667320952,182.18336542031));
#3737 = ( GEOMETRIC_REPRESENTATION_CONTEXT(2) 
PARAMETRIC_REPRESENTATION_CONTEXT() REPRESENTATION_CONTEXT('2D SPACE',''
  ) );
#3738 = PCURVE('',#2257,#3739);
#3739 = DEFINITIONAL_REPRESENTATION('',(#3740),#3743);
#3740 = B_SPLINE_CURVE_WITH_KNOTS('',1,(#3741,#3742),.UNSPECIFIED.,.F.,
  .F.,(2,2),(18.395932619097,124.39593261909),.PIECEWISE_BEZIER_KNOTS.);
#3741 = CARTESIAN_POINT('',(-53.,-10.0240836532));
#3742 = CARTESIAN_POINT('',(53.,-10.0240836532));
#3743 = ( GEOMETRIC_REPRESENTATION_CONTEXT(2) 
PARAMETRIC_REPRESENTATION_CONTEXT() REPRESENTATION_CONTEXT('2D SPACE',''
  ) );
#3744 = ORIENTED_EDGE('',*,*,#2208,.F.);
#3745 = ADVANCED_FACE('',(#3746),#2419,.T.);
#3746 = FACE_BOUND('',#3747,.T.);
#3747 = EDGE_LOOP('',(#3748,#3749,#3770,#3771,#3790));
#3748 = ORIENTED_EDGE('',*,*,#3702,.F.);
#3749 = ORIENTED_EDGE('',*,*,#3750,.F.);
#3750 = EDGE_CURVE('',#3081,#3682,#3751,.T.);
#3751 = SURFACE_CURVE('',#3752,(#3756,#3763),.PCURVE_S1.);
#3752 = LINE('',#3753,#3754);
#3753 = CARTESIAN_POINT('',(42.85,80.7,-1.4));
#3754 = VECTOR('',#3755,1.);
#3755 = DIRECTION('',(-0.,1.,0.));
#3756 = PCURVE('',#2419,#3757);
#3757 = DEFINITIONAL_REPRESENTATION('',(#3758),#3762);
#3758 = LINE('',#3759,#3760);
#3759 = CARTESIAN_POINT('',(-4.9,66.3));
#3760 = VECTOR('',#3761,1.);
#3761 = DIRECTION('',(0.,-1.));
#3762 = ( GEOMETRIC_REPRESENTATION_CONTEXT(2) 
PARAMETRIC_REPRESENTATION_CONTEXT() REPRESENTATION_CONTEXT('2D SPACE',''
  ) );
#3763 = PCURVE('',#3128,#3764);
#3764 = DEFINITIONAL_REPRESENTATION('',(#3765),#3769);
#3765 = LINE('',#3766,#3767);
#3766 = CARTESIAN_POINT('',(4.,0.));
#3767 = VECTOR('',#3768,1.);
#3768 = DIRECTION('',(0.,1.));
#3769 = ( GEOMETRIC_REPRESENTATION_CONTEXT(2) 
PARAMETRIC_REPRESENTATION_CONTEXT() REPRESENTATION_CONTEXT('2D SPACE',''
  ) );
#3770 = ORIENTED_EDGE('',*,*,#3080,.T.);
#3771 = ORIENTED_EDGE('',*,*,#3772,.F.);
#3772 = EDGE_CURVE('',#2367,#3054,#3773,.T.);
#3773 = SURFACE_CURVE('',#3774,(#3778,#3784),.PCURVE_S1.);
#3774 = LINE('',#3775,#3776);
#3775 = CARTESIAN_POINT('',(42.85,128.925,-10.));
#3776 = VECTOR('',#3777,1.);
#3777 = DIRECTION('',(0.,-1.,0.));
#3778 = PCURVE('',#2419,#3779);
#3779 = DEFINITIONAL_REPRESENTATION('',(#3780),#3783);
#3780 = B_SPLINE_CURVE_WITH_KNOTS('',1,(#3781,#3782),.UNSPECIFIED.,.F.,
  .F.,(2,2),(-23.575,46.475),.PIECEWISE_BEZIER_KNOTS.);
#3781 = CARTESIAN_POINT('',(-13.5,-5.5));
#3782 = CARTESIAN_POINT('',(-13.5,64.55));
#3783 = ( GEOMETRIC_REPRESENTATION_CONTEXT(2) 
PARAMETRIC_REPRESENTATION_CONTEXT() REPRESENTATION_CONTEXT('2D SPACE',''
  ) );
#3784 = PCURVE('',#2386,#3785);
#3785 = DEFINITIONAL_REPRESENTATION('',(#3786),#3789);
#3786 = B_SPLINE_CURVE_WITH_KNOTS('',1,(#3787,#3788),.UNSPECIFIED.,.F.,
  .F.,(2,2),(-23.575,46.475),.PIECEWISE_BEZIER_KNOTS.);
#3787 = CARTESIAN_POINT('',(0.325,41.65));
#3788 = CARTESIAN_POINT('',(0.325,-28.4));
#3789 = ( GEOMETRIC_REPRESENTATION_CONTEXT(2) 
PARAMETRIC_REPRESENTATION_CONTEXT() REPRESENTATION_CONTEXT('2D SPACE',''
  ) );
#3790 = ORIENTED_EDGE('',*,*,#2398,.F.);
#3791 = ADVANCED_FACE('',(#3792),#2257,.T.);
#3792 = FACE_BOUND('',#3793,.T.);
#3793 = EDGE_LOOP('',(#3794,#3813,#3814,#3815));
#3794 = ORIENTED_EDGE('',*,*,#3795,.T.);
#3795 = EDGE_CURVE('',#2241,#2946,#3796,.T.);
#3796 = SURFACE_CURVE('',#3797,(#3801,#3807),.PCURVE_S1.);
#3797 = LINE('',#3798,#3799);
#3798 = CARTESIAN_POINT('',(47.05,141.05454249435,-28.81046861137));
#3799 = VECTOR('',#3800,1.);
#3800 = DIRECTION('',(0.,7.370025522486E-02,0.997280438182));
#3801 = PCURVE('',#2257,#3802);
#3802 = DEFINITIONAL_REPRESENTATION('',(#3803),#3806);
#3803 = B_SPLINE_CURVE_WITH_KNOTS('',1,(#3804,#3805),.UNSPECIFIED.,.F.,
  .F.,(2,2),(16.856310389503,28.989306823347),.PIECEWISE_BEZIER_KNOTS.);
#3804 = CARTESIAN_POINT('',(22.905757891805,-37.99127704564));
#3805 = CARTESIAN_POINT('',(22.599921792179,-50.12041826601));
#3806 = ( GEOMETRIC_REPRESENTATION_CONTEXT(2) 
PARAMETRIC_REPRESENTATION_CONTEXT() REPRESENTATION_CONTEXT('2D SPACE',''
  ) );
#3807 = PCURVE('',#2290,#3808);
#3808 = DEFINITIONAL_REPRESENTATION('',(#3809),#3812);
#3809 = B_SPLINE_CURVE_WITH_KNOTS('',1,(#3810,#3811),.UNSPECIFIED.,.F.,
  .F.,(2,2),(16.856310389503,28.989306823347),.PIECEWISE_BEZIER_KNOTS.);
#3810 = CARTESIAN_POINT('',(-61.97711298022,-8.279445396678));
#3811 = CARTESIAN_POINT('',(-62.87131791403,3.820554603322));
#3812 = ( GEOMETRIC_REPRESENTATION_CONTEXT(2) 
PARAMETRIC_REPRESENTATION_CONTEXT() REPRESENTATION_CONTEXT('2D SPACE',''
  ) );
#3813 = ORIENTED_EDGE('',*,*,#2945,.T.);
#3814 = ORIENTED_EDGE('',*,*,#3726,.F.);
#3815 = ORIENTED_EDGE('',*,*,#2240,.F.);
#3816 = ADVANCED_FACE('',(#3817),#2386,.T.);
#3817 = FACE_BOUND('',#3818,.T.);
#3818 = EDGE_LOOP('',(#3819,#3840,#3841,#3842));
#3819 = ORIENTED_EDGE('',*,*,#3820,.T.);
#3820 = EDGE_CURVE('',#3027,#2335,#3821,.T.);
#3821 = SURFACE_CURVE('',#3822,(#3826,#3833),.PCURVE_S1.);
#3822 = LINE('',#3823,#3824);
#3823 = CARTESIAN_POINT('',(46.5,110.85,-10.));
#3824 = VECTOR('',#3825,1.);
#3825 = DIRECTION('',(0.,1.,0.));
#3826 = PCURVE('',#2386,#3827);
#3827 = DEFINITIONAL_REPRESENTATION('',(#3828),#3832);
#3828 = LINE('',#3829,#3830);
#3829 = CARTESIAN_POINT('',(3.975,0.));
#3830 = VECTOR('',#3831,1.);
#3831 = DIRECTION('',(0.,1.));
#3832 = ( GEOMETRIC_REPRESENTATION_CONTEXT(2) 
PARAMETRIC_REPRESENTATION_CONTEXT() REPRESENTATION_CONTEXT('2D SPACE',''
  ) );
#3833 = PCURVE('',#2354,#3834);
#3834 = DEFINITIONAL_REPRESENTATION('',(#3835),#3839);
#3835 = LINE('',#3836,#3837);
#3836 = CARTESIAN_POINT('',(21.15,-2.1));
#3837 = VECTOR('',#3838,1.);
#3838 = DIRECTION('',(1.,0.));
#3839 = ( GEOMETRIC_REPRESENTATION_CONTEXT(2) 
PARAMETRIC_REPRESENTATION_CONTEXT() REPRESENTATION_CONTEXT('2D SPACE',''
  ) );
#3840 = ORIENTED_EDGE('',*,*,#2366,.F.);
#3841 = ORIENTED_EDGE('',*,*,#3772,.T.);
#3842 = ORIENTED_EDGE('',*,*,#3053,.T.);
#3843 = ADVANCED_FACE('',(#3844),#2290,.T.);
#3844 = FACE_BOUND('',#3845,.T.);
#3845 = EDGE_LOOP('',(#3846,#3847,#3868,#3869));
#3846 = ORIENTED_EDGE('',*,*,#2269,.F.);
#3847 = ORIENTED_EDGE('',*,*,#3848,.T.);
#3848 = EDGE_CURVE('',#2270,#2972,#3849,.T.);
#3849 = SURFACE_CURVE('',#3850,(#3854,#3861),.PCURVE_S1.);
#3850 = LINE('',#3851,#3852);
#3851 = CARTESIAN_POINT('',(47.05,161.4,-12.));
#3852 = VECTOR('',#3853,1.);
#3853 = DIRECTION('',(0.,-1.,-1.100592837299E-17));
#3854 = PCURVE('',#2290,#3855);
#3855 = DEFINITIONAL_REPRESENTATION('',(#3856),#3860);
#3856 = LINE('',#3857,#3858);
#3857 = CARTESIAN_POINT('',(-81.08025610801,-8.279445396678));
#3858 = VECTOR('',#3859,1.);
#3859 = DIRECTION('',(1.,-1.100592837299E-17));
#3860 = ( GEOMETRIC_REPRESENTATION_CONTEXT(2) 
PARAMETRIC_REPRESENTATION_CONTEXT() REPRESENTATION_CONTEXT('2D SPACE',''
  ) );
#3861 = PCURVE('',#2322,#3862);
#3862 = DEFINITIONAL_REPRESENTATION('',(#3863),#3867);
#3863 = LINE('',#3864,#3865);
#3864 = CARTESIAN_POINT('',(0.,-9.5));
#3865 = VECTOR('',#3866,1.);
#3866 = DIRECTION('',(1.,0.));
#3867 = ( GEOMETRIC_REPRESENTATION_CONTEXT(2) 
PARAMETRIC_REPRESENTATION_CONTEXT() REPRESENTATION_CONTEXT('2D SPACE',''
  ) );
#3868 = ORIENTED_EDGE('',*,*,#2971,.T.);
#3869 = ORIENTED_EDGE('',*,*,#3795,.F.);
#3870 = ADVANCED_FACE('',(#3871),#2354,.F.);
#3871 = FACE_BOUND('',#3872,.F.);
#3872 = EDGE_LOOP('',(#3873,#3892,#3893,#3894));
#3873 = ORIENTED_EDGE('',*,*,#3874,.F.);
#3874 = EDGE_CURVE('',#3000,#2303,#3875,.T.);
#3875 = SURFACE_CURVE('',#3876,(#3880,#3886),.PCURVE_S1.);
#3876 = LINE('',#3877,#3878);
#3877 = CARTESIAN_POINT('',(46.5,125.55,-12.));
#3878 = VECTOR('',#3879,1.);
#3879 = DIRECTION('',(0.,1.,1.100592837299E-17));
#3880 = PCURVE('',#2354,#3881);
#3881 = DEFINITIONAL_REPRESENTATION('',(#3882),#3885);
#3882 = B_SPLINE_CURVE_WITH_KNOTS('',1,(#3883,#3884),.UNSPECIFIED.,.F.,
  .F.,(2,2),(-35.85,30.45),.PIECEWISE_BEZIER_KNOTS.);
#3883 = CARTESIAN_POINT('',(0.,-0.1));
#3884 = CARTESIAN_POINT('',(66.3,-0.1));
#3885 = ( GEOMETRIC_REPRESENTATION_CONTEXT(2) 
PARAMETRIC_REPRESENTATION_CONTEXT() REPRESENTATION_CONTEXT('2D SPACE',''
  ) );
#3886 = PCURVE('',#2322,#3887);
#3887 = DEFINITIONAL_REPRESENTATION('',(#3888),#3891);
#3888 = B_SPLINE_CURVE_WITH_KNOTS('',1,(#3889,#3890),.UNSPECIFIED.,.F.,
  .F.,(2,2),(-35.85,30.45),.PIECEWISE_BEZIER_KNOTS.);
#3889 = CARTESIAN_POINT('',(71.7,-8.95));
#3890 = CARTESIAN_POINT('',(5.4,-8.95));
#3891 = ( GEOMETRIC_REPRESENTATION_CONTEXT(2) 
PARAMETRIC_REPRESENTATION_CONTEXT() REPRESENTATION_CONTEXT('2D SPACE',''
  ) );
#3892 = ORIENTED_EDGE('',*,*,#3026,.T.);
#3893 = ORIENTED_EDGE('',*,*,#3820,.T.);
#3894 = ORIENTED_EDGE('',*,*,#2334,.F.);
#3895 = ADVANCED_FACE('',(#3896),#2322,.F.);
#3896 = FACE_BOUND('',#3897,.F.);
#3897 = EDGE_LOOP('',(#3898,#3899,#3900,#3901));
#3898 = ORIENTED_EDGE('',*,*,#2302,.F.);
#3899 = ORIENTED_EDGE('',*,*,#3848,.T.);
#3900 = ORIENTED_EDGE('',*,*,#2999,.T.);
#3901 = ORIENTED_EDGE('',*,*,#3874,.T.);
#3902 = ADVANCED_FACE('',(#3903),#2645,.T.);
#3903 = FACE_BOUND('',#3904,.T.);
#3904 = EDGE_LOOP('',(#3905,#3926,#3927,#3948));
#3905 = ORIENTED_EDGE('',*,*,#3906,.F.);
#3906 = EDGE_CURVE('',#2626,#3303,#3907,.T.);
#3907 = SURFACE_CURVE('',#3908,(#3912,#3919),.PCURVE_S1.);
#3908 = LINE('',#3909,#3910);
#3909 = CARTESIAN_POINT('',(5.58743427967,5.900221484213,-28.68));
#3910 = VECTOR('',#3911,1.);
#3911 = DIRECTION('',(0.939692620786,-0.342020143326,0.));
#3912 = PCURVE('',#2645,#3913);
#3913 = DEFINITIONAL_REPRESENTATION('',(#3914),#3918);
#3914 = LINE('',#3915,#3916);
#3915 = CARTESIAN_POINT('',(0.,0.));
#3916 = VECTOR('',#3917,1.);
#3917 = DIRECTION('',(0.,1.));
#3918 = ( GEOMETRIC_REPRESENTATION_CONTEXT(2) 
PARAMETRIC_REPRESENTATION_CONTEXT() REPRESENTATION_CONTEXT('2D SPACE',''
  ) );
#3919 = PCURVE('',#2739,#3920);
#3920 = DEFINITIONAL_REPRESENTATION('',(#3921),#3925);
#3921 = LINE('',#3922,#3923);
#3922 = CARTESIAN_POINT('',(0.,0.));
#3923 = VECTOR('',#3924,1.);
#3924 = DIRECTION('',(1.,0.));
#3925 = ( GEOMETRIC_REPRESENTATION_CONTEXT(2) 
PARAMETRIC_REPRESENTATION_CONTEXT() REPRESENTATION_CONTEXT('2D SPACE',''
  ) );
#3926 = ORIENTED_EDGE('',*,*,#2623,.F.);
#3927 = ORIENTED_EDGE('',*,*,#3928,.T.);
#3928 = EDGE_CURVE('',#2624,#3301,#3929,.T.);
#3929 = SURFACE_CURVE('',#3930,(#3934,#3941),.PCURVE_S1.);
#3930 = LINE('',#3931,#3932);
#3931 = CARTESIAN_POINT('',(5.58743427967,5.900221484213,-24.68));
#3932 = VECTOR('',#3933,1.);
#3933 = DIRECTION('',(0.939692620786,-0.342020143326,0.));
#3934 = PCURVE('',#2645,#3935);
#3935 = DEFINITIONAL_REPRESENTATION('',(#3936),#3940);
#3936 = LINE('',#3937,#3938);
#3937 = CARTESIAN_POINT('',(4.,0.));
#3938 = VECTOR('',#3939,1.);
#3939 = DIRECTION('',(0.,1.));
#3940 = ( GEOMETRIC_REPRESENTATION_CONTEXT(2) 
PARAMETRIC_REPRESENTATION_CONTEXT() REPRESENTATION_CONTEXT('2D SPACE',''
  ) );
#3941 = PCURVE('',#2677,#3942);
#3942 = DEFINITIONAL_REPRESENTATION('',(#3943),#3947);
#3943 = LINE('',#3944,#3945);
#3944 = CARTESIAN_POINT('',(0.,0.));
#3945 = VECTOR('',#3946,1.);
#3946 = DIRECTION('',(1.,0.));
#3947 = ( GEOMETRIC_REPRESENTATION_CONTEXT(2) 
PARAMETRIC_REPRESENTATION_CONTEXT() REPRESENTATION_CONTEXT('2D SPACE',''
  ) );
#3948 = ORIENTED_EDGE('',*,*,#3300,.T.);
#3949 = ADVANCED_FACE('',(#3950),#2677,.F.);
#3950 = FACE_BOUND('',#3951,.F.);
#3951 = EDGE_LOOP('',(#3952,#3973,#3974,#3975));
#3952 = ORIENTED_EDGE('',*,*,#3953,.F.);
#3953 = EDGE_CURVE('',#2658,#3330,#3954,.T.);
#3954 = SURFACE_CURVE('',#3955,(#3959,#3966),.PCURVE_S1.);
#3955 = LINE('',#3956,#3957);
#3956 = CARTESIAN_POINT('',(14.479958006137,30.332229624646,-24.68));
#3957 = VECTOR('',#3958,1.);
#3958 = DIRECTION('',(0.939692620786,-0.342020143326,0.));
#3959 = PCURVE('',#2677,#3960);
#3960 = DEFINITIONAL_REPRESENTATION('',(#3961),#3965);
#3961 = LINE('',#3962,#3963);
#3962 = CARTESIAN_POINT('',(0.,26.));
#3963 = VECTOR('',#3964,1.);
#3964 = DIRECTION('',(1.,0.));
#3965 = ( GEOMETRIC_REPRESENTATION_CONTEXT(2) 
PARAMETRIC_REPRESENTATION_CONTEXT() REPRESENTATION_CONTEXT('2D SPACE',''
  ) );
#3966 = PCURVE('',#2709,#3967);
#3967 = DEFINITIONAL_REPRESENTATION('',(#3968),#3972);
#3968 = LINE('',#3969,#3970);
#3969 = CARTESIAN_POINT('',(4.,0.));
#3970 = VECTOR('',#3971,1.);
#3971 = DIRECTION('',(0.,1.));
#3972 = ( GEOMETRIC_REPRESENTATION_CONTEXT(2) 
PARAMETRIC_REPRESENTATION_CONTEXT() REPRESENTATION_CONTEXT('2D SPACE',''
  ) );
#3973 = ORIENTED_EDGE('',*,*,#2657,.F.);
#3974 = ORIENTED_EDGE('',*,*,#3928,.T.);
#3975 = ORIENTED_EDGE('',*,*,#3329,.T.);
#3976 = ADVANCED_FACE('',(#3977),#2739,.T.);
#3977 = FACE_BOUND('',#3978,.T.);
#3978 = EDGE_LOOP('',(#3979,#4000,#4001,#4002));
#3979 = ORIENTED_EDGE('',*,*,#3980,.F.);
#3980 = EDGE_CURVE('',#2690,#3357,#3981,.T.);
#3981 = SURFACE_CURVE('',#3982,(#3986,#3993),.PCURVE_S1.);
#3982 = LINE('',#3983,#3984);
#3983 = CARTESIAN_POINT('',(14.479958006137,30.332229624646,-28.68));
#3984 = VECTOR('',#3985,1.);
#3985 = DIRECTION('',(0.939692620786,-0.342020143326,0.));
#3986 = PCURVE('',#2739,#3987);
#3987 = DEFINITIONAL_REPRESENTATION('',(#3988),#3992);
#3988 = LINE('',#3989,#3990);
#3989 = CARTESIAN_POINT('',(0.,26.));
#3990 = VECTOR('',#3991,1.);
#3991 = DIRECTION('',(1.,0.));
#3992 = ( GEOMETRIC_REPRESENTATION_CONTEXT(2) 
PARAMETRIC_REPRESENTATION_CONTEXT() REPRESENTATION_CONTEXT('2D SPACE',''
  ) );
#3993 = PCURVE('',#2709,#3994);
#3994 = DEFINITIONAL_REPRESENTATION('',(#3995),#3999);
#3995 = LINE('',#3996,#3997);
#3996 = CARTESIAN_POINT('',(0.,0.));
#3997 = VECTOR('',#3998,1.);
#3998 = DIRECTION('',(0.,1.));
#3999 = ( GEOMETRIC_REPRESENTATION_CONTEXT(2) 
PARAMETRIC_REPRESENTATION_CONTEXT() REPRESENTATION_CONTEXT('2D SPACE',''
  ) );
#4000 = ORIENTED_EDGE('',*,*,#2721,.F.);
#4001 = ORIENTED_EDGE('',*,*,#3906,.T.);
#4002 = ORIENTED_EDGE('',*,*,#3383,.T.);
#4003 = ADVANCED_FACE('',(#4004),#2709,.F.);
#4004 = FACE_BOUND('',#4005,.F.);
#4005 = EDGE_LOOP('',(#4006,#4007,#4008,#4009));
#4006 = ORIENTED_EDGE('',*,*,#3980,.F.);
#4007 = ORIENTED_EDGE('',*,*,#2689,.F.);
#4008 = ORIENTED_EDGE('',*,*,#3953,.T.);
#4009 = ORIENTED_EDGE('',*,*,#3356,.T.);
#4010 = ADVANCED_FACE('',(#4011),#2781,.T.);
#4011 = FACE_BOUND('',#4012,.T.);
#4012 = EDGE_LOOP('',(#4013,#4034,#4035,#4056));
#4013 = ORIENTED_EDGE('',*,*,#4014,.F.);
#4014 = EDGE_CURVE('',#2762,#3413,#4015,.T.);
#4015 = SURFACE_CURVE('',#4016,(#4020,#4027),.PCURVE_S1.);
#4016 = LINE('',#4017,#4018);
#4017 = CARTESIAN_POINT('',(46.805396874039,99.699645440702,-33.295));
#4018 = VECTOR('',#4019,1.);
#4019 = DIRECTION('',(0.939692620786,-0.342020143326,0.));
#4020 = PCURVE('',#2781,#4021);
#4021 = DEFINITIONAL_REPRESENTATION('',(#4022),#4026);
#4022 = LINE('',#4023,#4024);
#4023 = CARTESIAN_POINT('',(0.,0.));
#4024 = VECTOR('',#4025,1.);
#4025 = DIRECTION('',(0.,1.));
#4026 = ( GEOMETRIC_REPRESENTATION_CONTEXT(2) 
PARAMETRIC_REPRESENTATION_CONTEXT() REPRESENTATION_CONTEXT('2D SPACE',''
  ) );
#4027 = PCURVE('',#2875,#4028);
#4028 = DEFINITIONAL_REPRESENTATION('',(#4029),#4033);
#4029 = LINE('',#4030,#4031);
#4030 = CARTESIAN_POINT('',(0.,0.));
#4031 = VECTOR('',#4032,1.);
#4032 = DIRECTION('',(1.,0.));
#4033 = ( GEOMETRIC_REPRESENTATION_CONTEXT(2) 
PARAMETRIC_REPRESENTATION_CONTEXT() REPRESENTATION_CONTEXT('2D SPACE',''
  ) );
#4034 = ORIENTED_EDGE('',*,*,#2759,.F.);
#4035 = ORIENTED_EDGE('',*,*,#4036,.T.);
#4036 = EDGE_CURVE('',#2760,#3411,#4037,.T.);
#4037 = SURFACE_CURVE('',#4038,(#4042,#4049),.PCURVE_S1.);
#4038 = LINE('',#4039,#4040);
#4039 = CARTESIAN_POINT('',(46.805396874039,99.699645440702,-29.295));
#4040 = VECTOR('',#4041,1.);
#4041 = DIRECTION('',(0.939692620786,-0.342020143326,0.));
#4042 = PCURVE('',#2781,#4043);
#4043 = DEFINITIONAL_REPRESENTATION('',(#4044),#4048);
#4044 = LINE('',#4045,#4046);
#4045 = CARTESIAN_POINT('',(4.,0.));
#4046 = VECTOR('',#4047,1.);
#4047 = DIRECTION('',(0.,1.));
#4048 = ( GEOMETRIC_REPRESENTATION_CONTEXT(2) 
PARAMETRIC_REPRESENTATION_CONTEXT() REPRESENTATION_CONTEXT('2D SPACE',''
  ) );
#4049 = PCURVE('',#2813,#4050);
#4050 = DEFINITIONAL_REPRESENTATION('',(#4051),#4055);
#4051 = LINE('',#4052,#4053);
#4052 = CARTESIAN_POINT('',(0.,0.));
#4053 = VECTOR('',#4054,1.);
#4054 = DIRECTION('',(1.,0.));
#4055 = ( GEOMETRIC_REPRESENTATION_CONTEXT(2) 
PARAMETRIC_REPRESENTATION_CONTEXT() REPRESENTATION_CONTEXT('2D SPACE',''
  ) );
#4056 = ORIENTED_EDGE('',*,*,#3410,.T.);
#4057 = ADVANCED_FACE('',(#4058),#2875,.T.);
#4058 = FACE_BOUND('',#4059,.T.);
#4059 = EDGE_LOOP('',(#4060,#4081,#4082,#4083));
#4060 = ORIENTED_EDGE('',*,*,#4061,.F.);
#4061 = EDGE_CURVE('',#2826,#3467,#4062,.T.);
#4062 = SURFACE_CURVE('',#4063,(#4067,#4074),.PCURVE_S1.);
#4063 = LINE('',#4064,#4065);
#4064 = CARTESIAN_POINT('',(55.697920600506,124.13165358113,-33.295));
#4065 = VECTOR('',#4066,1.);
#4066 = DIRECTION('',(0.939692620786,-0.342020143326,0.));
#4067 = PCURVE('',#2875,#4068);
#4068 = DEFINITIONAL_REPRESENTATION('',(#4069),#4073);
#4069 = LINE('',#4070,#4071);
#4070 = CARTESIAN_POINT('',(0.,26.));
#4071 = VECTOR('',#4072,1.);
#4072 = DIRECTION('',(1.,0.));
#4073 = ( GEOMETRIC_REPRESENTATION_CONTEXT(2) 
PARAMETRIC_REPRESENTATION_CONTEXT() REPRESENTATION_CONTEXT('2D SPACE',''
  ) );
#4074 = PCURVE('',#2845,#4075);
#4075 = DEFINITIONAL_REPRESENTATION('',(#4076),#4080);
#4076 = LINE('',#4077,#4078);
#4077 = CARTESIAN_POINT('',(0.,0.));
#4078 = VECTOR('',#4079,1.);
#4079 = DIRECTION('',(0.,1.));
#4080 = ( GEOMETRIC_REPRESENTATION_CONTEXT(2) 
PARAMETRIC_REPRESENTATION_CONTEXT() REPRESENTATION_CONTEXT('2D SPACE',''
  ) );
#4081 = ORIENTED_EDGE('',*,*,#2857,.F.);
#4082 = ORIENTED_EDGE('',*,*,#4014,.T.);
#4083 = ORIENTED_EDGE('',*,*,#3493,.T.);
#4084 = ADVANCED_FACE('',(#4085),#2845,.F.);
#4085 = FACE_BOUND('',#4086,.F.);
#4086 = EDGE_LOOP('',(#4087,#4088,#4089,#4110));
#4087 = ORIENTED_EDGE('',*,*,#4061,.F.);
#4088 = ORIENTED_EDGE('',*,*,#2825,.F.);
#4089 = ORIENTED_EDGE('',*,*,#4090,.T.);
#4090 = EDGE_CURVE('',#2794,#3440,#4091,.T.);
#4091 = SURFACE_CURVE('',#4092,(#4096,#4103),.PCURVE_S1.);
#4092 = LINE('',#4093,#4094);
#4093 = CARTESIAN_POINT('',(55.697920600506,124.13165358113,-29.295));
#4094 = VECTOR('',#4095,1.);
#4095 = DIRECTION('',(0.939692620786,-0.342020143326,0.));
#4096 = PCURVE('',#2845,#4097);
#4097 = DEFINITIONAL_REPRESENTATION('',(#4098),#4102);
#4098 = LINE('',#4099,#4100);
#4099 = CARTESIAN_POINT('',(4.,0.));
#4100 = VECTOR('',#4101,1.);
#4101 = DIRECTION('',(0.,1.));
#4102 = ( GEOMETRIC_REPRESENTATION_CONTEXT(2) 
PARAMETRIC_REPRESENTATION_CONTEXT() REPRESENTATION_CONTEXT('2D SPACE',''
  ) );
#4103 = PCURVE('',#2813,#4104);
#4104 = DEFINITIONAL_REPRESENTATION('',(#4105),#4109);
#4105 = LINE('',#4106,#4107);
#4106 = CARTESIAN_POINT('',(0.,26.));
#4107 = VECTOR('',#4108,1.);
#4108 = DIRECTION('',(1.,0.));
#4109 = ( GEOMETRIC_REPRESENTATION_CONTEXT(2) 
PARAMETRIC_REPRESENTATION_CONTEXT() REPRESENTATION_CONTEXT('2D SPACE',''
  ) );
#4110 = ORIENTED_EDGE('',*,*,#3466,.T.);
#4111 = ADVANCED_FACE('',(#4112),#2813,.F.);
#4112 = FACE_BOUND('',#4113,.F.);
#4113 = EDGE_LOOP('',(#4114,#4115,#4116,#4117));
#4114 = ORIENTED_EDGE('',*,*,#4090,.F.);
#4115 = ORIENTED_EDGE('',*,*,#2793,.F.);
#4116 = ORIENTED_EDGE('',*,*,#4036,.T.);
#4117 = ORIENTED_EDGE('',*,*,#3439,.T.);
#4118 = ADVANCED_FACE('',(#4119),#3128,.T.);
#4119 = FACE_BOUND('',#4120,.T.);
#4120 = EDGE_LOOP('',(#4121,#4122,#4123,#4124));
#4121 = ORIENTED_EDGE('',*,*,#3652,.F.);
#4122 = ORIENTED_EDGE('',*,*,#3108,.T.);
#4123 = ORIENTED_EDGE('',*,*,#3750,.T.);
#4124 = ORIENTED_EDGE('',*,*,#3681,.F.);
#4125 = ( GEOMETRIC_REPRESENTATION_CONTEXT(3) 
GLOBAL_UNCERTAINTY_ASSIGNED_CONTEXT((#4129)) 
GLOBAL_UNIT_ASSIGNED_CONTEXT((#4126,#4127,#4128)) REPRESENTATION_CONTEXT
('Context #1','3D Context with UNIT and UNCERTAINTY') );
#4126 = ( LENGTH_UNIT() NAMED_UNIT(*) SI_UNIT(.MILLI.,.METRE.) );
#4127 = ( NAMED_UNIT(*) PLANE_ANGLE_UNIT() SI_UNIT($,.RADIAN.) );
#4128 = ( NAMED_UNIT(*) SI_UNIT($,.STERADIAN.) SOLID_ANGLE_UNIT() );
#4129 = UNCERTAINTY_MEASURE_WITH_UNIT(LENGTH_MEASURE(1.E-07),#4126,
  'distance_accuracy_value','confusion accuracy');
#4130 = PRODUCT_RELATED_PRODUCT_CATEGORY('part',$,(#7));
ENDSEC;
END-ISO-10303-21;
